Genome	EHI01105	EHI01143	EHI01279	EHI01219	EHI01370	EHI01133	EHI01114	EHI01096	EHI01093	EHI01221	EHI01224	EHI01130	EHI01401	EHI01317	EHI01321	EHI01131	EHI01196	EHI01244	EHI01087	EHI01092	EHI01223	EHI01098	EHI01532	EHI01152	EHI01134	EHI01535	EHI01313	EHI02806	EHI01106	EHI01111	EHI01126	EHI01151	EHI01113	EHI01184	EHI01125	EHI01094	EHI01193	EHI01102	EHI02812	EHI01110	EHI01108	EHI01088	EHI01129	EHI01403	EHI00127	EHI01186	EHI02789	EHI01095	EHI01132	EHI01194	EHI01139	EHI01101	EHI01369	EHI01120	EHI01115	EHI01122	EHI01141	EHI01107	EHI01567	EHI01117	EHI01109	EHI01541	EHI01112	EHI01292	EHI01155	EHI01128	EHI01127	EHI02773	EHI01324	EHI01154	EHI01195	EHI01124	EHI01181	EHI01257	EHI01104	EHI01367	EHI01153	EHI01320	EHI01136	EHI01183	EHI01328	EHI01220	EHI01364	EHI01285	EHI01233	EHI01540	EHI01138	EHI01182	EHI01099	EHI01191	EHI01192	EHI01103	EHI01283	EHI01145	EHI01097	EHI01188	EHI01100	EHI01190	EHI01280	EHI01118	EHI01149	EHI02838	EHI01189	EHI00165	EHI01140	EHI01091	EHI01376	EHI01562	EHI01248	EHI01187	EHI01185	EHI02829	EHI01123	EHI01404	EHI01135	EHI01119	EHI01137	EHI01121	EHI01148	EHI01144	EHI01365	EHI01146	EHI02835	EHI01246	EHI01147	EHI01116	EHI01089	EHI01142	EHI02837	EHI01090	EHI01150
EHA00548_bin.10	0	0	0	2	0	0	0	0	0	0	12	0	0	0	0	0	57	6181131	2	0	4	2	109	1	0	58	0	0	0	0	0	0	0	0	0	0	0	0	0	8	0	0	0	0	1948332	0	0	53	0	0	5	80	0	0	0	0	0	0	4	0	0	19	0	0	0	8	0	0	0	0	9	0	0	0	7	10	0	1	0	0	0	5	0	0	3	3	0	0	0	0	2	4	0	0	0	0	0	0	0	0	0	0	14	1120	0	0	9	39	0	2	0	0	0	0	2	0	0	6	0	0	0	2	0	212	0	4	0	0	0	44	0
EHA00548_bin.1	0	0	0	0	1	0	0	0	0	0	0	0	2	0	0	0	0	288515	0	0	3	2	212	0	0	249	0	0	0	0	0	0	0	0	0	0	0	0	0	9	0	0	0	0	102503	0	0	0	0	0	0	4	0	0	0	0	0	0	5802	0	0	34714	0	0	0	0	0	0	0	0	1	0	0	0	0	0	0	0	0	0	0	0	0	0	1	559	0	0	0	0	0	0	0	0	0	0	0	0	2	0	0	0	0	169	0	0	0	16934	0	0	5	4	0	0	0	0	0	0	0	0	0	0	0	8153	0	0	0	0	4	3	0
EHA00548_bin.2	31	226	1	18	154	4	6	1	2	0	23	16	6	3157	6067	8	54	3782136	78	4	288	21	1128	468	0	110	2031	270	168	0	592	0	0	445	2	1	0	29	120	269	2	0	4	3	1209803	21	131	42	5	0	197	17	0	8	0	0	0	20	92	37	13	2275	2	1265	0	36	170	132	1480	0	334	0	0	197	64	1	2	2583	2	2	1454	2	4	2479	627	14	4	583	2	0	0	5	1996	1	37	4	10	0	3559	0	2	252	1	118	0	0	8	398	203	4	423	196	2	9	0	0	0	11	4	0	1	6	281	113	79	395	507	0	622	3691	3
EHA00548_bin.4	0	0	9	0	1	0	0	0	0	0	2	0	1	5	11	0	0	5793341	13	0	8	4	3745	0	0	37154	4	5	0	0	8	0	0	23	0	0	0	0	3	2	0	0	4	4	1858614	1	0	3	0	0	0	10	4	0	0	0	0	0	5570	0	0	2320	0	59	0	0	11	0	10	0	22	0	0	0	0	9	0	24	0	0	9	0	11	11	25	39647	0	10	0	0	0	0	7	0	0	0	0	0	12	0	0	0	0	155969	0	0	4	56467	0	0	16	2	0	5	0	0	0	2	0	0	3	0	7	18551	0	0	9	0	1	17	0
EHA00548_bin.7	0	1	200	12	0	0	1	4	1	1	14	2	4	19	0	5	8	507065	2	0	0	0	62	0	0	402	0	1	0	0	8	0	1	0	3	0	0	2	0	4	0	0	1	0	163406	14	0	10688	0	0	8	590	2	0	0	2	0	0	615	1	0	83	2	0	0	0	0	4	0	0	628	0	0	0	0	18	0	4	0	0	0	9	0	0	3	50	0	0	0	0	1	0	0	0	0	0	0	0	0	0	0	0	60	62	8	0	3	334	0	9	190	0	1	0	5	4	0	0	2	0	4	7	0	975	2	0	0	0	0	0	0
EHA00548_bin.8	270	772	0	0	0	0	0	0	0	0	2	0	2	419	2680	0	44	911380	11	2	0	2	524393	5	0	53926	685	0	481	0	1469	0	0	1731	0	0	0	0	0	8	0	0	0	0	349821	0	0	5	0	0	839	8	0	0	0	0	2	0	3284	2	0	2867469	0	15	0	0	9	0	13	0	2	0	0	0	51	0	0	25183	0	0	582	6	0	9	1	12612	0	6	0	0	0	2	14	0	0	0	0	0	129	0	0	0	0	556	0	0	3458	189915	0	1	15	2	0	0	0	4	0	0	0	0	0	2	1	1447604	2	458	182	0	0	1568	0
EHA00548_bin.9	0	0	0	2	0	0	0	0	0	2	0	0	0	0	0	0	0	236656	0	0	2	0	135	2	0	5	0	0	0	0	10	0	0	0	0	0	0	0	0	0	0	0	0	0	85742	0	0	0	0	0	0	2	0	0	0	0	0	0	9571	0	0	37746	0	0	0	0	0	0	0	0	0	0	0	0	0	0	2	0	0	0	0	4	0	0	0	5192	0	0	0	0	0	0	0	0	0	0	0	0	0	0	0	0	0	120	0	0	0	75911	0	0	0	0	0	0	0	0	0	0	0	0	0	0	0	34524	0	6	2	0	0	10	0
EHA00551_bin.10	15	0	353	1	28	0	0	0	0	0	0	6	57	7	0	0	37	21	4	0	175	0	109	0	0	442	0	2	0	0	120	0	0	20	0	0	0	0	19	6	0	0	0	127	8	0	2	4228	0	0	131	38	68	0	0	0	0	0	287	0	4	390	0	110	0	0	0	0	0	0	1988	0	0	0	2	94	0	12	0	0	0	19	0	0	8	55	0	0	0	0	0	0	0	0	0	2	0	0	17	0	0	19	554	377195	69	0	822	90	0	1	93	5	0	0	0	2	0	0	0	2	86	19	0	173	0	40	413	0	3	12	0
EHA00551_bin.1	0	0	53924	20	37	0	0	0	0	3	0	17	1364	2	0	0	353	3	0	0	97	0	779	0	0	330	0	20	0	0	16	0	4	0	0	0	2	0	2	0	0	0	0	28	6	0	76	1613	0	9	0	26	60655	0	0	0	0	0	194	0	0	427	0	2	0	0	0	0	2	0	14397	0	0	0	0	16638	0	1	0	1	0	5	10	5	0	219	0	0	0	0	1	0	8	0	0	2	0	0	8	0	0	76	11143	192762	754	0	57647	580	43	0	4	40	2	6	0	0	0	0	0	12	53001	722	11	356	0	0	0	0	7	1	0
EHA00551_bin.2	15	2	80	5	54	0	0	0	0	0	4	0	93	2	0	0	1656	38447	36	0	7	0	429	0	0	50170	0	4	6	0	177	0	0	325	2	0	0	0	0	14	0	0	0	209	11797	2	0	171	1	0	470	154	5	0	0	0	0	1	4281	4	23	7501	0	0	0	0	0	0	0	2	39	0	0	17	11	18	0	44	2	0	0	8	97	0	19	7143	0	2	0	0	0	0	0	0	1	5	0	0	307	0	0	2	12	326705	29	0	75	6646	0	1	10	18	2	49	0	0	0	2	0	0	14	0	0	2365	0	0	66	1	16	62	0
EHA00551_bin.3	1349	154	50	6	2	0	0	0	0	0	0	1	10	1	0	0	367	275033	89	0	307	8	309	7	0	1597	0	2	144	0	58	0	0	1037	0	0	0	2	85	372	0	0	0	6	86467	8	564	1399	0	1	1869	77	7	0	0	0	0	34	654	0	62	5966	0	52	0	0	2	1	10	0	1344	0	2	2	10	4	0	4789	0	0	2	5	0	0	2	779	0	0	0	0	4	0	13	0	2	2	0	0	376	0	0	3	156	1621353	62	0	174	3599	6	0	984	165	2	0	0	0	0	1	0	2	9	8	0	5786	4	1395	590	0	8	2719	0
EHA00551_bin.4	0	0	0	0	0	0	0	0	0	0	5	0	39	0	4	0	14	276806	0	0	3	0	4515	2	0	538227	1	1	0	0	38	0	0	2	0	0	0	0	0	2	0	0	0	0	97877	0	0	9	0	0	0	46	0	0	0	0	0	0	147	0	0	36825	0	3	0	0	6	0	1	0	34	0	0	0	2	1938	0	132	0	0	0	0	484	0	9	31009	0	1	0	0	0	0	1	0	0	0	0	0	8	0	0	0	9	380402	2	0	113	1196	0	0	2	0	0	1512	0	0	0	0	0	0	0	0	0	136832	0	2	17	0	2	42	0
EHA00551_bin.5	1168	85	113876	545	25	0	6	0	0	7	395	4	588	50	107	2	567	67990	260	0	157	11	11999	215	0	44359	41	41	358	0	204	0	0	444	55	0	109	0	12	70	2	0	0	240	21542	54	85	1127	6	0	829	339	130032	0	0	0	13	178	5271	19	512	9964	0	175	0	13	47	24	26	2	2415	0	0	18	615	37690	0	8645	2	0	52	4	180	33	284	18690	0	185	0	0	7	0	49	0	7	443	0	0	739	0	0	39	309	5181169	80	0	148202	6849	17	129	186	39	2	266	0	35	0	9	25	4	120568	33	10	51088	24	155	817	0	11	2761	0
EHA00551_bin.6	11	0	0	24	0	0	0	0	0	0	40	0	32	2	18	0	99	144695	11	0	12	4	156	11	0	303	2	0	18	0	40	0	0	8	4	0	0	0	0	36	4	0	0	3	45040	5	0	95	0	0	6	84	0	0	0	0	0	2	229	2	88	1087	0	0	0	6	2	0	11	0	20	0	0	0	22	18	0	30	3	0	0	2	0	1	6	379	0	14	0	0	0	0	3	0	6	14	0	0	977	0	0	0	18	481829	2	0	45	1518	0	2	5	0	0	0	0	2	0	0	2	0	0	6	0	923	2	3	35	0	0	92	0
EHA00551_bin.7	16	0	23559	104	15	0	0	0	1	12	30	12	231	3	0	0	377	56	2	0	59	0	3653	2	0	137735	0	6	0	2	52	0	5	0	8	0	14	0	0	2	0	0	2	17	45	0	12	5789	0	6	2	43	35780	0	0	0	0	0	426	0	2	1681	0	0	0	0	8	0	0	0	5927	0	0	0	0	7066	0	0	0	0	0	22	1	0	4	1437	0	0	0	0	11	0	5	0	0	13	2	0	88	0	0	6	3930	646821	1139	0	30536	1641	93	16	14	32	0	0	0	3	0	0	0	29	32258	216	6	455	2	4	1	0	5	5	0
EHA00551_bin.8	45	8	29	2	7	0	0	0	0	0	0	0	2	0	0	0	36	146	11	0	7	2	44	0	0	227	0	2	0	0	8	0	0	431	0	0	0	0	56	56	0	0	0	13	70	0	0	737	0	0	522	24	13	0	0	0	0	0	35	0	2	1701	0	35	0	0	0	0	0	0	344	0	0	0	0	7	0	26	0	0	0	30	0	0	99	937	0	0	0	0	2	0	0	0	2	0	0	0	9	0	0	1	163	686776	34	0	110	2914	0	0	205	5	0	2	0	0	0	0	0	0	8	25	0	5459	0	18	218	0	0	69	0
EHA00551_bin.9	3	1	165	2	3	0	0	0	0	0	0	2	11	0	3	0	0	55	6	0	4	0	9	0	0	3151	0	6	0	0	2	0	0	16	0	0	0	0	2	1	0	0	0	11	33	0	230	142	0	0	46	29	86	0	0	0	0	0	161	0	0	419	0	7	0	0	0	0	0	0	1479	0	0	0	0	45	0	3	0	0	0	0	0	0	0	101	0	0	0	0	0	0	0	0	0	0	0	0	7	0	0	13	50	1538917	5	0	243	83	11	0	16	2	0	0	0	0	0	2	0	0	70	4	0	2105	0	0	23	0	8	29	0
EHA01582_bin.1	0	4	0	0	0	5	1	2	4	1	7	6	0	37	228	6	0	0	3	4	26	5	0	6	5	0	18	0	1	0	35	7	1	1	6	6	2	8	0	66	1	6	12	0	0	17	0	9791	8	0	11	388733	0	0	2	5	4	8	0	2	0	0	7	45	0	2	0	0	31	2	3345	0	0	2	14	0	4	0	4	3	0	8	0	0	6	0	4	15	8	0	0	12	406	0	2	2	2	0	5	25	2	0	1	0	2	7	0	0	1	7	44	2	2	0	6	3	4	4	4	2	0	2	0	0	2	6	5	5	0	4	4
EHA01589_bin.12	158653	115303	0	57602	95	21765	12392	161096	207739	49803	3909	16342	0	563	472	10697	25685	28	12156	13827	908	167	4	35901	100171	0	243	37	89047	117815	254166	13520	117056	156459	168149	17221	46716	23241	40	25043	12844	157289	30366	2	0	41360	53	1647	13113	55132	161325	180862	2	127365	79099	149878	8859	12718	0	5173	10580	1	129217	451	61309	31867	26164	30	90	92469	1177	75213	29897	59	50006	0	9992	227	17561	51209	93	5272	2	302	28775	1	23630	3539	16018	29118	29590	27570	140	12089	21200	5106	13335	77202	365	108894	10113	56	849	0	760	229119	0	1	38	4217	2302	32	81877	0	132685	107251	147632	14917	13999	123411	0	19886	77	4	85479	174746	400643	100847	53	2821057	14535
EHA01589_bin.14	11	617	0	349	2	0	0	22	0	0	3	0	0	124	369	0	9	0	7	0	14	8	0	50	0	0	130	0	0	0	2	0	0	4	0	0	0	0	0	4	0	0	0	0	0	2	2	2	0	0	11	8	0	0	0	0	0	0	0	2	6	0	0	35	0	0	10	0	29	0	36	0	0	1	1	0	0	9	0	0	83	0	0	24	257	0	0	59	0	0	0	2	18	0	0	0	0	0	184	0	0	139	0	0	0	0	0	2	0	0	60	0	0	0	0	0	0	0	0	0	0	2	2	0	2	4	39	0	0	169364	0
EHA01589_bin.15	270	3790	0	321	10	176	117	312	312	139	57	184	4	217	1938	112	59	6	146	126	83	2	19	182	189	0	1552	274	151	199	733	184	192	96	187	156	118	180	3	176	152	280	176	0	0	113	9	49	165	86	182	310	0	227	178	250	94	110	0	56	116	3	215	7377	141	257	356	4	198	142	41	92	89	106	314	0	119	121	114	117	244	63	0	239	128	0	239	56	146	87	85	311	422	77	134	60	101	208	642	188	123	5	1	0	0	406	0	0	3	57	145	64	90	0	223	147	228	85	109	245	0	51	295	0	158	237	212	205	9	125118	147
EHA01589_bin.2	1006	11607	0	72	0	61	8	19	0	0	17	113	0	143	229	19	101	0	286	4	12	8	4	311	10	0	116	10	3292	0	22848	14	0	65647	1899	2	0	0	3	17254	27	4	21	0	0	103	4	29	6	0	2	9	0	0	0	0	87	16697	0	2492	15649	0	0	68	0	1157	15334	0	61	0	559	12	0	8	4980	0	91	173	10	48	141	30	0	257	0	0	2	38	7	0	0	121	80	2	14900	799	0	0	343	0	32	9	3	0	0	0	0	0	0	92	332	0	2	0	0	0	0	1680	0	0	0	0	10	0	1193	1793	10272	2	0	210115	0
EHA01589_bin.5	54272	42785	0	4463	0	10	8	26	11	68	52433	255	0	202	45	29	573	2	2547	2	56415	12236	0	32319	0	0	28	0	1548	0	1079	0	0	20	0	2	202	11	0	13450	0	0	0	0	0	4819	0	6769	4	0	3574	206	0	102	0	0	0	2	0	717	1547	2	125	347	0	38	2759	0	19	2	49993	2	1	0	40	0	2	1593	26	68	58	730	0	51	119566	0	0	126832	2	0	49	2	28	0	4	299	0	0	117	0	10	0	974	0	1291	10	0	10	0	30	111002	0	0	0	0	124	2	4	0	14	0	432	0	4	488	46658	19755	2	0	2348032	0
EHA01589_bin.6	837	2220	0	89433	1	2	0	58	0	120	79	0	4	39	110	0	68	567	174	0	0	3	3	661	22	72	63	1	2038	0	3055	0	4	10681	16	0	65	2	1	787	0	0	0	13	150	3655	0	14	0	0	2357	533	0	4	8	0	0	4	50	12	0	32	0	156	0	0	11	1	24	28	35	0	4	1	25	0	0	884	13	32	26	27	3	62	209	90	0	47	2	0	70	0	58	0	0	22	2	2	232	6	0	3	57	35	0	0	1	42	2	14	5907	0	12	0	2	102	16	0	0	0	0	83	0	296	83	1293	447	0	0	115329	0
EHA01595_bin.11	28176	1160038	1	207	6	0	0	0	2	58	196	14	2	5061	15617	0	13559	9530	307	0	25	176	7277	1279	0	265	3723	28	179721	0	36415	0	0	233367	995	0	46	0	5	7096	2	0	0	3	3857	35	9	56	0	0	21249	672	0	0	0	0	0	1786	44	190	126	17034	0	8507	0	74	230	8	617	0	987	0	2	18	1334	1	0	81423	0	2	1396	27	13	552	4985	78	0	589	0	0	0	0	116	0	10	32	0	2	1408	7	2	8	8	56	0	0	13	1656	33	24	773	26	0	3	0	20	0	26	0	0	0	1	99	9325	416	59030	40177	0	31	406003	0
EHA01595_bin.2	3828	368393	0	30	0	0	0	0	0	0	829	4	0	1051	603	0	1235	9	3320	0	1105	197	12	1395	0	4	307	0	277827	0	2860	0	0	5125	166	0	2	0	0	1150	0	0	0	0	2	91	0	123	0	0	1735	212	0	6	0	2	0	0	1	318	28	0	2	1177	0	583	103	0	135	0	950	0	0	0	725	0	0	1758	2	10	757	7	0	333	1487	0	0	1860	2	0	2	2	204	0	10	4	0	0	289	8	0	0	4	0	12	0	0	7	0	4	2072	0	0	0	0	3	0	50	0	0	0	4	0	68	108	66278	2471	0	0	27020	0
EHA01595_bin.4	0	311116	0	371	1910	0	0	0	0	626	0	0	0	46	50	0	0	0	0	0	0	0	2	0	0	0	43	50	12	0	8	0	0	0	0	0	0	0	7	0	0	0	0	5	2	0	16	6	0	0	432	5	0	0	0	0	0	0	0	4	0	0	0	79	0	0	2	261	11	0	0	0	0	208	2	0	0	28	0	0	7	0	1	46	18	0	0	0	0	0	0	0	14	1	0	0	0	0	274	0	0	14	0	0	0	0	0	0	13	0	0	27	0	6	0	0	0	0	0	0	4	0	70	0	0	5	100	0	25	2229	0
EHA01595_bin.6	52278	213814	0	2	0	0	2	0	0	0	11	10	0	379	1290	4	9664	250	29	6	37	7	4	3157	2	0	528	0	149970	0	104919	0	0	92	11956	0	0	0	0	282	0	0	2	0	97	9	9	26	0	0	81	2	0	0	0	0	0	909	0	185	2677	2	0	316	0	3087	572	0	389	0	171	0	0	5	35	0	8	443	0	1	630	6	0	506	72	2	0	130	0	0	0	8	499	0	4456	3	0	0	651	2	0	21	0	0	0	0	0	0	0	2	126	0	0	0	0	0	0	50	6	0	0	0	7	0	4173	153864	1705	0	0	1455	0
EHA01595_bin.7	190651	1837957	0	779	0	1757	1335	1390	1682	767	564	1524	0	772	285	896	55423	426	2996	1330	137	24	214	3648	1004	380	64	0	6753	891	234084	1416	589	122299	14518	1800	651	1898	0	2379	1413	1362	1871	0	147	589	0	230	1697	582	44949	38233	0	1215	728	1206	924	1241	1	719	1063	3	1340	7	543	2981	2543	0	61	727	180	531	367	0	5715	6	954	40292	1490	542	471	701	0	587	329	29	2695	534	1413	356	329	2799	128	1182	1400	822	902	824	164	1511	1232	0	29	0	8	2346	0	0	0	797	246	2	417	0	1181	774	891	714	1736	950	0	115	0	37	1327	28668	50371	1167	0	355900	1335
EHA01595_bin.8	0	4005701	0	1999	1592	0	0	12	0	14	10	2	0	890	2823	0	0	2	24285	0	182	6	50	0	2	0	2745	218	1461	0	28248	0	0	7	0	0	0	0	133	749	0	0	0	0	0	1	56	42	0	0	167	39	3	0	0	2	0	0	4	2	0	2	1	812	0	0	38	208	854	0	176	0	0	404	0	0	0	4220	0	0	1399	0	2	8328	246	0	0	132	0	0	0	2	1003	0	0	1	0	0	960	0	0	1549	0	0	1	0	0	0	176	0	954	126	0	9	0	4	0	0	0	0	9	0	98	0	0	71	1207	0	374	187301	0
EHA01595_bin.9	1313	160869	0	0	0	0	0	0	0	0	0	2	0	0	0	0	63	0	2	0	0	0	0	16	0	0	0	0	6352	0	45584	0	0	1	2321	0	0	0	0	2346	0	0	0	0	0	0	0	1	0	0	0	296	0	0	0	0	0	2069	2	4	1057	0	0	0	0	20	1119	0	0	0	9	0	0	0	2	0	0	0	0	0	0	0	0	0	0	0	0	0	0	0	0	0	0	0	757	0	0	0	0	0	0	2	0	0	0	0	0	0	0	0	9	0	0	0	0	0	0	10	0	0	0	0	0	4	20	1465	36	0	0	7820	0
EHA01597_bin.1	301094	1221556	0	52	2	18	4	4	1	0	286	6	2	4953	12435	5	1993036	6113	14092	0	293	354	20186	22792	0	12907	6875	15	23273	2	299331	0	0	142764	84650	2	5	11	3	5605	248	0	0	2	2068	24	46	202	2	0	79522	28949	0	4	0	4	0	2060	42	2397	58	132	2	13059	16	2964	1608	14	4790	0	735	2	0	21	47732	309	4	147495	6	0	3759	70	15	6573	2694	2739	0	1145	16	0	143	7	4948	0	191	27	1	0	14333	575	18	14	195	43	13	2	4	61	14	38	1494	15	18	14	4	6	0	303	2	2	2	41	10	791	9773	240435	58269	2	36	229990	0
EHA01598_bin.13	0	2	0	9	0	0	0	0	2	2	807	38	0	0	0	4	264	0	533	12	5277	1785	0	500	0	0	0	2	24	0	38	0	2	4	2	4	22	4	0	172	0	0	0	0	0	2057	0	3525	0	2	2	0	0	6	6	0	0	0	0	160	375	0	32	0	0	2	738	0	0	0	19308	2	2	0	59	0	4	1	1	64	0	45	0	0	77257	0	0	10177	14	0	66	2	0	0	0	19	4	0	21	0	0	0	270	0	188	8	0	0	0	0	37369	0	2	0	0	0	0	0	0	2	0	174	0	0	96	38	2723	0	0	201	0
EHA01598_bin.1	4	18	0	344	0	1411	35	12	247	0	429	1107	1	0	0	843	3092	0	2152	10	2193	246	2	10548	80	0	0	0	572	0	160	0	0	65	100	2	2	92	0	24436	0	0	0	0	0	320	0	2626	331	0	4	82	0	6	4	0	2	4	0	433	853	2	10	125	0	3	51756	0	3	0	32534	2	0	1	2318	0	10	0	3479	60	0	8	0	0	513658	0	0	3585	24	0	16	6	0	0	25	8	6	0	0	2	0	0	135	0	18	494	0	1	0	6	85915	0	156	0	0	3	6	10	256	0	0	108	0	2	3645	1006	72761	2	1	1528	0
EHA01598_bin.2	0	0	0	1313	0	12	6	38	19	36	4287	235	0	1	0	18	268	0	8	0	13459	280	0	1311	0	0	0	0	0	0	0	0	0	0	0	0	44	6	0	165	0	0	4	0	0	644	0	2000	2	2	0	30	0	0	0	0	0	0	0	13	130	0	65	0	0	0	2338	0	0	0	45159	0	0	0	8	0	0	0	32	14	0	189	0	0	251560	2	0	122557	0	0	8	0	0	0	2	181	0	0	0	0	2	0	306	0	242	34	0	0	0	4	47335	0	2	0	0	2	0	2	0	10	0	199	0	0	233	16	723	0	0	14	0
EHA01598_bin.4	0	15	0	214	0	12	2	12	8	8	732	33	0	3	15	2	96	0	2	0	14920	501	4	992	0	0	4	0	6	0	6	0	0	4	0	0	10	4	0	28	0	0	0	0	0	578	2	1236	2	10	0	69	0	20	4	0	0	0	6	4	20	0	84	0	0	0	164	0	1	0	6934	2	2	0	6	0	0	6	24	16	1	12	0	4	49468	0	0	14455	0	0	16	0	3	0	0	17	0	0	3	4	0	0	121	1	102	22	1	0	0	0	4439	0	2	0	0	0	0	0	0	10	0	88	1	0	73	58	252	0	0	16	0
EHA01598_bin.9	0	390	1	2673	125	238	3	42	98	823	21545	1030	0	933	5039	19	338	0	20	0	943966	21741	32	115	0	0	1888	17	609	0	52	0	12	2	0	0	727	6	28	676	0	0	0	0	0	9542	11	66976	42	12	10	1166	2	57	2	4	0	0	18	44	343	8	953	380	0	0	346	28	2031	6	274518	8	34	134	34	0	0	2007	1203	116	1912	2072	0	952	1084485	1	0	668926	0	0	183	8	2837	0	2	2062	0	0	1819	8	14	86	5563	0	2619	230	0	25	7	34	1117606	12	4	0	0	138	6	0	2	34	1	5217	5	16	1404	30	5742	0	54	22	0
EHA01634_bin.10	502	4337	0	372	0	0	0	2	0	0	0	0	0	7	588	0	0	3	6	0	0	2	38	14	0	0	1	2	590	0	97	12	0	10	12	0	0	0	0	4	0	0	6	0	4	8	0	0	0	0	18	8	0	0	0	0	12	6	5	517	0	8	0	53	0	0	2	0	9	0	0	0	0	0	1827	1	0	1168	0	10	0	0	0	18	0	2	0	7	0	0	0	0	14	0	0	0	0	0	33	0	0	0	0	0	0	0	0	0	0	2	2	0	0	0	0	0	0	2	0	0	0	0	0	3220	1	96	12	0	0	421219	0
EHA01634_bin.13	1792	0	0	1	3	0	0	0	0	0	0	0	0	0	1	0	0	3	0	0	9	0	4	0	0	0	0	2	0	0	0	0	0	0	0	0	0	0	0	0	0	0	0	6	2	0	0	8	0	0	119	3	8	0	0	0	0	0	1	50	0	2	74	0	0	0	0	0	0	10	15	2	0	0	0	2	0	0	0	0	0	0	3	0	0	0	0	0	0	35	0	0	0	0	0	0	0	0	0	0	0	3	0	4	0	0	0	1	2	0	0	0	2	0	0	6	0	0	0	0	17	0	2	4	35030	566314	0	8	2	3	0
EHA01634_bin.15	93	9092	23	4847	338	14	21	150	15	14	87	13	23	2220	4986	10	82	466	33	6	95	82	932	61	17	2056	2065	2422	169	8	510	18	18	60	24	28	10	27	77	51	14	4	8	28	164	22	745	161	20	5	103	160	8	6	4	0	8	99	1058	16	8	1282	11	5215	4	12	51	123	948	14	261	10	15	589	20	111	6	259263	18	30	1529	4	2	3223	1420	1643	13	439	29	5	11	26	1658	6	18	8	10	12	2787	17	13	135	4	67	0	30	37	3532	148	4	232	265	4	0	21	8	30	2	14	13	33	2	1036	3290	8	356	267	6	170	490633	10
EHA01634_bin.19	6009	365298	0	54	0	0	0	0	0	16	9	2	4	213	259	0	50	24046	26	0	0	2	31180	27	0	316	46	6	3529	0	2204	0	0	19983	1	0	0	0	0	915	0	0	0	0	9498	0	0	18	0	0	645	15	0	0	0	0	0	90	64	31	6	2736	0	50	0	0	6	0	137	0	19	0	0	4	19	0	2	4152	0	0	40	20	0	13	121	30	0	11	0	0	0	0	6	0	0	0	0	0	21572	0	0	0	0	19	0	0	0	101	0	12	157	0	0	0	0	0	0	4	0	0	2	0	11	5661	12	3240	812	0	4	195676	0
EHA01634_bin.21	7429	16443	0	10	0	0	0	0	0	2	8	2	0	58	83	0	31	70	39	0	3	8	36	32	0	0	28	0	29555	0	1443	0	0	13545	6	0	0	0	0	153	0	0	2	0	45	0	0	2	0	0	3839	3	0	0	0	0	0	178	0	3	4	14	0	155	0	6	17	0	11	0	30	0	0	0	292	0	0	1141	0	3	21	0	0	7	117	0	0	4	0	0	0	0	0	0	0	0	0	0	16	0	0	0	4	0	0	0	0	0	0	2	92	2	0	0	0	0	0	0	0	0	0	0	3	12	243	10785	14975	0	0	96495	0
EHA01634_bin.24	5215	1449	50	3788	0	2075	690	6655	5484	2741	717	1798	0	47	1011	924	1487	0	1830	683	157	14	0	1311	3201	5	510	2	3430	4154	71450	1518	3720	1477	5007	852	2097	878	0	5868	1350	6741	2460	0	0	2149	0	131	1687	2697	3962	6317	87	4930	3066	4557	990	1414	0	1405	1092	0	4150	636	2398	3061	4353	0	469	3698	973	1972	1255	0	4514	18	1192	35	1606	2258	637	907	0	405	1131	0	2695	335	872	2068	1532	3339	1039	1200	1089	993	561	3967	1163	4212	1388	0	28	5	21	6867	90	1	0	789	789	0	2300	0	5188	4175	5039	926	1361	4759	92	701	0	0	3180	3825	2728	4343	0	7039	1722
EHA01634_bin.27	3753	62	0	7208	0	20	0	0	100	14	16893	459	0	32	0	77	72	11	262	0	88	10279	7	778	11	0	0	2	362	0	63	0	0	43	70	0	2801	0	0	3988	0	0	4	0	11	2750	2	1339	0	0	48	31955	0	62	4	0	0	4	0	1446	55	0	18	3584	0	14	3108	0	5	2	165636	0	0	2	219	0	30	157	46	10	0	1648	0	8	626583	0	0	802	4	0	8	84	2	0	12	250	0	2	3	0	2	0	10	0	2	164	0	0	0	394	16715	0	4	0	0	1890	0	218	0	0	0	2	2	7	38	9132	726279	0	0	12035	0
EHA01634_bin.28	5651	45584	0	563	6	268	166	2073	2783	532	67	196	0	4	101	137	251	0	151	152	10	2	0	241	1234	0	16	3	37885	1660	14839	213	1531	28580	3117	169	494	319	24	231	222	1617	451	0	6	469	3	19	110	549	1268	2331	0	1921	873	1826	121	178	0	61	113	0	1623	195	803	438	365	0	10	1200	4	1198	193	9	579	0	170	24	227	479	22	58	0	79	315	0	284	65	158	356	288	379	13	198	1043	77	187	742	118	1172	132	2	6	0	12	2634	0	0	0	48	24	1	1091	0	1676	1594	1982	298	119	1645	0	267	12	0	1065	37071	853	1160	0	4047	209
EHA01634_bin.29	4107	18789	0	0	0	6	0	20	21	0	0	2	0	0	0	2	254	0	0	0	18	0	0	34	8	0	3	0	28917	4	219793	0	10	21	10573	0	0	0	0	766	2	14	0	0	0	2	0	0	0	2	12	1455	2	20	2	26	0	517	0	17	365	0	20	1	8	79	364	0	0	8	22	14	0	0	4	0	1	0	2	0	0	0	0	0	0	0	0	8	0	0	0	2	0	0	196	0	0	4	0	20	4	0	0	0	0	32	0	0	0	0	13	0	4	0	16	10	8	0	0	6	0	2	0	2	20	1180	149	10	2	35331	0
EHA01634_bin.2	10384	16	0	0	0	2	0	0	0	0	28	4	0	63	389	0	11800	0	214	0	84	16	2	91	0	0	617	0	46	0	840034	0	0	0	0	0	0	0	0	140	0	0	0	0	0	2	0	38	0	0	716	80	0	0	0	0	0	0	0	24	2	0	0	211	0	0	18	0	108	0	52	0	0	0	6	0	0	31	0	0	68046	2	0	142	53	0	0	103	0	0	0	0	115	0	0	0	0	0	459	0	0	0	4	0	2	0	0	0	0	0	103	0	0	2	0	0	0	0	0	0	0	0	0	0	95	25	6638	0	0	851	0
EHA01634_bin.35	1527	9	0	0	0	139	14	2	6	0	0	40	0	0	0	21	23	0	17	6	490	6	0	106	0	0	0	0	153	2	66494	4	0	1	2	10	0	11	0	3850	0	4	28	0	0	2	0	2	532	0	0	595	0	4	0	2	18	1268	0	75	4976	0	4	0	0	256	540	0	0	2	46	0	0	0	451	0	87	0	98	0	0	0	0	0	0	0	104	19	0	0	0	223	0	41	38	224	0	0	1	98	4	0	4	0	1	8	0	0	0	6	235	0	4	0	40	0	0	16	640	0	0	2	0	0	4	169	125	0	0	8	4
EHA01634_bin.3	18141	39840	3	21	28	0	0	0	4	0	21	0	7	452	1325	2	3871	356	1006	0	7	37	8278	17631	0	43	388	21	11768	0	22759	0	0	116450	283	0	8	0	7	8067	14	0	0	10	161	3	11	26	0	0	9130	44	0	0	0	0	0	677	9	313	5	259	0	1403	0	2240	109	0	244	0	136	0	0	20	12356	2	0	896	2	0	529	1	0	123	832	36	0	74	0	0	0	0	216	0	10	8	0	0	471	0	4	4	26	12	0	4	9	38	1	2	128	8	2	3	0	6	0	6	0	0	0	0	12	3662	1266	37645	81163	0	4	622455	0
EHA01634_bin.41	4	285	0	1129	69	2	0	24	0	6	0	0	0	193	918	0	0	0	4	0	0	0	2	2	0	0	282	2	5704	0	722	0	0	3542	0	0	0	0	0	69	0	0	0	8	1	26	0	3	0	0	1	6	0	0	0	0	0	0	0	0	0	0	0	9	0	0	0	0	63	0	0	0	0	4	0	0	0	243	6	0	296	0	0	500	185	5	0	6	0	0	0	0	151	0	0	0	0	0	328	0	0	0	0	0	0	0	22	0	0	0	132	0	0	7	0	0	0	0	0	0	0	2	0	4	0	424	10	0	0	115834	0
EHA01634_bin.46	155705	435	1	663	2	865	1090	669	560	1081	1454	780	5	1	0	445	7689	395	8787	1396	6553	315	7	17680	995	12	1	0	62393	775	3272	876	779	346	10137	1575	1045	1440	0	848	713	584	736	11	121	2264	0	280	1081	289	1106	1350	0	704	342	1085	654	25600	7	364	96287	72	1316	7	493	1855	1691	2	0	941	267	531	341	1	35333	12	413	14	545	787	0	398	10	3	211	23	1074	566	1559	545	434	1049	1	592	2549	94411	1174	431	10	938	580	0	11	28	2	631	33	58	0	4182	80	0	312	8	1160	6065	986	604	3065	471	0	163	2	64	942	1248	283	641	0	648	599
EHA01634_bin.47	58	655	0	521	30	0	0	18	0	0	68	0	2	2458	5034	0	0	5	28	0	110	14	192	82	0	0	2623	16	15	0	511	0	0	11	2	0	0	0	0	76	0	2	0	1	1	6	4	18	0	0	9	28	3	0	0	0	2	4	0	17	2	0	0	42	3	0	8	66	678	0	77	0	0	14	6	0	0	17035	0	0	3262	0	0	649	116	0	0	445	0	0	15	0	879	0	7	0	0	0	413	0	0	53	0	0	0	0	2	0	4	0	254	1	0	0	0	0	0	0	0	0	2	6	10	902	1	54	14	0	26	146398	0
EHA01634_bin.5	7462	61946	0	1358	0	8	0	6	2	126	209	16	0	2576	2662	22	483	124	3496	0	24	3444	137	2275	0	3	294	0	4726	0	19356	0	0	575	18	0	4	0	0	2099	0	4	0	0	64	0	0	111	0	2	803	39	0	2	0	4	0	157	0	453	2	28	1	4275	0	20	3420	0	23825	0	503	0	0	3	221	0	2	66121	6	4	635	7	0	630	2493	0	0	94	89	0	0	0	487	0	0	0	19	0	47219	4	0	0	42	4	8	2	0	1	0	4	1866	5	0	0	0	6	8	14	0	8	0	0	14	114	804	686	142815	7	0	487890	2
EHA01634_bin.6	2	581684	0	104	508	2	0	0	0	10	618	2	0	7291	26922	0	2	0	12	0	3764	115	40	0	0	0	9995	262	159	0	17164	0	0	0	0	0	10	0	345	6	0	0	0	0	0	201	112	381	0	0	8	108	5	0	0	0	0	0	8	0	10	825	20	3508	0	0	4	345	12804	0	3608	2	0	231	2	2	0	53364	10	4	7868	10	4	7651	1185	0	0	1725	2	0	2	0	20116	0	0	77	0	0	8939	0	0	1718	16	0	38	2	0	138	317	3	3962	384	0	6	0	6	0	0	0	4	4	50	224	0	6	2	60	0	866	590	0
EHA01634_bin.8	716	18108	0	7	5	0	0	4	4	0	11	0	0	10570	1603	0	547	5104	1016	0	8	3	4819	19	2	328	302	2	5260	0	12747	2	2	405866	0	0	5	0	0	74	0	8	0	0	2214	0	0	18	2	0	15446	37	0	0	9	2	8	6	18	1	55	13329	3	51	1	0	6	2	44	12	25	1	0	11	13	4	0	557651	0	2	434	12	0	146	75	69	0	25	0	1	3	0	20	0	0	0	0	2	4598	7	0	0	6	5	0	6	10	976	0	6	59	0	0	0	0	4	3	2	0	0	0	2	11	10769	29	9983	2138	0	4	24120	0
EHA01634_bin.9	1817	2	0	6	0	4	5	8	0	0	4	0	0	0	0	0	10	8	39212	2	6	6	6	4	4	12	0	2	1330	6	308	0	2	148370	2	10	0	2	0	788	1	4	0	0	2	3	5	28	3	2	260567	25	2	0	4	0	6	6	4	1219	0	5	2	8	4	8	6	0	1	0	46	2	0	0	11	0	0	13	6	0	0	12	0	0	1	8	7	0	2	2	4	4	0	0	8	0	8	4	2	4	2	0	0	294	0	2	51	7	0	2	28	5	0	0	4	3	5	16	1	0	4	6	0	4	85	1677	33	0	0	19	6
EHA01666_bin.11	0	25	0	9400	0	30	0	221	0	384	83342	456	0	33	263	8	347	0	1	4	338455	5906	0	16	0	0	12	14	2	0	94	0	6	17	2	2	185	3	10	26	0	0	4	0	0	4528	0	8450	12	18	12	1892	0	44	14	8	0	2	0	2	676	0	608	2	2	2	128	0	11	22	249758	8	26	229	34	0	8	7	98	72	1	830	0	6	18256	0	0	12088	4	2	780	11	204	0	0	10074	4	0	22	12	252	0	280	0	657	0	0	0	0	26	41811	12	0	0	0	138	6	6	0	22	0	1475	2	0	6	6	312	0	2	8	0
EHA01666_bin.13	8	3	90	217	0	55	8	40	12	30	2561	179	1	7	40	14	221	18	12	8	56323	1826	9	2954	2	0	3	4	2	0	34	11	0	0	0	10	2	10	4	130	16	0	16	0	5	794	1	3702	6	8	0	114	5	6	8	0	4	0	4	7	66	3	129	2	0	20	616	1	4	6	44180	18	2	1	50	17	2	35	213	84	8	66	0	10	56775	0	7	51366	12	0	18	14	17	3	16	87	6	0	14	0	6	0	185	0	184	52	64	3	2	0	29696	0	0	0	0	2	2	9	12	12	6	121	1	0	164	69	567	0	0	33	2
EHA01666_bin.15	0	5	0	1401	2	13586	6416	24	14	127	13628	9669	0	3	6	6524	219	0	5082	7883	89729	329	73	8893	0	0	1	0	0	0	18	7129	2	4	0	8852	492	13269	0	7487	7357	0	18246	0	0	13869	0	3921	6011	6	2	658	0	20	6	0	4621	6812	0	2321	4314	7	690	5	0	16972	11496	0	3	0	426592	6	4	0	26879	0	5224	4	13974	316	0	3075	0	4	68168	1	11639	104237	7896	0	98	14429	9	6063	11218	3860	7256	0	0	2	5468	2	525	0	1954	2	0	1	0	2442	86854	2	0	0	0	26	0	10333	7194	24	0	456	0	7	224	28	70	0	0	11	7321
EHA01666_bin.16	23	131	0	73	0	68	26	4	0	2	2185	171	2	4	0	82	1103	8	32303	2	755	3642	3	19519	0	0	0	1	596	0	482	0	0	26	284	0	2	47	0	3173	6	0	8	0	3	62	0	207	3	14	40	42	0	0	0	0	0	41	0	3092	58	0	0	46	0	88	15742	0	2	0	11033	0	0	0	4916	0	4	10	74	2	0	4	0	0	21335	0	0	22453	131	0	18	28	1	0	0	2	30	0	5	0	0	0	192	0	112	18	0	0	0	2	5861	0	52	0	0	0	0	19	6	6	0	3	0	0	5217	1202	54371	2	0	11591	1
EHA01666_bin.19	0	31	1	90	44	8	2	2	6	74	1565	59	0	329	1687	0	31	0	0	0	124670	201	63	4	0	0	656	1	25	0	8	0	0	2	0	0	403	0	20	20	0	0	0	0	0	1526	2	10217	4	0	0	75	0	0	0	0	0	0	2	0	110	9	379	102	0	0	4	10	526	2	17138	0	0	427	4	0	0	833	26	12	491	198	0	327	63077	0	0	94377	0	0	58	0	773	0	0	661	0	0	808	0	2	9	450	0	984	4	0	0	0	7	41221	4	0	0	0	32	0	0	0	10	0	155	10	14	58	2	128	0	15	2	0
EHA01666_bin.1	59863	31524	0	2558	0	14	18	6	3	45	83372	259	0	256	3904	22	455	0	341	4	65201	17025	0	45831	0	0	1204	0	1358	0	563	0	2	38	2	0	106	11	0	12506	4	0	2	0	0	4937	0	7216	4	2	621	218	0	104	6	0	8	4	0	674	1773	0	118	290	0	46	3265	0	461	8	63041	0	0	0	108	0	0	482	40	82	1252	1005	0	342	113890	0	2	193078	12	0	53	4	1028	0	3	533	6	0	523	0	7	0	846	0	1124	4	0	1	0	10	134726	0	0	0	0	114	0	2	2	4	0	396	0	0	342	41575	13105	2	0	1037540	0
EHA01666_bin.20	21	1220	0	1580	34	86	2	28	26	201	44063	1483	0	557	2040	43	318	165	2	0	155857	3005	7	113	0	0	1009	16	60	0	86	0	4	52	0	4	1136	10	18	288	2	0	0	0	47	17738	4	19498	7	10	4	2076	0	34	0	0	4	6	7	34	105	574	1448	437	0	6	443	10	454	6	353839	10	4	26	26	0	12	538	492	166	202	1588	0	590	329265	2	6	400602	6	0	455	6	1475	0	3	3280	0	0	219	8	16	4	1551	0	3150	78	0	51	0	23	405919	17	0	0	0	82	0	0	2	32	0	2322	2	0	498	77	1781	4	48	164	8
EHA01666_bin.21	0	4	0	114	0	44	20	6	38	0	720	144	0	0	0	44	584	0	38	2	1775	1101	0	3959	0	0	0	0	0	0	2	0	0	0	0	0	12	67	0	520	0	0	0	0	0	474	0	1710	4	3	1	10	0	0	0	2	2	0	0	42	66	0	5	0	0	0	7108	0	0	0	22668	6	2	0	58	0	2	1	88	31	0	22	0	0	50756	0	0	52041	0	0	0	2	0	0	0	68	2	0	0	0	0	0	97	0	81	46	0	0	0	2	63289	0	2	0	0	6	0	0	4	12	0	98	0	0	165	92	842	0	0	3	0
EHA01666_bin.24	28	14	0	49	0	7864	3510	36	36	11	3534	4994	0	0	0	3893	134	0	3212	4386	18472	6933	17	4989	15	0	0	0	11	25	67	3831	6	0	40	4605	16	8692	0	4249	4677	20	9652	0	0	1821	0	11031	3352	7	18	49	0	32	19	35	2362	3738	0	1551	4483	0	58	0	12	8647	9662	0	0	11	89595	14	8	0	16643	0	2919	0	7938	37	0	1768	0	0	10587	0	6560	9505	4223	3	44	8408	0	3286	6426	1719	3570	8	4	14	2691	0	232	0	79	48	0	0	0	1394	18918	0	13	0	22	19	24	5068	4102	24	0	129	2	0	62	31	192	23	0	311	3804
EHA01666_bin.26	0	12	0	883	0	26	0	37	14	2	3745	204	0	0	24	16	95	0	6	0	12425	221	4	1172	0	0	2	0	4	0	16	0	0	94	0	0	18	0	0	177	0	0	0	0	0	439	0	1364	0	2	26	21	0	2	0	0	0	0	0	13	126	5	40	0	0	0	1634	0	2	0	35406	0	4	0	27	0	0	140	56	12	24	137	0	2	81935	1	0	121885	0	0	2	0	4	0	0	170	0	0	3	0	0	0	165	0	94	18	0	38	0	0	43809	0	4	0	0	0	0	0	0	6	0	102	0	0	195	149	306	0	0	664	0
EHA01666_bin.8	0	0	0	31	0	0	0	0	0	0	1963	197	0	0	0	62	361	0	627	10	32305	5840	0	119	0	0	0	0	2	0	0	0	0	0	0	4	19	0	0	71	0	0	2	0	0	2520	0	6423	0	11	8	6	6	13	18	0	2	0	0	8	1839	0	61	0	0	4	3463	0	0	0	119501	8	0	0	27	0	0	0	7	66	0	370	0	0	46163	0	0	14248	20	0	28	4	0	0	8	1	8	0	2	0	2	0	316	0	254	12	2	0	0	0	65388	0	0	0	0	0	0	0	2	2	6	155	0	0	74	4	203	0	0	7	0
EHA01666_bin.9	60	157	0	127	0	123	2167	16	0	0	2262	35541	0	0	2	5897	65	0	5190	1750	335	6	0	43669	471	0	0	2	39291	0	18598	566	0	624	63	320	6	318	0	12104	5933	0	3149	0	0	5698	0	2656	440	0	2	185	0	0	0	0	5211	528	0	11134	1893	0	36	0	0	15377	210583	0	1	0	197991	2	0	2	191960	0	2456	10	31	3402	0	638	0	40	9	0	0	1674	47	0	0	1851	0	2	2011	155	12	0	1	10	6479	0	101	0	2	0	0	0	0	3984	843	0	55	0	0	0	0	2132	16	0	0	0	0	0	177	5225	367	14	0	993	143
EHA01676_bin.1	156	449	1	0	2	8343	1082	0	0	0	117	979	0	48	20	522	6	3	2591	648	86854	8	52	6178	0	6	223	9	162	0	4741	124	0	0	37	465	0	726	15	200335	56	0	284	0	0	0	6	481	114526	0	0	77	1	0	0	0	112	52600	30	4653	386862	16	0	6	0	12499	22624	2	14	0	2057	0	0	14	12567	0	951	13	3558	0	46	122	0	81	0	0	5115	1177	18	0	0	1881	22	2724	479	16597	12	0	35	2	75	2	0	9	0	2	1	18	7	36	15506	10	0	0	2	0	0	333	96940	0	2	0	27	20	7	136	77	0	13	117	53
EHA01698_bin.10	6	181	0	0	0	6346	464	0	0	0	973	232	0	0	23	18	0	4	0	1326	59	0	5	861	0	4	193	0	2	0	938	1492	0	7	2	238	0	47	2	59791	3037	0	2056	0	2	0	0	594	715	0	0	2	0	0	0	0	3031	0	0	44982	320	84	0	0	0	3829	0	0	3	0	479	0	0	0	104518	0	871	13	1064	0	13	63	0	1	4	0	0	94	0	0	0	339	19	0	206	0	0	0	13	0	3606	0	0	0	0	0	0	0	5	1569	12048	2	0	0	0	0	0	516	52	0	0	0	0	1	2	0	2	0	1	4	199
EHA01698_bin.11	38	30	0	38	1	406	818	26	25	4	1977	2769	4	18	47	1459	178	471	7272	13	513	850	560	471611	10	97	17	36	37	24	123	19	16	15	16	8	17	2334	4	47007	64	18	29	0	198	50	7	279	62	15	32	125	4	14	28	17	8	101	6	92253	132	109	19	1096	13	230	74429	16	9	15	40045	0	5	13	2212	1	173	133	915	10	12	73	2	17	15703	24	20	32823	152	9	12	470	10	11	5	179	66	18	118	32	19	15	9	18	2	33	0	250	3	29	21255	18	9	0	19	20	25	36	40	9	0	10	15	131	222	91	3041	16	18	1115	14
EHA01698_bin.13	513679	4699	0	122	0	67	10	6	504	2	2822	14	0	31768	1398	4	50	2	475952	2	3436	816	2	610722	0	0	1424	0	83510	0	735103	0	0	1107	54	0	11	16	0	1030509	0	0	8	0	0	213	0	580	0	0	1326739	61	0	0	0	0	0	581	0	155895	17816	0	4	54712	0	2142	10542	0	486	2	3332	0	0	0	12358	0	200	324915	80	6	1774	177	1	204	188458	0	2	10937	18	0	1	186	564	0	1996	18	6	2	711	0	2	0	203	0	81	687	0	0	0	2	18789	0	4	0	2	2	0	32	4	2	1	146	0	2	74075	330280	4961030	0	0	1055435	3
EHA01698_bin.14	5327	1938	0	10	0	86	0	2	7	0	27	233	0	107	102	201	14	198	49320	0	5	11427	235	15466	0	0	20	0	211	0	55481	0	0	2394	2	0	0	0	0	38000	0	0	0	0	80	5	0	60	0	0	11766	127	0	0	0	0	0	2	0	10034	144	29	0	120	0	388	77008	0	543	0	4288	0	0	0	330	0	42	1742	152	0	8	133	0	13	900	0	0	75	343	0	0	59	22	0	11	0	185	2	1659	0	2	0	14	0	0	16	0	1	0	40	6540	3	0	0	0	8	2	0	0	2	0	0	33	474	21867	84	1466609	0	0	3132	0
EHA01698_bin.15	230730	29967	1419	299	5	496	324	913	1645	44	1516	466	0	1214	204	267	9819	2469157	13784	325	789	11	2233	3854	477	1513	0	122	21457	890	10982	229	716	369222	861	372	63	833	8501	31920	283	1009	595	26	788184	40	38449	12838	249	62	77571	1961	1602	758	516	736	153	10878	177707	183	81444	890	1149	1289	447	686	615	847	4154	702	1528	596	30	6	3988	480	255	2108867	362	49	378	97	0	7	190	9006	423	81	394	63	69	669	7099	252	413	35	256	70	15852	797	180	980	281	11811	93	2130	2052	286	939	53	7630	11631	580	2	1105	957	842	694	325	538	1472	148	163	204	2621	108556	52157	702	596	887347	362
EHA01698_bin.16	8025	8039	0	12	0	3	0	0	0	0	0	0	0	113	612	0	15159	0	54	2	0	6	0	24917	0	0	234	1	27510	0	43026	0	0	30	1514	0	0	0	0	234	0	0	2	0	0	2	1	0	0	0	12	4	0	0	0	0	0	4734	0	436	20236	0	0	173	0	25576	1577	0	175	0	12	0	0	3	6	0	0	155	3	0	286	0	0	144	7	0	0	0	0	0	0	0	213	0	43618	0	0	0	111	0	0	0	0	0	0	0	0	0	0	0	7	0	0	0	0	0	0	25	0	0	0	0	0	2	673	53378	301	0	1	243	0
EHA01698_bin.3	14454	83361	0	17	109	34	14	15	10	14	22	20	0	195	421	12	1545	30716	3966	13	9	23	6991	93149	22	196	147	55	25242	10	107746	17	13	499048	2392	12	18	22	24	30571	40	22	32	8	10909	4	33	23	23	13	283842	55	0	13	12	18	12	3420	49	268	37	100	23	161	8	20110	72	21	52	15	23	7	9	55	90326	0	15	1533	7	17	118	10	2	478	17	12	17	24	21	14	7	52	123	16	79	9	14	16	238	24	17	53	10	25	0	23	0	23	42	13	33	38	2	3	20	15	18	23	19	13	1	7	72	450	12909	420061	219585	20	96	1693631	15
EHA01698_bin.4	23	6	0	3	0	1360	5	23	15	2	2	22	0	0	0	6	0	0	20	14	10	0	0	14	14	0	0	0	3	6	59982	13	11	5	29	6	2	14	0	50612	19	16	25	0	0	1	0	3	38	5	8	4545	0	19	11	22	16	165	0	26	447	0	6	0	0	37	174	0	0	7	20	12	2	0	54	0	12	0	486	3	0	3	0	0	3	0	35	14	9	2	0	41	0	14	9	20	11	9	0	470	9	0	0	0	0	19	0	0	0	4	3003	0	0	0	129	18	24	49	51	21	0	2	0	0	4	29	8	2	0	14	16
EHA01698_bin.6	15	16	0	151	0	474	4	32	0	0	10	76	0	0	0	19	9	0	7534	4	25	20	0	1484	4	0	0	3	127	2	9665	2	0	67	13	0	0	2	0	33634	12	14	12	0	0	16	0	6	37	0	2	39	0	0	2	2	3	37	0	3912	528	0	2	0	0	584	4324	0	1	0	394	2	0	0	166	0	135	0	105	14	0	54	0	3	0	0	8	4	165	0	0	96	0	2	11	17	43	0	0	8	25	0	0	0	0	0	0	0	0	4	2884	0	0	0	0	0	0	46	2	0	0	0	0	0	4	171	241	0	0	699	2
EHA01698_bin.7	174	203	0	40	0	118	36	7	18	0	2455	307	0	329	804	151	1782	17	149023	5	728	9218	116	33519	8	1	44	1	679	8	611	2	2	385	400	2	0	70	2	7074	11	8	11	0	4	75	0	237	4	15	371	43	0	4	5	0	9	46	1	4090	86	48	0	512	2	54	29366	0	32	4	11794	0	1	0	11015	0	5	333	129	0	80	36	0	183	29309	3	2	23761	386	0	23	48	50	0	15	18	138	0	87	4	2	0	260	2	118	17	0	4	0	7	7640	0	86	0	0	7	0	9	2	8	0	6	2	75	8483	2533	76516	0	0	18074	4
EHA01698_bin.8	731	5869	0	1	0	28	4	3	0	0	0	26	0	0	3	10	50	0	51	2	4	0	0	116	7	0	0	2	1483	0	10794	0	0	32775	1133	0	0	0	2	21651	12	2	0	0	0	27	0	0	2	0	0	3	0	2	0	2	10	26682	0	2774	29106	0	0	0	0	1166	20219	0	2	0	137	2	0	0	500	0	2	3	8	14	0	2	0	0	0	0	2	14	1	0	0	0	0	0	22587	617	2	0	5	0	7	0	0	0	0	1	0	0	0	8	35	0	0	0	2	0	0	2152	0	6	0	0	0	0	609	557	4826	2	0	36219	0
EHA01698_bin.9	130	2156	0	8	0	14	0	2	7	0	12	13	0	0	2	4	12	0	39	9	0	0	0	35	8	0	3	0	321	0	2109	2	0	23	112	13	6	19	0	32082	12	0	10	0	0	4	0	2	5	2	13	14	0	4	4	4	8	22577	0	33	17801	4	9	9	8	81	16914	0	0	1	8	2	0	0	31	0	0	0	6	5	0	1	0	0	0	0	14	9	7	1	8	12	0	8	9111	2	10	8	0	6	6	0	2	0	0	2	0	1	0	0	13	0	2	0	18	2	9	11	12	2	0	0	0	0	2	312	14	14	0	338	9
EHA01709_bin.10	1296	229	0	2257	0	0	0	0	51	42	1063	10	0	216	21	4	76	494	292	0	5	1964	354	768	0	0	3	2	179	0	87	0	0	143	10	0	1041	0	0	4988	0	0	0	0	188	1145	0	590	0	0	13	2238	0	6	0	0	0	4	3	616	9	112	10	60736	0	2	115	2	15	6	4234	0	0	3	64	0	2	659	4	2	6	187	0	2	384606	0	0	1314	2	0	4	2	0	0	50	325	0	0	27	0	0	4	16	14	6	85	0	2	0	132	42170	2	0	0	0	612	0	0	0	0	0	0	5	77	54	5257	291959	0	2	4530	0
EHA01709_bin.11	4	30	0	4	4	63	8	0	12	0	237	50	0	218	190	49	743	0	447	2	324	229	6	14256	6	0	22	47	64	0	7	0	0	10	18	0	0	38	0	1930	0	0	0	0	0	39	3	314	6	2	2	17	0	0	0	0	0	0	0	209	85	0	0	177	0	2	2278	6	6	0	2339	0	0	19	716	0	1	113	118	0	3	20	0	95	38764	0	0	5282	14	0	7	9	24	0	0	6	4	0	248	0	0	3	61	0	27	27	0	0	3	0	9092	5	14	0	0	2	4	0	6	0	0	18	9	0	2306	78	15185	0	1	1228	4
EHA01709_bin.13	84	572	0	63516	0	0	0	10	0	1497	60547	0	0	4	2	0	363	122	485	0	0	244	31	2	2	47	0	0	61	0	93	0	0	611	4	0	27338	0	0	134	0	0	0	1	48	2751	0	7	0	0	29	24	1	13	0	0	0	0	41	2	0	8	5	1	0	0	2	0	2	0	10	0	0	0	173	2	0	940	2	4	0	46	0	0	7151	48	0	1	2	0	682	0	1	0	0	0	0	0	21	0	0	1	3265	2	11	0	0	41	0	13363	13805	0	105	0	0	208	0	4	0	0	0	12	2	134	295	3291	775	0	0	12393	0
EHA01709_bin.14	2	2463	5	268	275	64	2	11	18	301	72518	419	0	10849	53521	20	407	0	17	0	751783	27509	313	28	0	3	9791	1152	377	0	57	0	14	0	0	0	1523	0	349	56	0	0	0	2	0	15026	44	70959	28	6	18	801	0	72	4	0	4	0	269	2	1134	179	2791	1550	0	0	90	130	12464	0	175292	26	18	11127	96	0	2	11149	306	331	8518	936	4	6137	134104	13	0	271338	0	0	73	2	15635	0	0	763	0	0	8799	0	2	309	1979	0	3005	26	0	136	2035	88	108487	113	0	0	0	12	0	0	2	34	0	2847	41	173	311	62	1004	0	208	264	0
EHA01709_bin.15	0	0	0	2	0	0	0	0	0	0	0	0	0	0	5	0	0	0	0	0	0	0	0	0	0	0	0	0	0	0	306664	0	0	0	0	0	0	0	0	0	0	0	0	0	0	0	0	0	0	0	0	0	0	0	0	0	0	0	0	0	0	0	0	0	0	0	0	0	0	0	0	0	0	0	0	0	0	0	0	0	11	0	0	0	0	0	0	0	0	0	0	0	0	0	0	0	0	0	0	0	0	0	0	0	0	0	0	0	0	0	0	0	0	0	0	0	0	0	0	0	0	0	0	0	0	0	0	0	0	0	0
EHA01709_bin.16	6	6	0	238	0	36	0	24	14	8	2035	152	0	0	2	14	218	0	12	0	38108	1194	1	2469	0	0	0	0	4	0	14	0	0	4	0	0	8	2	0	80	0	0	0	0	0	720	0	2868	8	6	0	101	0	12	4	2	0	0	4	6	36	2	112	0	0	0	416	0	0	0	26279	6	8	1	12	0	0	1	114	36	1	26	0	0	57287	0	0	37249	6	0	0	0	0	0	0	111	0	0	1	0	0	0	159	0	130	38	0	0	0	2	17275	0	0	0	0	2	4	0	0	14	0	120	0	3	109	69	466	0	0	32	0
EHA01709_bin.1	2202	37	0	4836	0	2	0	2	50	81	455	22	0	90	1	4	1753	12	130	0	110	809	11	938	0	0	2	0	4	0	38	4	0	11	3	4	2627	2	0	4360	0	0	0	0	13	74	0	204	1	0	3	605	0	2	0	0	0	9	2	165	301	2	2	27196	0	0	838	0	4	4	3958	0	0	7	26	0	0	210	4	0	0	69	0	1	126484	0	3	6090	0	0	2	0	0	0	4	943	0	0	17	0	1	0	22	0	20	100	0	0	1	127	77718	0	0	0	0	424	0	4	1	0	0	18	0	18	19	4845	17930	0	0	5310	0
EHA01709_bin.21	87	216	0	698	0	703	150	39	75	0	8636	345	2	6	18	186	6189	3	68327	8	4110	4327	14	101524	36	0	4	1	1063	0	2850	0	0	191	879	10	2	428	0	31515	26	2	22	0	0	430	0	523	38	22	274	319	0	0	22	0	6	210	0	33627	414	28	13	51	6	214	33199	0	2	6	16455	8	0	0	8316	0	85	130	877	24	10	97	0	0	120921	0	4	21355	275	0	149	234	8	4	10	139	101	0	0	6	2	0	386	0	329	110	0	37	0	5	63185	0	188	0	2	28	6	92	24	16	0	90	0	23	3294	1284	206857	6	0	37369	16
EHA01709_bin.26	23	14227	0	106	10	0	0	0	0	0	4	0	1	291	435	0	23	1916	3	0	5	0	400	49	0	121	116	63	27	0	398	0	0	322	2	0	0	0	24	8	0	0	0	0	587	0	46	26	0	0	139	23	0	0	0	0	0	0	7	4	4	40	0	93	0	3	3	36	57	0	5	0	0	35	68	0	0	142	0	0	36	0	0	85	27	53	0	3	0	0	0	0	199	0	0	0	0	0	21766	0	0	58	2	19	0	0	0	6	24	0	3	21	0	0	0	0	0	0	0	0	0	0	43	117	15	216	300	0	33	381030	0
EHA01709_bin.28	17128	6640	0	0	0	0	0	0	0	0	0	0	0	8	8	0	14753	0	0	0	0	0	0	754	0	0	0	0	9026	0	7874	0	0	14	3057	0	0	0	0	20	0	0	0	0	0	0	0	0	0	0	0	0	0	0	0	0	0	103	0	6	371	0	0	122	0	338	174	0	0	0	3	0	0	0	0	0	0	0	0	0	0	0	0	0	0	0	0	0	0	0	0	0	0	0	593	0	0	0	1	0	0	0	0	0	0	0	0	0	0	0	1	0	0	0	0	0	0	0	0	0	0	0	0	0	237	110995	215	0	0	37	0
EHA01709_bin.29	67	0	0	0	0	2	12	0	0	0	11	30	0	0	0	4	0	8	22	8	96	6	0	594	0	7	0	0	175	0	6	57	0	13	63	10	0	13	0	10	8	0	31	0	0	2	0	0	16	0	0	4	0	0	0	0	1210	7	1	8	806	8	0	0	0	54	38	0	0	0	17	0	0	0	44493	0	8	0	14	0	0	3	0	0	1	2	11	10	10	0	4	24	0	7	20	36	0	0	1	0	0	0	0	0	5	0	0	7	0	11005	5	0	0	6	0	4	0	8	24	0	0	0	0	20	2	0	22	0	0	25	8
EHA01709_bin.31	2	5	6837	4850	2	34	0	133	0	301	193629	345	3	240	1051	2	199	55	2	0	291809	15598	1273	18	0	90	331	0	0	2	118	0	6	4	0	0	260	0	0	26	0	0	6	2	33	1794	1	12661	6	2	32	2689	8050	15	4	2	0	0	86	16	440	226	795	51	4	4	46	0	270	7	236202	10	30	1	29	2235	0	33	110	29	146	458	0	68	3692	29	0	5498	0	0	360	4	737	0	0	9687	0	0	124	21	186	1	216	357	783	0	8677	465	2	28	22768	0	0	13	2	42	1	2	2	20	7187	1540	0	86	4	20	90	0	0	16	0
EHA01709_bin.33	2603	1425	0	243	0	12	4	6	6	4	3788	295	0	6	40	38	81	1	24	0	81071	933	3	1776	0	0	22	0	54	0	435	0	0	0	0	0	22	0	0	15037	0	0	0	0	0	287	0	4050	0	0	93	21	0	0	0	0	0	0	0	54	1729	0	11	21	0	2	4375	0	21	0	62705	0	0	0	0	0	0	8	82	0	46	54	0	38	56867	0	0	7871	2	0	10	0	31	0	5	20	0	0	31	0	0	0	61	0	97	4	0	4	0	0	206630	0	0	0	0	4	0	0	2	0	0	85	0	0	41	3631	10619	0	0	104959	0
EHA01709_bin.34	0	1477	0	62	88	86	2	0	2	528	143892	95	0	211	840	0	449	0	12	0	888391	9511	3	42	0	0	629	44	280	0	16	0	0	2	0	0	797	4	7	108	0	0	0	0	0	4007	3	35035	16	8	0	24	0	41	4	0	4	0	0	0	1683	0	1348	76	2	0	42	5	476	2	41928	16	30	0	148	0	0	399	320	68	396	540	0	107	100383	0	0	104500	0	0	88	4	633	0	0	3206	0	0	243	0	32	27	611	0	2826	18	0	0	0	52	110251	2	4	0	0	20	0	0	4	38	0	208	0	10	398	55	187	2	3	81	0
EHA01709_bin.35	1939	774	0	149	0	9	20	10	8	0	56198	168	0	36	90	10	476	0	79	4	33212	8422	0	11967	4	0	28	0	101	4	137	0	8	16	0	4	153	20	0	3143	8	8	6	0	0	3161	0	7951	10	2	313	22	0	67	18	10	2	2	0	89	647	0	76	148	0	12	772	0	20	2	38516	10	1	0	16	0	2	196	22	45	35	449	0	71	48365	0	10	102513	14	2	13	14	42	4	10	110	6	2	36	0	11	0	708	0	468	8	0	0	0	18	26292	0	0	0	2	5	3	4	14	2	0	91	8	0	207	8790	1655	6	0	60732	10
EHA01709_bin.38	0	0	19	64	2	4	2	4	2	0	1403	230	0	0	11	67	148	1	568	0	1553	648	77	1912	0	7	3	2	20	0	0	0	0	0	0	0	2	4	3	844	0	0	0	6	2	51	4	695	0	4	0	9	58	6	2	0	0	0	108	73	155	47	40	1	0	0	12816	0	0	0	22889	0	0	4	74	14	0	0	24	4	0	18	1	2	91850	7	0	31741	30	0	0	10	4	0	2	16	42	0	0	0	0	4	24	2	26	8	36	95	3	0	60007	3	0	2	0	6	0	0	0	0	35	21	0	90	30	4	10407	0	0	56	0
EHA01709_bin.39	4	240	0	103	1	111	22	10	52	1	415	337	0	17	38	199	3281	3	922	2	979	32	8	27291	4	0	3	3	293	0	168	0	4	50	38	0	0	37	6	18414	2	0	4	0	0	104	3	62	36	0	94	120	0	0	0	0	0	34	0	602	294	0	0	69	0	12	13289	8	8	0	7581	0	0	10	2201	0	2	0	210	4	0	4	0	28	12682	0	0	2639	28	0	12	25	17	0	0	94	0	0	35	0	0	1	14	0	14	102	0	0	8	2	3322	4	64	2	0	2	6	10	32	0	0	8	2	0	9985	908	36320	0	3	31356	2
EHA01709_bin.3	12610	335	0	40	0	2	14	0	0	4	7362	17	0	39	95	0	70	0	78	0	4599	1028	3	6062	0	0	42	0	43	0	181	0	0	0	0	0	18	18	0	13894	0	0	0	0	0	431	0	1123	0	0	187	2	0	5	0	0	0	0	0	89	76	0	5	62	0	0	127	0	24	0	5044	0	0	0	0	0	0	82	4	2	44	63	0	49	6201	0	0	93220	0	0	0	0	64	0	12	12	0	0	23	0	0	0	110	0	68	2	0	0	0	0	7579	0	0	0	0	10	0	0	0	0	0	8	0	0	106	28720	943	0	0	690695	0
EHA01709_bin.43	1	21	0	1206	16	22	8	47	10	28	4388	263	0	9	47	18	171	1	9	4	14310	351	13	1422	0	0	32	0	1	0	88	0	0	0	0	2	7	2	0	154	0	0	0	4	1	574	0	1782	0	10	3	24	0	6	2	0	0	0	0	14	170	2	55	2	0	0	2270	0	13	0	49783	0	0	0	13	0	0	48	64	13	57	174	0	7	139200	0	0	133685	0	0	2	0	18	0	4	205	0	0	12	0	0	0	235	0	105	23	1	14	0	0	50640	0	4	1	0	0	0	0	0	16	0	156	0	1	217	11	528	0	0	110	0
EHA01709_bin.44	8	11	0	264	0	252	8	70	0	0	16	75	0	0	0	8	0	0	4017	2	20	3	0	898	0	0	0	2	11	0	27117	0	0	100	5	2	0	3	0	16997	4	8	13	0	0	0	0	4	17	0	0	61	0	0	0	0	4	52	0	1972	318	0	0	0	0	337	2282	0	1	0	277	0	0	0	190	0	77	2	72	0	0	18	0	2	0	0	0	0	108	0	0	54	0	0	22	33	37	0	0	2	29	0	6	0	8	0	0	0	0	0	1929	0	0	0	0	0	0	28	0	0	0	2	0	0	0	272	418	0	0	1191	2
EHA01709_bin.47	302	60485	0	376	476	162	138	329	390	190	41	173	0	13901	9	68	104	0	128	154	10	5	61	173	311	0	28	45	330	204	542	143	144	75	252	182	134	170	194	116	110	363	217	0	0	170	128	57	155	124	179	471	0	331	202	359	103	127	0	66	114	0	256	202	117	239	214	141	2	200	20	135	102	118	226	0	125	111	119	137	8	83	0	146	98	0	371	44	174	63	92	302	51	146	127	55	117	243	568	317	114	42939	19	0	9	368	0	0	34	45	143	104	121	0	429	233	194	81	170	278	2	30	65	0	222	232	265	324	250	243841	175
EHA01709_bin.55	766	3414	0	18	0	249	83	9	53	2	771	135	0	216	382	101	4563	186	38444	9	2325	3478	894	51140	10	232	276	3	282	6	738	9	0	305	238	8	2	182	7	5898	4	2	2	0	84	135	0	206	14	10	180	158	0	0	8	6	17	22	1	8411	90	1	0	716	4	19	24411	0	177	18	4858	0	0	2	7439	21	33	2558	299	4	79	23	0	181	74265	99	8	14574	108	0	12	70	111	4	2	4	62	4	470	6	10	2	162	0	77	97	0	1	0	2	15408	0	42	0	2	2	6	12	8	6	0	8	0	34	3246	1200	192768	2	1	2725	2
EHA01709_bin.57	227	145	1	2240	0	78	0	60	18	22	28927	299	0	16	264	2	23	0	123	8	25352	32328	48	2848	0	5	81	2	40	0	73	0	0	2	0	0	58	0	1	322	0	0	0	0	0	1415	1	4341	0	2	0	163	0	20	20	0	4	0	20	299	28	26	72	3	0	0	4975	0	92	8	56179	0	0	4	12	0	2	7	456	37	94	1029	0	20	161010	0	0	102711	7	0	22	8	101	0	6	230	4	0	15	4	4	2	453	0	444	52	0	29	5	14	158601	6	0	0	0	198	0	0	0	12	0	265	0	8	174	260	31903	0	3	337915	0
EHA01709_bin.60	0	1294	0	11	133	0	0	0	0	0	0	0	0	2397	4413	0	4	0	0	0	36	1	2	0	0	0	1103	314	1167326	0	36	0	0	0	0	0	0	0	18	0	0	0	0	0	0	4	2	301	0	0	2	573	0	0	0	0	0	0	0	0	0	0	0	218	0	0	2	27	2458	0	51	0	0	651	0	0	0	383	2	8	1568	2	0	542	14	0	0	108	0	0	0	0	2105	0	0	0	0	0	1639	0	0	162	0	0	0	0	0	1	138	0	136	12	0	0	0	2	0	0	0	0	0	0	63	2	0	0	29	0	527	18	0
EHA01709_bin.61	33756	81	0	0	0	0	0	0	0	0	4	0	0	32	38	0	0	2	97	0	1	2	0	0	0	0	43	0	56656	0	114	0	0	2	2	0	0	0	0	6	0	0	0	0	0	0	0	1	0	0	0	2	0	0	0	0	0	0	0	0	0	0	0	37	0	2	7	0	18	0	1	0	0	0	0	0	0	91	0	0	3	0	0	1	0	0	0	7	0	0	0	0	6	0	0	0	0	0	9	0	0	0	2	0	0	0	0	0	0	0	2	0	0	0	0	0	0	0	0	0	0	0	0	0	0	50012	3	0	0	309	0
EHA01709_bin.62	36	107	0	73	0	59	22	10	24	2	1712	210	0	0	2	85	1840	0	51687	2	447	3726	2	21610	10	0	0	6	753	0	562	0	4	89	384	2	4	71	0	3393	2	0	6	0	0	77	0	164	5	14	25	40	0	4	4	0	0	16	0	2555	59	0	4	3	0	32	21925	0	0	0	9738	0	0	0	6633	0	2	3	94	0	0	18	0	0	32654	0	1	18791	139	0	23	20	0	0	4	15	57	4	1	0	0	0	185	0	137	23	0	0	0	14	3983	0	116	0	4	4	0	12	4	14	0	3	19	0	7212	1738	84353	5	0	17365	1
EHA01709_bin.65	0	0	0	20	0	0	0	0	0	0	764	78	0	0	0	12	181	0	249	4	13048	2529	0	25	0	0	0	0	2	0	0	0	6	0	0	0	9	0	0	44	0	0	0	0	0	1382	0	3075	0	5	4	2	0	9	10	0	0	0	0	2	789	0	26	0	0	0	1585	0	0	0	50107	0	0	0	16	0	0	0	0	41	0	133	0	0	28695	0	0	7369	18	0	27	0	0	0	4	22	8	0	0	0	4	0	166	0	103	4	0	0	0	8	33107	0	0	0	0	0	2	0	0	4	0	87	0	0	48	1	102	0	0	0	0
EHA01709_bin.66	36	25	3	6	0	2	0	0	0	0	0	0	0	0	0	0	3	2734	25	0	2	4	9	2	0	16	0	0	5	0	44	0	0	318	0	0	0	0	0	6	0	0	0	1	902	0	116	44	0	0	207	1	0	0	0	0	0	0	0	46	0	17	0	28	0	0	0	0	0	0	128	0	0	0	0	1	0	129	0	0	0	2	0	0	4992	7	0	0	0	0	0	0	0	0	0	0	0	0	15	0	0	0	2	534	2	0	117	7	0	0	41	2	0	0	0	0	0	0	0	0	2	2	0	6	0	39	120896	0	1	788	0
EHA01709_bin.67	6	104150	0	968	0	4	8	8	10	4	0	2	0	3937	11322	3	2	63	4	9	3	0	70	24	12	5	5031	13	14349	8	205	5	12	48	11	12	3	3	4	6	4	2	3	0	46	0	2	9	3	2	7	23	0	12	4	10	8	11	0	4	2	836	8	692	14	5	8	5	2076	5	0	4	3	27	10	0	20	5539	4	4	1500	9	0	1346	24	7	3	11	12	2	4	3	2852	10	6	0	8	10	5505	2	6	2	0	0	0	12	3	92	17	2	0	6	0	0	9	6	21	2	10	10	0	0	19	437	4	8	306	9	2	63699	17
EHA01709_bin.70	175	63	0	51	0	14	16	10	10	6	216	12	0	20	103	4	137	6	609	0	176	45	8	3820	18	7	140	0	75	2	468	8	2	5	10	7	0	20	0	911	5	8	8	0	4	10	0	66	15	0	68	65	0	8	4	4	11	6	0	1287	14	0	2	107	0	6	30	0	40	7	367	8	0	0	15	0	6	30	4	2	4	7	0	98	233	0	6	16258	6	4	8	17	13	6	4	7	6	6	23	16	6	0	0	0	5	12	0	0	0	6	1306	0	0	0	2	10	2	4	2	12	0	0	0	2	39	646	963	2	0	57421	2
EHA01709_bin.77	2606	23370	0	74	0	486	235	95	122	23	31	156	13	5329	1594	100	477	1880	1740	341	8	584	1545	2478	65	909	219	0	3712	57	32485	219	52	71787	157	404	16	492	0	3075	247	81	518	0	761	9	0	78	282	4	16873	314	0	82	77	67	148	402	20	168	221	2877	53	154	19	736	407	0	44	22	26	63	10	2	2917	6	190	95258	395	4	931	26	0	49	78	1	673	389	274	3	6	383	10	272	715	45	217	12	672	40	105	0	54	4	157	183	14	470	0	17	58	3	77	0	69	75	87	204	363	92	0	629	10	107907	674	70183	21150	74	2	233612	180
EHA01871_bin.14	4	4117	6	16	373	0	0	0	0	1	220	3	1	4838314	19918024	0	0	0	30	0	2135	65	276	0	0	6	563904	425	425	0	73	0	0	2	0	0	4	0	241	2	0	0	0	1	0	135	47	445	0	0	0	584	0	2	0	0	0	0	410	2	2	136	8	2438	0	0	2	144	2300196	0	1229	0	0	3942	0	0	0	11855	6	0	14972	8	1	8378	2088	18	0	1507	0	0	4	0	1392190	0	0	33	0	0	160743	0	0	811	14	2	8	6	4	203	961	27	1888	147	0	6	0	12	0	0	0	0	1	11	108	202	0	0	37	0	294	285	0
EHA01871_bin.16	0	0	0	0	0	0	0	0	0	0	0	0	0	89	560	0	0	0	0	0	0	0	0	0	0	0	234	0	0	0	2	0	0	0	0	0	0	0	0	0	0	0	0	0	0	0	0	0	0	0	0	0	0	0	0	0	0	0	0	0	0	0	0	1347	0	0	0	0	234	0	0	0	0	0	0	0	0	2192	0	0	10946	0	0	6414	0	0	0	0	0	0	0	0	650	0	0	0	0	0	1326	0	0	0	0	0	0	0	0	0	0	0	0	0	0	0	0	0	0	0	0	0	0	0	0	0	0	0	0	0	0	0	0
EHA01871_bin.22	5	1443	1	26	752	0	0	0	0	2	160	4	8	345798	3059070	0	4	614	10	0	1132	144	91	22	0	49	1417585	182	402	0	162	0	0	1	0	0	0	0	75	7	0	0	0	6	196	24	47	88	0	0	8	85	1	0	0	0	0	0	48	0	1	27	4	44501	0	0	34	77	1164979	0	1022	0	0	138	3	1	0	200344	0	0	982555	2	2	81549	1068	35	0	979	0	0	2	0	1115019	0	4	16	0	0	326518	0	0	421	2	40	4	0	2	17	287	5	456	28	0	3	0	0	0	0	0	0	9	3	115	103	2	2	98	0	71	412	0
EHA01871_bin.23	2	18	0	0	0	0	0	0	0	0	0	0	0	2888	354144	0	0	0	2	0	0	2	0	0	0	0	138163	0	14	0	10	0	0	0	0	0	0	0	0	0	0	0	0	0	0	0	0	2	0	0	2	0	0	0	0	0	0	0	0	0	0	0	0	5828	0	0	2	0	182939	0	0	0	0	0	0	0	0	933	0	0	253088	0	0	40926	2	0	0	0	0	0	0	0	87112	0	0	0	0	0	74353	0	0	0	0	0	0	0	2	0	0	0	2	0	0	0	0	0	0	0	0	0	0	0	0	0	0	0	50	0	0	53	0
EHA01871_bin.4	0	16	0	0	2	0	0	0	0	0	20	0	0	59064	2543927	1	0	0	0	0	9	24	7	4	0	0	898538	0	0	0	0	0	0	0	0	0	0	0	0	2	0	0	0	0	0	2	3	8	0	0	0	3	4	0	0	0	0	0	16	0	0	9	0	1999	0	0	4	0	734531	0	58	0	0	0	0	0	0	3758	2	0	838158	0	2	228856	157	0	0	146	0	0	0	0	839031	0	0	0	0	0	55095	0	0	4	2	0	0	0	6	6	9	0	130	5	0	4	0	0	0	0	0	0	7	1	2	8	0	0	27	0	4	239	0
EHA01871_bin.8	1312	7635	0	67	0	0	0	0	0	18	32	6	0	12896	37624	1	71	6	691	0	0	807	6	570	0	1	23679	0	609	0	4826	0	0	57	6	0	0	0	0	320	2	0	0	0	2	0	0	37	0	0	134	17	0	0	0	0	0	24	0	82	2	0	0	53282	0	2	556	0	33866	0	117	0	0	0	56	1	0	20834	0	0	19700	2	0	8574	524	0	0	24	21	0	0	0	23035	0	0	0	8	0	37895	0	0	0	4	0	6	0	0	1	0	0	498	0	0	0	0	0	0	5	0	0	1	2	5	7	38	104	23264	0	0	18759	0
EHA01871_bin.9	0	91	0	0	0	0	0	0	0	0	0	0	0	19245	54204	0	0	0	0	0	0	0	0	0	0	0	19991	4	2	0	174	0	0	0	0	0	0	0	0	0	0	0	0	0	0	0	1	0	0	0	0	0	0	0	0	0	0	0	0	0	0	0	0	1344	0	0	0	3	20566	0	0	0	0	0	0	0	0	41044	0	0	9341	0	0	16054	0	0	0	0	0	0	0	0	17135	0	0	0	0	0	27716	0	0	0	0	0	0	0	0	0	0	0	0	0	0	0	0	0	0	0	0	0	0	0	3	0	0	4	0	0	2	100	0
EHA01872_bin.15	0	1	0	0	0	0	0	0	0	0	0	0	0	2711	88323	0	0	0	0	0	0	0	0	0	0	0	962	2	30	0	0	0	0	0	0	0	0	0	2	0	0	0	0	0	0	0	2	12	0	0	0	36	0	0	0	0	0	0	0	0	0	0	0	1855	0	0	0	0	1554	0	2	0	0	0	0	0	0	808	0	0	205	0	0	1080	1	0	0	1	0	0	0	0	190421	0	0	0	0	0	1016	0	0	0	0	0	0	0	0	0	0	0	0	0	0	0	0	0	0	0	0	0	0	0	4	2	0	0	0	0	0	0	0
EHA01872_bin.1	49	207	0	0	0	0	0	0	0	0	2	0	0	7312	334691	0	141	21	46	0	1	6	8	26	0	1	60992	0	2	0	299	0	0	9	8	0	0	0	0	16	0	0	0	0	7	0	0	1	0	0	20	6	0	0	0	0	0	0	0	6	1	0	0	53093	0	0	2	0	35626	0	4	0	0	0	17	2	0	10127	0	0	14600	0	0	24322	9	0	0	30	0	0	0	0	83091	0	0	0	0	0	75257	0	0	0	0	0	0	0	0	0	0	0	15	0	0	0	0	12	0	0	0	0	0	0	0	2	4	53	109	0	0	77	0
EHA01872_bin.30	0	824	0	0	24	0	0	0	0	0	7	0	0	49344	56948	0	0	0	2	0	103	10	0	0	0	0	25354	361	253	0	43	0	0	0	0	0	1	0	167	0	0	0	0	0	0	0	0	9	0	0	0	0	1	0	0	0	0	0	0	0	0	0	0	16733	0	0	0	2	33211	0	108	0	0	4	0	0	0	34454	0	0	20009	2	0	25829	34	0	0	75	0	0	0	0	314863	0	0	0	0	0	94055	0	0	171	0	0	0	0	0	0	0	0	166	3	0	2	0	0	0	0	0	0	0	2	0	0	0	0	3	0	78	13	0
EHA01872_bin.35	1	1	0	0	0	0	0	0	0	0	0	0	0	10037	556170	0	6	0	0	0	0	0	1	5	0	0	324836	0	0	0	179	0	0	0	0	0	0	0	0	0	0	0	0	0	0	0	0	0	0	0	0	0	0	0	0	0	0	0	0	0	0	0	0	14207	0	0	0	0	110429	0	1	0	0	2	0	0	0	1627	0	0	205878	0	0	14719	0	0	0	54	0	0	0	0	271244	0	0	0	0	0	58412	0	0	0	0	0	0	0	2	0	0	0	0	0	0	1	0	0	0	0	0	0	0	0	0	0	0	0	6	0	0	14	0
EHA01872_bin.37	0	166	0	0	10	0	0	0	0	0	23	0	0	3179	426775	0	0	0	0	0	78	0	0	0	0	0	7197	21	54	0	4	0	0	0	0	0	0	0	99	0	0	0	0	0	0	7	10	27	0	0	0	3	0	0	0	0	0	0	0	0	0	0	0	2181	0	0	0	28	9561	0	122	0	0	2630	0	0	0	11547	0	0	2494	0	0	19360	64	0	0	99	0	0	1	0	491707	0	0	1	0	0	210970	0	0	18	0	0	1	0	0	0	8	0	20	2	0	0	0	0	0	0	0	0	0	0	1	0	0	0	0	0	18	32	0
EHA01872_bin.38	297	113	0	0	0	0	0	0	0	0	3	0	0	25612	204900	0	4	0	178	0	15	0	0	246	0	0	95276	369	18	0	1814	0	0	3	0	0	0	0	8	199	0	0	0	0	0	1	33	10	0	0	72	33	0	0	0	0	0	0	0	35	5	0	0	78075	0	0	14	125	46266	0	41	0	0	585	0	0	0	12421	0	0	87187	2	2	39893	36	0	0	55	0	0	0	0	97160	0	2	1	0	0	67123	0	0	6	0	0	0	0	0	1	9	0	16	58	0	0	0	0	0	0	0	0	0	0	105	0	22	150	361	0	337	948	0
EHA01872_bin.39	0	1	0	0	0	0	0	0	0	0	1	0	0	18752	166746	0	0	0	0	0	0	2	0	0	0	0	31442	0	0	0	0	0	0	0	0	0	0	0	0	0	0	0	0	0	0	0	0	0	0	0	0	0	0	0	0	0	0	0	0	0	0	0	0	19934	0	0	0	0	43580	0	1	0	0	0	0	0	0	47775	0	0	55090	0	0	8407	0	0	0	1	0	0	0	0	48911	0	0	0	0	0	19305	0	0	0	0	0	0	0	0	0	0	0	0	0	0	0	0	0	0	0	0	0	0	0	0	0	0	0	8	0	0	3	0
EHA01872_bin.6	0	0	0	0	2	0	0	0	0	0	0	0	0	4585	694917	0	0	0	0	0	0	0	0	0	0	0	585931	0	0	0	13	0	0	0	0	0	0	0	0	7	0	0	0	0	2	0	0	0	0	0	2	0	0	0	0	0	0	0	0	2	0	0	0	391	0	0	0	0	69459	0	1	0	0	0	2	0	0	23818	0	0	468983	0	0	2983	0	0	0	0	0	0	0	0	268218	0	0	0	0	0	4951	0	0	0	0	4	0	0	0	0	0	0	0	0	0	1	0	0	0	0	0	0	1	0	0	0	0	2	67	0	0	422	0
EHA01873_bin.11	47	227	0	0	126	0	0	0	0	0	0	0	0	12126	73128	0	11	50	24	0	10	8	13	41	0	0	43023	0	4	0	197	0	0	8	6	0	0	0	0	79	0	0	0	0	35	0	0	2	0	0	70	10	0	0	0	0	0	6	0	7	0	0	0	32353	0	0	8	0	19323	0	0	0	0	2	14	0	0	30031	0	0	22143	0	0	14214	13	1	0	10	0	0	0	0	19913	0	0	2	0	0	47166	0	0	0	0	0	0	0	0	0	0	0	1	0	0	0	0	0	0	0	0	0	0	0	2	39	2	54	113	0	0	671	0
EHA01873_bin.14	0	0	0	0	0	0	0	0	0	0	0	0	0	527	10778	0	0	0	10	0	0	0	0	62	0	0	56641	0	0	0	48	0	0	0	0	0	0	0	0	43	0	0	0	0	0	0	0	0	0	0	17	0	0	0	0	0	0	0	0	12	0	0	0	601	0	0	4	0	2581	0	3	0	0	0	2	0	0	1272	0	0	7509	0	0	3791	0	0	0	0	0	0	0	0	5841	0	0	0	0	0	1785	0	0	0	0	0	0	0	0	0	1	0	2	0	0	0	0	0	0	0	0	0	0	0	0	0	4	0	0	0	2	1	0
EHA01873_bin.15	255	164	0	0	0	0	0	0	0	0	14	0	0	485	2480	0	324	0	206	0	19	2	0	60	0	0	2624	0	478	0	14835	0	0	0	0	0	0	0	0	206	0	0	0	0	0	0	0	2	0	0	385	1	0	0	0	0	0	0	0	13	2	0	0	636	0	2	0	0	752	0	37	0	0	0	4	0	0	98	0	0	137261	0	0	771	88	0	0	45	0	0	0	0	1215	0	0	0	0	0	1388	0	0	0	0	0	0	0	0	0	0	0	32	0	0	0	0	0	0	0	0	0	0	0	0	4	5	91	1217	0	0	274	0
EHA01873_bin.16	0	3	0	0	0	0	0	0	0	0	16	0	0	2101	61182	0	0	0	0	0	12	25	0	0	0	0	23943	0	0	0	0	0	0	0	0	0	0	0	0	2	0	0	0	0	0	1	1	1	0	0	0	0	0	0	0	0	0	0	3	0	0	4	0	2741	0	0	3	2	30309	0	37	0	0	0	0	0	0	3630	0	0	51399	0	0	2394	115	0	0	64	0	0	0	0	35290	0	0	0	0	0	3563	0	0	0	1	0	0	0	0	2	2	0	75	0	0	0	0	0	0	0	0	0	0	0	0	0	0	0	24	0	0	191	0
EHA01873_bin.20	0	0	0	0	1	0	0	0	0	0	0	0	1	11946	187814	0	0	0	0	0	0	0	0	0	0	0	81320	0	0	0	0	0	0	0	0	0	0	0	0	0	0	0	0	0	0	0	0	0	0	0	0	6	0	0	0	0	0	0	0	0	0	0	0	101	0	0	0	0	529832	0	0	0	0	0	0	0	0	1596	0	0	17587	0	1	28965	0	0	0	0	0	0	0	0	569214	0	0	0	0	0	150074	0	0	0	0	0	0	0	0	0	0	0	0	0	0	0	0	0	0	0	0	0	0	0	0	0	0	0	0	0	0	0	0
EHA01873_bin.21	3	14	0	0	0	0	0	0	0	0	1	0	0	34342	75153	0	0	0	0	0	13	2	0	4	0	0	22839	0	0	0	171	0	0	6	0	0	0	0	0	6	0	0	0	0	0	0	0	0	0	0	0	0	0	0	0	0	0	0	0	0	0	0	0	39266	0	0	0	0	13578	0	0	0	0	0	0	0	0	11881	0	0	64738	1	0	31760	5	0	0	14	0	0	0	0	13955	0	0	0	0	0	26014	0	0	0	0	0	0	0	0	0	0	0	6	0	0	0	0	0	0	0	0	0	0	0	0	0	0	3	7	0	0	349	0
EHA01874_bin.12	48	2091	0	76	86	0	0	0	0	0	42	0	2	67838	310651	0	2	23	25	0	70	8	46	60	0	0	92492	66	1023	0	676	0	0	145	0	0	0	0	32	45	0	0	0	0	6	16	9	26	0	0	110	24	0	0	0	0	0	2	0	2	2	9	2	29724	0	2	8	13	100130	0	51	0	0	1305	30	0	0	167132	0	0	71326	4	0	61197	195	0	0	209	0	0	0	0	118875	0	0	0	0	0	127254	0	0	27	7	0	0	0	0	2	189	0	478	14	0	1	0	0	0	0	0	0	0	0	37	10	16	209	142	0	39	4635	0
EHA01874_bin.13	34	83	0	0	0	0	0	0	0	0	0	0	0	2700	21376	0	68	17	6	0	0	0	9	0	0	1	13391	0	0	0	39	0	0	2	2	0	0	0	0	0	0	0	0	0	2	0	0	0	0	0	4	6	0	0	0	0	0	0	0	1	0	0	0	13973	0	0	0	0	6164	0	3	0	0	0	6	2	0	4671	0	0	6866	0	0	4052	7	2	0	1	0	0	0	0	9404	0	0	0	0	0	15946	0	0	0	0	0	0	0	0	0	0	0	57	0	0	0	0	0	0	0	0	0	0	0	0	2	0	9	37	0	0	18	0
EHA01874_bin.14	77	3544	15	40	534	4	0	0	0	0	176	8	32	60907	310822	0	50	2626	36	0	1534	41	3087	47	0	1941	90779	201	4297	0	344	0	0	231	8	0	3	0	204	17	0	0	0	16	1144	37	105	246	2	0	82	99	2	0	0	0	0	18	220	1	43	384	4	54311	0	4	7	188	88838	2	851	0	0	2089	81	13	0	188742	2	0	95675	4	18	26456	914	1450	0	894	0	0	1	0	99833	0	0	78	0	0	92753	0	0	1563	7	39	7	0	20	194	212	11	876	186	0	32	0	29	0	0	4	0	13	13	230	433	9	2	176	0	251	1315	2
EHA01874_bin.16	121	1422	0	1	0	0	0	0	0	0	14	0	0	61344	459520	0	78	0	401	0	23	12	0	23	0	0	303920	0	95	0	8500	0	0	0	0	0	0	0	0	43	0	0	0	0	0	3	0	0	0	0	4	2	0	0	0	0	0	0	0	2	0	0	0	253555	0	0	13	0	119151	0	13	0	0	0	0	0	0	19613	0	0	230258	0	0	150134	29	0	0	37	0	0	0	0	170486	0	0	0	0	0	112779	0	0	0	0	0	0	0	0	0	4	0	46	0	0	0	0	0	0	0	0	0	0	0	0	2	4	200	85	0	0	479	0
EHA01874_bin.19	2	8	0	0	0	0	0	0	0	0	1	0	0	29712	208925	0	0	0	0	0	3	0	1	12	0	0	69126	0	2	0	1158	0	0	1	0	0	0	0	0	1	0	0	0	0	0	2	0	0	0	0	0	0	0	0	0	0	0	0	0	1	0	0	0	98444	0	0	0	0	71489	0	0	0	0	0	0	0	0	14666	0	0	91286	0	0	35586	0	0	0	16	0	0	0	0	65476	0	0	0	0	0	66592	0	0	0	0	0	0	0	0	1	1	0	3	0	0	0	0	0	0	0	0	0	1	0	0	0	2	2	15	0	0	43	0
EHA01874_bin.6	2	0	0	0	4	3	3	2	2	0	0	0	0	7517	61343	0	0	0	0	3	2	12	0	1	0	0	25228	0	0	0	2	0	2	0	6	0	0	2	0	4	0	0	8	0	0	0	0	12	2	0	0	10	0	1	2	0	1	3	0	2	0	0	0	6	0	12	0	0	11822	8	2	1	0	0	5	0	2	9	5	0	49	2	2	33	2	0	8	0	0	0	2	16	14399	8	4	0	2	0	61856	2	0	0	0	0	0	0	0	0	2	0	0	0	0	0	0	2	0	0	0	0	0	4	0	6	0	2	0	0	0	1	6
EHA01875_bin.10	0	33	0	0	1	0	0	0	0	0	0	0	0	1609	19673	0	0	0	0	0	0	0	0	0	0	0	5540	0	0	0	0	0	0	0	2	0	0	0	0	0	0	0	0	0	0	0	2	0	0	0	0	8	0	0	0	0	0	0	0	0	0	1	0	2782	0	0	0	0	7865	0	2	0	0	1	0	0	0	2913	0	0	3264	0	0	1905	8	0	0	0	0	0	0	0	4658	0	0	0	0	0	2147	0	0	0	0	0	0	0	0	0	0	0	0	0	0	0	0	0	0	0	0	0	0	0	0	8	0	0	2	0	0	13	0
EHA01875_bin.14	73	180	0	0	0	0	0	0	0	0	1	0	0	6875	82290	0	204	92	8	0	3	0	9	20	0	8	32671	7	10	0	95	0	0	11	14	0	0	0	1	21	0	0	0	4	34	0	6	0	0	0	26	3	0	0	0	0	0	4	0	1	0	0	0	31537	0	0	2	5	15530	0	9	0	0	12	12	1	0	7437	0	0	16451	0	0	16845	5	0	0	3	0	0	0	0	32357	0	0	2	0	0	44505	0	0	0	0	0	0	0	0	0	0	0	1	5	0	0	0	0	0	0	0	0	0	1	1	6	0	62	33	0	16	134	0
EHA01875_bin.16	0	0	0	0	0	0	0	0	0	0	0	0	0	0	24429	0	0	0	0	0	0	0	0	0	0	0	124	0	0	0	61	0	0	0	0	0	0	0	0	0	0	0	0	0	0	0	0	0	0	0	0	0	0	0	0	0	0	0	0	0	0	0	0	0	0	0	0	0	1	0	0	0	0	0	0	0	0	0	0	0	1076	0	0	0	0	0	0	0	0	0	0	0	8840	0	0	0	0	0	2	0	0	0	0	0	0	0	0	0	0	0	0	0	0	0	0	0	0	0	0	0	0	0	0	0	0	0	0	0	0	0	0
EHA01875_bin.22	0	70	2	0	54	0	0	0	0	0	0	0	0	72802	900726	0	0	0	0	0	3	0	0	0	0	0	398212	4	16	0	2	0	0	0	0	0	0	0	1	0	0	0	0	1	0	0	0	0	0	0	0	0	0	0	0	0	0	0	0	0	0	0	0	47699	0	0	0	0	443820	0	3	0	0	0	0	0	0	127401	0	0	393415	0	0	163934	4	0	0	5	0	0	0	0	296415	0	0	0	0	0	126186	0	0	15	0	0	0	0	6	0	0	0	13	0	0	1	0	0	0	0	0	0	0	0	1	0	0	0	4	0	21	4	0
EHA01876_bin.17	0	73	0	0	0	0	0	0	0	0	4	0	0	2920	43683	0	0	0	0	0	5	10	11	1	0	0	36950	0	0	0	0	0	0	0	0	0	0	0	0	0	0	0	0	0	0	0	0	0	0	0	0	2	0	0	0	0	0	0	2	0	0	6	0	6621	0	0	1	0	30813	0	11	0	0	1	0	0	0	1594	0	0	6872	0	0	12807	12	0	0	18	0	0	0	0	33720	0	0	2	0	0	12559	0	0	0	0	0	0	0	0	3	0	0	11	0	0	0	0	0	0	0	0	0	0	0	0	6	0	0	1	0	0	26	0
EHA01876_bin.19	115	2448	0	2	0	0	0	0	0	0	61	0	0	121451	665981	0	49	0	61	0	75	25	2	126	0	0	322601	0	89	0	9782	0	0	0	0	0	0	0	0	184	0	0	0	0	0	8	0	3	0	0	185	1	0	0	0	0	0	0	0	39	6	0	0	373710	0	0	4	0	193767	0	53	0	0	0	4	0	0	43214	0	0	357972	0	0	211652	66	0	0	188	0	0	0	0	235559	0	0	0	0	0	137861	0	0	0	0	0	0	2	0	2	1	0	149	0	0	0	0	0	0	0	0	0	1	0	0	16	12	114	493	0	0	1579	0
EHA01876_bin.2	0	14	0	8	2	0	0	0	0	0	0	0	0	19864	19174	0	0	0	0	0	0	0	0	0	0	0	2259	10	0	0	2	2	0	0	0	0	0	0	0	0	0	1	0	15	0	0	20	254	0	0	2	160	2	0	1	2	0	0	0	0	0	2	0	294	0	0	0	3	6767	1	26	0	0	0	0	0	0	25253	0	0	364	0	0	55936	7	0	0	0	0	0	5	0	6554	0	0	0	0	0	7143	0	0	0	0	0	0	0	0	6	0	0	19	3	2	0	0	0	0	0	0	0	1	0	13	0	0	2	2	0	0	441	0
EHA01876_bin.3	25	124	0	3	0	0	0	0	0	0	0	0	1	3023	17971	0	24	35	3	0	0	0	6	6	0	1	15426	0	4	0	36	0	0	5	0	0	0	0	0	4	0	0	0	0	14	0	0	3	0	0	2	4	0	0	0	0	0	0	0	0	0	0	0	12413	0	0	2	0	8534	0	1	0	0	0	2	1	0	4034	0	0	10938	0	0	5744	7	0	0	2	0	0	0	0	7496	0	0	0	0	0	22176	0	0	0	0	0	0	0	0	1	0	0	4	0	0	0	0	0	0	0	0	0	0	0	0	0	6	7	49	0	2	89	0
EHA01876_bin.6	2	39	0	0	0	0	0	0	0	0	5	0	0	10683	514475	0	2	0	32	0	0	0	0	0	0	0	298925	0	33	0	150	0	0	0	0	0	0	0	0	9	0	0	0	0	2	0	0	0	0	0	0	0	0	0	0	0	0	0	0	0	0	0	0	15366	0	0	0	0	103374	0	6	0	0	0	0	0	0	1725	0	0	598934	0	0	15555	0	0	0	4	0	0	0	0	171428	0	0	0	0	0	56948	0	0	0	0	0	0	0	0	0	0	0	0	0	0	0	0	0	0	0	0	0	0	0	0	0	0	6	6	0	0	17	0
EHA01876_bin.7	0	1698	1	3	935	0	0	0	0	2	5	0	0	539794	1879021	0	0	0	2	0	129	14	34	0	0	0	665570	564	18940	0	75	0	0	0	0	0	0	0	172	1	0	0	0	0	0	2	13	43	0	0	0	10	14	0	0	0	0	0	0	0	0	0	4	218689	0	0	0	40	819842	0	143	0	0	510	0	0	0	736271	0	0	728469	2	4	271313	87	0	0	75	0	0	2	0	896069	0	0	0	0	0	878957	0	0	377	10	0	12	0	3	0	34	0	132	10	0	3	0	1	0	0	0	0	4	0	38	0	0	0	59	0	163	94	0
EHA01876_bin.8	0	1468	1	8	35	0	0	0	0	2	115	8	3	626957	8020351	0	0	0	0	0	1179	8	5	0	0	0	3830249	97	2375	0	92	0	0	0	0	0	4	0	30	0	0	0	0	2	0	40	2	52	2	0	0	22	2	0	0	0	0	0	0	0	4	0	2	14067	0	0	0	8	2875765	0	480	0	0	438	0	2	0	194232	0	0	2660060	0	5	29245	630	0	0	484	0	0	0	0	2755801	0	0	9	0	0	433204	0	0	107	0	0	2	0	5	1	76	0	421	4	0	7	0	1	0	0	0	0	6	2	4	0	0	0	23	0	89	93	0
EHA01877_bin.11	0	8	0	0	0	0	0	0	0	0	0	0	0	1253	48722	0	0	0	0	0	0	0	1	0	0	0	2859	8	0	0	0	0	0	0	0	0	0	0	29	0	0	0	0	0	0	0	0	27	0	0	0	7	0	0	0	0	0	0	0	0	0	0	0	37	0	0	0	0	3024	0	2	0	0	6	0	0	0	72	0	0	1244	0	0	932	0	0	0	0	0	0	0	0	5751	0	0	0	0	0	2102	0	0	1	0	0	0	0	0	0	1	0	0	1	0	0	0	0	0	0	0	0	0	0	0	0	0	0	0	0	1	10	0
EHA01877_bin.16	0	0	0	0	0	0	0	0	0	0	0	0	0	2567	283124	0	0	0	0	0	0	0	0	0	0	0	34360	0	0	0	0	0	0	0	0	0	0	0	0	0	0	0	0	0	0	0	0	0	0	0	0	0	0	0	0	0	0	0	0	0	0	0	0	546	0	0	0	0	184393	0	0	0	0	0	0	0	0	78	0	0	59921	0	2	4422	0	0	0	0	0	0	0	0	122633	0	0	0	0	0	157430	0	0	0	0	0	0	0	0	0	2	0	0	0	0	0	0	0	0	0	0	0	0	0	0	0	0	0	0	0	0	0	0
EHA01877_bin.19	85	337	0	0	0	0	0	0	0	0	0	0	0	4544	33522	0	210	21	8	0	1	5	5	9	0	1	23194	0	2	0	92	0	0	27	14	0	0	0	0	6	0	0	0	0	2	2	0	0	0	0	44	5	0	0	0	0	0	0	2	2	0	0	0	27838	0	0	11	0	8157	0	0	0	0	0	8	2	0	6203	0	0	6334	0	0	11401	5	6	0	0	2	0	0	0	8892	0	0	0	0	0	34113	0	0	0	0	0	0	0	0	0	0	0	12	0	0	0	0	0	0	0	0	0	0	0	2	4	0	33	210	0	0	170	0
EHA01877_bin.26	14	613	0	0	0	0	0	0	0	0	10	0	0	37812	414777	0	21	0	0	0	29	0	0	16	0	0	202934	0	0	0	1043	0	0	0	0	0	0	0	0	19	0	0	0	2	0	0	0	1	0	0	4	0	2	0	0	0	0	0	0	5	0	0	0	129719	0	0	0	0	89265	0	14	0	0	4	0	0	0	12492	0	0	154520	0	0	65875	18	0	0	30	0	0	0	0	214631	0	0	0	0	0	80976	0	0	0	0	0	0	0	0	0	0	0	97	0	0	0	0	0	0	0	0	0	0	0	0	0	0	12	12	0	0	190	0
EHA01877_bin.6	4399	28216	0	165	0	2	0	0	0	41	106	6	0	2779	7673	8	99	66	2235	0	0	2765	40	1736	0	0	2013	0	1894	0	13344	0	0	187	13	0	0	0	2	1019	0	0	0	0	24	2	2	106	0	0	450	33	2	0	0	0	0	137	0	215	1	6	0	6298	0	8	1677	0	61081	0	391	0	0	2	152	1	0	61907	0	0	2294	6	0	808	1898	0	0	37	108	0	0	2	3320	0	0	0	32	0	47342	0	0	2	15	0	8	4	0	2	0	4	1533	7	0	0	0	0	0	17	0	2	0	0	16	68	183	240	84453	0	0	65384	0
EHA01878_bin.12	60	12	0	0	0	0	0	0	0	0	6	0	0	75806	95531	0	0	0	8	0	0	3	2	54	0	0	44268	0	0	0	156	0	0	0	0	0	0	0	0	48	0	0	0	0	0	1	0	3	0	0	43	0	0	0	0	0	0	0	0	7	7	0	0	47576	0	0	0	0	26728	0	5	0	0	0	4	0	0	26947	0	0	96589	4	0	64653	15	0	0	16	0	0	0	0	28125	0	4	0	0	0	33960	0	0	2	0	0	0	0	0	0	0	0	9	0	0	0	0	0	0	0	0	0	0	0	0	0	6	102	737	0	2	151	0
EHA01878_bin.19	0	59	0	0	0	0	0	0	0	0	0	0	0	2401	45349	0	0	0	0	0	0	0	0	0	0	0	10932	2	23	0	171	0	0	0	0	0	0	0	0	0	0	0	0	0	0	0	0	0	0	0	0	0	0	0	0	0	0	0	0	0	0	0	0	2393	0	0	0	2	9212	0	0	0	0	0	0	0	0	4193	0	0	20115	0	0	2989	0	0	0	0	0	0	0	0	13482	0	0	0	0	0	7396	0	0	0	0	0	0	0	0	0	0	0	0	0	0	0	0	0	0	0	0	0	0	0	11	0	0	7	0	0	0	556	0
EHA01878_bin.20	0	633	0	28	147	0	0	2	0	2	300	2	0	15239	73543	0	0	0	0	0	798	29	5	0	0	0	26100	8	1266	0	13	0	0	0	0	0	0	0	24	0	0	0	0	0	0	12	4	68	0	0	0	39	0	0	0	0	0	0	0	0	1	1	10	5971	0	0	0	12	29428	0	533	0	0	15	0	0	0	26760	0	0	26770	0	2	32316	370	0	0	360	0	0	0	0	34864	0	0	10	0	0	25231	0	0	99	6	0	2	0	0	0	1	0	451	0	0	0	0	2	0	0	0	0	0	13	7	0	2	0	8	0	55	31	0
EHA01878_bin.26	92	1907	0	0	0	0	0	0	0	0	47	0	0	57765	207904	0	53	1	5	0	81	6	0	33	0	0	159669	0	9	0	5417	0	0	0	0	0	0	0	0	36	0	0	0	0	0	4	0	6	0	0	4	0	0	0	0	0	0	0	0	3	2	0	0	212441	0	0	2	0	61021	0	29	0	0	0	0	0	0	28367	0	0	166302	2	1	124966	30	0	0	46	0	0	0	0	124825	0	0	0	0	0	65570	0	0	0	0	0	0	0	0	1	0	0	102	0	0	0	0	0	0	0	0	0	0	0	0	0	0	24	60	0	0	760	0
EHA01878_bin.28	0	38	0	0	7	0	0	0	0	0	0	0	0	4705	22853	0	0	0	0	0	4	0	9	0	0	0	11827	0	47	0	0	0	0	0	0	0	0	0	0	0	0	0	0	0	0	0	0	0	0	0	0	1	0	0	0	0	0	0	4	0	0	0	0	3142	0	0	0	0	11305	0	0	0	0	4	0	0	0	3154	0	0	4996	0	0	3061	0	0	0	0	0	0	0	0	11716	0	0	0	0	0	3804	0	0	0	0	0	0	0	0	6	4	0	0	0	0	0	0	0	0	0	0	0	0	0	0	5	0	0	3	0	0	12	0
EHA01878_bin.29	27	1016	1	10	253	0	0	0	0	0	179	3	0	272745	2611282	0	5	254	4	0	1721	35	250	13	0	21	1270896	150	2028	0	115	0	0	67	0	0	0	0	34	6	0	0	0	3	78	33	95	117	0	0	10	35	2	0	0	0	0	0	26	0	0	37	4	6156	0	0	2	85	989437	0	638	0	0	143	0	0	0	130213	0	0	815410	2	2	17909	412	14	0	469	0	0	2	0	910486	0	1	12	0	0	197252	0	0	276	6	10	1	0	6	51	159	0	427	80	0	4	0	1	0	0	0	0	5	2	94	125	0	57	43	0	233	228	4
EHA01878_bin.6	7	2	0	0	2	0	0	0	0	0	0	0	5	63	983	0	0	0	0	0	0	0	0	0	0	0	872	0	0	0	31	0	0	0	0	0	0	0	0	0	0	0	0	6	0	0	0	3	0	0	0	0	3	0	0	0	0	0	0	0	0	0	0	77	0	0	0	0	133	0	3	0	0	0	0	0	0	36	0	0	36394	0	21	84	0	0	0	1	0	0	0	0	640	0	0	0	0	0	157	0	0	0	0	0	0	0	0	0	0	0	8	0	0	7	0	0	0	0	0	0	2	1	0	0	0	5	0	0	0	7	0
EHA01879_bin.16	2	35	0	9	2	0	0	0	0	0	0	0	0	1295	175130	0	0	1	0	0	1	0	0	14	0	0	51572	3	2	0	23	0	0	4	0	0	0	0	0	6	0	0	0	0	0	0	0	2	0	0	0	1	0	0	0	0	0	0	0	0	2	0	0	479	0	0	11	0	16412	0	0	0	0	13	0	0	0	848	0	0	763	0	0	1015	11	0	0	7	0	0	0	0	12700	0	0	0	0	0	31310	0	0	0	0	0	0	0	0	0	0	0	2	0	0	0	0	0	0	0	0	0	0	0	22	0	2	0	14	0	0	118	0
EHA01879_bin.17	4	770	1	6	24	0	0	0	0	0	70	0	1	97919	185759	0	0	0	0	0	109	51	53	3	0	4	4609	5	49	0	2	0	0	0	0	0	0	0	2	0	0	0	0	0	0	5	15	32	0	0	0	33	2	0	0	0	0	0	34	4	0	23	0	2140	0	0	9	27	37086	0	115	0	0	17	0	0	0	6784	0	0	45608	0	1	1727	218	1	0	505	0	0	1	0	47991	0	0	1	0	0	10350	0	0	7	0	0	0	0	1	21	13	0	331	40	0	2	0	0	0	0	0	0	0	0	3	15	0	2	34	0	24	498	0
EHA01879_bin.20	0	16	0	0	19	0	0	0	0	0	0	0	0	43912	54364	0	0	2	0	0	2	0	0	7	0	0	23027	13	22	0	39	0	0	0	0	0	0	0	6	0	0	0	0	0	8	0	26	2	0	0	6	4	0	0	0	0	0	0	0	0	0	0	0	15851	0	3	2	92	28701	0	0	0	0	19	0	0	0	63040	0	0	2380	1	0	9500	4	0	0	2	0	0	0	0	21899	0	0	0	0	0	51092	0	0	10	0	0	0	0	0	2	12	0	4	28	0	0	0	0	0	0	0	0	0	0	16	0	0	0	0	0	193	122	0
EHA01879_bin.23	0	0	0	0	0	0	0	0	0	0	0	0	0	28625	94598	0	0	0	0	0	0	0	0	0	0	0	20393	0	0	0	0	0	0	0	0	0	0	0	0	0	0	0	0	0	0	0	0	0	0	0	0	0	0	0	0	0	0	0	0	0	0	0	0	27530	0	0	0	0	25239	0	0	0	0	0	0	0	0	71485	0	0	51257	0	2	12295	0	0	0	0	0	0	0	0	19211	0	0	0	0	0	28613	0	0	0	0	0	0	0	0	0	0	0	0	0	0	0	0	0	0	0	0	0	0	0	0	0	0	0	0	0	0	0	0
EHA01879_bin.28	7	17	1	0	0	0	0	0	0	0	0	0	0	34969	174028	0	0	1	14	0	2	1	0	8	0	0	66461	0	2	0	936	0	0	0	0	0	0	0	0	6	0	0	0	0	0	0	0	0	0	0	0	0	0	0	0	0	1	0	0	2	0	0	0	115005	0	0	2	0	63398	0	1	0	0	0	0	0	0	17268	0	0	91483	0	0	40931	0	0	0	1	0	0	0	0	70240	0	0	0	0	0	77559	0	0	0	0	0	0	0	0	0	0	0	1	0	0	0	0	0	0	0	0	0	0	0	0	0	0	3	12	0	0	20	0
EHA01879_bin.31	2	102	0	0	0	0	0	0	0	0	0	0	0	13813	359373	0	9	0	0	0	6	2	0	2	0	0	347195	0	6	0	195	0	0	0	0	0	0	0	0	1	0	0	0	2	0	0	0	0	0	0	2	0	0	0	0	0	0	0	0	2	0	0	0	30516	0	0	0	0	89440	0	1	0	0	0	0	0	0	3702	0	0	270403	0	2	23457	0	0	0	4	0	0	0	0	120388	0	0	0	0	0	43866	0	0	0	0	0	2	0	0	1	0	0	5	0	0	0	0	0	0	0	0	0	0	0	0	0	0	1	2	0	0	59	0
EHA01879_bin.5	0	161	0	0	11	0	0	0	0	0	0	0	0	335063	1058583	0	0	0	0	0	40	0	2	0	0	0	303664	14	858	0	17	0	0	0	0	0	0	0	24	0	0	0	0	0	0	6	2	18	0	0	0	5	0	0	0	0	0	0	0	0	0	0	0	1385	0	0	0	2	129486	0	11	0	0	3910	0	0	0	13607	0	0	300426	0	0	6650	19	0	0	25	0	0	0	0	139317	0	0	0	0	0	54649	0	0	19	0	0	0	0	0	0	0	0	26	9	0	1	0	0	0	0	0	0	0	6	3	0	0	0	7	0	8	19	0
EHA01879_bin.8	0	24	0	0	1	0	0	0	0	0	0	0	0	1861	32512	0	0	16	0	0	0	0	0	0	0	0	15177	0	0	0	4	0	0	0	2	0	0	0	0	0	0	0	0	0	26	0	0	0	0	0	0	2	0	0	0	0	0	0	0	0	0	0	0	8695	0	0	0	0	7859	0	0	0	0	0	0	0	0	4059	0	0	8507	0	0	1910	6	1	0	0	0	0	0	0	8966	0	0	0	0	0	2413	0	0	0	0	0	0	0	0	2	1	0	0	4	0	0	0	0	0	0	0	0	0	0	1	55	0	0	0	0	0	34	0
EHA01879_bin.9	0	2	0	0	0	0	0	0	0	0	2	0	2	6262	171763	0	0	81	1	0	5	0	14	4	0	0	63967	8	5	0	38	0	0	0	0	0	0	0	2	0	0	0	0	0	25	0	19	2	0	0	2	0	0	0	0	0	0	0	2	1	0	7	0	12350	0	0	1	0	50780	0	1	0	0	4	0	0	0	3681	0	0	41322	0	0	20351	10	1	0	34	0	0	0	0	26263	0	0	0	0	0	22239	0	0	44	0	2	0	0	0	7	0	0	5	2	0	0	0	0	0	0	0	0	0	0	22	7	0	3	6	0	0	14	0
EHA01880_bin.11	6	0	0	0	0	0	0	0	0	0	0	0	0	3300	26913	0	0	0	0	0	0	0	0	0	0	0	10191	1	0	0	0	0	0	0	0	0	0	0	0	0	0	0	0	0	0	0	0	0	0	0	2	0	0	0	0	0	0	0	1	0	0	0	0	6	0	0	0	0	4096	0	0	0	0	2	0	0	0	63	0	0	137	0	0	105	0	0	0	0	0	0	0	0	5400	0	0	0	0	0	25959	0	0	0	0	0	0	0	0	0	0	0	0	0	0	0	0	0	0	0	0	0	0	0	0	0	0	2	1	0	0	5	0
EHA01880_bin.15	0	336	0	3	4	0	0	0	0	0	2	0	0	21422	48829	0	0	0	0	0	0	0	0	4	0	0	19279	28	121	0	237	0	0	0	0	0	0	0	2	4	0	0	0	0	0	0	2	0	0	0	2	0	0	0	0	0	0	0	0	0	0	0	0	3404	0	0	0	143	18629	0	0	0	0	6	0	0	0	42971	0	0	9397	0	0	14608	0	0	0	0	0	0	0	0	15894	0	0	0	0	0	31557	0	0	244	0	0	0	0	0	0	0	0	1	147	0	0	0	0	0	0	0	0	0	0	17	0	0	0	0	0	149	328	0
EHA01880_bin.18	39	97	0	0	0	0	0	0	0	0	0	0	0	6317	65645	0	43	47	15	0	0	0	19	4	0	5	29908	0	18	0	223	0	0	1	3	0	0	0	0	75	0	0	0	0	16	0	0	0	0	0	67	0	0	0	0	0	0	2	0	6	0	0	0	32026	0	0	8	0	11262	0	0	0	0	2	8	0	0	6275	0	0	11161	0	0	12125	8	2	0	1	0	0	0	0	15711	0	0	0	0	0	42994	0	0	0	0	0	0	0	0	0	0	0	4	0	0	0	0	0	0	0	0	0	0	0	0	7	0	22	263	0	0	131	0
EHA01880_bin.19	8	23	0	0	0	0	0	0	0	0	5	0	0	45644	237687	0	0	0	0	0	6	0	1	4	0	0	105988	0	8	0	943	0	0	0	0	0	0	0	0	14	0	0	0	0	0	0	0	0	0	0	10	0	0	0	0	0	0	0	0	0	0	0	0	160729	0	0	0	0	95672	0	0	0	0	2	0	0	0	22623	0	0	108650	0	0	57470	1	0	0	16	0	0	0	0	106222	0	0	0	0	0	108924	0	0	0	0	0	0	0	0	0	0	0	3	0	0	0	0	0	0	0	0	0	0	0	0	0	0	11	23	0	0	55	0
EHA01880_bin.21	0	231	1	3	300	0	0	0	0	0	0	0	0	132776	1082864	0	0	0	0	0	51	2	7	0	0	0	476631	2	34	0	8	0	0	0	0	0	0	0	10	0	0	0	0	0	0	4	4	5	0	0	0	0	7	0	0	0	0	0	0	0	0	0	1	73263	0	0	0	1	583478	0	34	0	0	2	0	2	0	195895	0	0	501643	0	0	227909	77	0	0	20	0	0	0	0	385347	0	0	0	0	0	205324	0	0	88	0	0	2	0	0	1	2	0	35	3	0	1	0	0	0	0	0	0	2	0	7	0	0	0	1	0	39	21	0
EHA01881_bin.13	0	29	0	0	5	0	0	0	0	0	1	0	0	1492391	747317	0	0	0	0	0	45	0	1	0	0	0	2962	2	46	0	2	0	0	0	0	0	0	0	2	0	0	0	0	2	0	3	2	32	0	0	0	36	2	0	0	0	0	0	0	0	0	0	0	287	0	0	0	4	698244	0	5	0	0	3416	0	0	0	989302	0	0	1470	0	1	1542	55	0	0	12	0	0	0	0	539504	0	0	0	0	0	423052	0	0	6	0	0	0	0	1	0	0	3	25	1	0	2	0	0	0	0	0	0	2	0	0	0	0	0	0	0	15	0	0
EHA01881_bin.21	22	1098	0	1	5	0	0	0	0	0	15	0	2	83127	345074	0	8	0	6	0	17	4	0	43	0	0	149919	0	83	0	2374	0	0	0	0	0	0	0	0	67	0	0	0	0	0	0	0	0	0	0	23	0	0	0	0	0	0	0	0	0	2	0	2	170586	0	2	0	0	91982	0	6	0	0	0	0	0	0	20609	0	0	145546	0	0	104778	2	0	0	30	0	0	0	0	127892	0	0	0	0	0	59951	0	0	5	0	0	0	0	0	0	0	0	21	0	0	0	0	0	0	0	0	0	0	0	0	0	4	56	79	0	0	212	0
EHA01881_bin.23	10	10	0	0	0	0	0	0	0	0	2	0	2	29672	269745	0	0	87	0	0	3	0	150	15	0	71	74128	0	2	0	1813	0	0	9	0	0	0	0	0	10	0	0	0	0	41	4	0	0	0	0	1	0	0	0	0	0	0	0	0	0	0	4	0	101664	0	0	0	0	83351	0	14	0	0	0	0	0	0	14066	0	0	138210	0	0	33899	7	41	0	19	0	0	0	0	69395	0	0	0	0	0	64799	0	0	0	0	0	0	0	0	0	1	0	7	0	0	0	0	0	0	0	0	0	0	0	0	0	0	2	5	0	0	7	0
EHA01882_bin.11	0	20	0	0	6	0	0	0	0	0	0	0	4	1814	20389	0	0	0	0	0	1	0	38	2	0	1	6863	7	94	0	0	0	0	0	0	0	0	0	2	2	0	0	0	0	0	0	10	0	0	0	0	12	0	0	0	0	0	0	18	0	0	8	0	3250	0	0	0	5	7540	0	1	0	0	8	0	0	0	3453	0	0	7423	0	0	1815	5	4	0	0	0	0	0	0	4018	0	0	0	0	0	5138	0	0	5	0	0	0	0	0	23	6	0	0	34	0	0	0	0	0	0	0	0	2	0	6	7	0	0	0	0	10	28	0
EHA01882_bin.21	2	558	2	11	116	0	0	0	0	0	28	0	0	106705	537799	0	2	34	4	0	41	2	45	20	0	0	106770	222	417	0	155	0	0	15	0	0	2	0	26	2	0	0	0	0	5	1	11	57	0	0	12	86	1	0	0	0	0	0	409	2	0	90	0	130587	0	0	7	47	96218	0	71	0	0	1470	0	0	0	26130	2	0	55161	0	0	58555	86	6	0	52	0	0	0	0	139598	0	0	0	0	0	84105	0	0	30	3	0	0	0	0	52	22	0	41	6	0	0	0	0	0	0	0	0	0	2	58	313	4	34	55	0	32	2028	0
EHA01882_bin.22	0	83	0	0	0	0	0	0	0	0	3	0	0	59458	268819	0	0	0	0	0	1	0	0	6	0	0	113024	0	0	0	1260	0	0	0	0	0	0	0	0	4	0	0	0	2	0	0	0	0	0	0	1	0	0	0	0	0	0	0	0	0	0	0	0	210052	0	0	0	0	91961	0	1	0	0	0	0	0	0	31004	0	0	99035	0	0	71813	0	0	0	2	0	0	0	0	122054	0	0	0	0	0	144192	0	0	0	0	0	0	0	2	0	0	0	4	0	0	0	0	0	0	0	0	0	0	0	0	0	0	6	10	0	0	14	0
EHA01882_bin.25	34	1161	0	0	0	0	0	0	0	0	8	0	0	48628	244462	0	6	1	10	0	14	1	4	42	0	0	121829	0	35	0	4861	0	0	0	0	0	0	0	0	135	0	0	0	2	0	0	0	2	0	0	61	0	0	0	0	0	0	0	0	15	0	0	0	145330	0	0	2	0	77951	0	22	0	0	0	2	2	0	17576	0	0	166181	0	2	118219	24	0	0	51	0	0	0	0	118426	0	0	0	0	0	67669	0	0	0	0	0	0	0	0	1	0	0	27	0	0	0	0	0	0	0	0	0	0	0	0	8	14	30	56	0	0	264	0
EHA01882_bin.26	0	1856	0	69	6	0	0	0	0	8	0	0	0	7571	32122	0	0	0	0	0	0	0	0	0	0	0	8346	12	19	0	43	0	0	0	0	0	0	0	6	0	0	0	0	0	0	0	5	0	0	0	0	4	0	0	0	0	0	0	0	0	0	0	0	11287	0	0	0	5	34018	0	0	0	0	11	0	0	0	5753	0	0	8360	0	0	6145	26	0	0	0	0	0	0	0	3558	0	0	0	0	0	25860	0	0	4	0	0	0	0	0	0	14	0	0	5	0	0	0	0	0	0	0	0	0	0	9	0	0	2	4	0	2	2346	0
EHA01883_bin.11	14	92	0	8	9	0	0	0	0	0	0	0	0	27953	69147	0	0	0	14	0	19	2	0	2	0	0	33460	14	17	0	190	0	0	13	0	0	0	0	2	0	0	0	0	0	0	6	3	43	0	0	0	0	0	0	0	0	0	0	0	0	4	0	0	2006	0	0	0	14	36921	0	14	0	0	36	2	0	0	56106	0	0	11832	0	0	20239	17	0	0	43	0	0	0	0	33020	0	0	0	0	0	37298	0	0	59	0	0	0	0	0	0	7	0	33	3	0	0	0	0	0	0	0	0	0	0	17	0	0	10	0	0	9	350	0
EHA01883_bin.14	0	32	0	2	0	0	0	0	0	0	0	0	0	2063	24975	0	0	0	0	0	0	0	0	0	0	0	32916	0	0	0	0	0	0	0	0	0	0	0	0	0	0	0	0	1	0	0	1	0	0	0	0	0	0	0	0	0	0	0	0	0	0	0	0	5735	0	0	0	0	23638	0	1	0	0	0	0	0	0	704	0	0	2352	0	0	11993	2	0	0	2	0	0	0	0	27648	0	0	0	0	0	11248	0	0	0	0	0	0	0	0	0	0	0	1	0	0	0	0	0	0	0	0	0	0	0	0	0	0	0	1	0	0	5	0
EHA01883_bin.7	0	0	0	0	0	0	1	0	0	0	2	0	0	4047	29994	0	0	0	0	0	0	0	0	0	0	0	12764	0	0	0	0	0	0	0	0	0	0	0	0	0	0	0	0	0	0	0	0	0	0	0	0	2	0	0	0	0	0	0	0	0	0	0	0	25	0	0	0	0	8394	0	0	0	0	0	0	0	0	8	0	0	39	0	1	153	0	0	0	0	0	0	0	0	7523	0	0	0	0	0	32389	0	0	0	0	0	0	0	0	0	0	0	0	0	0	1	0	0	0	0	0	0	0	0	0	0	0	0	4	0	0	0	0
EHA01884_bin.14	2	141	2	5	29	0	0	0	0	0	0	0	0	61796	97848	0	0	0	11	2	5	8	2	16	0	0	55670	7	1243	0	552	0	0	3	0	0	0	0	1	8	0	0	0	0	0	0	7	23	0	0	6	8	2	0	0	0	0	0	0	0	0	2	0	38760	0	0	2	7	38414	0	7	0	0	9	0	0	0	113511	0	0	19413	0	4	33754	4	0	1	7	0	0	0	0	24570	0	0	0	0	0	102657	0	0	4	2	0	4	0	0	0	5	0	29	1	0	7	0	0	0	0	0	0	1	0	11	0	2	11	10	0	5	576	0
EHA01884_bin.15	2	24	2	4	30	0	0	0	0	0	1	0	0	65639	547011	0	5	0	0	0	3	6	0	19	0	0	104365	2	21	0	23	0	0	22	0	0	0	0	0	20	0	0	0	0	0	6	2	0	0	0	25	0	0	0	0	0	0	4	0	2	13	0	0	59657	0	7	19	2	125130	0	15	0	0	13	4	0	0	167114	0	0	130773	0	0	29083	14	0	0	71	0	0	0	0	111448	0	6	0	0	0	66318	0	0	4	0	0	0	0	0	0	7	0	58	16	0	0	0	0	0	0	0	0	0	0	2	0	0	68	96	0	7	177	0
EHA01884_bin.7	0	4	1	0	0	0	0	0	0	0	0	0	0	4915	801442	0	0	0	0	0	0	0	2	0	0	0	346678	0	0	0	36	0	0	0	0	0	0	0	0	0	0	0	0	0	0	0	0	0	0	0	0	4	27	0	0	0	0	0	0	0	0	0	0	11746	0	0	0	0	401780	0	0	0	0	6	0	0	0	797	0	0	635833	0	0	118595	0	0	0	0	0	0	0	0	168397	0	0	0	0	2	120945	0	0	0	0	0	0	0	12	0	0	0	0	0	0	0	0	12	0	0	0	0	37	0	0	3	0	0	0	0	0	0	0
EHA01885_bin.16	12	572	0	12	29	2	2	2	0	4	10	2	0	132761	193653	0	31	2269	23	0	108	4	27	244	0	0	55763	90	356	0	271	0	0	23	2	0	0	0	8	184	4	0	2	0	738	30	73	63	0	0	53	48	0	0	0	0	0	43	0	22	10	12	0	34195	0	8	139	33	36244	0	195	0	0	15	15	0	4	123988	0	0	31532	3	0	96281	344	0	0	315	4	0	0	1	51415	0	28	4	0	0	40488	0	4	19	0	0	2	0	0	0	2	6	218	8	2	0	0	0	0	5	0	0	0	6	35	3	39	162	198	0	59	3308	0
EHA01885_bin.18	18	100	0	4	0	0	0	0	0	0	0	0	0	4620	53299	0	26	13	6	0	1	0	3	0	0	0	34349	0	2	0	540	0	0	6	2	0	0	0	0	4	0	0	0	0	2	0	0	1	0	0	4	2	0	0	0	0	0	0	0	0	0	0	0	19850	0	0	2	0	16379	0	1	0	0	0	0	0	0	7191	2	0	13511	0	1	9162	2	12	0	2	0	0	0	0	19921	0	0	0	0	0	18347	0	0	0	0	0	0	0	0	0	0	0	0	0	0	0	0	0	0	0	0	0	0	0	0	4	0	6	28	0	0	127	0
EHA01885_bin.19	14	1669	0	0	0	0	0	0	0	0	14	0	0	110510	603838	0	3	0	6	0	21	2	3	16	0	0	188939	0	56	0	1606	0	0	0	0	0	0	0	0	89	0	0	0	0	0	0	0	1	0	0	15	0	0	0	0	0	0	0	0	7	0	0	0	256542	0	0	0	0	160550	0	37	0	0	0	0	0	0	36601	0	0	189648	0	2	181531	16	0	0	21	0	0	0	0	108931	0	0	0	0	0	102421	0	0	0	0	0	0	0	0	2	0	0	75	0	0	0	0	0	0	0	0	0	0	0	0	0	6	47	39	0	0	239	0
EHA01885_bin.4	0	1290	0	16	70	0	0	0	0	2	37	0	0	176336	1599634	0	0	0	0	0	265	9	63	0	0	0	491651	331	44912	0	56	0	0	42	0	0	0	0	27	0	0	0	0	2	0	4	10	95	0	0	0	8	0	0	0	0	0	0	444	0	0	117	4	15195	0	0	6	27	330520	0	270	0	0	411	0	2	0	88663	0	0	1079286	2	0	39674	191	0	0	109	0	0	0	0	291936	0	0	11	0	0	815520	0	0	46	1	0	12	0	0	92	921	2	317	10	0	1	0	0	0	0	0	0	3	2	444	281	2	0	64	0	156	260	0
EHA01885_bin.6	4	672	0	0	97	0	0	0	0	0	17	0	1	67431	2848065	0	0	0	0	0	264	69	5	0	0	0	1303563	414	1008	0	48	0	0	0	0	0	0	0	166	0	0	0	0	0	0	2	1	129	0	0	0	71	0	0	0	0	0	0	0	0	0	0	2	70701	0	0	0	22	1323922	0	81	0	0	154	0	0	0	156108	0	0	1272589	0	0	461547	185	0	0	245	0	0	0	0	773695	0	0	4	0	0	92067	0	0	87	0	0	6	0	0	0	22	0	495	60	0	2	0	1	0	0	0	0	0	1	61	1	0	0	41	0	140	27	0
EHA01886_bin.10	0	24	0	6	181	0	0	2	0	0	0	0	0	21264	5932	0	0	44	0	0	0	0	18	0	0	0	507	1	24	0	18	0	0	0	0	0	0	0	4	0	0	0	0	5	13	0	2	14	0	0	16	6	0	0	0	0	0	0	0	0	0	0	0	2100	0	0	0	4	1460	0	2	0	0	7	0	0	0	4011	0	0	19299	0	0	1703	1	0	0	1	0	0	0	0	666	0	0	0	0	0	352	0	0	2	0	0	0	0	0	0	0	0	0	7	0	0	0	0	0	0	0	0	0	0	4	5	0	367	17	0	3	3114	0
EHA01886_bin.11	3	289	0	2	1320	0	0	0	0	0	0	0	0	2053	16981	0	0	34	0	0	3	1	20	5	0	1	4083	507	129	0	344	0	0	8	0	0	0	0	522	0	0	0	0	2	9	0	579	17	0	0	6	25	0	0	0	0	0	0	4	0	0	5	0	8282	0	0	0	557	4801	0	7	0	0	476	0	0	0	2152	0	0	2870	0	2	4343	8	0	0	2	0	0	0	0	4976	0	0	0	0	0	9370	0	0	1094	0	0	0	0	1	9	713	0	4	385	0	25	0	0	0	0	0	0	0	0	444	13	0	123	5	0	302	228	0
EHA01886_bin.13	0	79	0	6	8	0	0	0	0	0	0	0	0	24953	71991	0	0	19	0	0	0	0	1	14	0	0	30422	3	100	0	58	0	0	4	2	0	0	0	0	2	0	0	0	0	4	0	0	12	0	0	2	6	0	0	0	0	0	0	0	2	2	0	0	13271	0	0	4	1	8332	0	4	0	0	12	4	0	0	12927	0	0	6039	0	0	24740	23	0	0	2	0	0	6	0	9618	0	0	0	0	0	28061	0	0	0	0	0	0	0	0	0	1	0	8	0	0	0	0	0	0	0	0	0	0	0	3	4	4	2	24	0	2	1407	0
EHA01886_bin.14	8589	8674	0	45	0	1	4	2	5	0	1994	10	0	216963	919468	0	244	1	5549	0	3526	632	11	9547	0	2	337047	0	3397	0	26947	0	0	0	0	0	2	2	0	12483	2	0	0	0	8	103	2	492	0	0	17627	6	0	10	0	0	0	4	25	1545	330	3	4	663911	0	25	239	1	260980	0	2610	0	0	5	221	1	3	90521	14	2	691070	28	0	430381	5427	0	0	5385	0	0	0	0	277364	0	23	1	0	0	229909	0	0	0	24	4	40	13	0	7	1	3	4335	0	0	4	0	0	0	6	0	0	0	16	0	22	897	5855	58940	0	1	61216	0
EHA01886_bin.16	2014	16776	0	35	0	0	0	0	0	2	14	0	0	1492	6521	0	48	312	247	0	0	208	932	179	0	34	1695	0	7395	0	14095	0	0	10273	0	0	10	0	0	347	0	0	0	0	129	0	0	11	0	0	3271	6	0	0	0	0	0	85	1	31	22	497	0	728	0	0	170	0	2781	0	24	0	0	0	68	0	0	40544	0	0	967	8	0	136	156	4	0	11	4	0	1	0	71	0	0	0	2	0	9275	0	0	0	4	0	4	0	1	23	0	2	505	2	0	0	0	1	0	2	0	0	0	0	3	324	76	1946	10144	0	2	29333	0
EHA01886_bin.18	8	406	0	8	374	0	0	0	0	0	0	0	0	134487	123055	0	2	3	0	0	0	2	6	4	0	0	28511	23	63	0	87	0	0	2	0	0	0	0	5	3	0	0	0	0	2	0	4	14	0	0	7	6	0	0	0	0	0	0	0	0	0	3	0	10272	0	0	6	21	26748	0	6	0	0	24	0	0	0	27822	0	0	14684	0	0	23539	38	0	0	12	0	0	0	0	24233	0	0	0	0	0	30644	0	0	10	0	0	0	0	0	0	4	0	2	71	0	0	0	0	0	0	0	0	1	0	200	7	0	10	13	0	31	974	0
EHA01886_bin.1	0	12	0	8	0	0	0	0	0	0	0	2	0	843	332392	0	0	0	2	0	1	0	0	0	0	0	21478	0	0	0	0	2	0	0	2	0	0	2	0	0	0	0	0	0	0	0	10	1	4	0	2	0	0	0	0	0	0	0	0	2	0	0	0	141	0	0	2	0	44029	0	0	0	0	1	0	3	0	938	2	0	1313	0	0	14300	0	0	2	0	0	0	0	2	39423	0	0	0	0	0	65132	0	0	0	0	0	0	0	0	0	0	0	0	8	0	0	0	0	0	0	0	0	2	0	2	0	0	3	0	0	0	154	2
EHA01886_bin.2	0	20	0	0	259	0	0	0	0	0	0	0	0	416	1036	0	0	0	7	0	2	0	27	10	0	0	621	0	31	0	22	0	0	3	0	0	0	0	2	2	0	0	0	7	1	0	1	11	0	0	37	0	0	0	0	0	0	0	3	0	2	0	0	160	0	0	0	0	149	0	11	0	0	3	6	0	0	384	0	0	104992	0	0	356	46	3	0	30	0	0	0	0	429	0	0	0	0	0	398	0	0	0	0	0	0	0	4	5	0	0	18	0	0	0	0	0	0	0	0	0	0	0	0	0	0	47	38	0	0	270	0
EHA01886_bin.3	149428	16303	1196	161	765	6	0	6	0	2	1171	7	12	7214	40971	0	14301	1189861	13433	26	610	9	1243	1475	2	1804	9320	918	15974	0	9091	0	0	266541	0	4	2	144	12216	13329	1	0	10	58	382881	25	142405	13326	0	0	98100	267	1146	0	0	0	1	4365	172086	22	27254	1431	9	4858	0	64	146	2751	27086	0	3224	0	0	641	1597	542	0	1121411	9	0	26389	34	6	14735	335	8374	0	185	0	2	30	0	23527	0	25	4	0	0	39650	0	0	3290	423	22132	87	0	1629	483	3671	0	10570	33332	40	8	0	14	0	184	2	2	1091	22	787	415	1826	1133110	37609	0	2239	473519	8
EHA01886_bin.5	0	241	0	15	88	0	0	0	0	0	6	0	0	131511	26167	0	1	8	3	0	7	0	7	30	0	0	71189	60	1900	0	1226	0	0	2	0	0	0	0	6	3	0	0	0	10	7	0	15	14	0	0	2	6	0	0	0	0	0	0	0	6	0	2	0	111403	0	0	12	109	22212	0	28	0	0	27	4	0	0	29085	0	0	36415	0	0	36628	41	0	0	13	0	0	0	0	11994	0	0	0	0	0	47089	0	0	9	0	0	0	0	0	0	14	0	7	11	0	0	0	0	0	0	0	0	2	0	12	4	2	0	23	0	160	944	0
EHA01886_bin.6	9	1678	0	47	16	0	0	0	0	4	0	0	0	7437	21584	0	0	24	0	0	10	0	11	1	0	6	5833	35	74	0	50	0	0	17	0	0	0	0	11	0	0	0	0	1	8	0	10	12	4	0	25	33	0	0	0	0	0	0	0	0	2	0	0	12018	0	2	0	22	26294	0	7	0	0	34	4	0	0	4518	0	0	8127	0	0	3956	12	2	0	2	0	0	0	0	2095	0	0	0	0	0	24882	0	0	21	0	0	0	0	0	2	8	0	0	6	0	0	0	0	0	0	0	0	0	0	17	0	0	9	11	0	21	2307	0
EHA01886_bin.7	0	73	0	8	9	0	0	2	0	0	0	0	0	119563	139853	0	0	0	0	0	0	0	1	0	0	0	35882	18	5	0	10	0	0	0	0	0	0	0	0	0	0	0	0	0	0	0	1	9	0	0	22	2	0	0	0	0	0	0	0	0	0	2	0	18502	0	0	0	1	16386	0	1	0	0	3	0	0	0	105189	0	0	15269	0	1	73893	36	0	0	0	0	0	0	0	31808	0	0	0	0	0	15259	0	0	2	0	0	0	0	0	1	2	0	0	1	0	0	0	0	0	0	0	0	0	0	0	2	0	0	0	0	0	1344	0
EHA01886_bin.8	420	238115	0	0	1	0	0	0	0	0	0	0	0	4748	1027	0	62	1166	18	0	2	0	171	574	0	15	83	0	218	0	32040	0	0	14651	21	0	0	0	0	261	0	0	0	0	424	0	0	8	0	0	30318	4	0	0	0	0	0	3	0	6	0	13	0	48	0	89	8	0	51	0	0	0	0	2	472	0	0	7541	0	0	33	0	1	43	11	33	0	0	0	0	0	0	47	0	0	0	0	0	126	0	0	0	0	0	0	0	0	0	0	0	1	3	0	0	0	2	0	0	0	0	0	0	3	1	148	2475	4776	2	0	46579	0
EHA01887_bin.10	0	16	0	0	2	0	0	0	0	0	0	0	0	696	14189	0	0	0	0	0	0	0	0	0	0	0	13986	0	0	0	0	0	0	0	0	0	0	0	0	0	0	0	0	0	0	0	0	0	0	0	0	6	0	0	0	0	0	0	0	0	0	1	0	1232	0	0	0	0	3680	0	0	0	0	1	0	0	0	1238	0	0	3575	0	0	1255	52	0	0	0	0	0	0	0	5685	0	0	0	0	0	1334	0	0	0	0	0	0	0	0	0	0	0	0	0	0	2	0	0	0	0	0	0	0	0	0	0	0	0	6	0	0	6	0
EHA01887_bin.13	64	37343	0	12	51	0	0	0	0	0	10	2	0	78469	120474	0	0	0	0	0	73	13	1	0	0	0	60621	123	14383	0	2664	0	0	0	0	0	0	0	430	0	0	0	0	0	0	2	133	65	0	0	22	10	0	0	0	0	0	0	0	0	0	0	4	11766	0	0	0	253	25857	0	176	0	0	20	0	2	0	42831	0	0	22456	0	2	62770	73	0	0	60	0	0	0	0	65845	0	0	1	0	0	44840	0	0	7214	0	0	0	0	0	0	15	1	84	195	0	1	0	0	0	0	0	0	0	0	502	0	0	4	376	0	623	2137	0
EHA01887_bin.17	0	22	0	1	11	0	0	0	0	0	0	0	0	47959	137444	0	0	15	0	0	0	0	0	0	0	0	100753	20	4	0	400	0	0	6	0	0	0	0	9	0	0	0	0	0	14	0	5	2	0	0	0	4	0	0	0	0	0	0	0	0	0	0	0	2786	0	0	0	0	81139	0	0	0	0	16	0	0	0	123333	0	0	24931	0	0	39320	1	0	0	0	0	0	0	0	72547	0	0	0	0	0	75350	0	0	4	0	0	0	0	0	1	7	0	1	5	0	0	0	0	0	0	0	0	0	0	45	6	0	3	0	0	16	22	0
EHA01887_bin.23	110	51	0	0	0	0	0	0	1	0	1	0	0	713	2292	0	46	0	239	0	14	4	0	39	0	0	291417	0	11	0	2521	0	0	0	0	0	0	0	0	146	0	0	0	0	0	0	0	0	0	0	79	0	0	0	0	0	0	0	0	13	0	0	0	4529	0	6	0	0	347	0	26	0	0	0	0	0	0	79	0	0	2916	0	0	282	60	0	0	25	0	0	0	0	626	0	0	4	0	0	1650	0	0	0	0	0	0	2	0	0	0	0	19	0	0	0	0	0	0	0	0	0	0	0	0	5	12	28	1630	0	0	584	0
EHA01887_bin.28	0	347	0	2	2	0	0	0	0	0	0	0	1	7170	80403	0	0	0	0	0	0	0	3	0	0	0	61511	15	0	0	28	0	0	2	0	0	0	0	0	0	0	0	0	0	0	0	5	4	0	0	6	5	0	0	0	0	0	0	2	0	0	0	0	54	0	0	0	0	9141	0	1	0	0	2	0	0	0	231	0	0	33632	0	0	2654	0	0	0	0	0	0	0	0	11522	0	0	0	0	0	4116	0	0	0	0	0	0	0	0	1	1	0	0	0	0	1	0	0	0	0	0	0	0	0	21	0	0	0	0	0	0	528	0
EHA01887_bin.29	5	5	0	0	0	0	0	0	0	0	0	0	0	82117	354779	0	0	0	0	0	0	4	0	6	0	0	214262	0	1	0	1768	0	0	0	0	0	0	0	0	6	0	0	0	0	0	0	0	0	0	0	2	0	0	0	0	0	0	0	0	0	0	0	0	291297	0	0	0	0	132577	0	8	0	0	0	0	0	0	40797	0	0	145866	0	1	99663	6	0	0	5	0	0	0	0	171865	0	0	0	0	0	198366	0	0	0	0	0	0	0	0	0	0	0	1	0	0	0	0	0	0	0	0	0	0	0	0	0	0	6	46	0	0	64	0
EHA01887_bin.31	0	0	0	0	0	0	0	0	0	0	0	0	0	5218	56797	0	0	0	0	0	0	2	0	0	0	0	39824	0	0	0	0	0	0	0	0	0	0	0	0	0	0	0	0	0	0	0	0	0	0	0	0	0	0	0	0	0	0	0	0	0	0	0	0	9174	0	0	0	0	22481	0	2	0	0	0	0	0	0	12937	0	0	42232	0	0	2318	1	0	0	0	0	0	0	0	18615	0	0	0	0	0	5721	0	0	0	0	0	0	0	0	0	0	0	1	0	0	0	0	0	0	0	0	0	1	0	0	0	0	0	4	0	0	0	0
EHA01887_bin.32	0	0	0	0	0	0	0	0	0	0	3	0	0	36618	47117	0	0	0	0	0	0	0	0	1	0	0	30700	0	0	0	50	0	0	0	0	0	0	0	0	0	0	0	0	0	0	0	0	0	0	0	0	0	0	0	0	0	0	0	0	1	0	0	0	22825	0	0	0	0	11816	0	5	0	0	0	0	0	0	13224	0	0	44772	0	0	31212	2	0	0	1	0	0	0	0	12623	0	0	0	0	0	17966	0	0	0	0	0	0	0	0	0	0	0	2	0	0	0	0	0	0	0	0	0	0	0	0	0	0	6	6	0	0	22	0
EHA01887_bin.39	9	221	1	0	3	0	0	0	0	0	7	0	0	11132	229100	0	2	0	0	0	64	1	68	2	0	0	206025	0	9	0	378	0	0	0	0	0	0	0	6	0	0	0	0	0	2	0	0	8	0	0	2	0	0	0	0	0	0	0	16	0	0	1	0	29207	0	0	0	4	54055	0	29	0	0	6	0	0	0	4223	0	0	131874	0	0	22794	21	0	0	29	0	0	0	0	81908	0	0	0	0	0	27062	0	0	16	0	2	0	0	0	12	0	0	13	7	0	0	0	0	0	0	0	0	0	0	0	9	0	11	11	0	1	121	0
EHA01887_bin.43	2	916	0	5	28	0	0	0	0	0	0	0	1	26084	74848	0	0	0	0	0	0	0	0	4	0	0	63638	202	296	0	227	0	0	41	0	0	0	0	4	4	0	0	0	0	1	0	18	28	0	0	0	13	0	0	0	0	0	0	0	0	0	8	0	20862	0	0	0	38	12281	0	1	0	0	20	0	0	0	15906	0	0	12443	0	0	27819	3	0	0	0	0	0	0	0	15684	0	0	0	0	0	36471	0	0	77	0	0	0	0	0	0	1	0	5	47	0	0	0	0	0	0	0	0	1	0	40	1	1	23	11	0	4	1242	0
EHA01887_bin.4	0	1542	3	0	9	0	0	0	0	0	22	0	0	16004	36121	0	0	0	0	0	131	1	17	0	0	0	575991	57	106	0	16	0	0	0	0	0	0	0	24	4	0	0	0	2	0	2	0	26	0	0	0	17	0	0	0	0	0	0	10	0	0	4	6	3533	0	0	0	19	10070	0	143	0	0	56	0	0	0	29894	0	0	9246	2	0	5300	69	0	0	154	0	0	0	0	1461293	0	0	0	0	0	26880	0	0	5	0	0	15	0	0	15	7	0	660	35	0	0	0	0	0	0	0	0	0	2	0	4	0	0	10	0	40	209	0
EHA01887_bin.5	0	0	0	0	0	0	0	0	0	0	0	0	0	423	3857	0	0	0	0	0	0	0	0	0	0	0	436359	0	0	0	0	0	0	0	0	0	0	0	0	1	0	0	0	0	0	0	0	0	0	0	0	0	0	0	0	0	0	0	0	0	0	0	0	474	0	0	6	0	2403	0	0	0	0	0	0	0	0	994	0	0	4850	0	0	3642	0	0	0	0	0	0	0	0	1403	0	0	0	0	0	2182	0	0	0	0	0	0	0	0	0	0	0	0	0	0	0	0	0	0	0	0	0	0	0	4	0	0	8	0	0	0	0	0
EHA01888_bin.10	0	29	0	0	2	0	0	0	0	0	0	0	1	2375	26775	0	0	0	0	0	0	4	0	0	0	0	4976	4	0	0	0	0	0	0	0	0	0	0	0	0	0	0	0	0	0	0	2	6	0	0	0	5	0	0	0	0	0	0	0	0	0	0	0	8376	0	0	0	1	5532	0	0	0	0	0	0	0	0	4332	0	0	3635	0	0	2350	76	0	0	0	0	0	0	0	5372	0	0	0	0	0	2668	0	0	0	0	0	0	0	0	0	0	0	0	0	0	0	0	0	0	0	0	0	0	0	0	1	0	0	4	0	0	23	0
EHA01888_bin.16	261	900	0	0	0	0	0	0	0	0	5	0	1	21390	197193	0	281	90	26	0	14	24	9	49	0	5	89605	0	49	0	505	0	0	112	21	0	0	0	0	55	0	0	0	0	33	0	0	0	0	0	143	24	0	0	0	0	0	2	0	18	2	2	0	132621	0	2	54	2	53755	0	28	0	0	0	35	1	0	8527	0	0	72707	0	0	28257	13	5	0	32	2	0	0	0	163047	0	0	0	0	0	58956	1	0	0	0	0	0	0	0	0	0	0	25	0	0	0	0	0	0	0	0	0	1	0	2	846	25	250	946	0	0	721	0
EHA01888_bin.17	10	2	0	0	0	0	0	0	0	0	0	0	0	27252	220444	0	1	0	6	0	0	0	0	4	0	0	60673	0	0	0	1098	0	0	0	0	0	0	0	0	14	0	0	0	0	0	0	0	0	0	0	6	0	0	0	0	0	0	0	0	5	1	0	0	94459	0	0	0	0	78923	0	1	0	0	0	0	0	0	13380	0	0	101114	0	0	33901	0	0	0	16	0	0	0	0	63677	0	0	0	0	0	64681	0	0	0	0	0	0	0	0	0	0	0	2	0	0	0	0	0	0	0	0	0	0	0	0	0	2	36	12	0	0	37	0
EHA01888_bin.4	0	271	6	0	102	0	0	0	0	0	9	1	1	58791	4712912	0	0	0	0	0	75	2	4	0	0	0	1671035	18	287	0	19	0	0	0	0	6	0	0	2	0	0	0	1	3	0	0	0	23	0	0	0	130	0	0	0	0	0	0	0	0	0	0	2	36536	0	0	2	13	2337879	0	73	0	0	15	0	8	0	99307	0	0	1868888	0	5	125132	17	0	0	26	0	0	0	2	3969143	0	0	0	0	0	21715	0	0	18	0	0	1	0	6	0	137	0	69	4	0	4	0	0	0	0	0	0	7	0	2	8	0	0	53	0	113	6	0
EHA01889_bin.12	0	34	0	0	11	0	0	0	0	0	0	0	1	1527	21340	0	0	0	0	0	0	0	1	0	0	0	5796	0	0	0	0	0	0	0	0	0	0	0	0	0	0	0	0	0	0	0	0	0	0	0	0	3	0	0	0	0	0	0	0	0	0	4	0	3537	0	0	0	1	6670	0	0	0	0	0	0	0	0	3403	0	0	3917	0	0	2046	1	0	0	0	0	0	0	0	4864	0	0	0	0	0	2293	0	0	0	0	0	0	0	0	0	1	0	0	0	0	0	0	0	0	0	0	0	0	0	0	4	0	0	2	0	0	16	0
EHA01889_bin.13	2	704	2	12	6	0	0	0	0	0	58	0	0	43670	235603	0	0	37	36	0	505	18	14	29	0	0	134516	83	891	0	48	0	0	44	0	0	1	0	43	58	0	0	0	0	8	22	2	87	0	0	55	67	0	0	0	0	0	0	2	4	2	103	0	15924	0	6	14	9	55689	0	350	0	0	74	20	0	0	25810	2	0	44974	0	0	24847	279	2	0	443	0	0	0	0	140786	0	0	0	0	0	35354	0	0	5	2	0	4	0	0	4	11	2	563	6	0	0	0	0	0	0	0	0	0	0	17	2	0	61	51	0	99	386	0
EHA01889_bin.14	273	1941	0	0	0	0	0	0	0	0	1	0	0	8735	49016	0	150	80	9	0	0	0	58	4	0	57	31864	0	23	0	293	0	0	133	23	0	0	0	0	1	0	0	0	0	32	1	0	4	0	0	188	38	0	0	0	0	0	2	0	6	0	0	0	37707	0	0	3	0	11993	0	1	0	0	0	12	4	0	31708	0	0	11552	0	0	11803	7	0	0	0	0	0	0	0	17595	0	0	0	0	0	42310	0	0	0	0	0	0	0	0	0	0	1	8	0	0	0	0	0	0	0	0	0	0	0	0	2	7	101	124	0	0	458	0
EHA01889_bin.21	8	896	0	0	0	0	0	0	0	0	2	0	0	51587	503236	0	4	0	1	0	0	15	0	15	0	0	404083	0	16	0	1639	0	0	0	0	0	0	0	0	110	0	0	0	0	0	0	0	4	0	0	2	0	0	0	0	0	0	0	0	6	0	0	0	133474	0	0	3	0	128245	0	17	0	0	0	0	0	0	17943	0	0	329202	0	0	91691	5	0	0	7	0	0	0	0	145772	0	0	0	0	0	88685	0	0	0	0	0	0	0	0	0	0	0	12	0	0	0	0	0	0	0	0	0	4	0	0	1	0	2	3	0	0	85	0
EHA01889_bin.7	2	222	0	0	0	0	0	0	0	0	6	0	0	2738	88990	0	0	0	0	0	23	17	10	2	0	1	27243	0	0	0	0	0	0	0	0	0	0	0	0	0	0	0	0	0	0	0	5	0	0	0	0	2	0	0	0	0	0	0	11	0	0	4	0	6956	0	0	2	0	29360	0	29	0	0	0	0	0	0	3835	0	0	16327	0	0	8671	82	0	0	91	0	0	0	0	36582	0	0	0	0	0	8565	0	0	0	0	0	0	0	0	1	5	1	66	1	0	0	0	4	0	0	0	0	0	0	0	2	0	0	18	0	1	142	0
EHA01890_bin.13	0	1	0	0	9	0	0	0	0	0	0	0	0	84	116923	0	0	0	0	0	0	0	0	0	0	0	20001	0	0	0	0	0	0	0	0	0	0	0	0	0	0	0	0	0	0	0	0	3	0	0	0	2	0	0	0	0	0	0	0	0	0	0	0	7	0	0	0	0	18736	0	0	0	0	0	0	0	0	18	0	0	2949	0	0	108	0	0	0	0	0	0	0	0	6322	0	0	0	0	0	735	0	0	0	0	0	0	0	1	0	0	0	0	0	0	0	0	0	0	0	0	0	0	0	2	0	0	0	0	0	0	47	0
EHA01890_bin.14	0	9	0	5	0	0	0	0	0	0	0	0	0	1704	166052	0	0	1	0	0	0	0	2	0	0	0	27724	25	12	0	5	0	0	2	0	0	0	0	0	0	0	0	0	0	0	0	0	0	0	0	0	0	0	0	0	0	0	0	1	0	0	0	0	2203	0	0	0	4	15311	0	0	0	0	0	0	0	0	2887	0	0	58286	0	0	4323	1	0	0	0	0	0	0	0	31331	0	2	0	0	0	14149	0	0	8	0	0	0	0	0	0	1	0	0	0	0	0	0	0	0	0	0	0	0	0	104	0	0	2	3	0	2	226	0
EHA01890_bin.17	0	311	0	2	98	0	0	0	0	0	14	0	0	219514	482778	0	0	0	0	0	58	2	4	0	0	0	130707	8	52322	0	28	0	0	0	0	0	2	0	2	0	0	0	0	0	0	5	1	13	0	0	6	1	0	0	0	0	0	0	0	0	0	0	0	8040	0	0	0	3	58680	0	48	0	0	105	0	0	0	28839	0	0	66807	0	1	10538	221	1	0	15	0	0	0	0	231539	0	0	0	0	0	117579	0	0	5	0	0	0	0	0	0	0	0	49	3	0	0	0	0	0	0	0	0	4	4	3	0	0	0	4	0	69	6	0
EHA01890_bin.19	0	0	0	0	0	0	0	0	0	0	0	0	0	1490	686090	0	0	0	0	2	0	0	3	0	0	0	150908	0	0	2	0	0	0	0	0	0	0	0	0	0	0	0	0	0	0	0	0	0	0	0	0	0	2	1	0	0	0	0	0	0	0	0	0	6	0	0	0	0	66300	0	0	0	0	0	0	0	0	0	0	0	10	0	0	43	0	0	0	0	0	0	0	0	124382	0	0	0	0	0	12362	4	0	0	0	0	0	0	0	2	0	0	0	0	0	0	0	0	0	0	0	0	0	2	0	0	0	0	0	0	0	0	0
EHA01890_bin.20	3	275	0	0	3	0	0	0	0	0	0	0	0	36631	212701	0	0	0	0	0	0	0	4	2	0	0	39891	5	24	0	15	0	0	8	0	0	0	0	0	0	0	0	0	0	0	0	1	7	0	0	8	0	0	0	0	0	0	0	0	0	0	0	0	64079	0	0	0	4	468	0	0	0	0	5	0	0	0	648	0	0	62	0	0	17784	0	0	0	0	0	0	0	0	108601	0	0	0	0	0	76056	0	0	0	0	0	0	0	0	1	3	0	0	6	0	0	0	0	0	0	0	0	0	0	0	0	0	8	0	0	0	362	0
EHA01890_bin.28	0	425	0	13	3064	0	0	0	0	0	3	0	6	9206	298815	0	8	2694	7	0	3	1	62	38	0	126	98924	1140	50	0	77	0	0	6	0	0	0	0	906	10	0	0	0	4	805	0	1101	37	0	0	10	39	6	0	0	0	0	0	7	0	0	30	0	5384	0	2	11	933	36771	0	24	0	0	1158	0	0	0	3816	2	0	124145	0	11	22211	109	63	0	30	0	0	0	0	184395	0	0	0	0	0	10437	0	0	1418	1	27	0	0	0	32	1502	0	49	943	0	4	0	0	0	0	0	0	0	0	937	113	10	25	51	0	1217	800	0
EHA01890_bin.2	0	29	0	0	11	0	0	0	0	0	0	0	4	2146	40713	0	0	1	0	0	1	0	31	7	0	1	9424	5	0	0	0	0	0	0	0	0	0	0	9	0	0	0	0	0	1	0	13	2	0	0	0	2	0	0	0	0	0	0	10	0	0	10	0	5003	0	0	0	22	6637	0	5	0	0	17	0	0	0	4210	0	0	5838	0	3	2603	19	1	0	1	0	0	0	0	5755	0	0	0	0	0	3314	0	0	2	0	0	0	0	1	31	6	0	3	49	0	0	0	0	0	0	0	0	0	0	2	5	0	0	5	0	10	65	0
EHA01890_bin.31	2	18	0	2	0	0	0	0	0	0	0	0	0	350	198787	0	0	1	0	0	1	0	2	6	0	0	47610	58	2	0	12	0	0	1	0	0	0	0	2	5	0	0	0	0	3	0	1	4	0	0	2	6	0	2	0	0	0	0	0	11	0	0	0	162	0	0	2	3	16104	0	0	0	0	912	0	0	0	38670	0	0	250	0	0	31981	0	0	0	0	0	0	0	0	16348	0	0	0	0	0	465	0	0	5	0	0	0	0	0	0	6	0	2	6	0	0	0	0	0	0	0	0	0	0	33	0	0	4	2	0	12	465	0
EHA01890_bin.32	0	7	0	0	0	0	0	0	0	0	0	0	0	1819	113418	0	0	0	0	0	0	0	0	0	0	0	3699	13	0	0	2	0	0	0	0	0	0	0	72	0	0	0	0	0	0	0	7	26	0	0	0	13	0	0	0	0	0	0	0	0	0	0	0	43	0	0	0	4	4878	0	4	0	0	9	0	0	0	36	0	0	10	0	0	984	0	0	0	0	0	0	0	0	8635	0	0	0	0	0	2150	0	0	0	0	0	0	0	0	0	3	0	0	10	0	0	0	0	0	0	0	0	0	0	15	0	2	1	0	0	3	17	0
EHA01890_bin.33	3	0	0	0	0	0	0	0	0	0	0	0	0	125988	155276	0	2	6	0	0	1	0	3	0	0	0	561	0	0	0	0	0	0	0	0	0	0	0	0	0	0	0	0	2	3	0	0	0	0	0	4	0	0	0	0	0	0	0	0	0	2	0	0	88404	0	0	0	2	6345	0	0	0	0	0	1	0	0	138	0	0	551	0	0	1152	0	1	0	1	0	0	0	0	24693	0	0	0	0	0	523	0	0	2	0	3	0	0	3	0	0	0	0	0	0	1	0	0	0	0	0	0	0	0	2	0	0	0	0	0	0	26	0
EHA01890_bin.36	0	13	0	0	0	0	0	0	0	0	0	0	4	16984	38588	0	0	0	0	0	0	0	0	0	0	0	4915	4	4	0	38	0	0	0	0	0	0	0	10	0	0	0	0	0	0	0	0	15	0	0	0	1	0	0	0	0	0	0	0	0	0	0	0	12030	0	0	0	0	6752	0	1	0	0	4	0	0	0	9569	0	0	5614	0	0	7058	2	0	0	0	0	0	0	0	14183	0	0	0	0	0	4836	0	0	1	0	0	0	0	0	0	3	0	0	4	0	0	0	0	0	0	0	0	0	0	21	0	0	10	0	0	2	21	0
EHA01890_bin.39	0	449	0	8	10	0	0	0	0	2	0	0	0	36237	297261	6	2	0	0	0	0	0	1	4	0	0	38912	7	13	0	74	0	0	0	0	0	0	0	6	1	0	0	0	1	4	0	9	19	0	0	18	19	0	0	0	0	0	0	0	0	0	0	0	25094	0	0	10	15	30993	0	12	0	0	27	6	0	0	21511	0	0	21024	0	1	31195	381	0	0	0	0	0	0	0	136885	0	0	0	0	0	210410	0	0	14	0	0	0	0	0	0	8	0	2	14	2	0	0	0	0	0	0	0	0	0	8	0	0	0	13	0	2	903	0
EHA01890_bin.45	0	27	0	0	0	0	0	0	0	0	0	0	0	2984	81099	0	0	0	0	0	0	0	2	0	0	0	17493	2	2	0	2	0	0	0	0	0	0	0	0	0	0	0	0	0	0	0	0	0	0	0	0	0	0	0	0	0	0	0	0	0	0	0	0	2339	0	0	0	0	11757	0	0	0	0	0	0	0	0	4953	0	0	2818	0	0	38927	16	0	0	0	0	0	0	0	16393	0	0	0	0	0	13406	0	0	0	0	0	0	0	0	0	2	0	0	0	0	0	0	0	0	0	0	0	0	0	0	0	0	0	0	0	0	123	0
EHA01890_bin.54	0	590	0	57	0	0	0	0	0	0	0	0	0	8423	84512	0	0	0	0	0	0	0	5	0	0	0	40542	39	0	0	12	0	0	4	0	0	0	0	1	0	0	0	0	3	0	0	9	1	0	0	3	3	0	0	0	0	0	0	0	0	0	0	0	220	0	0	0	9	7223	0	0	0	0	2	0	0	0	275	0	0	26471	0	0	3192	4	0	0	0	0	0	0	0	11865	0	0	0	0	0	4733	0	0	2	0	0	0	0	0	0	0	0	0	2	0	0	0	0	0	0	0	0	1	0	9	0	0	0	0	0	4	3176	0
EHA01890_bin.55	101	18	0	0	0	0	0	0	0	0	2	0	0	53156	402866	0	0	1	100	0	2	4	0	112	0	0	129214	0	2	0	2968	0	0	0	0	0	0	0	0	114	0	0	0	0	0	0	0	3	0	0	54	0	0	0	0	0	0	0	0	20	4	0	0	183900	0	0	2	0	103641	0	0	0	0	0	0	0	0	27312	0	0	139328	0	0	61421	2	0	0	9	0	0	0	0	113052	0	0	0	0	0	125943	0	0	0	0	0	0	0	0	0	0	0	11	0	0	0	0	0	0	0	0	0	2	0	0	0	3	157	16	0	0	74	0
EHA01890_bin.56	26	961	0	0	0	0	0	0	0	0	6	0	2	42713	1183998	0	11	0	385	0	24	5	6	59	0	0	393584	4	402	0	1511	0	0	0	0	0	0	0	7	102	0	0	0	0	0	0	1	4	0	0	53	0	0	1	0	0	0	0	0	21	2	0	0	113486	0	4	38	4	156735	0	16	0	0	61	0	0	0	12502	0	0	305508	0	2	72325	7	0	0	100	0	0	0	0	262730	0	0	0	0	0	124492	0	0	21	0	0	2	0	0	2	3	0	15	0	0	0	0	0	0	0	0	0	0	0	4	2	2	508	35	0	2	128	0
EHA01890_bin.57	0	32	0	3	0	0	0	0	0	0	0	0	0	24984	40737	0	0	0	0	0	0	0	1	0	0	0	10031	3	12	0	20	0	0	0	0	0	0	0	0	0	0	0	0	0	0	0	0	1	0	0	2	1	0	0	0	0	0	0	0	0	0	0	0	10618	0	0	0	0	10594	0	0	0	0	6	0	0	0	28944	0	0	1098	0	0	4952	2	0	0	0	0	0	0	0	10050	0	0	0	0	0	23243	0	0	0	0	0	0	0	2	0	4	0	0	0	0	0	0	0	0	0	0	0	0	0	11	0	0	0	0	0	0	179	0
EHA01890_bin.58	5	15	0	2	16	0	0	0	0	0	0	0	0	3853	53287	0	0	1116	0	0	2	3	277	19	0	677	15329	4	5	0	41	0	0	39	0	0	0	0	0	4	0	0	0	12	500	0	71	6	0	0	6	7	0	0	0	0	0	0	0	3	0	145	0	1740	0	0	6	190	2287	0	0	0	0	9	2	0	0	10615	0	0	9306	0	0	2535	10	177	0	6	0	0	0	0	9182	0	0	0	0	0	11411	0	0	16	0	6	0	0	4	0	0	0	0	26	0	0	0	0	0	0	0	0	0	0	10	1860	0	2	11	0	42	2555	0
EHA01890_bin.6	2	17	0	12	41	0	0	0	0	0	0	0	0	3066	355654	0	9	4	0	0	0	0	3	10	0	3	149570	3	23	0	17	0	0	4	0	0	0	0	5	1	0	0	0	0	1	0	3	4	0	0	4	2	0	0	0	0	0	0	0	1	0	2	0	317394	0	0	1	0	89638	0	3	0	0	2	2	1	0	1312	0	0	286	0	2	87720	6	0	0	0	0	0	0	0	127121	0	0	0	0	0	116149	0	0	12	0	0	0	0	0	3	1	0	6	11	0	0	0	0	0	0	0	0	0	0	2	3	0	16	22	0	6	328	0
EHA01890_bin.7	42	347	0	2	0	0	0	0	0	0	6	0	0	325	82354	0	31	3148	11	0	6	6	3695	9	0	1032	6378	0	4	0	218	0	0	241	11	0	0	0	2	14	0	0	0	0	1355	0	0	352	0	0	46	22	0	0	0	0	0	2	0	4	0	255	0	480	0	0	22	0	1885	0	10	0	0	0	17	0	0	24723	0	0	54176	7	0	1501	0	2877	0	8	2	0	0	0	4060	0	4	0	0	0	1473	0	0	0	0	12	0	0	0	0	0	0	10	0	0	0	0	0	0	0	0	0	0	0	0	60	10	75	331	0	0	1158	0
EHA01891_bin.11	5977	28554	0	164	0	4	0	0	0	40	179	6	0	2681	10679	9	167	840	2998	0	0	4199	118	2227	0	35	8989	2	2340	2	21835	0	0	430	18	0	11	0	0	1508	0	0	2	1	316	0	0	172	0	0	522	77	0	0	0	0	0	123	5	294	0	245	0	5093	0	4	1929	0	30576	0	726	0	0	3	185	0	0	62937	4	0	7503	14	0	1361	2787	3	0	89	99	0	0	0	5125	0	2	0	52	0	51854	0	0	0	24	19	12	0	2	26	4	4	2102	6	0	0	0	2	0	23	0	4	2	0	44	295	238	408	115780	0	0	66405	0
EHA01891_bin.13	167	40	0	0	0	0	0	0	0	0	42	0	0	11390	474096	0	133	0	6	0	65	9	0	54	0	0	507019	3	4	0	9338	0	0	0	0	0	0	0	0	36	0	0	0	0	0	6	0	4	0	0	26	0	1	0	0	0	0	0	0	6	0	0	0	18600	0	0	0	0	114468	0	50	0	0	0	0	0	0	2639	0	0	373348	0	0	16451	87	0	0	80	0	0	0	0	158370	0	0	0	0	0	58134	0	0	0	0	0	2	0	2	0	0	0	112	0	0	0	0	4	0	0	0	0	1	0	1	0	2	63	98	0	0	1051	0
EHA01891_bin.14	0	0	15	0	0	0	0	0	0	0	0	0	0	4098	29125	0	1	0	0	0	1	0	18	0	0	4	5774	0	0	0	61	0	0	4	0	0	0	0	0	0	0	0	0	0	0	0	0	7	0	0	7	1	4	0	0	0	0	0	6	0	0	2	0	266177	0	0	4	0	10659	0	3	0	0	0	0	3	0	156679	0	0	16056	0	0	5514	0	0	0	0	0	0	0	0	5994	0	0	0	0	0	24734	0	0	0	0	6	0	0	11	8	0	0	0	0	0	0	0	0	0	0	0	0	3	0	0	2	0	0	4	0	0	7	0
EHA01891_bin.15	1	0	0	0	0	0	0	0	0	0	0	0	0	274	2732	0	0	0	0	0	0	0	0	0	0	0	37693	0	0	0	22	1	0	0	0	0	0	0	0	0	0	0	0	0	0	0	0	0	0	0	0	0	0	0	0	0	0	0	1	0	0	0	0	331	0	0	3	0	992	0	0	0	0	0	2	0	0	1459	0	0	3053	0	0	2623	0	0	0	0	0	0	0	0	1248	0	0	0	0	0	1643	0	0	0	0	0	0	0	1	0	0	0	0	0	0	0	0	0	0	0	0	0	0	0	4	0	0	0	0	0	0	0	0
EHA01891_bin.16	55	1978	0	85	48	0	0	0	0	2	0	0	0	35330	332504	0	2	0	12	0	28	6	2	14	0	0	134271	295	603	0	1263	0	0	92	4	0	0	0	2	50	0	0	0	0	0	0	246	59	0	0	32	16	0	0	0	0	0	19	0	2	15	0	0	13523	0	6	11	209	42400	0	14	0	4	263	2	0	0	64591	0	4	139271	0	1	16384	20	0	0	23	0	0	0	0	78789	0	24	0	0	0	24813	0	0	125	0	0	0	0	0	0	0	0	24	654	0	0	0	0	0	2	0	0	0	0	991	0	0	218	4	0	44	8241	0
EHA01891_bin.1	0	398	0	11	0	0	0	0	0	0	0	0	0	25811	143083	0	0	0	0	0	0	0	3	0	0	0	58424	1	0	0	96	0	0	0	0	0	0	0	2	0	0	0	0	0	0	0	1	8	0	0	0	8	4	0	0	0	0	0	1	0	0	0	0	465	0	0	0	0	17452	0	2	0	0	2	0	0	0	795	0	0	26825	0	2	9195	8	0	0	0	0	0	0	0	46934	0	0	0	0	0	16602	0	0	0	0	0	0	0	0	0	1	0	0	1	0	7	0	0	0	0	0	0	2	0	11	0	0	0	2	0	2	860	0
EHA01891_bin.21	5	1	0	0	0	0	0	0	0	0	0	0	0	10447	89016	0	0	48	2	0	3	0	0	0	0	0	28979	0	0	0	0	0	0	14	0	0	0	0	0	3	0	0	0	0	22	0	8	0	0	0	5	0	0	0	0	0	0	0	11	0	2	0	0	14340	0	0	0	0	25560	0	1	0	0	0	0	0	0	22494	0	0	55604	0	0	4337	1	0	0	0	0	0	0	0	20278	0	0	0	0	0	12362	0	0	0	0	0	0	0	0	0	0	0	10	10	0	0	0	0	0	0	0	0	0	0	0	0	0	31	16	0	0	21	0
EHA01891_bin.24	6	275	0	13	10	0	0	0	0	0	2	0	0	44228	100587	0	0	0	0	0	0	0	11	31	0	0	45782	11	144	0	114	0	0	12	0	0	0	0	2	0	0	0	0	0	0	0	10	10	0	0	24	11	0	0	0	0	0	0	0	4	0	0	0	23020	0	0	1	6	28628	0	2	0	0	3	7	0	0	23228	0	0	27092	0	1	31364	8	0	0	4	0	0	0	0	22803	0	0	0	0	0	33002	0	0	8	0	0	0	0	1	0	4	0	1	0	0	0	0	0	0	0	0	0	0	0	4	2	0	44	10	0	9	957	0
EHA01891_bin.28	12	0	0	0	0	0	0	0	0	0	2	0	0	33916	92994	0	0	39	4	0	0	2	28	10	0	13	34668	0	9	0	355	0	0	0	0	0	0	0	0	35	0	0	0	0	34	0	0	0	0	0	12	0	0	0	0	0	0	0	0	12	0	401	0	46956	0	0	0	0	18511	0	0	0	0	0	0	0	0	11664	0	0	72851	0	0	29645	2	2	0	3	0	0	0	0	22064	0	0	0	0	0	32087	0	0	0	0	0	0	0	2	43	0	0	7	0	0	0	0	0	0	0	0	0	0	0	0	243	2	39	8	0	0	98	0
EHA01891_bin.29	17	68	0	40	13	0	0	0	0	0	0	0	0	16481	60826	0	19	94	0	0	0	0	105	0	0	45	35040	0	8	0	187	0	0	41	6	0	0	0	2	0	0	0	0	4	68	0	1	3	0	0	29	14	0	0	0	0	0	0	0	0	0	15	0	4675	0	0	0	0	8900	0	9	0	0	1	1	0	0	20964	0	0	39727	0	1	3644	6	60	0	0	0	0	0	0	15079	0	0	0	0	0	5150	0	0	0	0	0	0	0	5	0	0	0	0	0	0	0	0	0	0	0	0	0	0	0	0	0	0	16	58	0	0	12100	0
EHA01891_bin.33	0	0	0	0	0	0	0	0	0	0	0	2	0	4905	166071	0	0	21	0	0	0	0	19	0	0	3	21216	0	0	0	6	0	2	0	0	0	0	0	0	0	0	0	0	0	6	0	0	5	0	0	0	0	0	0	0	0	0	0	0	0	0	1	0	1010	0	0	0	0	67235	0	0	0	0	0	0	0	0	4512	0	0	5003	0	0	7905	1	4	2	0	0	0	0	0	70555	0	0	0	0	0	42573	0	0	0	0	0	0	0	0	0	0	0	0	0	0	0	0	0	0	0	0	0	0	0	0	0	0	0	0	0	0	0	0
EHA01891_bin.9	2	374	0	2	0	0	0	0	0	0	2	0	0	19653	48058	0	0	0	0	0	3	0	0	6	0	0	20032	2	32	0	223	0	0	1	2	0	0	0	3	4	0	0	0	0	0	0	3	10	0	0	2	4	0	0	0	0	0	0	0	0	0	2	0	4565	0	0	2	7	19467	0	6	0	0	26	1	0	0	39475	0	0	11376	0	0	19786	14	0	0	9	0	0	0	0	19263	0	0	2	0	0	29780	0	0	15	0	0	0	0	0	0	9	0	10	12	0	0	0	0	0	0	0	0	0	0	12	0	0	10	2	0	8	478	0
EHA01892_bin.15	9	219	0	15	2	0	0	0	0	0	0	0	0	5574	177950	0	0	1	0	0	6	0	1	2	0	0	35158	77	77	0	333	0	0	21	0	0	0	0	5	2	0	0	0	0	0	0	7	11	0	0	8	6	0	0	0	0	0	0	0	0	0	0	0	8519	0	0	0	10	36586	0	0	0	0	89	0	0	0	6332	0	0	43518	0	0	21217	8	0	0	4	0	0	0	0	55648	0	0	0	0	0	33198	0	0	4	0	0	0	0	0	0	11	0	4	19	0	0	0	1	0	0	0	0	0	0	146	0	0	57	1	0	9	681	0
EHA01892_bin.17	0	2	0	0	0	0	0	0	0	0	0	0	0	1352	191932	0	0	0	0	0	9	0	0	0	0	1	32919	0	0	0	0	0	0	0	0	0	0	0	0	0	0	0	0	0	0	0	0	0	0	0	0	1	0	0	0	0	0	0	0	0	0	0	0	1709	0	0	0	0	45220	0	0	0	0	0	0	0	0	721	0	0	53609	0	3	30104	0	0	0	0	0	0	0	0	29146	0	0	0	0	0	29071	0	0	0	0	0	0	0	0	0	0	0	0	0	0	0	0	0	0	0	0	0	1	0	0	0	0	2	0	0	0	0	0
EHA01892_bin.19	701	2878	0	0	0	11	3	2	0	0	0	8	1	150	1955	0	248	2	4	0	17	0	55	248	0	2	7033	3	1898	0	2937	0	1	36	205	0	0	2	4	306	0	0	2	3	2	0	2	0	9	0	1	6	0	0	0	0	1	213	23	5	395	60	1	39070	1	242	240	0	48	0	30	0	0	3	39	0	10	86	4	0	593	0	0	350	0	2	0	0	0	0	0	2	108	3	532	2	0	0	2068	0	0	0	0	0	0	0	0	21	2	0	28	8	0	0	0	0	0	0	14	0	0	0	20	8	46	2602	49	0	4	267	0
EHA01892_bin.1	3103	16700	0	112	0	2	0	0	0	53	72	8	0	3450	7022	6	86	59	1460	0	0	1701	44	1163	0	0	2026	0	1413	0	10256	0	0	211	14	0	0	0	0	1160	0	0	6	0	22	0	0	63	0	0	478	33	0	0	0	0	0	110	0	134	0	3	0	7489	0	11	1110	0	36039	0	248	0	0	0	181	2	0	53761	12	0	1826	13	0	1839	1303	0	0	52	39	0	0	3	2026	0	0	0	22	0	52808	0	0	0	16	0	5	2	0	0	2	2	2298	2	0	0	0	0	0	9	0	2	0	0	4	26	165	565	54901	0	0	42915	0
EHA01892_bin.20	55	94	3	33	4	2	4	0	2	0	12	0	2	203505	5845881	0	7	0	37	0	28	10	10	192	0	0	1038044	4	10	0	562	0	0	59	0	0	0	0	2	199	0	0	0	0	0	4	2	42	0	0	75	25	2	0	0	0	2	0	0	77	7	0	0	1460	0	5	14	0	409206	0	38	0	0	9	102	0	0	16201	2	0	1313087	0	2	343658	203	0	0	170	0	0	0	0	1535543	0	1	1	0	0	511603	0	0	4	0	0	0	0	0	0	4	0	63	4	0	1	0	0	0	0	0	0	4	0	3	0	18	152	2360	0	0	951	0
EHA01892_bin.21	0	0	0	0	0	0	0	0	0	0	0	0	0	4582	73409	0	0	0	0	0	0	0	0	0	0	0	229525	0	0	0	0	0	0	0	0	0	0	0	0	0	0	0	0	0	0	0	0	0	0	0	0	0	0	0	0	0	0	0	0	0	0	0	0	56621	0	0	0	0	20505	0	0	0	0	0	0	0	0	13921	0	0	107082	0	0	20399	0	0	0	0	0	0	0	0	117410	0	0	0	0	0	35847	0	0	0	0	0	0	0	0	1	0	0	0	0	0	1	0	0	0	0	0	0	0	0	0	0	0	0	13	0	0	0	0
EHA01892_bin.22	15	983	0	0	0	0	0	0	0	0	12	0	0	42114	193727	0	31	0	4	0	2	0	0	14	0	0	93663	0	13	0	2955	0	0	0	0	0	0	0	0	23	0	0	0	0	0	0	0	0	0	0	11	2	0	0	0	0	0	0	0	1	0	0	0	137731	0	0	0	0	53864	0	12	0	0	0	1	0	0	16281	0	0	85698	0	0	87617	1	0	0	19	0	0	0	0	72302	0	0	0	0	0	46335	0	0	0	0	0	0	0	0	0	0	0	16	0	0	0	0	0	0	0	0	0	0	0	0	0	0	4	35	0	0	121	0
EHA01892_bin.27	18	32	0	0	0	0	0	0	0	0	1	0	0	7902	76254	0	0	5	8	0	0	0	2	0	0	0	39318	0	4	0	53	0	0	0	0	0	1	0	0	0	0	0	0	0	3	0	0	2	0	0	1	0	0	0	0	0	0	0	0	5	0	0	0	47532	0	0	1	0	14896	0	0	0	0	0	0	0	0	12477	0	0	11445	0	0	17658	2	0	0	0	2	0	0	0	20017	0	0	0	0	0	57610	0	0	0	0	0	0	0	0	2	0	0	4	0	0	0	0	0	0	0	0	0	0	0	0	2	2	10	165	0	0	467	0
EHA01892_bin.5	3688	158	0	0	0	0	0	0	0	0	98	3	0	335	1155	0	5656	3	39	0	107	23	0	82	0	0	1097	0	56	0	240779	0	0	0	0	0	0	0	0	107	0	0	0	0	2	7	0	21	0	0	127	28	0	0	0	0	0	0	0	0	4	0	0	319	0	0	7	0	491	0	80	0	0	0	0	0	0	134	0	0	326543	0	0	882	124	0	0	177	0	0	0	0	263	0	0	0	0	0	1361	0	0	0	0	0	1	0	1	8	2	0	189	0	0	0	0	0	0	0	0	0	0	0	0	1	17	90	1966	0	0	1874	0
EHA01892_bin.7	146507	20589	7	123	0	0	0	7	2	0	946	2	1	820	238	2	7321	1654165	5609	14	163	2	866	1487	0	147	31	119	13681	0	6504	0	0	239141	0	6	2	134	5167	12988	1	0	2	14	526529	14	29500	8863	0	1	51030	118	6	0	0	0	0	3787	126888	9	11691	235	2	817	0	80	47	628	3139	0	889	1	0	7	1661	1	0	1556192	4	0	307	29	0	4	41	4327	0	6	0	0	12	8	5492	2	22	0	0	0	8618	2	0	653	235	2713	57	0	60	28	749	0	4398	9166	28	3	0	2	0	185	2	0	0	4	101	78	1693	63204	32971	2	445	610392	2
EHA01893_bin.18	842	3196	0	41	2	0	0	0	0	8	52	16	2	74636	619044	6	90	31	1529	0	53	297	7	677	0	7	333221	4	626	0	7797	0	0	156	12	0	0	0	0	765	0	0	2	2	7	0	0	12	0	0	682	8	2	0	0	0	0	17	0	177	8	0	0	419836	0	11	1544	0	234740	0	205	0	0	4	73	19	1	44895	0	0	344541	4	0	136633	221	0	0	112	119	0	0	0	293562	0	2	0	28	0	181948	0	2	0	0	0	0	0	1	2	0	0	396	8	0	4	0	0	0	0	0	0	0	0	9	1	115	1331	30214	0	30	10829	0
EHA01893_bin.23	0	59	0	1	22	0	0	0	0	0	0	0	0	73330	341255	0	0	0	0	0	0	0	5	0	0	0	100610	0	7476	0	6	0	0	0	0	0	0	0	2	0	0	0	0	2	0	0	0	1	0	0	0	3	0	0	0	0	0	0	0	0	0	0	0	744	0	0	0	2	47504	0	0	0	0	0	0	0	0	1457	0	0	177301	0	0	1742	0	0	0	0	0	0	0	0	35625	0	0	0	0	0	110013	0	0	1	0	0	0	0	0	0	0	0	1	0	0	0	0	0	0	0	0	0	0	2	0	0	0	0	2	0	12	16	0
EHA01893_bin.24	1	6	0	0	1	0	0	0	0	0	0	0	2	4496	69603	0	0	7	0	0	0	0	7	2	0	1	42956	0	0	0	4	0	0	0	0	0	0	0	0	2	0	0	0	0	6	0	0	0	0	0	3	0	0	0	0	0	0	0	0	0	0	0	0	29123	0	0	1	0	27431	0	3	0	0	0	2	0	0	5923	0	0	9528	0	2	10413	0	0	0	0	0	0	0	0	27847	0	0	0	0	0	35242	0	0	0	0	0	0	0	0	0	0	0	0	0	0	0	0	0	0	0	0	0	0	0	0	0	0	19	0	0	0	4	0
EHA01893_bin.26	0	1040	0	0	79	2	0	0	0	0	16	0	1	34212	966645	0	0	0	0	0	97	2	4	0	0	0	403050	28	139	0	170	0	0	0	0	0	0	0	4	0	0	0	0	0	0	14	22	25	0	0	0	3	0	0	0	0	0	0	0	0	0	0	0	37598	0	0	0	19	264917	0	176	0	0	78	0	0	0	207269	2	0	274492	0	0	206065	140	0	0	89	0	0	0	0	734568	0	0	2	0	0	241672	0	0	154	9	0	2	0	2	2	248	0	987	24	0	1	0	1	0	0	0	0	1	2	23	0	0	0	10	0	98	73	0
EHA01893_bin.29	4	741	0	0	0	0	0	0	0	0	5	0	0	41582	483439	0	2	0	0	0	1	0	0	4	0	0	275783	0	3	0	1193	0	0	0	0	0	0	0	1	23	0	0	0	2	0	0	0	0	0	0	0	0	0	0	0	0	0	0	0	3	0	0	0	125172	0	0	0	0	123573	0	12	0	0	2	0	2	0	13140	0	0	182246	0	0	65203	2	0	0	18	0	0	0	0	178095	0	0	0	0	0	52168	0	0	0	0	0	0	0	0	1	0	0	25	0	0	0	0	0	0	0	0	0	0	0	0	0	0	8	21	0	0	87	0
EHA01893_bin.32	0	100	0	0	4	2	0	0	0	0	0	0	0	13927	62520	0	0	0	0	0	0	2	1	0	0	0	14677	25	74	0	133	0	0	0	0	0	0	0	0	0	0	0	0	0	0	0	2	1	0	0	4	2	0	0	0	0	0	0	0	0	0	0	0	7021	0	0	0	2	33950	0	0	0	0	5	0	0	0	16250	0	0	5772	0	0	31672	6	0	0	0	0	0	0	0	11313	0	0	0	0	0	90155	0	0	4	0	0	0	0	0	0	1	0	8	1	0	1	0	0	0	0	0	0	0	0	0	0	0	0	7	0	3	463	0
EHA01893_bin.34	4	499	2	0	0	0	0	0	0	0	4	0	2	18515	715894	0	0	0	2	0	0	0	0	23	0	0	470997	0	302	0	276	0	0	1	0	0	0	0	0	62	0	0	0	0	0	0	0	0	0	0	46	0	2	0	0	0	0	0	0	5	0	0	2	53672	0	3	0	0	167592	0	2	0	0	0	0	0	0	5765	0	0	311461	0	0	34991	2	0	0	1	0	0	0	0	258864	0	0	0	0	0	52458	0	0	0	0	0	0	0	0	0	0	0	1	0	0	1	0	0	0	0	0	0	2	0	0	0	2	290	9	0	0	59	0
EHA01893_bin.4	0	0	0	0	1	0	0	0	0	0	0	0	0	418	58624	0	0	0	0	0	0	0	0	0	0	0	1501	0	0	0	0	0	0	0	0	0	0	0	0	0	0	0	0	0	0	0	0	0	0	0	0	0	0	0	0	0	0	0	0	0	0	0	0	1973	0	0	0	0	73699	0	0	0	0	0	0	0	0	215	0	0	1089	0	0	472	0	0	0	0	0	0	0	0	6870	0	0	0	0	0	580	0	0	3	0	0	0	0	0	0	0	0	0	0	0	0	0	0	0	0	0	0	0	0	2	0	0	0	0	0	0	2	0
EHA01893_bin.6	16	111	0	7	40	0	0	0	0	0	0	0	0	132253	148696	0	0	1	8	0	6	0	5	12	0	0	52940	4	246	0	56	0	0	0	0	0	0	0	1	10	0	0	0	0	0	0	4	4	0	0	26	4	0	0	0	0	0	2	0	0	0	1	0	31354	0	0	3	0	43084	0	5	0	0	5	0	0	0	147313	0	0	24278	1	0	99036	89	0	0	0	0	0	0	0	44469	0	0	0	0	0	35389	0	0	5	0	0	0	0	0	1	5	0	3	4	0	0	0	0	0	0	0	0	0	0	1	3	0	12	32	0	1	1692	0
EHA01893_bin.9	0	6	0	2	0	0	0	0	0	0	0	0	1	6186	93233	0	0	2	0	0	0	0	1	2	0	0	32836	0	483	0	2	0	0	0	0	0	0	0	0	0	0	0	0	0	0	0	0	0	0	0	0	1	0	0	0	0	0	0	0	0	0	0	0	13048	0	0	0	0	38340	0	0	0	0	1	0	0	0	7361	0	0	27656	0	0	9627	4	0	0	0	0	0	0	0	26556	0	0	0	0	0	15258	0	0	0	0	0	0	0	0	0	0	0	0	0	0	0	0	0	0	0	0	0	0	0	0	0	0	0	3	0	4	8	0
EHA01894_bin.13	0	6	0	0	0	0	0	0	0	0	0	0	0	16588	45614	0	0	0	0	0	0	0	0	0	0	0	22629	3	0	0	163	0	0	0	0	0	0	0	2	0	0	0	0	0	0	0	2	0	0	0	0	0	0	0	0	0	0	0	0	0	0	2	0	1698	0	0	0	2	16389	0	0	0	0	6	0	1	0	37469	0	0	9450	0	0	13870	0	0	0	0	0	0	0	0	15941	0	0	0	0	0	25964	0	0	0	0	0	0	0	0	0	1	0	0	0	0	0	0	0	0	0	0	0	0	0	2	0	0	0	0	0	3	27	0
EHA01894_bin.17	4	785	0	25	3	0	0	0	0	2	20	0	0	4984	66261	0	2	0	0	0	6	0	13	9	0	0	15246	32	235	0	451	0	0	48	2	0	0	0	11	0	0	0	0	0	0	0	13	32	0	0	7	2	0	0	0	0	0	0	0	0	0	0	0	6549	0	0	4	16	12547	0	15	0	0	47	2	0	0	4747	0	0	26330	0	0	10137	6	0	0	31	0	0	0	0	18881	0	0	0	0	0	16078	0	0	16	0	0	0	0	0	0	43	0	2	22	0	0	0	0	0	2	0	0	0	0	29	0	0	80	2	0	34	2747	0
EHA01894_bin.1	0	2	0	0	0	0	0	0	0	0	0	0	0	2294	126695	0	0	0	0	0	0	0	0	0	0	3	22982	0	0	0	0	0	0	0	0	0	0	0	0	0	0	0	0	0	0	0	0	0	0	0	2	0	0	0	0	0	0	0	0	0	0	0	0	8833	0	0	0	0	32371	0	0	0	0	0	0	0	0	1043	0	0	7379	0	0	7153	0	0	0	0	0	0	0	0	34229	0	0	0	0	0	41284	0	0	0	0	0	0	0	0	0	0	0	0	0	0	0	0	0	0	0	0	0	0	0	0	0	0	0	0	0	0	38	0
EHA01894_bin.20	0	200	0	4	12	0	0	0	0	0	0	0	0	13433	790556	0	0	0	0	0	83	0	2	0	0	0	344650	15	52	0	6	0	0	0	0	0	0	0	2	0	0	0	0	0	0	2	0	13	0	0	0	5	0	0	0	0	0	0	0	0	0	0	0	17477	0	0	0	2	258004	0	31	0	0	2	0	0	0	129811	0	0	273117	0	0	160410	95	0	0	69	0	0	0	0	349166	0	0	0	0	0	139324	0	0	6	0	0	0	0	0	4	1	2	164	0	0	1	0	0	0	0	0	0	1	0	1	0	0	0	10	0	43	31	0
EHA01894_bin.26	0	10	0	0	0	0	0	0	0	0	0	0	0	38550	179186	0	8	0	0	0	2	7	0	0	0	0	86955	0	0	0	1072	0	0	0	0	0	0	0	0	0	0	0	0	0	0	0	0	0	0	0	2	0	0	0	0	0	0	0	0	0	0	0	0	140667	0	0	0	0	67985	0	1	0	0	0	0	0	0	19271	0	0	80019	0	0	47357	0	0	0	4	0	0	0	0	85492	0	0	0	0	0	91382	0	0	0	0	0	0	0	0	0	0	0	7	0	0	1	0	0	0	0	0	0	0	0	0	0	0	2	14	0	0	30	0
EHA01894_bin.33	1	19	3	1	13	0	0	0	0	0	3	0	0	11952	101543	0	2	11	0	0	7	0	51	7	0	30	23996	12	5	0	4	0	0	23	0	0	0	0	2	2	0	0	0	1	10	0	5	21	0	0	0	6	0	0	0	0	0	0	6	0	1	13	0	62174	0	0	9	3	37648	0	40	0	0	1267	2	3	0	20467	2	0	50780	0	2	11605	190	2	0	146	0	0	0	0	48935	0	0	0	0	0	16542	0	0	24	0	5	0	0	3	13	1	0	50	10	0	2	0	0	0	0	0	0	0	0	93	40	0	7	20	0	20	781	0
EHA01894_bin.3	4	8	0	9	2	0	0	0	0	0	0	0	0	48979	1563156	0	0	0	0	0	1	0	0	0	0	0	254016	6	0	0	26	0	0	2	0	0	0	0	0	0	0	0	0	0	0	0	2	4	0	0	0	8	0	0	0	0	0	0	0	0	0	1	0	457	0	0	0	2	143939	0	0	0	0	2	0	0	0	516	0	0	537303	0	0	1949	0	0	0	0	0	0	0	0	791162	0	0	0	0	0	3738	0	0	2	0	0	0	0	1	0	3	0	1	1	0	0	0	0	0	0	0	0	0	0	6	0	0	10	0	0	2	99	0
EHA01894_bin.5	0	250	0	7	11	0	0	0	0	0	0	0	0	8099	43295	0	0	0	12	0	45	8	4	0	0	0	166110	59	376	0	5	0	0	0	0	0	0	0	24	0	0	0	0	0	0	2	0	9	0	0	0	2	0	0	0	0	0	0	0	0	0	0	4	1691	0	0	0	5	14461	0	33	0	0	647	0	0	0	7325	0	0	10163	2	0	5675	15	0	0	5	0	0	0	0	81697	0	0	0	0	0	10382	0	0	33	2	0	0	0	0	2	0	0	30	0	0	0	0	0	0	0	0	0	0	0	10	0	0	0	5	0	3	5	0
EHA01894_bin.7	6	68	0	2	0	0	0	0	0	0	0	0	0	13700	676945	0	0	0	1	0	13	8	0	31	0	0	487275	0	6	0	210	0	0	0	0	0	0	0	0	9	0	0	0	0	0	0	0	0	0	0	8	0	2	0	0	0	0	0	0	3	0	0	0	25870	0	0	2	0	148746	0	35	0	0	0	2	0	0	2849	0	0	315450	0	0	20804	39	0	0	12	0	0	0	0	267696	0	0	0	0	0	65263	0	0	0	0	0	0	0	0	0	0	0	25	0	0	0	0	0	0	0	0	0	0	0	0	0	0	1	5	0	0	346	0
EHA01894_bin.8	0	20	0	0	3	0	0	0	0	0	0	0	3	1719	19967	0	0	0	0	0	0	0	1	0	0	0	5971	0	0	0	0	0	0	0	0	0	0	0	0	0	0	0	0	0	0	0	0	0	0	0	0	2	0	0	0	0	0	0	0	0	0	0	0	5320	0	0	0	0	6116	0	0	0	0	0	2	0	0	3335	0	0	3475	0	0	2020	1	1	0	0	0	0	0	0	5472	0	0	0	0	0	2174	0	0	0	0	0	0	0	0	0	0	0	0	0	0	0	0	0	0	0	0	0	0	0	0	0	0	0	2	0	0	26	0
EHA01895_bin.26	0	0	0	0	0	0	0	0	0	0	0	0	0	3867	1225	0	1	0	0	0	0	0	0	0	0	0	228	0	0	0	6	0	0	0	0	0	0	0	0	0	0	0	0	0	0	0	0	0	0	0	0	0	0	0	0	0	0	0	0	0	2	0	0	186	0	0	1	0	268	0	0	0	0	0	4	0	0	341	0	0	443	0	0	1734	0	0	0	0	0	0	0	0	717	0	0	0	0	0	10398	0	0	0	0	0	0	0	1	0	0	0	0	0	0	0	0	0	0	0	0	0	0	0	2	0	0	0	0	0	0	0	0
EHA01895_bin.27	0	87	0	2	58	0	0	0	0	0	2	0	0	77143	616490	0	0	0	0	0	20	0	0	0	0	0	257567	1	4799	0	8	0	0	0	0	0	0	0	10	0	0	0	0	0	0	2	0	5	0	0	0	2	0	0	0	0	0	0	0	0	0	0	0	32695	0	0	0	1	299628	0	20	0	0	2	0	0	0	93881	0	0	321839	0	0	89669	26	0	0	19	0	0	0	0	184215	0	0	0	0	0	178084	0	0	27	0	0	0	0	0	0	1	0	69	0	0	1	0	0	0	0	0	0	1	0	3	0	0	0	2	0	21	7	0
EHA01895_bin.29	56	213	0	0	0	0	0	0	0	0	0	0	0	2482	28619	0	238	16	2	0	0	0	3	0	0	1	12607	0	2	0	49	0	0	10	2	0	0	0	0	2	0	0	0	0	3	0	0	0	0	0	23	7	0	0	0	0	0	0	0	0	0	0	0	16027	0	4	0	0	4112	0	1	0	0	0	9	0	0	3105	0	0	2453	0	0	5944	5	1	0	0	0	0	0	0	8716	0	0	0	0	0	21631	0	0	0	0	0	0	0	0	0	0	0	2	0	0	0	0	0	0	0	0	0	0	0	0	1	2	29	5	0	0	40	0
EHA01895_bin.2	0	826	0	0	45	0	0	0	0	0	114	0	0	130983	1129479	0	0	0	1	0	395	26	7	0	0	0	35081	12	1226	0	25	0	0	0	0	0	0	0	75	0	0	0	0	0	0	2	21	9	0	0	0	18	0	0	0	0	0	0	0	0	0	0	0	1670	0	0	0	70	22477	0	221	0	0	5	0	0	0	4633	2	0	495568	2	2	52763	160	0	0	56	0	0	0	0	1132906	0	0	6	0	0	112371	0	0	55	2	0	4	0	0	1	17	0	238	48	0	0	0	0	0	0	0	0	0	2	10	0	0	0	9	0	62	40	0
EHA01895_bin.6	0	0	0	0	0	0	0	0	0	0	0	0	0	16	308	0	0	0	0	0	0	0	0	2	0	0	2602	0	0	0	42	0	0	0	0	0	0	0	0	0	0	0	0	0	0	0	0	0	0	0	2	0	0	0	0	0	0	0	0	0	0	0	0	8	0	0	0	0	54	0	0	0	0	0	0	0	0	3	0	0	2583	0	0	67	0	0	0	0	0	0	0	0	132	0	0	0	0	0	57	0	0	0	0	0	0	0	0	0	0	0	0	0	0	0	0	0	0	0	0	0	0	0	0	4	0	0	0	0	0	6	0
EHA01895_bin.9	0	22	0	0	2	0	0	0	0	0	0	0	0	19201	53900	0	0	0	0	0	0	0	0	0	0	0	25383	3	4	0	227	0	0	0	0	0	0	0	0	0	0	0	0	0	0	0	7	1	0	0	0	0	0	0	0	0	0	0	0	0	0	0	0	1116	0	0	0	4	20805	0	0	0	0	10	0	0	0	45664	0	0	11066	0	0	16796	2	0	0	2	0	0	0	0	18422	0	0	0	0	0	29688	0	0	1	0	0	0	0	0	0	1	0	0	4	0	1	0	0	0	0	0	0	0	0	6	0	0	4	0	0	2	21	0
EHA01896_bin.21	0	636	0	2	56	0	0	0	0	0	0	0	1	62594	37759	0	0	1	0	0	6	0	2	4	0	0	33442	13	992	0	417	0	0	2	0	0	0	0	20	2	0	0	0	0	0	0	0	5	0	0	4	7	0	0	0	0	0	0	0	0	0	0	0	43483	0	0	2	7	13632	0	20	0	0	3	2	0	0	23786	0	0	52256	0	0	22549	10	0	0	0	0	0	0	0	11833	0	0	0	0	0	32113	0	0	3	0	0	0	0	0	21	2	0	6	2	0	2	0	0	0	0	0	0	0	0	11	0	4	3	18	0	4	1180	0
EHA01896_bin.26	13	31	0	2	0	0	0	0	0	0	16	0	0	228	68012	0	2	6285	4	2	12	0	5965	8	0	2687	11698	0	6	0	338	0	0	209	2	0	0	0	0	2	0	0	0	0	2477	4	0	506	0	0	32	17	0	0	0	0	0	0	0	3	0	522	0	43	0	0	2	0	2373	0	0	0	0	0	8	0	0	48626	0	0	133865	28	0	1184	0	4402	0	0	0	0	2	0	2843	0	2	0	0	0	444	0	0	0	0	19	0	0	0	0	0	2	0	0	0	0	0	0	0	4	0	0	0	0	0	146	0	8	35	0	0	411	0
EHA01896_bin.27	0	7	0	0	0	0	0	0	0	0	0	0	0	40742	194998	0	0	0	0	0	0	0	2	2	0	0	73369	0	13	0	941	0	0	0	0	0	0	0	0	4	0	0	0	0	0	0	0	0	0	0	0	0	0	0	0	0	0	0	0	0	0	0	0	134568	0	0	1	0	66687	0	0	0	0	0	0	0	0	19766	0	0	132317	0	0	48574	7	0	0	1	0	0	0	0	79831	0	0	0	0	0	91456	0	0	0	0	0	0	0	0	0	1	0	1	0	0	0	0	0	0	0	0	0	0	0	0	0	0	4	13	0	0	8	0
EHA01896_bin.29	5663	2213	0	29	0	2	0	2	4	0	1135	16	0	46094	672474	2	76	3	3488	0	2400	414	0	6093	0	7	471218	0	1898	0	14248	0	0	2	0	0	8	0	0	7866	0	0	0	0	1	55	0	192	0	0	11466	10	0	3	0	0	0	4	2	847	170	0	2	59412	0	24	140	0	141866	0	1727	0	0	0	135	0	0	18158	8	0	711380	30	0	48456	3233	1	0	3483	0	0	2	0	229311	0	9	11	0	0	90819	0	0	1	14	0	13	4	2	13	0	0	2951	4	0	0	0	4	2	0	0	0	2	5	0	8	625	3597	36157	0	0	40493	0
EHA01896_bin.2	0	22	0	0	0	0	0	0	0	0	0	0	0	21332	61206	0	0	0	0	0	0	0	0	0	0	0	26747	2	8	0	179	0	0	0	0	0	0	0	22	0	0	0	0	0	0	0	1	0	0	0	0	0	0	0	0	0	0	0	0	0	0	0	0	1959	0	0	0	3	22925	0	0	0	0	2	0	0	0	48740	0	0	23854	0	0	18042	16	0	0	0	0	0	0	0	20065	0	0	0	0	0	31495	0	0	2	0	0	0	0	0	0	1	0	0	0	0	0	0	0	0	0	0	0	0	0	5	0	0	0	0	0	0	35	0
EHA01896_bin.30	65	1189	0	0	0	0	0	0	0	0	7	0	0	46423	249182	0	71	0	507	0	9	2	0	91	0	0	147572	0	0	0	2977	0	0	0	0	0	0	0	0	228	0	0	0	0	0	0	0	2	0	0	57	0	0	0	0	0	0	0	0	29	8	0	0	151362	0	0	0	0	70597	0	38	0	0	0	1	0	0	18024	0	0	261840	0	0	93028	4	0	0	12	0	0	0	0	94990	0	0	0	0	0	52477	0	0	0	0	0	0	0	0	0	0	0	34	0	0	0	0	0	0	0	0	0	2	0	0	0	31	48	39	0	0	521	0
EHA01896_bin.35	2449	85	0	0	1	0	0	0	0	0	34	1	0	439	1801	0	3825	36	108	0	49	6	47	102	0	12	2956	0	300	0	158319	0	0	0	0	0	0	0	0	192	1	0	0	0	20	1	0	8	0	0	109	17	0	2	0	0	0	0	0	29	2	2	0	526	0	0	2	0	933	0	45	0	0	0	7	0	0	110	0	0	763126	0	0	659	349	8	0	94	0	0	0	0	636	0	0	0	0	0	691	0	0	0	2	0	0	2	0	0	0	0	80	0	0	0	0	0	0	0	0	0	0	0	0	2	52	69	7548	0	0	976	0
EHA01896_bin.36	127	109	0	0	0	0	0	0	0	0	9	0	0	94	124	0	184	0	189	0	5	4	0	87	0	0	193	0	274	0	8059	0	0	0	0	0	0	0	0	207	0	0	0	0	0	2	0	2	0	0	20	0	0	0	0	0	0	0	0	34	6	0	0	71	0	0	0	0	38	0	15	0	0	0	0	0	0	13	0	0	141147	0	0	151	2	0	0	28	0	0	0	0	21	0	0	2	0	0	160	0	0	0	0	0	0	0	0	0	0	0	12	0	0	0	0	0	0	0	0	0	0	0	0	2	19	56	61	0	0	265	0
EHA01896_bin.38	117	529	0	0	0	0	0	0	0	0	0	0	0	2437	19174	0	206	15	4	0	0	2	17	19	0	19	15756	0	4	0	100	0	0	25	21	0	0	0	0	26	0	0	0	0	3	0	0	4	0	0	31	16	0	0	0	0	0	0	0	0	0	3	0	10930	0	0	0	0	5387	0	4	0	0	0	4	1	0	2115	0	0	11490	0	0	5728	99	1	0	3	0	0	0	0	9161	0	0	0	0	0	11529	0	0	0	0	0	0	0	0	0	0	0	7	0	0	0	0	0	0	0	0	0	0	0	0	0	5	37	1442	0	0	120	0
EHA01896_bin.3	0	12	0	0	15	0	0	0	0	0	0	0	0	24174	192132	0	0	4	2	0	0	0	4	1	0	1	8044	11	8	0	15	0	0	0	0	0	0	0	10	0	0	0	0	0	3	0	18	4	0	0	0	2	0	0	0	0	0	0	0	0	0	0	0	2101	0	0	0	6	6578	0	0	0	0	16	0	0	0	15284	0	0	50466	0	0	10198	4	0	0	0	0	0	0	0	3594	0	0	0	0	0	1223	0	0	8	0	0	0	0	0	3	23	0	0	27	0	0	0	0	0	0	0	0	0	0	6	0	0	0	0	0	8	11	0
EHA01896_bin.41	136	481	0	5	0	0	0	0	0	0	0	2	0	3296	25671	0	250	179	14	0	1	0	9	36	0	36	20087	0	36	0	421	0	0	106	71	0	0	0	0	120	0	0	2	0	68	0	0	1	0	0	145	37	0	0	0	0	0	10	0	19	4	12	0	17196	0	2	6	0	6392	2	5	0	0	0	16	0	0	3414	0	0	66838	0	0	7077	12	24	0	8	2	0	4	0	11461	0	0	0	0	0	15446	2	0	0	0	0	0	0	0	0	0	0	6	0	0	0	0	246	0	0	2	0	0	0	0	24	8	88	148	0	1	945	0
EHA01896_bin.6	0	146	0	26	253	0	0	0	0	0	5	0	0	19964	78332	0	0	94	24	0	8	0	47	43	0	73	37217	34	90	0	129	0	0	15	0	0	0	0	0	26	0	0	0	2	33	2	34	15	0	0	11	4	0	0	0	0	0	0	0	6	2	14	0	7954	0	0	12	39	19007	0	41	0	0	89	0	0	0	12343	0	0	56248	0	0	7157	18	22	0	58	0	0	0	0	18143	0	0	0	0	0	12826	0	0	14	2	2	0	0	5	8	4	0	62	3	0	2	0	0	0	0	0	0	0	0	44	0	2	23	49	0	34	7119	0
EHA01897_bin.10	0	6	0	0	1	0	0	0	0	0	0	2	2	62375	445834	0	2	0	0	0	3	0	6	21	0	0	34385	16	6	0	37	0	0	0	0	0	0	0	2	0	0	0	0	0	1	0	2	8	0	0	0	10	0	0	0	0	0	0	0	0	0	1	0	1611	0	0	0	2	8160	0	6	0	0	16	0	0	0	31084	0	0	42918	2	0	25320	21	0	0	0	0	0	0	0	8864	0	0	0	0	0	1347	0	0	8	0	0	0	0	0	0	2	0	14	13	0	0	0	0	0	0	0	0	0	0	7	2	2	0	21	0	10	44	0
EHA01897_bin.11	0	2	36	0	4	0	0	0	0	0	2	0	0	100	1922	0	0	2	1	0	18	0	39	4	0	0	461	0	0	0	6	0	0	7	0	0	0	0	0	2	0	0	0	0	3	0	0	2	0	0	29	13	6	0	0	0	0	0	10	0	0	4	0	1121	0	0	0	0	1494	0	7	0	0	0	0	4	0	771	0	0	798	0	0	558	0	0	0	0	0	0	0	0	1331	0	0	0	0	0	1120	0	0	0	0	28	0	0	3	9	0	0	0	2	0	0	0	0	0	0	0	0	3	0	0	15	0	0	0	0	0	61	0
EHA01897_bin.13	16	243	1	11	26	2	0	0	0	0	2	0	0	1016	3578	0	11	1285	32	2	13	8	188	30	0	115	207161	327	32	0	407	0	0	450	3	0	1	0	122	45	0	0	0	0	491	3	254	31	2	0	149	35	0	0	0	0	0	4	5	7	4	115	0	1111	0	3	16	176	564	0	30	0	0	233	99	0	0	1149	0	0	78487	0	0	1691	32	21	0	15	0	0	0	0	547	0	0	2	0	0	3302	0	0	672	0	27	0	0	0	29	178	1	63	126	0	0	0	0	0	0	0	0	0	0	327	114	11	265	172	0	264	4073	0
EHA01897_bin.20	23	74	0	0	0	0	0	0	0	0	0	0	0	5405	58832	0	44	55	2	0	0	0	16	0	0	11	41989	0	0	0	963	0	0	1	6	0	0	0	0	0	0	0	0	0	14	0	0	0	0	0	22	2	0	0	0	0	0	0	0	1	0	0	0	36573	0	0	4	0	14374	0	0	0	0	0	5	0	0	17856	0	0	10824	0	0	13469	0	1	0	0	0	0	0	0	25514	0	0	0	0	0	46552	0	0	0	0	0	0	0	0	0	0	0	4	0	0	0	0	0	0	0	0	0	0	0	0	11	0	9	9	0	0	139	0
EHA01897_bin.23	1165	61	0	2	0	0	0	0	0	0	16	2	0	55	252	0	2103	0	11	0	28	2	2	27	0	0	938	0	73	0	80696	0	0	0	0	0	0	0	0	15	0	0	0	0	0	2	0	8	1	0	23	10	0	0	0	0	0	0	0	9	0	0	0	94	0	0	0	0	316	0	19	0	0	0	0	0	0	40	0	0	352160	0	0	127	58	0	0	41	0	0	0	0	155	0	0	0	0	0	195	0	0	0	0	0	0	0	0	0	0	0	31	0	0	0	0	0	0	0	0	0	0	0	0	3	14	22	1121	0	0	226	0
EHA01897_bin.2	0	20	0	0	13	0	0	0	0	0	0	0	0	1127	21455	0	0	0	0	0	1	6	49	2	0	0	8991	0	2	0	0	0	0	0	0	0	0	0	0	0	0	0	0	0	0	0	0	0	0	0	0	8	0	0	0	0	0	0	24	0	0	11	0	1953	0	0	2	0	4533	0	1	0	0	11	0	0	0	1918	0	0	6204	0	0	1368	21	7	0	5	0	0	0	0	4989	0	0	1	0	0	1414	0	0	0	0	0	2	0	0	25	0	0	6	0	0	0	0	0	0	0	0	0	0	0	2	11	2	0	2	0	3	30	0
EHA01897_bin.6	4	39	0	0	0	0	0	0	0	0	4	0	0	13210	465390	0	0	0	0	0	5	10	0	11	0	0	352616	0	12	0	212	0	0	0	0	0	0	0	0	2	0	0	0	0	0	4	0	2	0	0	0	0	0	0	0	0	0	0	0	0	0	0	0	19614	0	0	4	0	91949	0	27	0	0	0	0	0	0	2528	0	0	388010	0	1	19436	38	0	0	32	0	0	0	0	151067	0	0	0	0	0	63858	0	0	0	0	0	0	0	0	0	0	0	21	0	0	1	0	0	0	0	0	0	0	0	0	0	0	12	26	0	0	874	0
EHA01897_bin.8	4	152	1	14	1753	0	0	0	0	0	0	0	2	19155	5075	0	0	1	0	0	0	0	7	9	0	0	2516	65	109	0	333	0	0	42	0	0	0	0	5	1	0	0	0	0	0	0	13	34	0	0	17	4	0	0	0	0	0	0	0	0	0	3	0	1629	0	0	0	22	16128	0	0	0	0	96	4	0	0	22671	0	0	13995	0	0	4956	4	0	0	3	0	0	0	0	1463	0	0	0	0	0	53664	0	0	38	4	0	0	0	1	6	18	0	0	12	0	3	0	0	0	0	0	0	0	0	29	10	2	32	10	0	8	432	0
EHA01898_bin.14	0	0	0	0	0	0	0	0	0	0	0	0	0	31	938	0	0	0	0	0	0	0	0	0	0	0	222	0	0	0	0	0	0	0	0	0	0	0	0	0	0	0	0	0	0	0	2	0	0	0	0	0	0	0	0	0	0	0	0	0	0	0	0	38	0	0	0	0	218	0	0	0	0	0	0	0	0	238	0	0	254	0	5	18	0	0	0	0	0	0	0	0	149	0	0	0	0	0	6352	0	0	1	0	0	0	0	0	0	0	0	0	0	0	2	0	0	0	0	0	0	0	0	0	0	0	0	0	0	2	0	0
EHA01898_bin.17	0	107	0	0	71	0	0	0	0	0	2	0	0	41912	366549	0	0	0	0	0	14	2	2	0	0	0	135431	6	9803	0	6	0	0	0	0	0	0	0	2	0	0	0	0	0	0	4	1	6	0	0	0	3	0	0	0	0	0	0	0	0	0	0	0	11140	0	0	0	0	82791	0	16	0	0	0	0	0	0	44619	0	0	220101	0	0	31193	3	0	0	23	0	0	0	0	133859	0	0	2	0	0	192175	0	0	22	0	0	0	0	0	0	0	0	180	0	0	0	0	1	0	0	0	0	1	0	1	0	0	0	0	0	11	1	0
EHA01898_bin.23	69	913	0	1	2	0	0	0	0	2	78	0	0	46813	590292	0	0	0	6	0	72	21	1	68	0	2	458703	0	24	0	16099	0	0	0	0	0	0	0	0	82	0	0	0	0	0	1	0	14	0	0	23	0	0	1	0	0	0	0	0	11	4	0	0	152268	0	0	6	0	196111	0	97	0	0	0	0	0	0	18804	0	0	401216	0	0	103724	128	0	0	231	0	0	0	0	345907	0	0	0	0	0	104881	0	0	0	0	0	0	0	0	7	0	0	122	0	0	0	0	0	0	0	0	0	0	0	0	0	4	35	28	2	0	1691	0
EHA01898_bin.3	14	37	1	13	1	0	0	0	0	0	1	0	3	1515	126630	0	11	65	0	0	1	2	93	1	0	4	9512	4656	18	0	15	0	0	5	0	0	0	0	421	4	0	0	0	1	42	0	842	159	0	0	4	47	0	0	0	0	0	1	13	6	3	31	0	615	0	2	6	439	24479	0	14	0	0	2756	2	0	0	339	0	0	177	0	8	1533	11	5	0	7	0	0	0	0	23902	0	0	8	0	0	3103	0	0	417	1	14	0	0	2	16	422	1	2	2307	0	5	0	0	0	2	0	0	0	0	6227	49	2	9	21	0	627	150	0
EHA01898_bin.4	0	259	0	16	4	0	0	2	0	0	39	0	0	85637	938412	0	8	0	0	0	73	6	0	0	0	0	17912	6	10	0	19	0	0	0	0	0	4	0	0	0	0	0	0	0	0	2	0	7	0	0	0	24	0	0	0	0	0	0	0	0	0	0	4	1656	0	0	0	0	296398	0	40	0	0	2	0	2	0	460998	0	0	11536	0	0	12024	37	0	0	107	0	0	0	0	470545	0	0	0	0	0	68177	0	0	5	0	0	0	0	0	0	8	1	31	0	0	0	0	0	0	0	0	0	0	2	1	0	0	0	22	0	0	0	0
EHA01899_bin.21	3	11	0	0	0	0	0	0	0	0	0	0	0	47400	224147	0	0	1	0	0	16	2	0	6	0	0	94633	0	5	0	993	0	0	0	0	0	0	0	0	0	0	0	0	0	0	0	0	3	0	0	2	0	0	0	0	0	0	0	0	0	0	0	0	164553	0	0	2	0	83109	0	4	0	0	0	0	0	0	22878	0	0	103741	0	0	57837	2	0	0	32	0	0	0	0	99179	0	0	0	0	0	110601	0	0	0	0	0	2	0	0	0	0	0	17	0	0	0	0	0	0	0	0	0	0	0	0	0	0	2	8	0	0	99	0
EHA01899_bin.27	0	0	0	0	0	0	0	0	0	0	13	0	0	7081	18240	0	0	0	0	0	3	10	4	0	0	0	2630	0	0	0	0	0	0	0	0	0	0	0	0	0	0	0	0	0	0	0	0	3	0	0	0	0	0	0	0	0	0	0	3	0	0	1	0	210	0	0	2	0	6695	0	18	0	0	1	0	0	0	9185	0	0	2983	0	0	19241	72	0	0	46	0	0	0	0	5446	0	0	0	0	0	4056	0	0	0	0	0	0	0	0	0	0	0	59	0	0	0	0	0	0	0	0	0	0	0	0	0	0	0	7	0	0	118	0
EHA01899_bin.29	3	810	0	0	0	0	0	0	0	0	15	0	0	43029	269439	0	2	0	314	0	17	3	0	19	0	1	164922	0	5	0	1476	0	0	0	0	0	0	0	0	41	0	0	0	0	0	0	0	0	0	0	14	0	0	0	0	2	0	0	0	16	0	0	0	110757	0	0	123	0	67695	0	20	0	0	0	0	0	0	17459	0	0	115988	0	0	86775	21	0	0	27	2	0	0	0	85045	0	0	0	0	0	67669	0	0	0	0	0	0	0	0	2	0	0	70	0	0	0	0	0	0	0	0	0	0	0	0	0	0	15	3827	0	0	176	0
EHA01900_bin.14	4	79	0	0	0	0	0	0	0	0	0	0	0	6766	1246	0	0	0	0	0	0	0	0	0	0	0	1984	0	25	0	14	0	0	0	3	0	0	0	0	0	0	0	0	0	0	0	0	0	0	0	0	0	0	0	0	0	0	0	0	0	0	0	0	4479	0	0	0	1	295	0	0	0	0	1	0	0	0	371	0	0	635	0	0	2217	0	0	0	0	0	0	0	0	921	0	0	0	0	0	44729	0	0	0	0	0	0	0	0	0	0	0	0	0	0	0	0	0	0	0	0	0	0	0	1	0	2	4	2	0	2	0	0
EHA01900_bin.15	0	342	0	4	0	0	0	0	0	0	0	0	0	6550	32130	0	0	0	0	0	0	0	0	0	0	0	6029	1	88	0	16	0	0	16	0	0	0	0	1	0	0	0	0	0	0	0	0	2	0	0	0	0	0	0	0	0	0	0	0	0	0	0	0	17034	0	0	0	0	22882	0	0	0	0	0	0	0	0	931	0	0	5412	0	0	15323	0	0	0	0	0	0	0	0	9366	0	0	0	0	0	154349	0	0	0	0	1	0	0	0	0	0	0	0	2	0	0	0	0	0	0	0	0	0	0	1	0	0	8	0	0	0	186	0
EHA01900_bin.25	0	1058	0	0	223	0	0	0	0	0	0	0	60	14275	6741	0	0	0	0	0	2	0	4	0	0	0	5159	0	0	0	0	0	0	0	0	0	0	0	0	0	0	0	0	0	0	0	0	0	0	0	0	2	4	0	0	0	0	0	0	0	0	3	0	38165	0	0	0	0	6874	0	0	0	0	9	0	0	0	6868	0	0	1238	0	0	25355	44	2	0	0	0	0	0	0	4301	0	0	0	0	0	74273	0	0	5	0	0	0	1	1	5	0	0	0	2	0	0	0	0	0	0	0	0	8	0	0	8	0	0	9	0	1	163	0
EHA01900_bin.26	0	0	0	0	3	0	0	0	0	0	0	0	0	93128	18248	0	0	54	0	0	0	0	0	8	0	0	4225	0	0	0	0	0	0	0	0	0	0	0	0	0	0	0	0	0	27	0	0	2	0	0	0	0	0	0	0	0	0	0	1	0	0	0	0	271208	0	0	0	0	6657	0	2	0	0	0	0	0	0	48744	0	0	2164	0	0	410251	2	0	0	1	0	0	0	0	7499	0	0	0	0	0	492007	0	0	0	0	4	0	0	0	3	0	0	1	0	0	0	0	0	0	0	0	0	0	0	0	0	0	0	0	0	2	11	0
EHA01900_bin.29	0	12	0	0	6	0	0	0	0	0	2	0	0	94342	27943	0	0	0	0	0	0	0	2	2	0	0	11525	9	14	0	12	0	0	1	0	0	0	0	3	0	0	0	0	0	0	0	5	1	0	0	1	4	0	0	0	0	0	0	0	0	0	0	0	34646	0	0	0	3	14205	0	0	0	0	8	0	0	0	85638	0	0	1078	0	0	14440	7	0	0	0	0	0	0	0	11141	0	0	0	0	0	128405	0	0	2	0	0	0	0	0	0	1	0	1	11	0	0	0	0	0	0	0	0	0	0	6	0	0	0	0	0	1	82	0
EHA01900_bin.34	0	2	0	0	0	0	0	0	0	0	0	0	0	19398	38969	0	0	0	0	0	0	0	0	0	0	0	11895	0	0	0	0	0	0	0	0	0	0	0	0	0	0	0	0	0	0	0	0	5	0	0	0	2	0	0	0	0	0	0	0	0	0	0	0	1759	0	0	0	0	8228	0	3	0	0	0	0	0	0	8790	0	0	8776	0	0	139366	0	0	0	0	0	0	0	0	24494	0	0	0	0	0	212753	0	0	0	0	0	0	0	0	0	0	0	0	0	0	0	0	0	0	0	0	0	0	0	0	0	0	0	0	0	0	0	0
EHA01900_bin.41	0	59	0	0	7	0	0	0	0	0	0	0	1	9740	3523	0	0	0	0	0	0	0	0	0	0	0	1152	0	0	0	0	0	0	0	0	0	0	0	0	0	0	0	0	0	0	0	1	0	0	0	0	2	0	0	0	0	0	0	0	0	0	0	0	43975	0	0	0	1	1385	0	1	0	0	1	0	0	0	18220	0	0	288	0	0	8331	16	0	0	0	0	0	0	0	1897	0	0	0	0	0	53781	0	0	0	0	0	0	0	0	0	0	0	0	0	0	0	0	0	0	0	0	0	0	0	0	3	0	0	6	0	2	36	0
EHA01900_bin.46	0	187	0	4	85	0	0	0	0	0	2	0	0	597008	200898	0	1	0	0	0	52	2	5	0	0	0	53097	127	43230	0	8	0	0	0	0	0	0	0	3	0	0	0	0	0	0	1	12	8	0	0	0	11	0	0	0	0	0	0	0	0	0	0	2	9231	0	0	2	17	29044	0	36	0	0	51	0	0	0	23833	0	0	36574	0	0	40493	29	0	0	18	0	0	0	0	111370	0	0	0	0	0	246557	0	0	292	0	0	0	0	0	0	105	0	30	13	0	3	0	0	0	0	0	0	2	0	50	0	0	0	11	0	112	21	0
EHA01900_bin.48	143	1000	0	0	0	0	0	0	0	0	9	0	0	53428	152264	0	413	14	23	0	30	6	157	14	0	57	64068	1	18	0	1185	0	0	28	10	0	0	4	0	9	0	0	0	0	7	1	0	4	0	0	30	25	0	0	0	0	0	0	0	0	0	0	0	286285	0	2	10	0	37681	0	15	0	0	0	6	3	0	35576	0	0	40408	0	0	132262	75	37	0	32	1	0	0	0	58753	0	0	0	0	0	632256	0	0	0	4	0	0	0	2	7	2	0	345	0	0	1	0	0	0	0	0	0	0	0	0	1	5	69	81	0	0	215	0
EHA01900_bin.52	69	12	0	0	2	0	0	0	0	0	0	0	0	4160	44234	0	4	168	2	0	0	0	2	193	0	0	4410	0	8	0	14	0	0	81	0	0	0	0	6	5	0	0	0	0	50	0	38	12	0	0	21	0	0	0	0	0	0	0	20	0	27	0	0	4832	0	0	0	2	2995	0	2	0	0	0	0	0	0	1196	0	0	3761	0	0	8322	0	14	0	19	0	0	0	0	7626	0	0	0	0	0	44108	0	0	0	2	0	0	0	0	0	0	0	6	11	0	0	0	0	0	0	0	0	0	0	0	2	0	61	21	0	0	162	0
EHA01900_bin.6	0	2	10	17	6	0	0	0	0	0	25	0	0	5317	7709	0	6	34	0	0	48	0	66	9	0	55	12397	2	0	0	8	0	0	0	0	0	0	0	0	3	0	0	0	3	8	0	0	12	0	0	5	1	0	0	0	0	0	0	0	0	0	15	0	2286	0	0	8	0	2016	0	112	0	0	1	4	0	0	205	0	0	3727	4	6	29691	451	7	0	386	0	0	0	0	17335	0	0	1	0	0	50297	0	0	0	0	7	0	0	4	20	0	0	137	2	0	10	0	0	0	0	0	0	0	0	0	24	0	0	11	0	0	25	0
EHA01901_bin.11	0	0	0	0	0	0	0	0	0	0	0	0	0	9959	2295	0	13	0	0	0	0	0	0	0	0	0	231	2	0	0	0	0	0	0	0	0	0	0	0	0	0	0	0	0	0	0	0	0	0	0	0	0	0	0	0	0	0	0	0	0	0	0	0	144	0	0	4	0	350	0	3	0	0	1	0	0	0	1136	0	0	940	0	0	5917	0	0	0	0	0	0	0	0	1355	0	0	0	0	0	7194	0	0	1	0	0	0	0	1	0	0	0	0	0	0	0	0	0	0	0	0	0	0	0	9	0	0	0	0	0	0	0	0
EHA01901_bin.19	453	5980	0	2	0	0	0	0	0	0	6	0	0	19199	4405	0	491	2224	246	0	0	1	1982	2	0	306	811	0	3646	0	11463	0	0	38846	0	0	4	0	0	54	0	0	0	0	785	0	0	13	0	0	18921	40	0	0	0	0	0	30	22	5	66	12953	0	36	0	0	0	0	603	0	8	0	0	0	8	0	0	1038642	0	0	417	8	0	329	9	80	0	2	0	0	1	0	1210	0	2	0	0	0	7565	0	0	0	7	0	0	0	26	974	0	4	8	2	2	0	0	2	0	1	0	0	0	0	6	6767	11	3831	1115	0	2	18020	0
EHA01901_bin.21	1	25	0	0	0	0	0	0	0	0	0	0	0	8594	27431	0	1	6	0	0	0	0	2	0	0	0	16249	0	4	0	14	0	0	0	0	0	0	0	0	0	0	0	0	0	3	0	0	0	0	0	6	0	0	0	0	0	0	0	0	0	0	0	0	32874	0	0	0	0	5760	0	0	0	0	0	0	2	0	11683	0	0	3479	0	0	15458	0	0	0	0	0	0	0	0	7409	0	0	0	0	0	40417	0	0	0	0	0	0	0	0	0	0	0	0	0	0	0	0	0	0	0	0	0	0	0	0	0	2	5	10	0	0	0	0
EHA01901_bin.27	3	971	0	0	0	0	0	0	0	0	0	0	0	56626	200612	0	1	0	0	0	2	0	1	0	0	0	91683	0	13	0	956	0	0	0	0	0	0	0	0	3	0	0	0	0	0	0	0	0	0	0	0	0	0	0	0	0	0	0	0	0	0	0	0	180762	0	0	2	0	43683	0	2	0	0	0	0	0	0	19673	0	0	67407	0	2	121160	6	0	0	2	0	0	0	0	88735	0	0	0	0	0	172862	0	0	0	0	0	0	0	0	1	2	0	6	0	0	0	0	0	0	0	0	0	0	0	0	0	0	4	16	0	0	45	0
EHA01901_bin.3	0	0	42	0	0	0	0	0	0	0	0	0	0	31763	140751	0	0	7	0	0	18	0	21	0	0	4	58551	0	0	0	4	0	0	8	0	0	0	0	0	0	0	0	0	2	4	0	0	1	0	0	2	12	60	0	0	0	0	0	4	0	0	4	0	73894	0	0	0	0	84568	0	7	0	0	0	0	34	0	1292	0	0	102288	0	0	735202	0	1	0	0	0	0	0	0	47927	0	0	0	0	0	68527	0	0	2	1	11	0	0	76	11	0	0	0	2	0	0	0	0	0	0	0	0	57	2	0	11	0	4	0	0	0	10	0
EHA01901_bin.9	4	68	0	36	2	0	0	0	0	0	0	0	1	96844	910388	0	1	5	0	0	4	0	12	0	0	0	233916	10	11	0	50	0	0	25	0	0	0	0	2	0	0	0	0	8	4	0	2	18	0	0	0	32	0	0	0	0	0	0	0	0	0	20	0	5708	0	0	0	13	110106	0	1	0	0	9	4	0	0	156665	0	0	164870	1	0	161427	4	3	0	2	0	0	0	0	251918	0	0	0	0	0	213794	0	0	0	0	2	0	0	0	3	0	0	3	17	0	4	0	0	0	0	0	0	2	0	19	9	2	12	3	0	12	728	0
EHA01902_bin.12	63533	6043	1	67	1	2	0	2	0	0	671	0	0	487	762	0	3129	431729	2888	14	344	2	207	591	0	138	270	85	6709	0	3360	0	0	140834	0	2	0	103	6455	5427	0	0	12	15	141560	0	20154	5385	0	0	24170	76	3	0	0	0	0	2183	25956	4	22841	200	4	1156	0	27	69	496	1517	2	741	0	0	0	640	3	0	409971	4	0	529	11	0	472	27	9692	0	15	0	0	16	0	2957	0	12	0	0	0	31197	0	0	509	97	2381	26	0	57	30	550	4	5203	6403	10	3	0	2	0	109	0	0	5	2	61	102	793	68443	13867	0	344	170849	2
EHA01902_bin.17	0	9	0	0	0	0	0	0	0	0	0	0	0	1651	15500	0	0	0	0	0	0	0	0	0	0	0	1151	11	0	0	1	0	0	0	0	0	0	0	60	0	0	0	0	0	0	0	1	65	0	0	0	23	0	0	0	0	0	0	0	0	0	0	0	873	0	0	0	5	876	0	0	0	0	4	0	0	0	1188	0	0	548	0	0	14654	0	0	0	0	0	0	0	0	2316	0	0	0	0	0	19239	0	0	0	0	0	0	0	0	1	0	0	0	6	0	0	0	0	0	0	0	0	0	0	10	0	0	0	0	0	6	20	0
EHA01902_bin.20	0	130	0	0	55	0	0	0	0	0	7	0	0	249218	106912	0	0	0	0	0	29	44	12	0	0	0	20423	1022	75	0	6	0	0	0	0	0	0	0	267	0	0	0	0	0	0	0	57	196	0	0	5	134	0	0	0	0	0	0	4	0	0	11	1	700089	0	0	0	153	1035	0	48	0	0	192	0	0	0	5878	0	0	809	1	0	3837	13	0	0	11	0	0	0	0	76931	0	0	0	0	0	10788	0	0	154	0	0	2	0	0	2	723	0	26	129	0	0	0	0	0	0	0	0	0	2	60	8	0	0	10	0	53	4	0
EHA01902_bin.25	185	33	0	5	14	0	0	0	0	0	9	0	0	4337	24489	0	4	0	101	0	34	14	1	170	0	0	36310	5	38	0	278	0	0	0	0	0	0	0	0	209	0	0	0	0	0	0	1	4	0	0	258	0	0	1	0	0	0	2	0	20	7	0	0	215496	0	0	1	0	1584	0	27	0	0	0	6	0	0	1915	0	0	737	0	0	95735	78	0	0	38	0	0	0	0	27342	0	0	0	0	0	5326	0	0	1	1	0	0	0	0	0	2	0	46	2	0	0	0	0	0	0	0	0	0	0	18	0	20	101	940	0	2	1039	0
EHA01902_bin.3	0	6	0	0	1	0	0	0	0	0	0	2	0	1039	14751	0	0	0	94	0	0	2	4	0	0	0	1326	0	0	0	0	0	0	0	0	0	0	0	0	0	0	0	0	0	0	0	0	0	0	0	63	0	0	0	0	0	0	0	0	0	0	0	0	2726	0	0	4	0	2041	0	0	0	0	6	0	0	0	4792	0	0	621	0	0	25628	0	0	0	0	0	0	0	0	2333	0	0	0	0	0	39942	0	0	2	0	8	0	0	0	0	0	0	0	0	0	0	0	0	0	0	0	0	0	0	0	0	0	0	2	0	0	37	0
EHA01902_bin.4	2	35220	9	4	0	0	0	0	0	0	2	0	0	92	2559	0	0	1	0	0	35	9	55	4	0	0	765	547	0	0	13	0	0	0	0	0	0	0	655	0	0	0	0	0	0	0	114	0	0	0	1	2	7	0	0	0	0	0	67	0	0	25	0	705	0	0	6	28	620	0	38	0	0	15	0	2	0	119	0	0	784	0	0	254	77	4	0	35	0	0	0	0	943	0	0	0	0	0	250	0	0	121	0	0	0	0	16	37	96	0	87	169	0	0	0	0	0	0	0	0	9	0	44	27	0	0	73	0	84	185	0
EHA01903_bin.11	0	0	0	0	45	0	0	0	0	0	0	0	0	35580	1469	0	0	0	0	0	0	0	3	0	0	0	4960	16	7941	0	6	0	0	6	0	0	0	0	3	0	0	0	0	2	0	0	12	5	0	0	0	5	0	0	0	0	0	0	0	0	0	0	0	2602	0	0	0	35	913	0	0	0	0	25	0	0	0	1770	0	0	911	0	0	156190	0	0	0	0	0	0	0	0	327	0	0	0	0	0	10118	0	0	26	0	0	0	0	3	0	13	0	0	24	0	0	0	0	0	0	0	0	0	0	30	0	0	2	0	0	39	28	0
EHA01903_bin.1	2	127	0	10	55	0	0	0	0	0	0	0	0	9567	122055	0	0	0	0	0	0	0	2	1	0	0	51339	46	27	0	6	0	0	4	0	0	0	0	9	0	0	0	0	0	0	1	19	27	0	0	0	36	1	0	0	0	0	0	0	0	0	2	0	7596	0	0	0	26	1535	0	0	0	0	50	0	0	0	7241	0	0	1792	2	8	354809	3	0	0	0	0	0	0	0	61495	0	0	0	0	0	33859	0	0	20	0	0	0	0	0	0	21	0	0	10	0	0	0	0	0	0	0	0	0	0	33	0	1	8	2	0	15	122	0
EHA01903_bin.28	0	0	0	0	0	0	0	0	0	0	0	0	0	1330	18973	0	0	0	0	0	0	0	0	0	0	0	2514	0	0	0	0	0	0	0	0	0	0	0	0	0	0	0	0	0	0	0	0	1	0	0	0	3	0	0	0	0	0	0	0	0	0	0	0	1560	0	0	0	0	9761	0	0	0	0	0	0	0	0	1817	0	0	392	0	0	52219	4	0	0	0	0	0	0	0	10440	0	0	0	0	0	53321	0	0	0	0	1	0	0	0	0	0	0	0	0	0	0	0	0	0	0	0	0	0	0	0	0	0	0	4	0	0	2	0
EHA01903_bin.32	8	663	0	25	122	0	0	0	0	0	0	0	3	81211	57291	0	0	23	2	0	9	2	5	54	0	0	10336	500	141	0	55	0	0	0	0	0	0	0	32	11	0	0	0	0	8	0	4	16	0	0	2	2	0	0	0	0	0	2	0	10	0	0	0	74957	0	0	9	24	8072	0	23	0	0	286	2	0	0	50056	0	0	16328	2	0	207198	139	0	0	9	0	0	0	0	10572	0	4	1	0	0	39976	0	0	62	0	0	0	0	0	1	674	0	43	16	0	0	0	0	0	0	0	0	4	0	120	0	2	14	8	0	89	1357	0
EHA01903_bin.38	64	2505	0	0	0	0	0	0	0	0	40	0	0	118881	284794	0	0	0	69	0	39	14	0	61	0	0	160969	0	13	0	2936	0	0	0	0	0	0	0	0	119	0	0	0	0	0	1	0	0	0	0	22	0	0	0	0	0	0	0	0	27	0	0	0	356545	0	0	2	0	77850	0	54	0	0	0	0	0	0	47107	0	0	139288	0	0	343441	41	0	0	105	0	0	0	0	118513	0	0	0	0	0	208211	0	0	0	0	0	0	0	0	7	0	0	94	0	0	0	0	0	0	0	0	0	0	0	0	0	0	43	76	0	0	679	0
EHA01903_bin.39	0	48	0	0	0	0	0	0	0	0	0	0	0	48150	82031	0	0	0	0	0	16	0	0	0	0	0	29481	21	228	0	92	0	0	0	0	0	0	0	0	0	0	0	0	0	0	0	0	29	0	0	2	36	0	0	0	0	0	0	0	0	0	0	0	20083	0	0	0	94	20906	0	1	0	0	4	0	0	0	30080	0	0	12521	0	0	114929	23	0	0	3	0	0	0	0	22174	0	0	0	0	0	34556	0	0	8	0	0	0	0	0	0	0	0	34	4	0	0	0	0	0	0	0	0	0	0	10	0	0	3	26	0	254	304	0
EHA01903_bin.5	0	0	0	0	15	0	0	0	0	0	0	0	0	17851	31658	0	0	0	0	0	0	0	1	2	0	0	4093	0	0	0	0	0	0	1	0	0	0	0	0	0	0	0	0	0	0	0	0	0	0	0	0	0	0	0	0	0	0	2	0	0	0	0	0	12017	0	0	0	0	6537	0	0	0	0	5	0	0	0	1101	0	0	230	0	0	195022	0	0	0	0	0	0	0	0	36515	0	0	0	0	0	45319	0	0	0	0	0	0	0	2	0	0	0	0	0	0	0	0	0	0	0	0	0	0	0	0	0	0	0	0	0	0	56	0
EHA01903_bin.7	0	179	0	9	84	0	0	0	0	0	0	0	0	15817	110404	0	0	2	0	0	0	0	2	0	0	0	63167	52	7	0	16	0	0	2	0	0	0	0	11	0	0	0	0	0	0	0	16	11	0	0	4	3	0	0	0	0	0	0	0	0	0	0	0	106590	0	0	4	22	107869	0	2	0	0	45	0	0	0	71790	0	0	70192	0	3	298521	2	0	0	0	0	0	0	0	38014	0	0	0	0	0	23930	0	0	162	0	0	0	0	0	0	10	0	0	8	0	2	0	0	0	0	0	0	0	0	24	0	0	9	0	0	23	292	0
EHA01904_bin.12	9	3	0	0	0	0	0	0	0	0	0	0	1	137004	481218	0	1	0	0	0	0	1	0	21	0	0	225191	0	2	0	1355	0	0	1	0	0	0	0	0	5	0	0	0	2	0	2	0	1	0	0	11	0	0	0	0	0	0	0	0	2	0	0	0	505557	0	0	0	0	181679	0	4	0	0	0	0	3	0	66571	0	0	199951	2	0	165754	8	0	0	15	0	0	0	0	232337	0	0	0	0	0	312025	0	0	0	0	0	0	0	0	0	0	0	7	0	0	0	0	0	0	0	0	0	0	0	0	0	6	13	43	0	0	36	0
EHA01904_bin.15	0	72	0	2	10	0	0	0	0	0	0	0	0	5537	59560	0	0	10	0	0	0	0	1	0	0	0	10839	0	2	0	4	0	0	0	0	0	0	0	2	0	0	0	0	0	2	0	8	0	0	0	4	6	0	0	0	0	0	0	0	0	0	0	0	1618	0	0	0	2	19601	0	0	0	0	3	0	0	0	8862	0	0	4520	0	0	37346	4	0	0	0	0	0	0	0	9229	0	0	0	0	0	115477	0	0	2	0	0	0	0	0	2	2	0	0	5	0	1	0	0	0	0	0	0	0	0	4	0	0	0	0	0	2	86	0
EHA01904_bin.16	0	0	0	0	0	0	0	0	0	0	0	0	0	116	73100	0	0	0	0	0	0	0	3	0	0	0	4863	0	0	0	0	0	0	0	0	0	0	0	0	0	0	0	0	0	0	0	0	2	0	0	0	0	0	0	0	0	0	0	0	0	0	0	0	92	0	0	0	0	9739	0	0	0	0	0	0	0	0	106	0	0	306	0	0	5724	0	0	0	0	0	0	0	0	8640	0	0	0	0	0	49638	0	0	0	0	2	0	0	0	0	0	0	0	0	0	0	0	0	0	0	0	0	0	0	0	0	0	0	0	0	0	0	0
EHA01904_bin.17	6793	223081	0	7	0	0	0	0	0	16	32	0	6	3031	4537	0	173	698	87	0	0	37	986	165	0	126	1053	1	52973	0	14562	0	0	72811	0	0	1	0	0	2094	0	0	0	0	225	0	0	6	0	0	6819	32	0	0	0	0	0	595	0	36	33	864	0	111	0	4	20	0	723	0	12	0	0	0	184	32	0	51168	0	0	649	22	0	168	114	12	0	2	2	0	0	0	51	0	0	2	0	0	1467	0	0	0	6	0	2	0	3	60	0	2	93	0	0	0	0	0	0	4	0	0	0	5	3	380	90	18112	8590	0	0	130712	0
EHA01904_bin.18	0	6362	0	52	57	0	0	0	0	0	0	0	0	39357	52962	0	0	1	0	0	0	0	12	0	0	0	26860	38	2393	0	1769	0	0	0	0	0	0	0	4	10	0	0	0	0	0	0	6	5	0	0	0	7	0	0	0	0	0	0	0	0	0	0	0	2237	0	0	0	7	6903	0	3	0	0	9	0	0	0	121657	0	0	25711	0	0	3958	10	0	0	0	0	0	0	0	6990	0	0	0	0	0	93639	0	0	3	0	0	0	0	0	0	2	0	8	14	0	0	0	0	0	0	0	0	0	0	15	0	0	0	12	0	6	3948	0
EHA01904_bin.22	21	637	0	0	0	0	0	0	0	0	20	0	0	37125	126651	0	0	0	0	0	36	4	16	13	0	0	60651	0	60	0	568	0	0	0	0	0	0	0	0	11	0	0	0	0	0	0	0	1	0	0	3	0	0	0	0	0	0	0	0	1	0	1	0	92849	0	0	0	0	26960	0	26	0	0	0	0	0	0	11203	0	0	49289	0	0	69329	43	0	0	49	0	0	0	0	50624	0	0	0	0	0	97600	0	0	0	0	0	0	0	0	0	0	0	77	0	0	0	0	0	0	0	0	0	2	1	0	0	0	17	18	0	0	279	0
EHA01904_bin.26	1921	18115	0	63	0	0	0	0	0	3	49	0	0	29969	79570	0	66	694	759	0	3	930	7049	550	0	94	47202	4	2899	0	8379	0	0	3343	11	0	4	0	4	996	0	0	0	0	202	1	0	34	0	0	566	29	0	0	0	0	0	44	3	130	6	62	0	298462	0	2	760	0	31252	0	121	0	0	1	78	5	0	60967	6	0	32076	16	0	78436	565	99	0	34	35	0	0	0	49905	0	0	0	10	0	124949	0	0	0	8	8	12	2	0	12	0	0	2056	26	0	0	0	0	0	12	0	0	0	0	6	84611	156	858	27382	0	0	28666	0
EHA01904_bin.2	0	5	0	0	16	0	0	0	0	0	8	0	0	3222	124111	0	0	0	0	0	0	0	0	648	0	0	12277	0	0	0	0	0	0	0	0	0	0	0	0	0	0	0	0	0	0	0	0	0	0	0	0	2	0	0	0	0	0	0	0	0	0	0	0	731	0	0	0	0	9691	0	0	0	0	1	12	0	0	2343	0	0	8284	0	0	1349	0	0	0	58	0	0	0	0	9537	0	0	0	0	0	49966	0	0	0	0	0	0	0	3	0	0	2	0	0	0	0	0	0	0	0	0	0	0	0	0	2	0	0	4	0	0	79	0
EHA01904_bin.7	0	0	0	0	0	0	0	0	0	0	0	0	1	254088	592879	0	0	0	0	0	0	2	0	0	0	0	94556	0	0	0	0	0	0	0	0	0	0	0	0	0	0	0	0	0	0	0	0	0	0	0	0	0	1	0	0	0	0	0	0	0	0	0	0	231501	0	0	0	0	109892	0	5	0	0	0	0	0	0	656217	0	0	240366	0	0	111534	2	0	0	0	0	0	0	0	70980	0	0	0	0	0	262355	0	1	0	0	0	0	0	0	0	0	0	0	0	0	2	0	0	0	0	0	0	0	0	0	0	0	0	94	0	0	5	0
EHA01904_bin.9	1101	3	13	80	44	0	0	0	0	0	261	0	25	21	79	0	867	6019	127	0	26	4	221	130	0	2912	36	0	198	0	171	0	0	93	46	0	29	0	0	14	0	0	0	543	1798	4	0	188	2	0	56	77	9	0	0	0	4	80	409	4	378	1638	0	22	0	30	2	0	28	6	58	0	0	1	508	29	0	1343	0	0	32	0	111	6	137	1128	0	74	0	0	0	0	31	0	6	309	0	0	713	0	2	14	31	877	4	2	78	689	0	67	48	3	0	69	0	30	0	8	10	0	22	2	2	2061	12	12	257	0	0	411	0
EHA01905_bin.21	1130	169	31	0	1	0	0	0	0	0	5	0	6	9	41	0	357	792	302	0	73	24	217	28	0	1245	8	6	190	0	142	0	0	1949	0	0	0	2	75	247	0	0	0	15	251	4	2311	3319	0	0	2596	219	173	0	0	0	0	180	1389	0	132	1440	0	19	0	0	0	43	38	0	2680	0	0	0	9	26	0	9920	2	0	17	21	2	4	265	1765	0	0	0	0	0	0	106	0	2	0	0	0	12845	2	0	74	428	25100	122	0	185	547	46	0	525	1010	0	0	0	0	0	2	0	3	180	16	12	648	6	4255	682	0	22	5364	0
EHA01905_bin.3	0	0	0	0	49	0	0	0	0	0	0	0	0	1619	33536	0	0	0	0	0	0	0	0	0	0	0	7681	0	0	0	0	0	0	0	0	0	0	0	0	0	0	0	0	0	0	0	0	0	0	0	0	0	0	0	0	0	0	0	0	0	0	0	0	1316	0	0	2	0	9593	0	0	0	0	0	0	0	0	257	0	0	12871	0	0	25907	0	0	0	0	0	0	0	0	5237	0	0	0	0	0	47410	0	0	0	0	0	0	0	0	0	2	0	0	0	0	0	0	0	0	0	0	0	0	0	0	0	0	0	0	0	0	0	0
EHA01905_bin.5	0	10	0	3	0	0	0	0	0	0	0	0	0	4138	101349	0	0	0	0	0	0	0	4	0	0	0	4912	5	4	0	18	0	0	0	0	0	0	0	60	2	0	0	0	0	2	0	2	67	0	0	0	22	0	0	0	0	0	0	0	0	0	0	0	289	0	0	0	6	2363	0	8	0	0	11	0	0	0	139	0	0	1566	0	0	2340	0	0	0	0	0	0	0	0	6603	0	0	0	0	0	7476	0	0	3	0	0	0	0	0	0	0	0	0	3	0	0	0	0	0	0	0	0	0	0	16	3	0	0	0	0	4	122	0
EHA01905_bin.8	50	647	0	99	6	0	0	0	0	0	34	0	0	14407	35097	0	22	832	15	0	10	8	102	44	0	308	10399	264	281	0	672	0	0	104	8	0	1	0	28	38	2	0	0	0	316	1	54	112	0	0	52	54	0	0	0	0	0	21	24	1	9	114	0	17208	0	13	40	103	6316	0	71	0	0	164	11	1	2	17926	0	0	11049	0	1	20216	166	180	0	48	0	0	1	0	11038	0	31	9	0	0	47160	0	2	80	2	57	0	0	0	36	58	6	34	128	0	0	0	0	0	0	0	0	0	0	296	255	0	303	217	0	104	4378	0
EHA01905_bin.9	258	60	23	0	529	0	0	0	0	0	4	0	7	7101	20541	0	47	1374	772	0	0	0	37	4	0	0	9121	0	34	0	35	0	0	509	0	0	0	0	17	179	0	0	0	878	421	0	142	34	0	0	236	8	0	0	0	0	0	31	350	2	57	4866	0	45258	0	0	0	6	4103	0	8	0	0	0	5	0	0	47278	0	0	7233	0	130	9224	5	71	0	0	0	0	0	0	6298	0	0	0	0	0	23027	0	0	6	2	23	0	0	20	120	2	0	29	3	0	41	0	0	0	0	0	0	0	0	0	179	14	91	302	0	2	1004	0
EHA01906_bin.10	0	184	0	6	6	0	0	0	0	0	0	0	0	53457	56218	0	0	0	0	0	0	0	0	1	0	0	36233	1	19	0	9	0	0	0	0	0	0	0	0	0	0	0	0	0	0	0	0	0	0	0	22	0	0	0	0	0	0	0	0	0	0	0	0	22084	0	0	0	5	7251	0	4	0	0	2	0	0	0	212410	0	0	7232	0	1	161943	63	0	0	0	0	0	0	0	36245	0	0	0	0	0	69189	0	0	12	0	0	0	0	0	0	1	0	0	0	0	0	0	0	0	0	0	0	0	0	3	2	0	0	0	0	0	1210	0
EHA01906_bin.11	0	395	0	0	337	0	0	0	0	0	0	0	3	47833	27331	0	0	0	0	0	4	0	51	0	0	0	7996	3	5	0	6	0	0	0	0	0	0	0	11	0	0	0	0	0	0	0	0	49	0	0	0	21	1	0	0	0	0	0	0	0	0	0	0	290289	0	0	0	48	13714	0	6	0	0	74	0	0	0	31683	0	0	10843	0	0	125836	25	0	0	0	0	0	0	0	193496	0	0	0	0	0	29601	0	0	121	0	0	1	0	0	0	0	0	2	25	0	0	0	4	0	0	0	0	0	0	11	1	0	0	3	0	27	353	0
EHA01906_bin.12	23	84	0	12	85	0	0	0	0	0	4	0	0	50867	19437	0	4	7	0	0	2	0	5	30	0	0	7080	81	35	0	51	0	0	194	0	0	0	0	38	0	0	0	0	0	2	0	14	5	0	0	16	4	0	0	0	0	0	0	0	0	0	0	0	13596	0	2	3	31	2776	0	0	0	0	89	5	0	0	7093	0	0	2074	0	0	62202	35	0	0	5	0	0	0	0	6145	0	0	0	0	0	99284	0	0	15	0	0	0	0	0	3	26	0	4	21	0	0	0	0	0	0	0	0	0	0	74	0	8	23	51	0	20	900	0
EHA01906_bin.15	0	39	0	4	30	2	0	0	0	0	0	0	0	119871	13377	0	1	2	0	0	38	1	3	44	0	0	11397	13	22	0	25	0	0	9	0	0	0	0	18	6	0	0	0	2	0	0	40	17	0	0	0	21	0	0	0	0	0	0	0	0	0	2	0	26358	0	0	10	53	2680	0	41	0	0	48	6	0	0	28938	0	0	1972	0	2	124105	103	0	0	23	0	0	0	0	6688	0	0	0	0	0	100008	0	0	37	0	0	0	0	0	0	44	0	34	24	0	0	0	0	0	0	0	0	0	0	21	3	7	2	57	0	96	510	0
EHA01906_bin.24	0	43	0	0	0	0	0	0	0	0	0	0	0	14266	2413	0	0	0	0	0	0	0	0	0	0	2	1163	2	0	0	0	0	0	0	0	0	0	0	0	0	0	0	0	0	0	0	1	0	0	0	0	1	0	0	0	0	0	0	0	0	0	1	0	26345	0	0	0	0	965	0	0	0	0	1	0	0	0	24503	0	0	374	0	0	16804	11	0	0	1	0	0	0	0	1009	0	0	0	0	0	12415	0	0	0	0	0	0	0	0	0	0	0	0	0	0	0	0	0	0	0	0	0	0	0	0	1	0	0	2	0	0	24	0
EHA01906_bin.28	12	1657	0	0	0	0	0	0	0	0	11	0	0	95642	255978	0	26	0	0	0	2	2	3	9	0	0	151860	0	34	0	3548	0	0	0	0	0	0	0	0	40	0	0	0	0	0	2	0	2	0	0	16	0	0	0	0	0	0	0	0	7	0	0	0	319517	0	0	0	0	61981	0	14	0	0	0	0	0	0	59316	0	0	94090	0	0	226768	3	0	0	17	0	0	0	0	101939	0	0	0	0	0	158609	0	0	0	0	0	0	0	2	1	1	0	5	0	0	0	0	0	0	0	0	0	0	0	0	0	0	6	50	0	0	57	0
EHA01906_bin.29	0	602	0	0	4	0	0	0	0	0	0	0	0	33270	33352	0	0	1	16	0	6	2	2	6	0	0	17099	14	150	0	160	0	0	20	0	0	0	0	12	9	0	0	0	3	0	0	1	6	0	0	6	0	0	0	0	0	0	0	0	0	0	10	0	13215	0	0	0	29	7806	0	6	0	0	9	0	0	0	39963	0	0	3156	0	0	42808	6	0	0	3	0	0	0	0	8609	0	0	0	0	0	39126	0	0	97	0	0	0	0	0	0	4	0	23	2	0	0	0	0	0	0	0	0	0	0	17	12	0	4	18	0	82	864	0
EHA01906_bin.2	46	317	0	0	0	0	0	0	0	0	1	0	0	3721	47106	0	52	9	3	0	1	0	4	9	0	36	8762	0	2	0	56	0	0	13	8	0	0	0	2	0	0	0	0	0	0	0	4	0	0	0	8	8	0	0	0	0	0	0	0	2	0	0	0	14382	0	0	5	2	5793	0	2	0	0	9	2	1	0	4532	0	0	2859	0	0	12780	2	0	0	6	0	0	0	0	8229	0	0	0	0	0	25815	0	0	0	0	0	2	0	0	0	0	0	3	0	0	0	0	0	0	0	0	0	0	0	4	3	2	12	33	0	6	61	0
EHA01906_bin.9	1	15	0	2	0	0	0	0	0	0	0	0	1	467	4094	0	0	0	0	0	0	0	0	0	0	0	1183	36	0	0	2	0	0	0	0	0	0	0	187	0	0	0	0	0	0	0	1	133	0	0	0	45	0	0	0	0	0	0	0	0	0	0	2	556	0	0	0	13	521	0	7	0	0	14	0	0	0	394	0	0	718	2	0	725	0	0	0	0	0	0	0	0	9170	0	0	0	0	0	1443	0	0	5	0	0	0	0	0	0	1	0	0	9	0	0	0	0	0	0	0	0	0	0	61	4	0	5	0	0	13	54	0
EHA01907_bin.12	1823	10008	0	83	0	0	0	0	0	16	45	0	0	3441	5519	0	43	18	1017	0	0	1042	22	588	0	2	2932	0	760	0	5305	0	0	70	0	0	0	0	0	420	0	0	0	0	16	0	0	35	0	0	156	26	0	0	0	0	0	44	0	138	0	0	0	51358	0	8	631	0	12149	0	134	0	0	2	54	0	0	30308	10	0	2034	2	0	5475	626	0	0	336	21	0	0	0	2934	0	0	0	16	0	31985	0	0	0	4	0	9	0	0	2	0	0	718	2	0	1	0	2	0	6	0	4	0	0	7	10	40	113	31236	0	0	30494	0
EHA01907_bin.13	7	177	2	0	0	0	0	0	0	0	9	0	0	64577	207914	0	0	0	2	0	4	2	14	2	0	0	61038	0	3	0	299	0	0	0	0	0	0	0	0	1	0	0	0	0	0	0	0	0	0	0	0	2	0	0	0	0	0	0	0	0	0	0	0	113316	0	0	0	0	28155	0	6	0	0	2	0	0	0	11539	0	0	53506	0	0	104916	20	0	0	8	0	0	0	0	77228	0	0	0	0	0	350038	0	0	0	0	0	0	0	0	0	0	0	2	0	0	1	0	0	0	0	0	0	0	0	0	0	0	2	14	0	0	22	0
EHA01907_bin.14	87	278	0	9	0	0	0	0	0	0	28	2	0	4310	12003	8	14	513	534	0	4	190	418	46	0	2	5913	2	11	0	582	0	0	104	0	0	4	0	0	109	0	0	0	0	153	6	0	7	0	0	27	86	0	0	0	0	0	9	0	63	0	59	0	54224	0	8	569	2	15603	0	320	0	0	0	19	14	0	8377	0	0	1381	4	0	8707	1117	0	0	59	0	0	2	0	4214	0	0	0	0	0	23953	0	0	0	0	0	0	0	0	1	0	0	585	1	0	1	0	2	0	2	0	0	0	3	8	56	27	50	3648	0	1	355	0
EHA01907_bin.1	0	1050	0	18	82	0	0	4	0	4	137	0	2	291749	178564	0	0	4	1	0	487	20	28	0	0	0	64234	785	2436	0	98	0	0	0	0	0	14	0	196	1	0	0	0	0	0	50	28	108	0	0	2	41	7	0	0	0	0	0	0	0	0	6	2	38038	0	0	0	47	53912	0	632	0	0	3181	0	2	0	427542	0	0	54462	4	0	144635	607	0	0	763	0	0	2	0	98849	0	0	9	0	0	246811	0	0	302	8	0	7	0	0	1	1969	0	1820	126	0	7	0	4	0	0	0	0	0	6	179	0	0	0	30	0	249	221	0
EHA01907_bin.7	0	0	0	0	0	0	0	0	0	0	0	0	1	35485	122665	0	0	0	0	0	0	0	0	0	0	0	142475	0	2	0	0	0	0	0	0	0	0	0	0	0	0	0	0	1	2	0	0	0	0	0	0	0	0	0	0	0	0	0	0	0	0	0	0	53	0	0	0	0	788005	0	2	0	0	2	0	1	0	4401	0	0	34296	0	2	92888	0	0	0	0	0	0	0	0	883093	0	0	0	0	0	222691	0	0	0	0	0	0	0	0	0	0	0	0	0	0	0	0	0	0	0	0	0	0	0	0	0	0	0	0	0	0	0	0
EHA01907_bin.8	0	1311	4	20	72	0	0	0	0	5	223	4	2	1275709	877889	0	2	0	0	0	2487	13	6	2	0	0	272305	13	3485	0	124	0	0	0	0	0	2	0	13	2	0	0	0	2	0	17	5	114	0	0	0	18	2	2	0	0	0	0	1	0	4	0	8	262795	0	0	0	36	312081	0	799	0	0	96	0	4	0	9399695	0	0	255789	0	0	513660	706	0	0	815	0	0	2	0	430330	0	0	10	0	0	6041406	0	0	30	51	0	8	0	2	1	12	2	1504	6	0	5	0	8	0	0	0	0	3	0	6	1	6	0	11	0	24	96	0
EHA01908_bin.14	8	66646	0	327	8338	0	0	2	0	0	83	0	0	35811	2464	0	0	0	30	0	410	22	246	0	0	0	1405	4111	134	0	205	0	0	0	0	0	0	0	211	1	0	0	0	0	0	10	139	51	0	0	5	42	4	0	0	0	0	0	0	0	0	13	0	351633	0	0	0	2788	474	0	573	0	0	540	0	0	0	3557	0	0	864	0	1	7452	246	0	0	368	0	0	0	0	1873	0	0	6	0	0	1970	0	0	22383	0	0	2	0	0	0	1867	0	213	1346	0	1	0	0	0	0	0	0	1	2	937	0	0	0	56	0	870	2658	0
EHA01908_bin.16	31	3934	0	0	0	0	0	0	0	0	27	0	0	151277	457185	0	1	0	412	0	45	18	2	28	0	0	234736	0	105	0	3280	0	0	0	0	0	0	0	0	153	0	0	0	2	2	3	0	1	0	0	25	1	2	0	0	0	0	0	0	6	1	0	0	904469	0	0	30	0	150992	0	44	0	0	0	2	0	0	62229	0	0	183882	2	1	339324	19	0	0	101	0	0	0	0	269746	0	0	0	0	0	186397	0	0	0	0	0	1	0	0	3	0	0	52	0	0	0	0	0	0	0	0	0	0	0	0	4	4	176	95	0	0	602	0
EHA01908_bin.17	3	2073	0	56	288	0	0	4	0	2	0	0	0	10661	25140	0	9	1	4	0	0	2	6	14	0	0	8765	298	85	0	235	0	0	37	0	0	0	0	31	2	0	0	0	0	0	0	56	23	0	0	52	20	2	0	0	0	0	4	9	0	0	0	0	891490	0	0	4	63	20698	0	2	0	0	222	2	0	0	9317	0	0	7734	0	5	30689	38	0	0	8	0	0	0	0	5476	0	0	0	0	0	26081	0	0	116	0	0	0	0	0	0	69	0	9	75	0	6	0	0	0	0	0	0	0	0	198	4	0	125	9	0	85	4217	0
EHA01908_bin.19	15	76	0	2	7	0	0	0	0	0	3	0	0	62349	13127	0	6	1	32	0	5	2	26	152	0	0	1801	6	25	0	8	0	0	16	0	0	0	0	1	130	0	0	0	1	2	6	6	3	0	0	4	2	0	0	0	0	0	0	0	22	0	1	0	186027	0	2	41	6	1648	0	9	0	0	8	9	0	0	1637	0	0	893	0	0	6845	99	0	0	125	0	0	0	0	3202	0	0	0	0	0	9383	0	0	4	0	0	2	0	0	0	2	0	51	11	2	0	0	0	0	0	0	0	0	0	1	1	50	6	335	0	1	2701	0
EHA01908_bin.20	13	25	0	5	27	0	0	0	0	0	3	4	3	25693	45903	0	28	184	22	0	29	5	38	232	0	23	10664	103	5	0	13	0	0	13	7	0	2	0	22	114	0	0	2	0	72	1	50	5	0	0	10	11	1	0	0	0	0	2	5	0	5	50	1	142260	0	0	145	21	1037	0	62	0	0	42	25	3	0	422	0	0	109	0	0	43146	102	3	0	25	0	0	0	0	54355	0	0	3	0	0	57219	0	1	65	0	12	0	0	1	18	26	0	25	30	0	0	0	1	0	0	0	0	0	0	139	128	69	20	319	0	60	487	0
EHA01908_bin.22	0	0	2	0	1	0	2	0	0	0	0	0	0	46529	7442	0	0	0	0	0	2	0	0	4	0	0	18998	6	2	0	0	0	0	0	0	0	0	0	0	2	0	0	0	0	0	0	1	0	0	0	0	0	0	0	0	0	0	0	1	0	0	0	0	869147	0	0	2	0	3221	0	8	0	0	2	3	0	0	9131	0	0	314	0	0	174699	2	0	0	1	0	0	0	0	100756	0	0	0	0	0	152994	0	0	2	0	0	0	0	0	0	0	0	1	6	0	2	0	0	0	0	0	0	0	0	4	0	1	0	1	0	3	14	0
EHA01908_bin.23	13	25	1	10	0	2	1	2	0	0	2	44	0	90	186	0	0	0	6	4	29	0	4	54	0	0	4	18	34	0	101	0	0	104	7	0	0	0	0	67	6	0	10	0	0	0	0	1	0	0	0	6	2	0	0	0	2	53	3	13	56	4	0	230432	0	14	263	0	9	0	120	0	0	7	160	0	6	5733	0	2	67	0	0	1734	0	0	0	2	0	0	0	0	557	0	49	17	0	0	1585	0	2	0	2	2	0	0	3	3	0	0	0	0	0	0	0	0	0	3	0	0	2	0	0	2	0	43	28	0	0	124	0
EHA01908_bin.24	0	80	0	2	5	0	0	0	0	0	2	0	0	47291	3094	0	0	0	0	0	96	2	0	0	0	0	924	142	65	0	5	0	0	0	0	0	0	0	38	0	0	0	0	0	0	0	2	26	0	0	0	11	0	0	0	0	0	0	0	0	0	0	0	183874	0	0	0	27	665	0	35	0	0	7	0	0	0	1890	0	0	298	0	0	1211	76	0	0	41	0	0	0	0	10571	0	0	0	0	0	1071	0	0	8	0	0	0	0	0	0	1	0	203	1	0	0	0	0	0	0	0	0	0	6	1	0	0	0	2	0	0	6	0
EHA01908_bin.27	876	110	0	1762	0	0	0	0	10	0	172	43	0	4335	11669	8	66	160	309	0	18	827	262	1153	0	0	5915	2	28	0	389	0	0	26	0	0	241	0	0	2374	0	0	0	0	68	47	0	31	0	0	1070	151	0	0	0	0	0	0	0	109	44	14	0	97549	0	4	649	0	5134	2	2183	0	0	0	12	0	0	3227	4	0	6171	22	0	9386	18518	0	0	3516	0	0	0	2	7930	0	3	74	2	0	15787	0	0	0	12	0	0	29	0	0	0	18	15714	0	2	0	0	109	0	2	0	0	0	0	0	35	53	717	12262	0	2	5074	0
EHA01908_bin.2	6	10	0	0	2	0	0	0	0	0	0	0	0	48178	357	0	0	0	0	0	0	0	1	4	0	0	81	0	2	0	17	0	0	22	0	0	0	0	0	4	0	0	0	0	0	0	0	3	0	0	4	0	0	0	0	0	0	0	0	0	0	0	0	143836	0	0	0	0	102	0	0	0	0	0	2	0	0	58	0	0	36	0	1	22106	0	0	0	0	0	0	0	0	44118	0	0	0	0	0	20103	0	0	0	0	0	0	0	0	0	0	0	0	0	0	0	0	0	0	0	0	0	0	0	0	0	2	11	13	0	0	255	0
EHA01908_bin.31	4	2	0	0	0	0	0	0	0	0	1	0	0	47526	47263	0	0	0	0	0	1	0	0	2	0	0	20304	0	0	0	141	0	0	0	0	2	0	0	0	4	0	0	0	0	2	0	0	0	0	0	3	0	0	0	0	0	0	0	0	0	0	0	0	50237	0	0	0	0	12169	0	2	0	0	0	0	0	0	18569	0	0	48442	0	0	51857	7	0	0	5	0	0	0	0	13485	0	0	0	0	0	23321	0	0	0	0	0	1	0	0	0	0	0	11	0	0	0	0	0	0	0	0	0	0	0	0	0	0	2	2	0	0	33	0
EHA01908_bin.32	0	501	0	4	827	0	0	0	0	0	2	0	0	117329	7252	0	0	0	0	0	0	0	8	0	0	0	3623	170	16	0	24	0	0	0	0	0	0	0	62	0	0	0	0	0	0	4	4	2	0	0	2	1	0	0	0	0	0	0	1	0	0	1	0	752304	0	0	0	2	1728	0	21	0	0	27	0	0	0	2841	0	0	1463	2	0	37440	30	0	0	5	0	0	0	0	14244	0	0	0	0	0	1329	0	0	30	0	0	0	0	0	1	344	0	14	13	0	0	0	0	0	0	0	0	4	0	0	0	0	0	3	0	12	3	0
EHA01908_bin.41	0	6	0	0	0	0	0	0	0	0	2	0	0	7107	26920	0	0	1	21	0	0	2	3	15	0	0	17498	0	0	0	0	0	0	0	0	0	0	0	0	0	0	0	0	0	2	0	0	0	0	0	0	0	0	0	0	0	0	0	0	6	0	0	0	128750	0	0	0	0	4349	0	2	0	0	0	0	2	0	11486	0	0	3345	0	0	16511	4	0	0	10	0	0	0	0	14243	0	0	0	0	0	65670	0	0	0	0	0	0	0	0	0	0	0	0	0	0	0	0	0	0	0	0	0	0	0	0	2	0	1	11	0	0	6	0
EHA01908_bin.42	0	74	0	0	10	0	0	0	0	0	0	0	6	13382	3233	0	1	0	0	0	1	0	14	2	0	0	1011	0	0	0	0	0	0	0	0	0	0	0	2	0	0	0	0	0	0	0	12	0	0	0	0	21	0	0	0	0	0	0	2	0	0	0	0	61166	0	0	0	1	1019	0	2	0	0	1	0	0	0	31275	0	0	566	0	0	12373	4	0	0	0	0	0	0	0	862	0	0	0	0	0	13597	0	0	0	0	0	0	0	0	2	1	0	0	93	0	0	0	0	0	0	0	0	0	0	0	0	0	0	0	0	0	32	0
EHA01908_bin.43	0	64	0	2	9	0	0	0	0	0	0	0	8	7446	3157	0	0	0	0	0	1	0	17	2	0	5	463	3	0	0	0	0	0	0	0	0	0	0	1	0	0	0	0	0	0	0	0	0	0	0	0	27	0	0	0	0	0	0	1	0	0	15	0	56689	0	0	0	2	1058	0	6	0	0	6	0	0	0	31336	0	0	745	0	0	5283	18	4	0	0	0	0	0	0	554	0	0	0	0	0	6555	0	0	2	0	0	0	0	0	6	4	0	4	1	2	0	0	0	0	0	0	0	0	0	1	17	0	0	0	0	2	115	0
EHA01908_bin.4	0	436	0	1	3	0	0	0	0	0	0	0	16	3041	4428	0	2	0	0	0	2	0	6	0	0	0	9578	1273	0	0	10	0	0	0	0	0	0	0	6	4	0	0	0	0	0	0	130	514	0	0	0	94	2	0	0	0	0	0	0	0	0	0	0	157627	0	0	6	6	388	0	13	0	0	244	0	0	0	117	0	0	126	0	0	25006	0	0	0	0	0	0	0	0	3272	0	0	0	0	0	2818	0	0	21	0	0	0	0	0	0	10	0	0	155	0	0	0	0	0	0	0	0	0	0	2233	0	0	0	1	0	34	354	0
EHA01908_bin.5	17	67	1	0	10	0	0	0	0	0	12	0	1	14286	20070	0	0	17	6	0	33	12	129	9	0	3	34602	515	51	0	80	0	0	44	3	0	0	0	77	8	0	0	0	6	15	2	211	12	0	0	10	19	1	0	0	0	0	0	19	0	3	13	0	636153	0	0	14	133	5522	0	57	0	0	106	1	0	0	48808	0	0	17333	0	2	46363	240	1	0	163	0	0	0	0	22207	0	2	1	0	0	94726	0	0	50	0	7	0	0	1	25	16	0	101	145	0	10	0	0	0	0	0	0	1	0	127	31	7	54	42	0	525	411	0
EHA01908_bin.8	0	456	0	0	11	0	0	0	0	0	0	0	4	9880	12471	0	0	0	0	0	0	0	2	0	0	0	1222	91	0	0	122	0	0	0	0	0	0	0	8	0	0	0	0	0	0	0	3	24	0	0	2	11	0	0	0	0	0	0	2	0	0	0	0	105008	0	0	0	1	154	0	2	0	0	39	0	0	0	1657	0	0	258	0	0	15977	0	0	0	0	0	0	0	0	3493	0	0	0	0	0	6874	0	0	0	0	0	0	0	0	0	4	0	0	18	0	0	0	0	0	0	0	0	2	0	48	0	0	0	0	0	6	553	0
EHA01908_bin.9	79	117	2	0	0	0	0	0	0	0	0	2	0	16	895	0	31	0	0	0	0	0	19	16	0	0	2021	0	236	0	217	0	0	11	7	0	0	0	0	8	0	0	0	0	0	0	0	0	0	0	0	0	0	0	0	0	0	9	2	0	26	8	0	25481	0	20	11	0	56	0	2	0	0	0	5	0	0	26	2	0	287	0	0	346	0	0	0	0	0	0	0	0	46	0	31	0	0	0	1080	0	0	0	0	2	0	0	0	6	0	0	1	0	0	0	0	0	0	0	0	0	0	0	1	2	1	404	5	0	0	13	0
EHA01909_bin.12	514	407886	0	185	376	4	0	6	0	16	1637	20	2	129174	359227	0	12	0	8	0	9921	262	15	2	0	0	236917	2334	1589	0	22878	0	0	0	0	0	21	0	2195	6	0	0	0	0	0	369	445	801	0	0	173	180	2	0	0	0	0	0	0	0	10	628	38	50619	0	0	6	1147	143725	0	6529	0	0	1136	2	0	0	456992	16	8	125808	16	3	674510	3037	0	0	4427	0	0	4	0	184869	0	0	84	0	0	53181	2	2	36620	24	0	24	0	0	93	2193	0	6834	875	0	7	0	6	0	6	0	0	0	73	2557	1	4	4	3575	2	2126	12143	0
EHA01909_bin.13	354	1992	0	4	0	0	0	0	0	0	13	0	0	11178	15689	0	1024	218	52	0	5	0	668	39	0	233	6091	0	74	0	443	0	0	149	54	0	0	0	0	58	0	0	0	0	73	1	0	24	0	0	348	71	0	0	0	0	0	2	0	18	2	1	0	11119	0	4	23	0	3352	0	11	0	0	0	23	32	2	54840	0	0	2124	10	0	7484	26	918	0	21	0	0	0	2	6429	0	2	0	0	0	16760	1	0	0	0	0	0	0	0	0	0	6	37	0	0	0	0	0	0	0	0	0	0	8	0	47	18	216	1261	0	1	608	0
EHA01909_bin.18	32743	1193	0	14	0	6	0	0	34	0	589	2	0	78428	88558	0	119	0	26725	0	673	115	4	36789	0	1	55139	0	4490	0	52258	0	0	15	10	0	2	0	0	70109	0	0	0	0	1	49	0	113	0	0	83728	19	0	0	0	0	0	30	0	9533	1183	0	0	154543	0	125	749	0	22602	0	558	0	0	0	848	0	14	423036	10	0	35266	17	1	79184	9833	46	0	1512	2	0	0	19	37642	0	131	3	0	0	100371	0	0	0	11	0	7	65	0	1	0	2	1782	0	0	0	0	0	0	10	0	0	1	12	0	9	4493	21462	378295	0	0	68450	0
EHA01910_bin.13	2	1134	0	0	0	0	0	0	0	0	8	0	0	51072	171527	0	0	0	321	0	2	4	2	4	0	0	85247	0	87	0	1196	0	0	0	0	0	0	0	0	55	0	0	0	0	0	0	0	0	0	0	2	0	0	0	0	0	0	0	0	0	0	0	0	170516	0	0	34	0	40351	0	6	0	0	0	0	0	0	19345	0	0	59138	0	1	116957	0	0	0	3	0	0	0	0	59901	0	0	0	0	0	94484	0	0	0	0	0	0	0	0	2	0	0	13	0	0	0	0	0	0	0	0	0	0	0	0	0	0	200	9	0	0	98	0
EHA01910_bin.16	74	1592	0	0	0	0	0	0	0	0	7	0	0	5002	21520	0	34	178	2	0	1	0	162	6	0	8	13805	0	120	0	458	0	0	8225	17	0	4	0	0	13	0	0	0	0	113	2	0	0	0	0	316	15	0	0	0	0	0	11	1	4	0	669	0	31660	0	2	0	0	4484	0	4	0	0	0	2	0	0	15309	0	0	3966	0	0	11497	0	2	0	0	0	0	0	0	8175	0	0	0	0	0	36211	0	0	0	0	0	0	0	0	33	0	0	5	0	0	0	0	0	0	0	0	0	0	0	1	383	0	124	70	0	0	453	0
EHA01910_bin.17	7	0	0	0	0	0	0	0	0	0	2	0	0	29169	26675	0	0	0	0	0	8	2	0	0	0	0	10608	0	0	0	75	0	0	0	0	0	0	0	0	0	0	0	0	0	0	0	0	0	0	0	0	0	0	0	0	0	0	0	27	0	0	0	0	42629	0	0	0	0	6038	0	5	0	0	0	0	0	0	9737	0	0	28528	0	0	30430	4	0	0	3	0	0	0	0	7503	0	0	0	0	0	19498	0	0	0	0	0	0	0	0	0	0	0	2	0	0	0	0	0	0	0	0	0	0	0	0	0	0	4	8	0	0	96	0
EHA01910_bin.4	132	215	47	5026	0	12	24	1327	0	0	8	310	0	2	4	37	0	0	698	13	172	0	10	592	5	3	0	55	725	0	9571	2	0	943	30	4	6	8	0	1657	87	121	22	0	5	117	5	33	10	0	2	35	74	0	0	0	61	631	2	508	437	32	18	1035	0	303	3315	5	265	0	1681	0	0	32	2358	30	85	97	6	74	0	5	0	22404	0	1	0	19	22	0	0	65	54	2	511	139	0	0	41	1	99	2	8	2	0	0	76	6	0	32	91	0	0	0	0	4	0	92	0	0	73	0	14	2	20	5828	15053	1	3	26932	1
EHA01910_bin.7	0	8	0	0	0	0	0	0	0	0	4	0	0	18639	55475	0	0	0	0	0	5	5	75	0	0	7	30457	0	0	0	6	0	0	5	0	0	0	0	0	0	0	0	0	0	4	0	0	0	0	0	2	0	0	0	0	0	0	0	1	0	0	2	0	103342	0	0	0	0	13418	0	11	0	0	0	0	0	0	42335	0	0	27867	0	0	21989	16	79	0	20	0	0	0	0	20756	0	0	0	0	0	45431	0	0	0	0	0	0	0	0	1	0	0	17	0	0	0	0	0	0	0	0	0	0	0	0	2	0	0	6	0	0	34	0
EHA01911_bin.10	0	37	0	0	16	0	0	0	0	0	5	0	0	34169	225821	0	0	0	0	0	68	4	2	0	0	0	94431	1	34	0	6	0	0	0	0	0	0	0	2	6	0	0	0	0	0	17	0	10	0	0	6	0	0	0	0	0	0	0	0	0	0	0	2	50197	0	0	0	0	60979	0	11	0	0	6	0	0	0	264326	0	0	65697	0	2	408300	38	0	0	23	0	0	0	0	111929	0	0	0	0	0	206998	0	0	3	0	0	0	0	0	0	0	0	63	0	0	0	0	0	0	0	0	0	0	0	11	0	0	2	7	0	35	55	0
EHA01911_bin.11	0	18	0	0	0	0	0	0	0	0	0	0	0	7402	31125	0	0	0	0	0	0	2	9	0	0	2	82530	0	0	0	0	0	0	0	0	0	1	0	10	0	0	0	0	0	0	0	9	2	0	0	0	0	0	0	0	0	0	0	89	0	0	33	0	118133	0	0	1	3	8494	0	5	0	0	0	0	0	0	23076	0	0	36508	1	2	26537	0	1	0	0	0	0	0	0	45369	0	0	0	0	0	55994	0	0	9	0	0	0	0	0	21	5	0	4	17	0	0	0	0	0	0	0	0	0	0	5	7	0	0	6	0	11	3	0
EHA01911_bin.14	0	21	0	0	0	0	0	0	0	0	0	0	3	11021	1705	0	0	0	2	0	0	0	1	2	0	0	577	0	0	0	0	0	0	0	0	0	0	0	0	6	0	0	0	0	0	0	4	0	0	0	12	5	0	0	0	0	0	0	2	0	0	0	0	16977	0	0	0	0	592	0	0	0	0	3	0	0	0	15424	0	0	177	0	0	12058	0	0	0	0	0	0	0	0	743	0	0	0	0	0	12734	0	0	0	0	0	0	0	0	2	0	0	0	0	0	0	0	0	0	0	0	0	0	0	1	0	0	4	10	0	0	22	0
EHA01911_bin.15	1060	53	0	0	41	0	0	0	0	0	0	0	0	59904	194240	0	0	0	49164	0	0	4	2	2	0	2	41739	20	27	0	31	0	0	0	0	0	0	0	4	49	0	0	0	1	0	0	104	962	0	0	70	4	0	0	0	0	0	0	0	0	66	0	0	122649	0	0	0	23	46894	0	9	0	0	0	0	0	0	148551	0	0	61655	0	0	37051	1	0	0	0	0	0	0	0	33652	0	2	0	0	0	90730	0	0	137	0	0	0	0	0	0	79	0	6	110	0	1	0	0	0	0	0	0	0	0	30	0	5446	0	6	0	78	10	0
EHA01911_bin.1	7829	26971	0	103	1	13	10	0	6	0	594	23	8	9387	2546	2	229	1222	9153	0	203	704	1502	9159	4	50	857	11	764	0	1352	0	2	6500	29	0	24	13	0	19071	1	0	0	4	561	43	5	179	0	8	592	147	1	0	0	0	0	19	6	8952	19	5018	0	95444	0	41	2320	2	645	4	1368	0	0	5	939	3	10	58331	8	1	970	7	2	4680	8125	25	0	8926	16	0	4	10	1253	0	7	21	8	0	39855	2	4	5	20	6	9	4	1	401	2	4	4193	12	2	0	0	41	0	1	0	0	4	8	21	2823	5076	2605	76556	2	10	965166	2
EHA01911_bin.9	1810	370	0	11577	0	0	0	4	6	12	117	11	4	1740	3999	4	30	397	29	0	2	398	508	381	0	13	1692	0	97	0	56	0	0	111	8	0	782	0	0	1622	0	0	0	0	145	159	0	198	0	0	28	146	0	2	0	0	0	5	0	18	13	1818	4	238051	0	0	134	0	876	0	797	0	0	0	12	0	0	2856	2	4	412	4	0	109915	31189	2	0	6738	0	0	0	0	1216	0	8	105	0	0	13213	0	0	0	2	4	0	2	0	270	0	92	3312	0	0	0	0	204	0	3	0	0	0	0	6	937	10	3029	4303	0	2	16543	0
EHA01912_bin.15	2	1915	0	0	0	0	0	0	0	0	3	0	0	73648	162018	0	0	1	0	0	0	0	3	0	0	0	90315	0	0	0	1662	0	0	0	0	0	0	0	0	4	0	0	0	0	0	0	0	0	0	0	8	0	0	0	0	0	0	0	0	0	1	0	0	230980	0	0	0	0	48269	0	2	0	0	0	0	0	0	34450	0	0	67281	0	0	166804	0	0	0	0	0	0	0	0	77148	0	0	0	0	0	90402	0	0	0	6	0	0	0	1	7	0	0	3	0	0	2	0	0	0	0	0	0	0	1	0	0	0	5	28	0	0	23	0
EHA01913_bin.16	2	0	0	0	0	0	0	0	0	0	0	0	0	33677	81136	0	1	8	0	0	0	0	1	0	0	5	67985	0	0	0	21	0	0	2	0	0	0	0	0	0	0	0	0	0	4	0	0	0	0	0	5	0	0	0	0	0	0	0	0	0	0	2	0	2890	0	0	0	0	7919	0	0	0	0	0	0	0	0	216096	0	0	58922	0	10	15332	0	6	0	3	0	0	0	0	26203	0	0	0	0	0	22789	0	0	0	0	0	0	0	0	1	0	0	0	0	0	8	0	0	0	0	0	0	0	0	2	9	0	0	3	0	0	4	0
EHA01913_bin.17	0	57	0	0	7	0	0	0	0	0	0	0	0	6565	1524	0	0	0	0	0	0	0	0	0	0	0	539	0	4	0	0	0	0	0	0	0	0	0	0	0	0	0	0	0	0	0	2	0	0	0	2	8	0	0	0	0	0	0	0	0	0	0	0	10243	0	0	0	1	652	0	0	0	0	0	0	0	0	10431	0	0	125	0	0	8750	2	0	0	0	0	0	0	0	554	0	0	0	0	0	8090	0	0	0	0	0	0	0	0	1	0	0	0	0	0	0	0	0	0	0	0	0	0	0	0	1	0	0	1	0	0	29	0
EHA01913_bin.19	0	540	0	0	4	0	0	0	0	0	0	0	0	58446	16707	0	0	0	0	0	0	0	0	0	0	0	14905	1	1009	0	340	0	0	0	0	0	0	0	0	0	0	0	0	0	0	0	0	0	0	0	0	2	0	0	0	0	0	0	0	0	0	0	0	39464	0	0	0	2	6940	0	0	0	0	0	0	0	0	23440	0	0	9597	0	1	14762	2	0	0	0	0	0	0	0	4626	0	0	0	0	0	25367	0	0	2	0	0	0	0	0	0	2	2	0	0	0	0	0	0	0	0	0	0	0	0	0	0	0	0	0	0	0	381	0
EHA01913_bin.20	0	0	0	0	2	0	0	0	0	0	0	0	0	4684	7710	0	0	0	0	0	0	0	0	0	0	0	10555	0	0	0	2	0	0	6	0	0	0	0	0	0	0	0	0	0	0	0	0	0	0	0	0	0	0	0	0	0	0	0	0	0	0	0	0	3838	0	0	0	0	1979	0	0	0	0	0	0	0	0	3597	0	0	3308	0	0	28052	0	0	0	0	0	0	0	0	14072	0	0	0	0	0	33741	0	0	0	0	0	0	0	0	0	0	0	0	0	0	0	0	0	0	0	0	0	0	0	0	2	0	0	0	0	0	4	0
EHA01913_bin.23	0	459	0	7	15	0	0	0	0	0	0	0	0	36889	32519	0	0	8	2	0	0	0	0	0	0	0	16266	12	463	0	174	0	0	3	0	0	0	0	0	2	0	0	0	0	1	0	6	10	0	0	10	2	0	0	0	0	0	0	0	0	0	0	0	26884	0	0	2	6	6005	0	4	0	0	12	0	0	0	16549	0	0	6367	0	0	15879	6	0	0	5	0	0	0	0	6396	0	0	0	0	0	30401	0	0	63	0	0	0	0	0	0	0	0	2	0	0	0	0	0	0	0	0	0	1	0	14	0	2	10	2	0	7	894	0
EHA01913_bin.28	18	1723	0	0	0	0	0	0	0	0	12	0	0	106484	375529	0	43	0	0	0	11	9	34	33	0	0	155272	0	174	0	3448	0	0	0	0	0	0	0	0	23	0	0	0	0	0	2	0	1	0	0	12	0	0	0	0	0	0	0	0	18	0	0	0	301141	0	0	2	0	97692	0	14	0	0	0	0	0	0	42594	0	0	143898	0	0	200011	29	0	0	16	0	0	0	0	116851	0	0	0	0	0	201356	0	0	0	0	0	0	0	0	2	0	0	35	0	0	2	0	0	0	0	0	0	0	0	2	2	0	37	42	0	0	155	0
EHA01913_bin.30	0	8	0	0	34	0	0	0	0	0	0	0	0	23310	77490	0	1	11	0	0	0	0	0	2	0	0	21890	4	941	0	232	0	0	0	0	0	0	0	2	0	0	0	0	0	6	0	1	2	0	0	2	3	0	0	0	0	0	0	0	0	0	0	0	14785	0	0	8	2	16403	0	0	0	0	6	0	0	0	50272	0	0	3325	0	0	16644	13	0	0	1	0	0	0	0	9573	0	0	0	0	0	62043	0	0	0	0	0	0	0	0	0	7	0	2	10	0	0	0	0	0	0	0	0	0	0	4	0	2	0	4	0	1	101	0
EHA01913_bin.4	20	2	0	0	0	0	0	0	0	0	0	0	0	4287	53036	0	0	2	6	0	4	2	1	12	0	0	12560	7	6	0	46	0	0	2	0	0	0	0	0	18	0	0	0	0	0	0	0	0	0	0	26	0	0	0	0	0	0	0	4	0	0	0	0	437	0	0	0	0	4043	0	0	0	0	272	0	0	0	12281	0	0	99	0	0	8307	2	0	0	2	0	0	0	0	4123	0	0	0	0	0	140	0	0	2	0	0	0	0	0	0	8	0	0	0	0	0	0	0	0	0	0	0	0	0	2	0	2	14	60	0	7	77	0
EHA01913_bin.5	11	235	0	0	0	0	0	0	0	0	10	0	0	33213	39768	0	1	0	0	0	2	2	0	16	0	0	16695	0	265	0	170	0	0	0	0	0	0	0	0	24	0	0	0	0	0	4	0	0	0	0	5	0	0	0	0	0	0	0	0	2	0	0	0	44636	0	0	0	0	10188	0	3	0	0	0	0	0	0	12591	0	0	33313	0	0	27769	8	0	0	6	0	0	0	0	12632	0	0	0	0	0	20740	0	0	0	0	0	0	0	0	0	0	0	9	0	0	0	0	0	0	0	0	0	0	0	0	0	2	30	6	0	0	103	0
EHA01913_bin.7	0	9	0	0	1	0	0	0	0	0	4	0	0	47742	432867	0	0	0	0	0	18	0	0	0	0	0	6443	2	20	0	0	0	0	0	0	0	0	0	2	0	0	0	0	0	0	0	0	2	0	0	0	4	0	0	0	0	0	0	0	0	0	0	2	1563	0	0	0	0	139134	0	20	0	0	2	0	0	0	611788	0	0	2272	0	0	6330	7	0	0	85	0	0	1	0	226426	0	0	2	0	0	58227	0	0	0	0	0	0	0	0	0	0	0	3	0	0	0	0	0	0	0	0	0	1	0	0	0	0	0	2	0	2	0	0
EHA01913_bin.8	0	158	0	6	15	0	0	0	0	0	0	0	0	270684	261598	0	2	6	0	0	0	0	0	1	0	0	114573	15	19	0	44	0	0	0	0	0	0	0	4	4	0	0	0	1	0	0	3	4	0	0	38	4	0	0	0	0	0	0	0	2	0	1	0	57488	0	0	2	8	40207	0	11	0	0	3	2	0	0	300597	0	0	44358	0	2	184891	145	0	0	2	0	0	0	0	83034	0	0	0	0	0	50884	0	0	7	0	0	0	0	0	0	7	0	13	12	0	0	0	0	0	0	0	0	0	0	24	1	0	2	6	0	69	2262	0
EHA01914_bin.11	0	119	0	63	12	0	0	2	0	0	0	0	0	16087	28188	0	0	0	0	0	0	0	2	0	0	0	15585	0	21	0	77	0	0	28	0	0	0	0	0	9	0	0	0	0	2	0	0	0	0	0	2	0	0	0	0	0	0	0	0	2	0	0	0	2787	0	0	0	2	5778	0	0	0	0	4	0	0	0	7585	0	0	18984	0	0	4614	5	0	0	0	0	0	0	0	7529	0	0	0	0	0	5888	0	0	0	0	0	0	0	1	0	0	0	4	0	0	1	0	0	0	0	0	0	0	0	0	0	4	4	50	0	0	15116	0
EHA01914_bin.12	2	12	0	0	0	0	0	0	0	0	0	0	0	4270	9001	0	0	1	0	0	0	0	2	0	0	0	2181	25	0	0	6	0	0	2	0	0	0	0	10	0	0	0	0	0	0	0	2	1	0	0	0	0	0	0	0	0	0	0	0	0	0	2	0	3027	0	0	0	0	1918	0	0	0	0	3	0	0	0	14079	0	0	3646	0	0	4280	1	2	0	0	0	0	0	0	2371	0	0	0	0	0	20320	0	0	2	0	0	0	0	0	0	0	0	0	1	0	0	0	0	0	0	0	0	0	0	78	0	2	0	0	0	0	77	0
EHA01914_bin.15	0	0	0	0	0	0	0	0	0	0	0	0	0	4	50669	0	0	3	0	0	0	0	0	0	0	0	12335	3	0	0	2	0	0	0	0	0	0	0	0	0	0	0	0	0	0	0	0	0	0	0	0	0	0	0	0	0	0	0	0	0	0	0	0	14	0	0	0	0	4212	0	0	0	0	279	0	0	0	11942	0	0	36	0	0	8281	0	0	0	0	0	0	0	0	4173	0	0	0	0	0	50	0	0	0	0	0	0	0	0	0	6	0	0	0	0	0	0	0	0	0	0	0	0	0	0	0	0	0	0	0	0	11	0
EHA01914_bin.1	0	22	0	0	4	0	0	0	0	0	0	0	0	1881	27969	0	0	13	0	0	0	0	16	3	0	0	1161	1190	0	0	5	0	0	0	0	0	0	0	153	3	0	0	0	0	4	0	212	114	0	0	0	34	0	0	0	0	0	0	0	0	0	2	0	3192	0	0	4	168	1619	0	6	0	0	719	0	0	0	4246	0	0	97	0	0	8408	0	2	0	0	0	0	0	0	3442	0	0	0	0	0	51827	0	0	134	0	0	0	0	0	0	86	0	0	370	0	0	0	0	0	0	0	0	0	0	1707	8	0	4	4	0	202	95	0
EHA01914_bin.22	0	112	1	0	9	0	0	0	0	0	8	0	0	7694	21137	0	0	0	0	0	11	22	16	0	0	1	17451	7	8	0	2	0	0	6	0	0	0	0	0	0	0	0	0	0	2	0	2	3	0	0	0	14	0	0	0	0	0	0	10	2	0	5	0	12919	0	0	0	6	13418	0	16	0	0	0	0	0	0	7985	0	0	4232	0	0	13524	2117	0	0	43	0	0	0	0	13865	0	0	0	0	0	21670	0	0	17	0	0	0	0	0	5	2	0	68	4	0	0	0	0	0	0	0	0	0	0	2	2	0	4	203	0	1	143	0
EHA01914_bin.30	7	2297	0	2	0	0	0	0	0	0	14	0	0	80059	201495	0	9	0	0	0	11	4	2	8	0	0	112402	0	0	0	1664	0	0	0	0	0	0	0	0	104	0	0	0	0	0	0	0	4	0	0	2	0	0	0	0	0	0	0	0	18	0	0	0	306354	0	0	0	0	58217	0	12	0	0	2	0	0	0	35640	0	0	88032	0	0	180034	14	0	0	28	0	0	0	0	96035	0	0	0	0	0	122038	0	0	0	0	0	0	0	0	2	0	0	18	0	0	0	0	0	0	0	0	0	1	0	0	0	0	68	89	0	0	144	0
EHA01914_bin.3	3902	21607	0	164	0	2	0	0	0	34	77	10	3	4142	4014	4	90	923	2220	0	1	2085	305	1320	2	273	1141	0	1677	0	11973	0	0	214	2	0	0	0	0	1061	0	0	0	1	381	8	2	77	0	0	277	40	0	0	0	0	0	116	5	207	1	53	0	14947	0	10	1398	2	21591	0	333	0	0	9	149	0	0	77365	8	0	1064	11	0	1894	1414	152	0	41	70	0	0	0	977	0	0	2	28	0	68802	0	0	0	15	44	9	0	6	26	3	2	2192	0	0	2	0	0	0	3	0	0	0	2	14	262	189	210	71198	0	0	63246	2
EHA01914_bin.4	8	217	0	0	60	0	0	0	0	0	1	0	0	42695	40010	0	0	3	4	0	1	0	3	35	0	5	6077	19	2	0	28	0	0	7	0	0	0	0	1	22	0	0	0	1	9	0	9	9	0	0	2	0	1	0	0	0	0	0	0	1	0	0	0	4078	0	0	1	36	1066	0	11	0	0	96	0	1	0	9908	0	0	18683	0	5	17894	5	2	0	2	0	0	0	0	9379	0	2	0	0	0	8935	0	0	2	0	0	0	0	10	2	1	0	1	11	0	0	0	0	0	0	0	0	2	0	7	3	0	4	8	0	6	740	0
EHA01914_bin.5	0	0	0	0	0	0	0	0	0	0	0	0	0	582	792	0	0	0	0	0	0	0	0	0	0	0	19	0	0	0	0	0	0	0	0	0	0	0	0	0	0	0	0	0	0	0	0	0	0	0	0	0	0	0	0	0	0	0	0	0	0	0	0	379	0	0	0	0	9998	0	0	0	0	1	2	0	0	467	0	0	2391	0	0	49597	0	0	0	0	0	0	0	0	10519	0	0	0	0	0	7075	0	0	0	0	0	0	0	0	0	0	0	0	0	0	0	0	0	0	0	0	0	0	0	4	0	0	0	0	0	0	2	0
EHA01914_bin.8	2	0	0	0	0	0	0	0	0	0	0	0	0	93	1043	0	2	0	0	0	0	0	0	0	0	0	1278	0	0	0	0	0	0	0	0	0	0	0	0	0	0	0	0	0	0	0	0	0	0	0	0	0	0	0	0	0	0	0	0	0	0	0	0	2372	0	0	0	0	932	0	0	0	0	0	2	0	0	4619	0	0	27186	0	0	17627	0	0	0	0	0	0	0	0	1556	0	0	0	0	0	2672	0	0	0	0	0	0	0	0	0	0	0	0	0	0	0	0	0	0	0	0	0	0	0	1	0	0	0	0	0	0	0	0
EHA01915_bin.16	66	13	0	8	2	93	283	32	32	0	19	165	1	10	18662	192	6	0	127	148	4	0	2	238	120	0	174	0	20	15	66	258	37	0	43	290	0	772	0	54	266	247	330	2	0	0	0	14	64	0	15	135	0	6	166	82	225	39	2	29	134	4	33	5	34	63	982	0	8	114	6	70	0	1	367	0	55	0	154	2	2422	2	0	1105	0	0	323	4	172	3	0	179	17465	300	113	4	132	27	623	51	179	2	0	0	0	67	2	4	1	4	4	0	44	0	42	118	29	52	153	77	0	14	0	0	27	12	13	52	0	49	224
EHA01915_bin.18	148	759	0	1	0	0	0	0	0	0	4	0	0	10387	35100	0	346	59	61	0	1	1	11	30	0	0	17659	0	16	0	266	0	0	56	19	0	0	0	0	8	0	0	0	0	14	0	0	0	0	0	154	29	0	0	0	0	0	0	3	22	0	0	0	155486	0	0	11	0	12594	0	1	0	0	0	21	4	0	24841	0	0	22205	0	0	30764	11	0	0	19	0	0	0	0	28531	0	0	0	0	0	75280	0	0	0	0	0	0	0	0	0	0	0	23	0	0	1	0	0	0	0	0	0	0	0	1	4	6	129	437	0	0	590	0
EHA01915_bin.1	0	164	0	6	18	0	0	0	0	0	0	0	0	74570	96018	0	2	13	2	0	0	0	1	1	0	0	49193	14	21	0	10	0	0	0	0	0	0	0	13	2	0	0	0	0	7	0	11	5	0	0	12	2	0	0	0	0	0	0	0	0	2	1	0	60791	0	0	6	15	10837	0	7	0	0	11	0	0	0	382757	0	0	8978	0	1	363473	150	0	0	0	0	0	0	0	58844	0	0	0	0	0	152170	0	0	7	0	0	0	2	0	0	4	0	4	8	0	0	0	0	0	0	0	0	0	0	3	2	0	0	12	0	3	2560	0
EHA01915_bin.20	22	54	0	5	52	0	0	0	0	0	4	0	0	2764	13620	0	3	247	0	0	7	0	143	21	0	37	39778	34	64	0	46	0	0	35	0	0	0	0	13	4	0	0	0	4	112	1	15	13	0	0	48	5	0	0	0	0	0	0	26	5	1	6	0	2082	0	2	11	24	320	0	29	0	0	119	10	0	0	1393	0	0	741	0	5	62457	96	26	0	53	0	0	0	0	15516	0	0	0	0	0	2535	0	0	8	0	10	0	0	15	14	10	0	21	17	0	0	0	0	0	0	0	0	0	0	12	50	0	94	108	0	14	1728	0
EHA01915_bin.21	2	0	0	0	0	0	0	0	0	0	0	0	0	246720	58043	0	0	0	0	0	0	0	0	0	0	0	10	0	3	0	0	0	0	0	0	0	0	0	0	0	0	0	0	0	0	0	0	0	0	0	0	0	0	0	0	0	0	0	0	0	0	0	0	0	0	0	0	0	27414	0	0	0	0	0	0	0	0	1	0	0	6	0	0	9	0	0	0	0	0	0	0	0	4	0	0	0	0	0	10118	0	0	0	0	0	0	0	0	0	0	0	0	0	0	0	0	0	0	0	0	0	0	0	0	2	0	8	0	0	0	0	0
EHA01915_bin.25	0	37	0	0	17	0	0	0	0	0	0	0	2	44058	177845	0	0	0	0	0	15	0	0	0	0	0	73124	7	9	0	0	0	0	0	0	0	0	0	0	0	0	0	0	0	0	0	0	2	0	0	0	0	0	0	0	0	2	0	0	0	0	0	0	75981	0	0	0	0	70223	0	90	0	0	0	0	0	0	186160	0	0	64919	0	0	585747	50	0	0	68	0	0	0	0	57117	0	0	0	0	0	92694	0	0	0	1	0	0	0	0	0	21	0	7	0	0	0	0	0	0	0	0	0	1	0	0	0	0	0	0	0	20	9	0
EHA01915_bin.26	0	8	0	5	12	0	0	0	0	0	0	0	0	1210	35895	0	0	0	0	0	0	0	0	0	0	0	22178	13	2	0	4	0	0	1	0	0	0	0	1	0	0	0	0	0	0	0	4	0	0	0	0	2	0	0	0	0	0	0	0	0	0	0	2	178082	0	0	4	2	14596	0	1	0	0	4	0	0	0	407	0	0	55	0	2	50233	2	0	0	0	0	0	0	0	19994	0	0	0	0	0	39433	0	0	1	0	0	0	0	0	1	0	0	2	14	0	0	0	0	0	0	0	0	0	0	8	0	0	2	3	0	3	49	0
EHA01915_bin.38	2	38	0	0	43	0	0	0	0	0	0	0	15	9899	19344	0	2	0	0	0	5	0	28	6	0	3	22260	39	8	0	0	0	0	0	0	0	0	0	16	0	0	0	0	0	2	0	36	6	0	0	0	22	0	0	0	0	0	0	13	0	0	5	0	26244	0	0	0	60	15756	0	4	0	0	54	0	0	0	10704	0	0	2157	0	0	22388	15	4	0	1	0	0	0	0	18192	0	0	2	0	0	22320	0	0	9	0	0	0	0	0	20	19	0	0	144	0	0	0	2	0	0	0	0	1	0	6	14	0	0	10	0	35	74	0
EHA01915_bin.6	0	0	0	0	0	0	0	0	0	0	0	0	0	3235	4463	0	0	0	0	0	0	0	2	0	0	0	7238	0	0	0	0	0	0	0	0	0	0	0	0	0	0	0	0	0	0	0	0	0	0	0	0	0	0	0	0	0	0	0	0	0	0	0	0	2258	0	0	0	0	1424	0	0	0	0	1	0	0	0	727	0	0	2326	0	0	20614	0	0	0	0	0	0	0	0	11103	0	0	0	0	0	25417	0	0	0	0	0	0	0	0	0	0	0	0	0	0	0	0	0	0	0	0	0	0	0	0	2	0	0	0	0	0	0	0
EHA01915_bin.7	2	126	0	4	13	0	0	0	0	0	0	0	0	18020	44825	0	0	508	0	0	0	0	8	2	0	0	7596	15	94	0	36	0	0	31	0	0	0	0	12	0	0	0	0	0	128	0	12	6	0	0	8	8	0	0	0	0	0	0	0	0	0	2	0	4859	0	0	1	8	11570	0	2	0	0	17	0	0	0	7258	0	0	3584	0	4	704669	41	0	0	0	0	0	0	0	6809	0	0	0	0	0	96066	0	0	10	0	0	0	0	0	1	23	0	0	12	0	0	0	0	0	0	0	0	0	0	10	0	0	3	5	0	10	647	0
EHA01915_bin.8	10	31	0	0	0	0	0	0	0	0	0	4	0	97	616	0	5	0	2	0	25	0	26	2	0	1	482	4	12	0	120	0	0	0	6	0	0	0	4	41	0	0	0	0	0	0	4	0	22	0	0	4	0	0	0	0	2	14	14	0	51	13	0	1308	0	2	31	0	374	0	2	0	0	8	10	0	0	2130	0	0	11740	0	0	7717	0	2	2	0	0	0	0	0	881	0	12	0	0	0	1720	0	2	0	0	0	0	0	1	12	0	0	4	4	0	0	0	0	0	0	12	0	0	0	18	4	0	12	2	0	4	16	0
EHA01916_bin.11	0	108	0	14	39	0	0	2	0	0	0	0	0	43395	7276	0	0	2	2	0	0	0	9	4	0	0	3529	22	11	0	71	0	0	4	0	0	0	0	13	4	0	0	0	0	3	0	30	31	0	0	6	48	0	0	0	0	0	0	0	0	0	0	0	14388	0	0	2	8	6243	0	4	0	0	36	0	0	0	185721	0	0	22656	0	0	17617	45	0	0	0	0	0	0	0	3374	0	0	0	0	0	20344	0	0	18	0	0	0	0	0	0	31	0	3	28	0	0	0	0	0	0	0	0	0	0	195	14	2	0	45	0	16	513	0
EHA01916_bin.12	0	59	0	1	255	0	0	0	0	0	0	0	0	6330	132708	0	0	0	0	0	0	0	0	2	0	0	31378	20	43	0	138	0	0	2	0	0	0	0	52	0	0	0	0	0	0	0	9	3	0	0	0	5	0	0	0	0	0	0	0	0	0	0	0	59174	0	0	0	16	21869	0	0	0	0	46	0	0	0	3131	0	0	19543	0	2	26647	0	0	0	0	0	0	0	0	37564	0	0	0	0	0	55436	0	0	10	0	0	0	0	0	0	9	0	2	6	0	4	0	0	0	0	0	0	0	0	29	0	0	51	2	0	101	69	0
EHA01916_bin.21	0	462	0	4	0	0	0	0	0	0	0	0	0	6624	1850	0	0	0	0	0	0	0	0	0	0	0	679	0	74	0	2	0	0	0	0	0	0	0	0	0	0	0	0	0	0	0	0	0	0	0	0	6	0	0	0	0	0	0	0	0	0	0	0	10258	0	0	0	1	599	0	0	0	0	1	0	0	0	12068	0	0	215	0	0	6554	4	0	0	0	0	0	0	0	657	0	0	0	0	0	7119	0	0	0	0	0	0	0	0	0	1	0	0	0	0	0	0	0	0	0	0	0	0	0	0	0	0	0	1	0	0	335	0
EHA01916_bin.24	8	1982	0	564	0	0	0	22	0	0	10	0	263	761	4	0	3	4	59	0	0	10	0	91	0	17	2	1	6	0	5953	0	0	24	0	0	0	0	0	55	0	0	0	14	0	0	0	18	0	0	249	149	12	0	0	0	0	7	8	137	0	9	0	0	20	19	0	0	4	0	18	0	0	0	62	0	0	1203121	0	0	8	2	0	6867	44	6	0	137	0	0	282	0	1	0	0	0	0	0	0	2	0	0	6	0	0	0	0	4	0	2	10	0	0	0	0	0	0	0	0	0	62	4	0	73	19	764	18	0	0	74792	0
EHA01916_bin.25	0	313	3	0	23	0	0	0	0	0	23	0	0	27896	386214	0	0	0	0	0	316	8	95	0	0	0	46356	9	147	0	21	0	0	0	0	0	0	0	2	0	0	0	0	0	0	1	0	20	0	0	0	3	0	0	0	0	0	0	43	0	0	14	0	58947	0	0	0	17	61630	0	116	0	0	89	0	0	0	66894	0	0	50445	0	2	198970	122	0	0	78	0	0	0	0	334472	0	0	0	2	0	1852114	0	0	48	0	0	0	0	1	14	351	0	88	14	0	0	0	0	0	0	0	0	0	0	6	16	0	0	6	0	71	68	0
EHA01916_bin.26	0	53	0	2	0	0	0	0	0	0	0	0	0	3329	6262	0	0	0	0	0	0	0	0	0	0	0	1657	2	0	0	17	0	0	1	0	0	0	0	0	0	0	0	0	0	0	0	15	4	0	0	0	1	0	0	0	0	0	0	0	0	0	0	0	2907	0	0	0	0	2073	0	0	0	0	0	0	0	0	5401	0	0	2573	0	0	10419	0	0	0	0	0	0	0	0	2110	0	0	0	0	0	33161	0	0	0	0	0	0	0	0	0	0	0	0	0	0	0	0	0	0	0	0	0	0	0	0	0	0	0	0	0	1	279	0
EHA01916_bin.27	0	2	1	0	0	0	0	0	0	0	2	0	0	13350	59259	0	0	0	0	0	1	2	0	0	0	0	90326	0	0	0	0	0	0	0	0	0	0	0	0	0	0	0	0	0	0	0	0	1	0	0	0	1	0	0	0	0	0	0	2	0	0	2	0	30692	0	0	0	0	63421	0	10	0	0	0	0	0	0	8215	0	0	3395	0	0	56950	6	0	0	3	0	0	0	0	70239	0	0	0	0	0	54211	0	0	0	0	0	0	0	0	6	0	0	5	0	0	0	0	0	0	0	0	0	0	0	0	0	0	0	9	0	0	12	0
EHA01916_bin.28	60	486	0	0	0	0	0	0	0	0	0	0	0	238	16616	0	30	998	6	0	2	12	2276	20	0	561	3423	0	11	0	2865	0	0	258	11	0	0	0	0	34	0	0	0	0	418	0	1	15	0	0	137	48	0	0	0	0	0	0	1	13	0	87	0	6	0	13	25	0	197	0	4	0	0	0	41	0	0	155903	0	0	3691	0	1	107	4	839	0	10	0	0	0	0	10598	0	0	0	2	0	81	1	0	0	0	20	0	0	1	1	0	5	9	0	0	0	0	0	0	0	0	0	0	0	0	61	4	168	452	0	1	925	0
EHA01916_bin.29	15	47	0	0	0	0	0	0	0	0	331	0	0	1610	17012	0	21	61349	0	0	0	0	62814	38	0	19111	6694	0	9	0	2356	0	0	629	0	0	0	0	0	4	0	0	2	0	24226	4	0	611	0	0	92	268	0	0	0	0	0	0	3	1	0	5358	0	8	0	0	74	0	483	0	43	0	0	0	128	0	0	886045	0	0	13571	40	0	444	20	12476	0	6	0	0	2	0	10284	0	2	0	0	0	9	0	0	0	0	87	0	0	0	1	0	93	14	0	0	0	0	50	0	8	0	0	0	2	0	1261	2	22	13	0	0	207	0
EHA01916_bin.4	52	3276	0	0	0	0	0	0	0	0	10	0	0	133311	378756	0	7	0	62	0	12	2	1	115	0	0	227470	0	18	0	3635	0	0	1	0	0	0	0	0	170	0	0	0	0	0	0	0	3	0	0	218	0	0	0	0	0	0	0	0	21	0	0	0	403255	0	0	4	0	93438	0	15	0	0	0	0	2	0	56265	2	0	159538	0	0	297967	27	0	0	9	0	0	0	0	155987	0	0	0	0	0	191923	0	0	0	0	0	0	0	2	8	0	0	14	0	0	0	0	0	0	0	0	0	1	0	0	0	13	54	681	0	0	180	0
EHA01916_bin.5	4	80	0	4	33	0	0	0	0	0	0	0	0	10758	138683	0	3	0	6	0	22	16	0	4	0	0	23502	97	42	0	32	0	0	16	0	0	0	0	3	2	0	0	0	0	0	7	17	38	0	0	8	12	0	0	0	0	0	0	0	0	0	0	0	41887	0	0	2	16	9635	0	21	0	0	55	0	0	0	5657	0	2	5685	0	1	26401	6	0	0	67	0	0	0	0	11883	0	2	0	0	0	17720	0	0	27	0	0	0	0	0	0	8	0	19	12	0	1	0	0	0	0	0	0	0	0	17	0	0	20	0	0	16	239	0
EHA01917_bin.11	6	5	0	0	0	0	0	0	0	0	0	0	0	54080	53376	0	12	0	0	0	6	0	0	8	0	0	19139	0	1	0	186	0	0	1	0	0	0	0	0	16	0	0	0	0	0	0	0	0	0	0	5	0	0	0	0	0	0	0	0	2	0	0	0	52367	0	0	0	0	11612	0	5	0	0	0	0	0	0	17253	0	0	48472	0	0	36260	4	0	0	12	0	0	0	0	15026	0	0	0	0	0	31999	0	0	0	0	0	0	0	0	0	0	0	3	0	0	0	0	0	0	0	0	0	2	0	0	0	2	15	14	0	0	43	0
EHA01917_bin.14	3742	20754	0	165	1	2	0	0	0	30	79	2	0	5397	10652	9	93	23	1772	0	2	1807	14	1104	0	17	6490	0	1656	0	10101	0	0	196	7	0	0	0	0	791	0	0	2	0	14	2	0	63	0	0	297	50	0	0	0	0	0	63	0	181	2	2	0	17016	0	4	1132	0	21711	0	292	0	0	2	107	0	0	69274	2	0	7720	6	0	6123	1248	0	0	43	57	0	0	0	6681	0	0	0	20	0	58775	2	0	0	10	0	7	0	0	0	0	5	1375	0	0	0	0	0	0	12	0	0	1	0	10	8	97	213	57701	0	0	58331	0
EHA01917_bin.15	2	205	0	4	5	0	0	0	0	0	0	0	0	13609	93451	0	0	0	0	0	0	0	4	2	0	0	42419	21	26	0	103	0	0	32	0	0	0	0	1	4	0	0	0	0	0	0	55	18	0	0	0	8	0	0	0	0	0	0	0	0	0	0	0	6063	0	0	0	4	11955	0	0	0	0	6	0	0	0	46999	0	0	44298	0	0	7364	0	0	0	0	0	0	0	0	16110	0	0	0	0	0	6197	0	0	10	0	0	0	0	0	0	0	0	0	4	0	5	0	0	0	0	0	0	0	0	15	0	0	19	0	0	4	1978	0
EHA01917_bin.3	0	8	0	4	0	0	0	0	0	0	0	0	0	10944	22852	0	0	0	0	0	0	0	0	0	0	0	6017	27	3	0	0	0	0	0	0	0	0	0	50	0	0	0	0	0	0	0	3	20	0	0	0	5	0	0	0	0	0	0	0	0	0	0	0	10345	0	0	0	10	4263	0	6	0	0	8	0	0	0	13671	0	0	4835	0	0	12559	0	0	0	0	0	0	0	0	9388	0	0	0	0	0	15985	0	0	0	0	0	0	0	0	0	5	0	0	12	0	0	0	0	0	0	0	0	0	0	18	0	0	1	0	0	5	31	0
EHA01917_bin.7	0	11	0	2	32	0	0	0	0	0	0	0	0	61596	14136	0	0	3	0	0	0	0	4	1	0	0	7450	10	17	0	14	0	0	0	0	0	0	0	0	0	0	0	0	0	2	0	9	0	0	0	1	10	0	0	0	0	0	0	0	0	0	1	0	26309	0	0	0	4	8280	0	2	0	0	2	0	0	0	59316	0	0	637	0	0	10000	4	0	0	0	0	0	0	0	7673	0	0	0	0	0	57560	0	0	7	0	0	0	0	0	1	4	0	0	5	0	0	0	0	0	0	0	0	0	0	4	0	0	9	0	0	2	46	0
EHA01917_bin.8	0	456	0	52	396	0	0	0	0	0	0	0	0	336956	10239	0	0	4	1	0	11	2	18	53	0	0	6056	158	197	0	142	0	0	8	0	0	0	0	74	6	0	0	0	4	3	0	64	38	0	0	6	20	2	0	0	0	0	0	0	2	2	1	0	43812	0	0	10	82	3350	0	11	0	0	105	8	0	0	106142	0	0	14470	0	0	31606	70	0	0	16	0	0	0	0	4230	0	0	0	0	0	30955	0	0	134	1	0	0	0	0	1	111	0	20	43	0	0	0	0	0	0	0	0	0	4	335	2	6	8	29	0	92	1281	0
EHA01917_bin.9	0	136	0	0	10	0	0	0	0	0	0	0	6	14295	4212	0	0	0	0	0	0	0	1	0	0	1	2113	0	0	0	0	0	0	0	0	0	0	0	2	0	0	0	0	0	0	0	0	2	0	0	0	15	0	0	0	0	0	0	0	0	0	3	0	25717	0	0	0	0	4321	0	0	0	0	5	0	0	0	42461	0	0	75	0	0	24207	15	0	0	0	0	0	0	0	502	0	0	0	0	0	4228	0	0	0	0	0	0	0	0	0	0	0	0	0	0	0	0	0	0	0	0	0	0	0	0	0	0	0	0	0	0	94	0
EHA01918_bin.10	55	104	3	8	14	4	0	0	0	0	75	0	6	1746	3610	0	70	132	36	0	6	6	6	42	0	17	1282	4	4	0	299	0	0	25	0	0	2	0	0	7	0	0	0	422	34	12	0	30	0	0	0	5	0	0	0	0	1	0	182	14	0	645	2	3633	0	2	23	0	1713	0	60	0	0	4	49	4	0	2250	2	0	978	0	86	6436	85	49	0	35	0	0	0	2	696	0	0	2	0	0	9130	0	0	0	5	83	0	0	19	29	0	5	58	0	2	37	0	0	0	0	0	0	9	0	0	202	2	5	80	0	0	100	0
EHA01918_bin.15	326	2	2	0	0	0	0	0	0	0	0	0	0	3874	658173	0	0	0	0	0	7	0	32	0	0	0	655177	4	467	0	71	0	0	0	1	0	0	0	2	0	0	0	0	0	4	0	1	0	0	0	0	2	0	0	0	0	0	0	4	0	0	9	0	0	0	0	0	2	22694	0	1	0	0	9	0	0	0	436843	0	0	404800	0	0	18538	0	0	0	0	0	0	0	0	212366	0	0	0	0	0	33856	0	0	3	0	2	0	0	0	0	0	0	1	1	0	2	0	0	0	0	0	0	2	0	4	17	0	460	0	0	4	2	0
EHA01918_bin.16	2	143	1	34	3	2	0	4	0	0	5	0	4	10023	31314	0	673	4	30	0	10	30	0	259	0	1	11211	22	39	0	126	0	0	853	0	0	0	0	40	148	0	0	0	5	1	0	117	32	0	0	20	81	0	0	0	0	0	0	16	129	2	18	0	2667	0	0	6	50	14957	0	100	0	0	96	7	6	0	35908	81	0	9411	0	0	4009	106	0	0	82	0	0	15	2	14738	0	0	2	0	0	18402	6	0	1548	10	0	5	0	1	2	18	0	41	39	0	1	0	0	0	0	0	2	0	0	351	27	16	0	85	0	27	21383	0
EHA01918_bin.17	554	937	303	343	1248	291	194	413	347	97	105	169	2008	61700	163825	80	147	2764	226	275	879	191	52	309	349	250	31960	30	225	307	309	315	160	345	188	290	233	344	22	289	293	545	249	19646	904	149	203	230	254	135	406	643	346	251	208	196	182	164	276	138	174	108	364	68505	179	602	237	4	32504	259	352	187	63	5	573	529	165	164292	210	100	62601	181	6330	28691	239	312	460	93	214	136	213	482	24976	209	301	131	169	164	68281	259	287	14	134	37	101	467	487	52	22	158	114	31	70	12638	319	407	173	73	262	364	296	172	10	354	144	662	255	240	43	1120	197
EHA01918_bin.18	167	421	0	1	2	0	0	0	0	0	16	0	0	13092	3557	2	124	1157	0	0	2	0	329171	6	0	18218	315	0	20	0	10784	0	0	18190	0	0	0	0	0	295	0	0	0	0	492	4	0	115	0	0	6390	588	0	0	0	0	0	0	2	27	0	79	0	38	0	0	119	0	29	0	25	0	0	0	38	0	0	180650	2	0	540	4	0	70	0	155112	0	0	0	0	2	0	567	0	0	0	0	0	58	10	0	0	0	0	0	0	0	1	0	10	18	0	0	0	0	0	0	0	0	0	1	14	0	20	10	145	282	0	0	7453	0
EHA01918_bin.1	2168	10163	0	71	6	0	0	0	0	10	87	0	0	21270	46941	2	246	3658	943	0	10	1026	3065	680	0	302	23464	51	1277	0	8380	0	0	1111	35	0	2	0	34	1013	0	0	0	0	1250	4	75	52	0	0	1025	125	0	0	0	0	0	21	7	125	2	19028	0	54643	0	5	734	82	23690	0	208	0	0	43	107	1	0	98916	2	0	21911	11	0	33416	881	399	0	254	38	0	2	0	16038	0	0	0	18	0	90520	0	0	77	5	6	14	0	6	1931	83	4	2631	104	0	0	0	4	0	12	0	0	0	0	95	36238	134	506	32772	0	105	32382	0
EHA01918_bin.20	0	2	1	0	3	6	0	0	0	0	0	15	0	8	1	3	0	0	2	0	12	0	1	0	0	0	4	0	0	0	59	0	0	0	0	0	0	0	0	219	0	0	1	2	0	0	0	0	8	0	0	0	0	0	0	0	9	26	0	1	82	1	0	1	4	0	166	0	2	0	32	0	0	1	79	2	1	14	0	0	0	0	0	21	0	0	4	0	0	0	0	2	6	0	0	0	0	0	558	0	0	0	0	0	0	0	0	0	0	1	9	0	0	2	0	0	0	0	4	0	2	0	0	2	0	0	52	0	0	3	0
EHA01918_bin.23	13	1689	0	0	0	0	0	0	0	0	3	0	0	115098	280359	0	2	1	8	0	11	2	1	14	0	0	151047	0	54	0	3094	0	0	0	0	0	0	0	0	130	0	0	0	0	0	0	0	10	0	0	6	0	0	0	0	0	0	0	0	3	2	0	0	229402	0	0	2	0	59520	0	20	0	0	2	0	0	0	35563	0	0	87136	0	0	238078	15	0	0	6	0	0	0	0	115350	0	0	0	0	0	282001	0	0	0	0	0	2	0	0	1	0	2	12	0	0	0	0	0	0	0	0	0	0	0	0	0	0	12	78	0	0	139	0
EHA01918_bin.24	26	916	0	0	0	0	0	0	0	0	2	0	2	138744	427391	0	37	2	2	0	13	12	2	59	0	0	167615	0	331	0	3098	0	0	3	0	0	0	0	0	113	0	0	0	0	2	0	0	0	0	0	48	2	0	0	0	0	0	0	0	19	0	1	0	278121	0	0	6	0	69112	0	33	0	0	1	0	4	0	31802	0	0	158983	0	0	263495	51	0	0	54	0	0	0	0	149951	0	0	0	0	0	636714	0	0	0	0	0	0	0	0	0	0	0	7	0	0	1	0	0	0	0	0	0	0	0	0	0	4	263	30	0	0	351	0
EHA01918_bin.26	0	2	4	0	0	0	0	0	0	0	0	0	0	12	0	0	0	0	0	0	1	0	27	0	0	6	0	0	0	0	40	0	0	0	0	0	0	0	0	0	0	0	0	0	0	0	0	9	0	0	0	37	0	0	0	0	0	0	14	0	1	31	0	4	0	0	0	0	0	0	8	0	0	1	4	0	0	0	0	0	0	0	4	2	4	10	0	2	0	0	0	0	0	0	0	0	0	0	4	0	0	0	0	0	0	0	0	27	1	0	6	0	0	4	0	0	0	0	0	0	0	0	0	14	0	0	2	0	0	36	0
EHA01918_bin.27	0	0	5	0	0	0	0	0	0	0	0	0	2	14	4	0	6	0	2	0	0	0	25	0	0	28	0	0	0	0	42	0	0	0	0	0	0	0	0	8	0	0	0	8	2	0	0	10	0	0	2	14	0	0	0	0	0	0	43	0	0	33	0	8	0	0	0	0	0	0	16	0	0	1	0	6	0	2	0	0	0	0	0	2	8	35	0	2	0	0	1	0	0	0	0	0	0	0	11	0	0	0	0	0	0	0	0	109	0	0	0	1	0	0	0	0	0	0	0	0	0	0	0	101	0	0	6	0	4	44	0
EHA01918_bin.28	15	784	0	14	25	0	0	0	0	0	0	0	0	54232	21920	0	0	76	0	0	1	0	7	9	0	0	26816	39	944	0	640	0	0	12	0	0	0	0	3	7	0	0	0	0	31	0	14	6	0	0	19	19	0	0	0	0	0	0	0	0	0	0	0	38092	0	0	2	66	11163	0	1	0	0	19	2	0	0	27590	0	0	19511	0	0	15254	14	0	0	5	0	0	0	0	6135	0	0	0	0	0	32709	0	0	6	0	0	0	0	0	0	8	0	1	7	0	0	0	0	0	0	0	0	0	0	17	0	0	10	25	0	6	1690	0
EHA01918_bin.2	13	76	2	5	7	0	0	0	0	0	0	2	3	396	4036	0	1	995	14	0	11	24	1529	10	0	869	22948	16	7	0	604	0	0	205	2	0	0	0	2	22	0	0	0	0	443	0	10	33	0	0	32	18	5	0	0	0	0	0	2	0	2	71	0	1470	0	6	42	12	557	0	23	0	0	12	3	0	0	18378	0	0	1666	0	0	468	40	752	0	48	0	0	0	0	722	0	0	0	0	0	1544	0	0	20	0	13	0	0	1	13	6	0	39	5	0	0	0	0	0	0	0	0	0	0	19	47	6	58	419	0	6	404	0
EHA01918_bin.30	124	1229	0	0	0	0	0	0	0	0	14	0	4	5293	14797	0	56	1671	13	0	0	10	1805	18	0	154	6817	0	41	0	6034	0	0	396	6	0	2	0	0	26	0	0	0	0	594	7	0	46	0	0	952	71	0	0	0	0	0	2	0	20	0	425	0	15138	0	0	15	0	2901	0	84	0	0	0	24	34	0	16706	0	0	2852	19	0	7990	220	80	0	0	0	0	0	0	3449	0	0	0	0	0	24506	0	0	0	0	0	3	0	0	49	0	6	84	0	0	0	0	4	0	3	0	0	0	6	0	447	7	487	1012	2	0	1303	0
EHA01918_bin.31	404	2087	0	2	0	0	0	0	0	0	19	0	2	959	1921	0	389	4086	52	2	0	31	6445	59	0	173	357	2	425	0	1740	0	0	1834	12	0	2	0	0	58	0	0	0	0	1379	0	0	108	0	0	2755	110	0	0	0	0	0	5	0	17	0	1789	0	657	0	0	40	0	689	0	17	0	0	2	40	33	0	14743	0	0	574	8	0	614	20	44	0	19	0	0	0	0	203	0	0	0	0	0	1309	0	0	0	2	0	0	0	3	124	0	3	57	0	0	0	0	0	0	0	0	0	0	4	5	1177	22	682	1819	0	2	2390	0
EHA01918_bin.3	0	87	0	7	18	0	0	0	0	0	0	0	3	802	1979	0	0	0	0	0	0	0	2	0	0	0	571	75	33	0	19	0	0	0	0	0	0	0	7	0	0	0	0	0	0	0	18	17	0	0	0	35	0	0	0	0	0	0	0	0	0	0	0	259	0	0	0	132	556	0	9	0	0	21	0	0	0	1269	0	0	244	0	0	1045	36	0	0	3	0	0	0	0	442	0	2	0	0	0	3723	0	0	14	0	0	0	0	0	0	20	0	0	17	0	1	0	0	0	0	0	0	0	0	24	0	0	4	4	0	135	507	0
EHA01918_bin.5	0	26	0	0	14	0	0	0	0	0	0	0	0	1405	12599	0	4	2	0	0	0	0	3	0	0	0	4621	0	8	0	2	0	0	7	0	0	0	0	2	0	0	0	0	0	0	0	0	1	0	0	0	24	0	0	0	0	0	0	0	0	0	1	0	254	0	0	0	2	178	0	3	0	0	19	0	0	0	157	0	0	388	0	0	203	0	0	0	2	0	0	0	0	3361	0	0	0	0	0	6445	0	0	2	0	0	0	0	8	0	0	0	6	0	0	0	0	0	0	0	0	0	0	0	0	2	0	0	8	0	0	504	0
EHA01918_bin.6	67	383	0	4	5	2	0	4	0	0	0	0	5	171	9084	1	4	3550	6	0	2	0	850	59	0	27	1331	0	50	6	1018	2	0	792	4	8	0	2	2	25	0	0	6	31	1298	2	2	2	2	0	235	14	4	1	2	0	2	0	0	0	0	27	0	143	0	2	0	0	1238	2	5	1	0	0	40	4	0	42208	2	0	3960	0	34	97	0	3	8	0	0	0	0	0	2479	0	0	0	0	0	2153	2	0	2	0	0	0	0	4	0	2	0	6	0	0	29	2	6	0	0	0	4	4	0	0	58	16	171	388	0	2	3898	0
EHA01919_bin.18	836	194	1	0	3	0	0	0	0	0	173	0	6	4035802	28952	0	7	10	585	0	246	37	0	862	0	0	14136	6	1782	0	1580	0	0	0	0	0	0	0	0	1292	0	0	0	2	6	0	0	54	0	0	2986	3	0	0	0	0	0	0	68	159	40	0	0	18949	0	6	23	0	6223	0	164	0	0	2	10	0	0	5633	2	0	14460	0	0	9155	419	11	0	400	0	0	2	0	11336	0	4	0	0	0	13828	0	0	0	0	17	0	2	0	10	2	0	239	0	0	0	0	0	0	0	0	0	0	0	0	12	61	574	6467	0	2	4299	0
EHA01919_bin.20	10	28	3	2	0	2	0	0	0	0	6	0	0	57447	2455	0	1	0	2	0	26	6	33	7	0	2	1174	5	10	0	65	0	0	2	2	0	0	2	0	37	0	0	0	0	1	0	2	6	23	0	0	0	0	0	0	0	0	6	3	4	37	13	0	184	0	5	16	0	477	0	16	0	0	2	8	1	0	927	0	0	1236	0	0	2592	40	0	2	16	0	0	0	0	1388	0	0	1	0	0	5907	0	0	1	0	0	0	0	0	6	0	0	25	3	0	0	0	0	0	0	6	0	0	0	10	11	0	24	15	0	3	156	0
EHA01919_bin.21	75486	536	0	21	0	7	3	0	75	0	954	8	0	110315	12230	0	13	27	65312	0	1162	202	5	89102	0	13	3116	0	12466	0	116115	0	0	41	6	0	0	8	0	146881	0	0	0	0	13	80	0	144	0	0	204484	2	0	1	0	0	0	77	0	19869	2465	0	0	156482	0	324	1586	0	2252	0	1114	0	0	0	1717	0	22	939588	26	6	2573	24	0	7423	22918	0	0	2679	2	0	1	25	3797	0	271	7	0	0	10076	0	0	0	37	0	18	116	0	0	0	0	3467	0	0	0	0	0	2	8	0	0	0	38	0	2	10899	52040	673729	2	0	159874	0
EHA01919_bin.22	0	44	0	1	76	0	0	0	0	0	0	2	0	286668	31745	0	2	1	0	0	1	0	8	4	0	0	20315	33	34	0	14	0	0	8	0	0	0	0	2	0	0	0	0	2	0	0	3	14	0	0	2	3	0	0	0	0	0	0	0	0	0	2	0	13131	0	0	0	2	10937	0	6	0	0	10	0	0	0	24078	0	0	12199	0	0	97837	7	0	0	0	0	0	0	0	37049	0	0	0	0	0	26956	0	0	6	0	0	0	0	0	9	4	0	2	4	0	0	0	0	0	0	0	0	0	0	3	11	2	0	6	0	7	573	0
EHA01919_bin.24	0	595	0	0	80	0	0	0	0	0	15	0	0	278388	387564	0	0	0	0	0	181	15	2	0	0	0	154762	19	50	0	22	0	0	0	0	0	5	0	8	2	0	0	0	0	0	7	4	15	0	0	0	6	0	0	0	0	0	0	0	0	0	0	2	235098	0	0	0	12	162278	0	75	0	0	2	0	0	0	440228	0	0	134732	2	0	1485982	74	0	0	145	0	0	0	0	98983	0	0	0	0	0	141528	0	0	39	1	0	2	0	0	3	3	0	253	5	0	0	0	0	0	0	0	0	0	2	2	2	0	0	31	0	86	18	0
EHA01919_bin.36	194	304	0	0	0	0	0	0	0	0	0	0	0	36167	25863	0	17	528	190	0	2	4	225	277	0	17	14922	0	500	0	424	0	0	74	4	0	0	0	0	360	0	0	0	0	189	0	0	0	0	0	634	0	0	0	0	0	0	4	0	59	4	6	0	44849	0	2	15	0	5871	0	1	0	0	0	19	0	0	49326	0	0	12606	4	2	15116	75	32	0	14	0	0	0	0	9164	0	0	0	0	0	40541	0	0	0	2	0	0	0	0	0	0	0	2	0	0	0	0	0	0	0	0	0	0	0	0	2	50	656	2332	0	0	676	0
EHA01919_bin.37	0	96	0	8	10	0	0	0	0	0	0	0	0	55043	22989	0	0	0	0	0	0	0	0	2	0	0	4881	2	98	0	21	0	0	2	0	0	0	0	1	1	0	0	0	0	0	0	0	1	0	0	10	5	0	0	0	0	0	0	0	0	0	2	0	25169	0	0	0	7	2901	0	0	0	0	5	0	0	0	18156	0	0	6241	0	0	45146	45	0	0	0	0	0	0	0	3759	0	0	0	0	0	12218	0	0	0	0	0	0	0	0	0	0	0	6	2	0	0	0	0	0	0	0	0	0	0	2	0	0	2	2	0	3	496	0
EHA01919_bin.3	0	41	0	0	4	0	0	0	0	0	0	0	4	61094	3507	0	0	0	0	0	0	0	1	0	0	0	1423	0	0	0	0	0	0	0	0	0	0	0	1	0	0	0	0	0	0	0	4	2	0	0	0	5	0	0	0	0	0	0	2	0	0	1	0	36457	0	0	0	0	1208	0	1	0	0	0	0	0	0	30626	0	0	516	0	0	15325	1	0	0	0	0	0	0	0	2223	0	0	0	0	0	15132	0	0	0	0	0	0	0	0	10	0	0	0	0	0	0	0	0	0	0	0	0	0	0	0	4	0	0	2	0	0	28	0
EHA01919_bin.4	1	104	0	2	13	0	0	0	2	0	0	0	0	91602	53134	0	0	0	0	0	0	0	3	1	0	0	10971	93	43	0	246	0	0	4	0	0	0	0	49	2	0	0	0	0	2	2	4	34	0	0	2	23	0	0	0	0	0	0	2	0	0	1	0	31031	0	0	0	22	13215	0	4	0	0	30	0	0	0	20581	0	0	11047	0	0	17090	5	0	0	0	0	0	0	0	34644	0	0	0	0	0	11599	0	0	5	0	0	0	0	0	0	0	0	5	20	0	0	0	0	0	0	0	0	0	0	26	0	0	17	6	0	17	175	0
EHA01920_bin.11	0	7	0	0	1	0	0	0	0	4	0	0	0	52894	9708	0	0	0	0	0	0	17	0	0	0	0	5294	0	10	0	10	0	0	0	0	0	0	0	0	0	0	0	0	0	0	0	4	1	0	0	0	1	0	0	0	0	0	0	0	0	0	0	0	19309	0	0	0	0	6002	0	2	0	0	9	0	0	0	51039	0	0	823	0	0	10642	1677	0	0	0	0	0	0	0	5250	0	0	0	0	0	39428	0	0	2	0	0	0	0	0	0	0	0	0	1	0	0	0	0	0	0	0	0	0	0	1	0	0	0	76	0	0	45	0
EHA01920_bin.18	0	48	0	2	0	0	0	0	0	0	0	0	0	10739	1022	0	0	0	0	0	0	0	0	0	0	0	499	0	4	0	8	0	0	0	0	0	0	0	0	0	0	0	0	0	0	0	0	0	0	0	0	1	0	0	0	0	0	0	0	0	0	0	0	2821	0	0	0	0	104	0	0	0	0	5	0	0	0	846	0	0	330	0	5	35938	0	0	0	0	0	0	0	0	224	0	0	0	0	0	351	0	0	0	0	0	0	0	0	2	0	0	2	0	0	1	0	0	0	0	0	0	0	0	0	0	0	2	4	0	0	939	0
EHA01920_bin.20	0	109	0	20	26	0	0	0	0	0	5	0	0	47526	27576	0	2	1	0	0	0	0	0	50	0	0	4625	22	61	0	30	0	0	0	0	0	0	0	6	14	0	0	0	0	4	0	3	4	0	0	2	13	0	0	0	0	0	0	0	3	0	1	0	22337	0	1	48	0	3581	0	12	0	0	10	8	0	0	23236	3	0	8129	0	0	56164	59	0	0	30	0	0	0	0	4017	0	0	0	0	0	9031	0	0	3	0	0	0	0	0	0	0	0	3	0	0	0	0	0	0	0	0	0	0	0	6	0	0	0	11	0	3	802	0
EHA01920_bin.23	8	1430	0	0	0	0	0	0	0	0	5	0	0	84188	323988	0	0	0	6	0	9	0	4	8	0	0	120156	0	3	0	1427	0	0	0	0	0	0	0	0	2	0	0	0	2	0	0	0	0	0	0	19	0	0	0	0	0	0	0	0	1	2	0	0	204680	0	0	0	0	87669	0	7	0	0	0	0	0	0	28856	0	0	96817	0	2	142563	8	0	0	10	0	0	0	0	77858	0	0	0	0	0	99483	0	0	0	0	0	0	0	0	4	0	0	9	0	0	0	0	0	0	0	0	0	0	0	0	0	0	36	48	0	0	91	0
EHA01920_bin.28	8	148	0	2	33	0	0	0	0	0	1	0	0	45270	226029	0	0	0	4	0	39	12	6	4	0	0	58496	23	55	0	83	0	0	27	0	0	0	0	8	2	0	0	2	0	0	2	0	11	0	0	4	6	2	0	0	0	0	0	0	2	0	0	0	119610	0	10	8	22	49881	0	31	0	0	5	16	0	0	130760	0	0	54404	0	0	143032	2031	0	0	27	0	0	0	0	126935	0	4	2	0	0	320993	0	4	278	1	0	0	2	2	0	39	0	40	1	0	0	0	3	0	0	1	0	1	2	7	0	0	0	119	0	25	35	0
EHA01920_bin.4	0	0	0	0	0	2	0	0	0	0	0	2	0	8879	1497	0	0	0	0	0	0	0	0	0	0	0	724	0	0	0	0	0	0	0	0	0	0	0	1	0	0	0	0	0	0	0	4	0	0	0	0	0	0	0	0	0	0	4	0	0	0	0	0	120	0	0	0	0	192	0	0	0	0	0	0	0	0	1543	0	0	726	0	0	5516	0	0	0	0	0	0	0	0	947	0	0	0	0	0	6298	0	0	0	0	0	0	0	1	0	1	0	0	3	0	0	0	0	0	0	0	0	0	0	9	0	0	16	0	0	9	2	0
EHA01920_bin.6	126	2214	1	17	7	0	0	0	0	0	9	0	1	4134	11255	0	380	1331	7	0	8	0	146	8	0	54	2810	279	456	0	153	0	0	565	11	0	0	0	68	1	0	0	0	4	437	2	226	19	0	0	20	37	0	0	0	0	0	6	1	0	0	20	0	19767	0	1	4	129	7017	0	4	0	0	261	20	0	0	958	0	0	2581	2	0	12136	4	10	0	0	0	0	0	0	3136	0	0	0	0	0	29007	0	0	75	0	37	0	0	1	10	111	0	2	234	0	3	0	0	0	0	0	0	0	2	158	26	8	104	28	0	191	1212	0
EHA01920_bin.7	7	48	0	0	5	0	0	0	0	0	0	0	0	22338	1869	0	0	0	199	0	0	2	0	0	0	0	3903	51	6037	0	43	0	0	49	0	0	0	0	0	0	0	0	0	0	0	0	12	43	0	0	10	8	0	0	0	0	0	0	0	0	0	0	0	1864	0	0	0	5	1142	0	0	0	0	21	0	0	0	2582	0	0	952	0	0	20615	40	0	0	0	0	0	0	0	1155	0	0	0	0	0	9156	0	0	17	0	0	0	0	0	0	3	1	5	3	0	0	0	0	0	0	0	0	0	0	84	0	0	58	2	0	6	407	0
EHA01920_bin.8	0	106	0	11	7	0	0	0	0	0	0	0	0	84858	137947	0	1	6	0	0	4	4	8	0	0	0	85405	3	2183	0	1068	0	0	3	0	0	0	0	2	0	0	0	0	0	1	0	0	3	0	0	0	0	4	0	0	0	0	0	0	0	0	0	0	47567	0	0	0	2	59788	0	0	0	0	12	2	0	0	211323	0	0	12193	0	0	41683	9	0	0	1	0	0	0	0	24060	0	0	0	0	0	206502	0	0	1	0	1	0	0	0	0	16	0	2	3	0	0	0	0	0	0	0	0	1	0	2	5	0	0	0	0	4	693	0
EHA01921_bin.13	0	56	0	2	37	0	0	0	0	0	0	0	0	6234	38874	0	0	0	0	0	0	0	0	0	0	0	22418	4	1	0	1	0	0	0	0	0	0	0	1	0	0	0	0	0	0	0	4	2	0	0	2	4	0	0	0	0	0	0	0	0	0	0	0	40235	0	0	0	11	38620	0	0	0	0	14	0	0	0	51989	0	0	25300	0	0	93627	0	0	0	0	0	0	0	0	14024	0	0	0	0	0	8535	0	0	5	0	0	0	0	0	0	4	0	0	5	0	2	0	0	0	0	0	0	0	0	4	0	0	1	0	0	2	19	0
EHA01921_bin.25	0	21	0	0	0	0	0	0	0	0	0	0	9	12171	1721	0	1	0	0	0	0	0	0	0	0	0	828	0	0	0	0	0	0	0	0	0	0	0	1	0	0	0	0	0	0	0	0	0	0	0	0	4	0	0	0	0	0	0	0	0	0	0	0	18438	0	0	0	2	556	0	0	0	0	0	0	0	0	36514	0	0	208	0	0	11171	9	0	0	0	0	0	0	0	479	0	0	0	0	0	9778	0	0	0	0	0	0	0	0	1	6	0	0	0	0	0	0	0	0	0	0	0	0	0	0	0	0	0	0	0	0	14	0
EHA01921_bin.27	4	3	0	0	0	0	0	0	0	0	38	0	0	467	7903	0	12	9400	2	0	0	0	9508	2	0	3272	831	0	0	0	420	0	0	246	0	0	0	0	0	0	0	0	0	0	3740	0	0	119	0	0	32	36	0	0	0	0	0	0	0	0	0	857	0	0	0	0	13	0	52	0	2	0	0	0	18	0	0	732704	0	0	2027	5	0	110	10	2728	0	0	0	0	2	0	1239	0	1	0	0	0	2	2	0	0	0	17	0	0	0	1	0	11	2	0	0	0	0	2	0	0	0	0	0	0	0	102	0	0	8	0	0	106	0
EHA01921_bin.29	1252	11776	0	10	1	0	0	0	0	0	143	0	3	6863	1693	0	918	827	47	0	0	0	928	56	0	315	514	0	107	0	4477	0	0	1995	106	0	0	0	0	47	0	0	0	2	299	0	0	70	0	0	974	445	0	0	0	0	0	11	0	42	2	178	0	104	0	10	81	1	318	0	33	0	0	3	145	43	2	539307	0	0	1263	18	0	841	28	3462	0	5	0	0	4	2	754	0	1	6	0	0	485	10	0	0	0	0	1	0	7	14	0	64	122	0	0	0	0	4	0	6	0	0	0	4	2	113	28	1176	643	0	2	4656	0
EHA01921_bin.32	1066	1821	0	2	1	0	0	2	0	0	14	0	0	1449	49689	0	49	9577	74	0	4	39	7711	28	0	1244	9899	2	1446	0	3760	0	0	6162	0	0	0	0	1	88	0	0	0	2	3711	0	0	17	0	0	1873	6	0	0	0	0	0	10	36	6	0	43702	0	142	0	0	22	8	413	0	11	0	0	0	12	4	0	267227	0	0	6871	5	0	41	42	297	0	10	2	0	0	0	421	0	0	0	0	0	1201	0	0	0	0	9	2	0	44	2403	1	8	57	0	0	0	0	4	0	0	0	0	0	3	2	28565	12	1551	1810	0	0	4865	0
EHA01921_bin.34	11870	111713	0	4	0	0	0	0	0	0	20	0	0	26542	6822	0	4924	1294	137	0	0	0	1335	168	0	899	2887	0	490	0	16911	0	0	9459	1044	0	0	0	0	110	3	0	0	0	445	0	0	51	0	0	8295	2295	2	0	0	0	0	9	10	22	4	914	0	3651	2	17	19	0	1092	0	4	0	0	2	281	37	0	1416227	0	0	10614	15	2	11502	28	684	0	4	0	0	0	0	4499	0	4	2	0	0	5661	36	0	0	0	0	0	0	9	75	2	5	115	0	0	1	0	0	0	4	0	0	0	10	0	322	49	2649	3463	0	0	25624	0
EHA01921_bin.41	474	2262	0	38	0	0	0	0	0	0	315	0	0	2366	4078	0	396	637	25	0	0	2	442	88	0	183	1909	0	81	0	1454	0	0	554	178	0	0	0	2	61	0	0	0	0	206	6	0	171	0	0	1297	265	0	0	0	0	0	10	0	54	0	95	0	1151	0	2	240	0	3562	0	29	0	0	0	187	40	0	181705	0	0	4524	35	0	4445	46	13119	0	9	2	0	8	0	2654	0	0	3	0	0	2261	8	0	0	0	0	0	0	0	13	0	133	112	0	0	0	0	8	0	6	0	0	0	13	0	139	3	742	556	0	0	1367	0
EHA01921_bin.7	0	8	2	0	1	0	0	0	0	0	0	0	0	380891	1839935	0	0	0	0	0	1	0	14	0	0	0	513776	2	4	0	7	0	0	0	0	0	0	0	0	2	0	0	0	0	0	0	1	25	0	0	2	21	0	0	0	0	0	0	0	0	0	0	0	88845	0	0	0	0	386755	0	1	0	0	1	0	0	0	494632	0	0	363446	0	0	271361	8	0	0	0	0	0	0	0	812643	0	0	0	0	0	658443	0	0	2	0	0	0	0	0	0	4	0	0	0	0	2	0	0	0	0	0	0	0	0	1	0	0	0	3	0	0	10	0
EHA01921_bin.9	0	1447	0	210	0	0	2	18	0	0	5	0	0	10135	8	0	0	0	2	0	0	8	0	48	0	0	0	0	0	0	1378	0	0	740	0	0	0	0	0	2	0	0	0	1	0	0	0	53	0	0	10	57	0	0	0	0	0	0	1	112	0	0	0	30	2	0	7	2	2	0	15	0	0	24	2	0	0	258353	0	0	18	0	0	453	99	18	0	97	0	0	14	0	6	0	0	0	0	0	4	0	0	0	0	0	0	0	0	3	0	1	3	0	0	0	0	0	0	0	0	0	0	4	0	7	0	1	40	0	0	31970	0
EHA01922_bin.12	0	20	0	0	0	0	0	0	0	0	0	0	0	2414	64405	0	0	0	0	0	0	0	2	1	0	0	2980	21	0	0	9	0	0	0	0	0	0	0	96	2	0	0	0	0	0	0	5	86	0	0	0	33	0	0	0	0	0	0	0	0	0	0	0	81	0	0	0	10	4138	0	3	0	0	20	0	0	0	100	0	0	24	0	0	1827	6	0	0	2	0	0	0	0	7078	0	0	0	0	0	4059	0	0	6	0	0	0	0	0	0	4	0	3	7	0	0	0	0	0	0	0	0	0	0	24	0	0	2	24	0	11	32	0
EHA01922_bin.13	0	44	0	10	0	0	0	0	0	0	13	0	0	400685	44945	0	0	0	0	0	20	0	0	0	0	0	117099	0	10	0	0	0	0	0	0	0	0	0	0	0	0	0	0	0	0	0	0	4	0	0	0	4	0	0	0	0	0	0	0	0	0	0	0	3020	0	0	0	0	9480	0	10	0	0	41	0	2	0	267801	4	0	6254	0	2	304698	14	0	0	6	0	0	0	0	443206	0	0	0	0	0	622433	0	0	6	0	0	1	0	0	0	0	0	13	0	0	0	0	0	0	0	0	0	1	0	3	0	0	0	3	0	2	0	0
EHA01922_bin.19	0	88	13	0	34	0	0	0	0	0	9	0	0	188027	1545	0	0	0	0	0	243	3	131	0	0	5	211	38	43	0	8	0	0	0	0	0	0	0	135	2	0	0	0	1	0	4	42	112	0	0	0	43	0	0	0	0	0	0	270	0	1	61	0	410947	0	0	0	254	454	0	105	0	0	2016	0	0	0	666	0	0	1246	0	3	74288	86	10	0	102	0	0	0	0	31899	0	0	0	0	0	636	0	0	92	0	0	0	0	0	93	2	0	53	110	0	2	0	0	0	0	0	0	0	0	170	90	0	0	4	0	52	20	0
EHA01922_bin.23	658	1704	0	1117	0	0	0	0	4	6	93	36	0	558	444	2	72	67	200	0	5	802	81	809	0	2	100	0	121	0	904	0	0	47	4	0	169	0	0	1372	0	0	0	0	35	36	0	24	0	0	31	79	0	0	0	0	0	12	0	32	38	258	0	56796	0	4	668	0	1764	0	1755	0	0	1	25	0	0	5859	2	0	78	15	0	185	12136	0	0	2743	6	0	0	0	121	0	2	22	3	0	4563	0	0	0	14	0	4	7	0	27	0	12	13078	0	0	0	0	68	0	6	0	0	0	0	4	99	48	497	7446	2	0	6768	0
EHA01922_bin.28	97	412	0	70	0	0	0	0	0	0	2	0	0	2546	9935	0	1	17	70	0	0	65	3	31	0	0	6339	0	27	0	241	0	0	4	0	0	2	0	0	47	0	0	0	0	9	0	0	5	0	0	21	2	0	0	0	0	0	2	0	10	2	0	0	15258	0	0	83	0	3301	0	4	0	0	0	0	0	0	4059	0	0	1332	0	0	6168	125	0	0	37	2	0	0	0	3251	0	0	0	4	0	19328	0	0	0	0	0	0	0	0	0	0	0	61	0	0	1	0	0	0	0	0	0	0	0	6	8	28	18	1949	0	0	1586	0
EHA01922_bin.31	2	0	0	0	0	0	0	0	0	0	0	0	0	1622	2589	0	0	0	0	0	0	0	0	0	0	0	248	0	0	0	0	0	0	0	0	0	0	0	0	0	0	0	0	0	0	0	0	0	0	0	0	1	0	0	0	0	0	0	0	0	0	0	0	5756	0	0	0	0	2262	0	0	0	0	0	0	0	0	631	0	0	3	0	0	2525	0	0	0	0	0	0	0	0	1529	0	0	0	0	0	1797	0	0	0	0	0	0	0	0	0	0	0	5	0	0	0	0	0	0	0	0	0	0	0	4	0	0	0	9	0	0	8	0
EHA01922_bin.34	869	4435	0	191	0	0	0	0	2	23	36	0	0	3171	3985	0	50	20	462	2	8	618	5	442	0	0	1636	0	324	0	2612	0	0	17	2	0	24	0	0	555	0	0	0	0	4	9	0	25	0	0	47	35	0	0	0	0	0	25	0	39	26	2	0	24941	0	0	405	0	6054	0	556	0	0	1	34	0	0	15489	0	2	1562	0	0	6384	3055	0	0	606	15	0	0	0	1800	0	0	12	2	0	17467	0	0	0	2	0	4	6	0	0	0	7	3733	0	0	0	0	25	0	0	0	0	0	0	3	41	48	110	13518	0	0	12138	0
EHA01922_bin.35	176	6954	2	26	161	0	0	0	0	0	19	0	0	139542	50879	0	15	3153	1	0	93	0	5	10	0	0	17955	61	87	0	554	0	0	244	0	0	0	0	70	12	0	0	0	1	978	2	19	28	0	0	52	11	0	0	0	0	0	2	280	0	2	0	0	72352	0	0	2	41	17350	0	93	0	0	1107	2	0	0	848054	0	0	12852	6	0	75809	52	4	0	7	0	0	0	0	33589	0	0	0	0	0	592160	0	0	1342	0	0	2	0	0	13	5	0	69	92	0	0	0	0	0	0	0	0	0	4	122	6	0	26	157	0	19	2124	0
EHA01922_bin.4	0	216	0	0	1	0	0	0	0	0	0	0	0	104426	21757	0	0	0	0	0	26	0	2	0	0	0	7843	4	0	0	10	0	0	0	0	0	0	0	1	0	0	0	0	2	0	4	1	49	0	0	0	14	0	0	0	0	0	0	0	0	0	0	0	40459	0	0	0	4	4170	0	8	0	0	0	0	0	0	10055	0	0	4793	0	0	178301	8	0	0	56	0	0	0	0	18329	0	0	0	0	0	204664	0	0	0	2	0	1	0	0	0	0	1	70	0	0	0	0	0	0	0	0	0	0	0	0	8	0	0	2	0	0	24	0
EHA01922_bin.6	3	5	0	0	0	0	0	0	0	0	4	0	0	51171	58171	0	0	0	2	0	4	2	0	7	0	0	19629	0	1	0	270	0	0	0	0	0	0	0	0	13	0	0	0	0	0	0	0	0	0	0	2	0	0	0	0	0	0	0	0	0	0	0	0	58841	0	0	0	0	13100	0	2	0	0	0	0	0	0	17691	0	0	50363	0	0	41730	7	0	0	9	0	0	0	0	15538	0	0	0	0	0	39497	0	0	0	0	0	0	0	0	0	0	0	1	0	0	0	0	0	0	0	0	0	0	0	0	0	4	12	17	0	0	199	0
EHA01923_bin.20	6573	40338	0	415	0	10	0	0	0	26	170	22	6	228822	16589	15	269	33720	4094	0	13	4007	27492	2837	0	1929	1037	23	4212	0	22439	0	0	7246	15	2	14	0	2	3106	0	0	0	0	12336	25	5	255	0	0	2600	218	0	0	0	0	2	168	150	537	33	173080	0	6703	0	13	3572	3	27100	0	1140	0	0	3	319	6	0	131446	6	0	1121	29	2	6233	4746	472	0	235	83	0	2	2	4430	0	2	5	58	0	63049	2	0	0	29	50	45	16	99	18039	7	23	2508	73	0	1	0	7	0	7	0	0	0	0	382	94377	583	2304	126193	0	9	116510	2
EHA01923_bin.2	1	6	0	0	0	0	0	0	0	0	0	0	0	8720	2333	0	0	0	0	0	0	0	0	0	0	0	380	0	2	0	0	0	0	0	0	0	0	0	0	0	0	0	0	0	0	0	1	0	0	0	0	0	0	0	0	0	0	0	0	0	0	0	0	722	0	0	2	0	573	0	0	0	0	0	2	0	0	648	0	0	714	0	0	3607	0	0	0	0	0	0	0	0	2000	0	0	0	0	0	52467	0	0	0	0	0	0	0	0	0	0	0	0	0	0	0	0	0	0	0	0	0	0	0	2	0	0	1	2	0	1	0	0
EHA01923_bin.7	1535	735	0	6	0	0	0	0	0	0	321	4	0	82845	859599	0	0	84	1151	0	349	109	46	1574	0	1	437431	0	365	0	2794	0	0	10	4	0	4	0	0	2437	0	0	0	2	51	17	0	33	0	0	3012	3	1	2	0	0	0	2	0	346	49	183	0	163302	0	10	198	0	154091	0	339	0	0	0	24	0	2	24338	0	0	427124	1	5	124381	752	0	0	873	2	0	0	0	278332	0	0	0	0	0	418240	0	0	0	3	0	4	0	0	17	0	0	650	0	0	1	0	0	0	0	0	0	0	4	0	111	219	876	12949	0	2	9059	0
EHA01923_bin.9	4	2	0	0	0	0	0	0	0	0	0	2	0	0	4795	0	0	2	2	0	1	0	23	0	0	0	10795	26	0	0	10	0	0	0	0	0	0	0	0	0	0	0	0	3	4	0	1	0	0	0	0	0	0	0	0	0	0	0	17	0	0	10	0	7	0	0	4	2	0	0	9	0	0	6	0	0	0	1	0	0	14745	0	0	11503	0	1	0	1	0	0	0	0	1488	0	0	0	0	0	150223	0	0	0	0	3	0	0	3	12	0	0	1	0	0	0	0	9	0	0	0	0	0	0	0	4	0	1	0	0	0	18	0
EHA01924_bin.10	0	68	0	0	48	0	0	0	0	0	0	0	0	1191	73022	0	0	1	0	0	0	0	4	3	0	0	29758	7	10	0	2	0	0	14	0	0	0	0	0	2	0	0	0	21	0	0	7	16	0	0	8	24	0	0	0	0	0	0	0	0	0	2	2	1314	0	0	0	5	765	0	1	0	0	65	0	0	0	1021	0	0	543	0	3	1607	0	0	0	0	0	0	0	0	12589	0	0	0	0	0	34538	0	0	2	0	0	0	0	7	0	0	0	1	2	0	2	0	0	0	0	0	0	0	0	5	3	0	8	7	0	0	554	0
EHA01924_bin.13	0	0	0	0	0	0	0	0	0	0	0	0	0	3686	8583	0	0	0	0	0	0	0	5	0	0	0	4296	0	0	0	0	0	0	0	0	0	0	0	0	0	0	0	0	0	0	0	0	0	0	0	0	0	2	0	0	0	0	0	0	0	0	0	0	1698	0	0	0	0	7504	0	0	0	0	0	0	0	0	51790	0	0	4309	0	0	115225	0	0	0	0	0	0	0	0	7490	0	0	0	0	0	7340	0	0	0	0	0	0	0	0	0	2	0	0	0	0	0	0	0	0	0	0	0	3	0	0	0	0	0	0	0	0	0	0
EHA01924_bin.14	0	9119	0	78	47	0	0	0	0	0	0	0	1	5272	17143	0	0	0	1	0	0	0	2	0	0	0	7080	10	1332	0	154	0	0	23	0	0	0	0	1	2	0	0	0	0	0	1	16	22	0	0	1	2	0	0	0	0	0	0	0	0	0	0	0	1259	0	0	0	4	2947	0	4	0	0	26	0	0	0	7114	0	0	2445	0	0	2155	0	0	0	2	0	0	2	0	4591	0	0	0	0	0	9631	0	0	15	0	0	0	0	3	2	11	0	6	5	0	0	0	0	0	0	0	0	0	0	15	0	0	10	2	0	13	6649	0
EHA01924_bin.15	32	3354	0	11	2	0	0	0	0	0	2	0	0	2548	6334	0	63	17795	13	0	6	12	18941	13	0	24	2879	1	103	0	2238	0	0	2305	0	0	1	0	0	5	0	0	0	1	6289	0	0	8	0	0	130	37	0	0	0	0	0	4	4	6	0	4453	0	23790	0	0	21	1	935	0	28	0	0	8	0	1	0	2551	0	0	4382	2	0	3825	157	7	0	23	0	0	1	0	2140	0	0	0	0	0	11435	0	0	0	0	5	0	0	8	2	0	0	35	2	0	0	0	0	0	0	0	0	0	0	13	2667	4	63	166	0	2	639	0
EHA01924_bin.18	0	16	0	0	73	0	0	0	0	0	0	0	0	10263	4525	0	0	77	0	0	0	0	4	1	0	0	1986	151	5	0	77	0	0	0	0	0	0	0	0	1	0	0	0	0	31	0	4	22	0	0	0	33	0	0	0	0	0	0	0	0	0	0	0	1308	0	0	0	4	6374	0	2	0	0	19	0	0	0	13882	0	0	5802	0	0	4058	2	0	0	0	0	0	0	0	1621	0	0	0	0	0	21615	0	0	14	0	0	0	0	0	0	2	0	0	2	0	0	0	0	0	0	0	0	0	0	13	0	0	10	1	0	5	104	0
EHA01924_bin.20	3	33	0	0	0	0	0	0	0	0	0	0	0	1246	1104	0	0	0	4	0	0	0	0	1	0	6	840	4	1	0	296	0	0	3	4	0	0	0	0	5	0	0	0	0	0	0	0	0	0	0	2	0	0	0	0	0	0	0	0	9	1	62	0	2026	0	0	0	1	504	0	4	0	0	0	20	0	0	184	0	0	211	0	0	1591	0	0	0	0	0	0	0	0	2019	0	0	0	0	0	1427	0	0	0	0	0	0	0	0	0	2	0	2	0	0	0	0	0	0	0	0	0	0	0	0	0	0	0	0	0	0	0	0
EHA01924_bin.21	1463	753	0	10	2	0	0	0	0	0	291	0	0	489665	36069	0	37	5	1104	0	583	146	7	1575	0	2	16945	0	2261	0	4391	0	0	2	0	0	0	0	0	2078	0	0	0	0	0	12	0	61	0	0	4349	2	0	0	0	0	0	0	22	226	46	1	4	35401	0	6	81	0	10083	0	474	0	0	0	36	0	0	8917	2	2	16302	8	0	25926	836	1	0	880	0	0	0	0	15304	0	2	3	0	0	19523	0	0	2	9	8	5	2	0	1	0	0	750	0	0	0	0	0	0	2	0	0	0	2	0	5	167	1396	10229	0	0	11138	0
EHA01924_bin.22	7559	0	0	4	1	0	0	0	0	0	271	0	2	0	12	0	231	7	1152	0	292	32	0	5657	2	0	0	0	4291	0	1879	0	0	0	2606	0	0	0	0	6	136	0	0	3	8	68	0	22	32	0	14	8	0	18	4	0	45	1019	0	49	4993	15	0	6	0	375	34	0	0	10	11	0	0	0	12074	0	0	0	0	0	0	4	0	0	3	3	0	46	4	0	0	0	20	4	394	2835	0	0	49	0	2	0	1	0	0	0	2	0	0	1311	0	0	4	0	0	278	0	70	170	0	0	0	0	4	121	0	17	0	0	7	0
EHA01924_bin.28	53	173	0	0	0	0	0	0	0	0	1	0	0	8567	37965	0	116	10	2	0	0	0	41	3	0	12	18048	0	1	0	37	0	0	11	6	0	0	0	0	0	0	0	0	0	3	0	0	0	0	0	8	4	0	0	0	0	0	0	0	0	1	1	0	60691	0	0	2	0	5254	0	2	0	0	0	4	0	0	12396	0	0	3578	0	1	16779	6	8	0	0	0	0	0	0	15315	0	0	0	0	0	83771	2	0	0	0	0	0	0	0	0	0	0	3	0	0	0	0	0	0	0	0	0	0	0	0	1	4	10	12	0	0	41	0
EHA01924_bin.29	0	6	0	0	5	0	0	0	0	0	0	0	0	28266	34857	0	0	0	0	0	0	0	0	2	0	0	7007	1	621	0	62	0	0	2	0	0	0	0	0	0	0	0	0	0	2	0	0	0	0	0	0	0	0	0	0	0	0	0	0	0	0	0	0	10985	0	0	0	0	6265	0	0	0	0	0	0	0	0	36835	0	0	1195	0	0	29857	0	0	0	0	0	0	0	0	3890	0	0	0	0	0	37710	0	0	0	0	0	0	0	0	0	0	0	0	1	0	0	0	0	0	0	0	0	0	0	0	0	0	0	0	0	0	45	0
EHA01924_bin.36	2	19	0	0	0	0	0	0	0	0	4	0	0	23742	85732	0	0	47	0	0	1	0	43	4	0	2	50040	0	0	0	328	0	0	11	0	0	0	0	1	60	0	0	0	0	42	0	0	0	0	0	0	0	0	0	0	0	0	0	0	14	0	21	0	117310	0	0	0	0	16020	0	3	0	0	0	0	0	0	25773	0	0	11918	0	0	51431	10	0	0	4	0	0	0	0	24195	0	0	0	0	0	164816	0	0	0	0	0	0	0	0	0	0	3	5	0	0	0	0	0	0	0	0	0	0	0	0	6	0	5	4	0	0	45	0
EHA01924_bin.8	0	0	3	1	34	0	0	0	0	0	0	2	6	4	1	0	0	0	5	0	248	0	2587	2	0	23	2	6	0	0	0	0	0	0	0	0	0	0	0	0	0	0	0	41	0	0	9	10	0	0	0	6	0	0	0	0	0	0	196	0	7	502	0	0	0	0	0	0	1	0	197	0	0	5	7	3	0	1	0	0	1	4	0	0	0	27	0	0	0	0	0	0	0	0	0	0	0	0	181	0	0	4	0	6	0	0	1	300	1	0	0	11	0	9	0	0	0	0	4	0	1	0	0	260	0	0	0	0	0	15	0
EHA01925_bin.12	0	121	0	2	11	0	0	0	0	0	19	0	0	392412	3392277	0	0	4	0	0	70	0	4	0	0	0	45574	17	21	0	26	0	0	0	0	0	2	0	1	0	0	0	0	1	0	1	0	34	0	0	0	11	3	0	0	0	0	0	0	0	0	23	0	19717	0	0	0	18	1092981	0	64	0	0	4	0	0	0	5089737	0	2	31890	0	2	46815	127	0	0	46	0	0	0	0	1725282	0	0	2	0	0	506247	0	0	13	0	0	0	0	0	1	5	0	42	0	0	1	0	0	0	0	0	0	2	0	0	0	0	0	7	0	0	365	0
EHA01925_bin.17	73	50	4	0	6	2	0	2	0	0	32	27	11	8689	41575	2	45	553	9	4	277	21	44	58	0	65	15339	41	72	0	209	0	0	151	2	0	0	0	44	78	6	0	0	5	223	29	38	51	0	0	3	111	6	0	0	0	8	35	68	32	94	33	0	23754	0	26	413	41	9836	0	333	0	0	20	223	0	1	14699	0	9	10304	3	1	11824	432	40	0	322	0	0	0	1	14837	0	93	26	0	0	21557	0	6	60	0	42	0	0	3	21	38	6	160	12	0	0	0	0	0	9	0	0	0	0	23	86	17	107	80	0	24	288	0
EHA01925_bin.18	0	6	0	0	17	0	0	0	0	0	0	0	0	2956	36296	0	0	0	0	0	0	0	0	0	0	0	6835	13	6	0	0	0	0	3	0	0	0	0	0	0	0	0	0	0	0	0	1	4	0	0	0	4	0	0	0	0	0	0	0	0	0	0	0	19712	0	0	0	5	2367	0	2	0	0	11	0	0	0	1500	0	0	1878	0	0	5938	0	0	0	0	0	0	0	0	3343	0	0	0	0	0	5887	0	0	4	0	0	0	0	0	0	14	0	0	3	0	0	0	0	0	0	0	0	0	0	3	0	0	2	0	0	1	52	0
EHA01925_bin.24	0	41	0	0	7	0	0	0	0	0	0	0	0	16396	2929	0	0	0	0	0	0	0	4	2	0	0	1154	0	0	0	2	0	0	0	0	0	0	0	0	0	0	0	0	0	0	0	4	0	0	0	0	8	0	0	0	0	0	0	0	0	0	2	0	19928	0	0	0	0	1000	0	0	0	0	1	0	0	0	18676	0	0	571	0	0	11957	10	0	0	0	0	0	0	0	831	0	0	0	0	0	26603	0	0	0	0	0	0	0	0	0	0	0	1	14	0	0	0	0	0	0	0	0	2	0	0	2	0	0	2	0	0	26	0
EHA01925_bin.25	219	88	0	24	0	0	0	0	0	1	1	0	1	14793	84097	0	11	2	12	0	15	2	10	183	0	0	27245	2032	4	0	684	0	0	4	0	0	0	0	53	237	0	0	0	5	2	0	135	22	0	0	68	141	0	0	0	0	0	0	0	21	6	4	0	65183	0	0	4	692	28120	0	36	0	0	4063	4	0	0	6346	0	0	32526	0	0	29000	17	0	0	96	0	0	0	0	55076	0	0	0	0	0	75490	0	0	77	0	0	0	0	0	0	7	0	65	350	0	0	0	0	0	0	0	0	5	0	534	5	36	14	19	0	1793	795	0
EHA01925_bin.26	16	376	0	13	79	0	0	2	0	0	0	0	0	5019	22250	0	0	0	0	0	0	0	7	29	0	0	2998	133	1602	0	112	0	0	52	0	0	0	0	8	0	0	0	0	0	0	0	22	9	0	0	24	25	0	0	0	0	0	0	0	0	0	1	0	51987	0	0	0	69	14861	0	0	0	0	347	4	0	0	3835	0	0	5281	0	0	7550	36	0	0	10	0	0	0	0	3640	0	0	0	0	0	36894	0	0	95	0	0	0	0	0	0	28	0	13	34	0	0	0	0	0	0	0	0	0	0	266	0	4	35	60	0	118	1387	0
EHA01925_bin.28	161	107124	0	47	4901	0	0	0	0	0	19	0	2	23270	8550	0	13	0	10	0	128	70	1045	65	0	0	19260	3081	1977	0	6835	0	0	88	0	0	0	0	182	131	0	0	0	0	0	7	3150	210	0	0	197	121	24	0	0	0	0	76	0	6	12	0	0	14249	0	19	88	1363	2685	0	80	0	0	1288	37	0	0	100016	4	2	2527	2	0	174350	117	0	0	139	0	0	0	4	5674	0	44	0	0	0	4245	0	2	31740	2	0	2	0	0	29	224	2	738	106	0	0	0	0	0	2	0	0	51	0	2440	0	4	242	922	0	2681	9140	0
EHA01925_bin.29	0	26023	0	9	327	0	0	0	0	0	27	0	0	42633	40135	0	0	0	0	0	282	1	10	0	0	0	18994	5578	173	0	508	0	0	0	0	0	12	0	871	0	0	0	0	0	0	8	768	100	0	0	4	70	6	0	0	0	0	0	0	0	0	0	0	32542	0	0	0	332	17379	0	93	0	0	582	0	0	0	6529	0	0	14703	0	0	11742	54	0	0	63	0	0	0	0	24285	0	0	3	0	0	19850	0	0	811	0	0	0	0	0	0	3246	0	73	635	0	0	0	0	0	0	0	0	3	0	113	2	0	0	25	0	1074	912	0
EHA01925_bin.2	4	3	0	0	2	0	0	5	3	2	0	0	3	709	70805	0	2	0	4	0	3	10	0	0	2	3	4530	0	4	0	4	0	0	0	0	2	0	2	0	2	0	4	8	8	0	0	0	46	2	0	2	16	0	4	2	2	0	0	0	2	6	0	4	236	1	0	2	0	9471	8	2	4	0	0	12	2	0	730	0	0	437	0	8	53241	0	0	2	0	0	0	3	2	7638	4	5	0	0	2	141519	0	0	0	5	5	4	6	0	0	0	0	0	0	0	0	2	1	2	0	2	4	0	9	0	7	2	4	0	8	0	16	2
EHA01925_bin.3	0	32	0	6	1	0	0	0	0	0	0	0	0	8195	14529	0	0	0	0	0	0	0	0	0	0	0	2957	2	10	0	2	0	0	11	0	0	0	0	0	0	0	0	0	0	0	0	0	0	0	0	0	0	0	0	0	0	0	0	0	0	0	0	0	28443	0	0	0	0	10140	0	0	0	0	0	0	0	0	550	0	0	2547	0	0	19875	0	0	0	0	0	0	0	0	4032	0	0	0	0	0	37599	0	0	0	0	0	0	0	0	0	1	0	0	2	0	0	0	0	0	0	0	0	0	0	0	0	0	2	0	0	0	47	0
EHA01925_bin.5	0	3	0	0	0	0	0	0	0	0	0	0	1	1570	12564	0	0	0	0	0	0	0	0	0	0	0	336	8	0	0	0	0	0	0	0	0	0	0	47	0	0	0	0	0	0	0	0	32	0	0	2	18	0	0	0	0	0	0	0	0	0	0	0	151	0	0	0	2	359	0	0	0	0	5	0	0	0	38	0	0	13	0	0	4109	0	0	0	0	0	0	0	0	1302	0	0	0	0	0	51932	0	0	2	0	0	0	0	0	0	3	0	0	8	0	0	0	0	0	0	0	0	0	0	8	0	0	0	0	0	3	26	0
EHA01925_bin.6	0	36912	0	80	1200	0	0	0	0	0	15	0	0	9663	304	0	0	0	0	0	30	0	114	0	0	0	192	24	2	0	214	0	0	0	0	0	0	0	25	0	0	0	0	0	0	0	123	20	0	0	0	24	0	0	0	0	0	0	0	0	0	113	0	538	0	0	0	130	150	0	32	0	0	158	0	0	0	500	0	0	128	0	1	744	11	0	0	8	0	0	0	0	313	0	0	0	0	0	846	0	0	35409	0	0	0	0	0	0	9	4	203	231	0	0	0	0	0	0	0	0	2	4	31	0	0	0	85	0	231	84031	0
EHA01925_bin.7	10	44	19	0	94	0	0	0	0	0	0	0	211	7995	18078	0	18	4	2	0	4	4	9	2	0	4	11278	2	2	0	64	0	0	6	0	0	0	0	0	2	0	0	0	1059	2	0	1	2	0	0	3	2	2	0	0	0	0	0	0	2	0	0	0	34493	0	0	2	0	3699	0	3	0	0	36	2	10	0	15162	0	0	2858	0	6	11586	0	25	0	0	0	0	0	0	7316	0	0	0	0	0	49347	0	0	2	0	0	0	0	2	0	2	0	0	4	0	21	0	0	0	0	0	0	4	0	0	0	0	4	44	0	5	60	0
EHA01925_bin.8	18	51	0	0	10	0	0	0	0	0	0	0	1	1911	18136	0	2	203	4	0	0	0	35	5	0	10	4277	178	45	0	63	0	0	20	0	0	0	0	36	8	0	0	0	1	66	0	115	7	0	0	8	13	4	0	0	0	0	0	5	0	0	9	0	1181	0	0	1	80	5922	0	8	0	0	77	0	2	0	3589	0	0	8200	0	3	3287	9	11	0	0	0	0	0	0	5808	0	0	0	0	0	12077	0	0	35	2	5	0	0	2	32	46	0	3	35	0	3	0	0	0	0	0	0	0	0	72	24	2	31	16	0	168	124	2
EHA01925_bin.9	0	242	0	0	0	0	0	0	0	0	0	0	0	55347	24511	0	0	0	0	0	0	0	0	0	0	0	10320	7	17	0	119	0	0	0	0	0	0	0	2	0	0	0	0	0	0	0	8	3	0	0	0	1	0	0	0	0	0	0	0	0	0	0	0	18658	0	0	0	4	9957	0	2	0	0	10	0	0	0	153759	0	0	4279	0	0	54175	0	0	0	0	0	0	0	0	9021	0	0	0	0	0	119810	0	0	5	0	0	0	0	0	0	4	0	2	13	2	0	0	0	0	0	0	0	0	0	13	0	0	1	0	0	5	179	0
EHA01926_bin.12	9	31	0	0	0	0	0	0	0	0	8	0	1	115049	456456	0	0	0	19	0	5	16	0	12	0	0	124190	0	6	0	166	0	0	0	0	0	0	0	0	14	0	0	0	0	2	0	0	0	0	0	11	0	0	0	0	0	0	0	0	2	0	0	0	192528	0	0	2	1	53605	0	17	0	0	0	0	0	0	15003	0	0	120360	0	0	176024	6	0	0	23	0	0	0	0	165075	0	0	0	0	0	685769	0	0	0	0	0	0	0	0	0	2	0	14	0	0	1	0	0	0	0	0	0	0	0	0	2	4	11	157	0	0	104	0
EHA01926_bin.14	30	56	0	274	0	4	4	0	0	0	157	6	3	5244	746	4	60	492	634	2	275	106	182	765	0	113	36	0	15	0	293	0	0	3056	8	0	42	2	0	159	0	0	2	17	211	76	0	155	6	0	39	34	0	0	0	0	0	0	78	304	29	168	0	9	0	0	308	0	552	0	1046	0	0	25	95	29	0	1283157	12	0	2616	8	1	161	2638	94	0	1009	2	0	4	0	134	0	0	10	0	0	75	2	0	0	17	25	2	0	4	54	0	32	1256	0	4	1	0	3	0	0	0	0	0	0	0	361	47	87	1295	0	0	972	0
EHA01926_bin.17	92	201	0	5	31	4	0	0	2	0	287	2	0	127857	13800	4	19	57	103	0	248	101	23	343	0	4	3287	0	167	0	571	0	0	81	0	0	0	3	2	242	0	0	4	0	19	23	2	83	0	0	88	219	0	0	2	0	2	2	17	64	27	13	0	744910	0	11	183	3	6401	0	862	0	0	11	101	0	0	1095824	2	2	1975	0	0	143955	588	4	0	550	0	0	0	0	4478	0	2	97	0	0	729229	0	11	3	2	4	1	0	0	14	5	1	418	7	0	2	0	2	0	3	0	0	0	0	0	42	14	183	2888	0	4	801	0
EHA01926_bin.19	1025	4205	0	24	0	3	0	0	0	3	14	2	0	1591	1156	1	13	11	445	0	0	620	19	307	0	0	117	1	384	0	3433	0	0	38	0	0	0	0	0	560	0	0	0	0	3	0	0	12	0	0	79	9	0	0	0	0	0	25	0	49	0	2	0	2235	0	0	402	0	6757	0	65	0	0	0	43	0	0	22283	2	0	297	7	0	384	314	18	0	8	24	0	0	0	216	0	0	0	4	0	25374	0	0	0	2	0	8	0	0	0	0	3	1138	0	0	0	0	0	0	0	0	2	0	0	5	1	74	46	16488	0	0	12231	0
EHA01926_bin.1	149	2019	0	36	1	2	0	0	0	1	5	115	0	2864	4864	50	37	532	13058	0	5	5444	468	380	0	5	1354	1	117	0	12234	0	0	264	0	0	4	0	0	748	0	0	0	3	208	1	0	24	0	0	106	156	0	0	0	0	0	3	2	336	0	74	0	8148	0	0	16120	0	2401	0	7257	0	0	0	41	0	0	6034	0	0	3404	5	0	2070	199	1	0	29	88	0	3	0	2673	0	0	0	36	0	58636	0	0	0	0	0	2	0	0	9	0	0	816	2	0	0	0	0	0	0	0	0	0	0	26	79	278	105	23504	0	0	4880	0
EHA01926_bin.24	0	810	0	53	0	0	2	1	0	0	2	0	50	877	2	0	2	2	10	2	0	6	0	1009	0	4	0	0	0	2	3469	0	0	181	0	0	2	27	0	2	0	0	0	0	0	2	0	31	0	0	75	77	6	0	0	0	0	0	3	61	0	0	0	3	26	0	10	0	0	0	8	0	0	0	69	0	0	18756	0	0	4	0	0	160	127	8	0	3886	0	0	293	0	0	0	0	0	0	0	2	0	0	0	0	0	0	2	0	0	0	0	3	0	0	0	0	2	0	0	0	0	8	0	2	40	4	0	11	0	0	6481	0
EHA01926_bin.27	27	1204	0	0	0	0	0	0	0	0	13	0	0	48802	139835	0	20	0	6	0	23	2	0	25	0	0	94460	0	129	0	2730	0	0	0	0	0	0	0	0	78	0	0	0	0	0	0	0	2	0	0	51	0	0	0	0	0	0	0	0	9	0	1	0	126631	0	0	1	0	34000	0	25	0	0	1	0	0	0	19973	0	0	45062	0	0	138398	12	0	0	12	0	0	0	0	63762	0	0	0	0	0	109198	0	0	0	0	0	1	0	0	3	0	0	17	0	0	0	0	0	0	0	0	0	0	0	0	0	6	29	32	0	0	204	0
EHA01926_bin.2	2	109	0	33	26	0	0	0	0	0	0	0	0	5537	21870	0	2	6	0	0	0	0	2	0	0	4	4985	20	39	0	38	0	0	16	0	0	0	0	2	0	0	0	0	0	7	0	0	16	0	0	9	9	0	0	0	0	0	0	0	0	0	0	0	3966	0	0	4	8	9201	0	0	0	0	4	0	0	0	12162	0	0	3643	0	0	11588	19	0	0	0	0	0	0	0	5237	0	0	0	0	0	22950	0	0	4	0	0	0	0	0	0	1	0	0	3	0	2	0	0	0	0	0	0	0	0	12	1	0	9	1	0	4	936	0
EHA01926_bin.3	0	50	0	0	17	0	0	0	0	0	0	0	6	7471	3764	0	0	0	0	0	0	0	1	0	0	0	2284	1	0	0	2	0	0	0	0	0	0	0	2	0	0	0	0	0	0	0	2	0	0	0	0	9	0	0	0	0	0	0	0	0	0	0	0	24260	0	0	0	4	2128	0	1	0	0	0	0	0	0	17799	0	0	8061	0	0	8436	8	0	0	0	0	0	0	0	2060	0	0	0	0	0	35867	0	0	0	0	0	0	0	0	0	0	0	0	58	0	0	0	0	0	0	0	0	0	0	0	0	0	0	2	0	0	37	0
EHA01926_bin.9	0	0	0	0	2	0	0	0	0	0	0	0	0	10648	294138	0	0	0	0	0	2	0	0	0	0	0	403	0	0	0	0	0	0	0	0	0	0	0	0	0	0	0	0	3	2	0	0	0	0	0	0	17	0	0	0	0	0	0	0	0	0	2	0	693	0	0	0	0	216283	0	0	0	0	1	0	0	0	167	0	0	228	0	1	584	0	0	0	0	0	0	0	0	152351	0	0	0	0	0	681703	0	0	0	0	0	0	0	0	0	1	0	0	0	0	1	0	0	0	0	0	0	1	0	0	5	0	0	0	0	0	0	0
EHA01927_bin.11	46	552	0	35	33	2	0	0	0	0	3	6	0	36739	214112	4	11	491	15	0	27	9	164	92	0	0	44324	111	231	0	387	0	0	190	8	0	0	0	37	40	0	0	0	0	188	2	65	64	0	0	86	14	0	0	0	0	0	4	0	14	0	7	0	15425	0	0	54	27	66606	0	60	0	0	321	24	0	0	46560	0	0	18860	0	0	131422	157	1	0	61	0	0	0	0	37593	0	0	0	0	0	345516	0	0	72	1	0	0	0	0	0	40	2	86	50	0	3	0	0	0	0	0	0	0	0	130	1680	10	199	102	0	24	3353	0
EHA01927_bin.16	248	29	10	115	12	0	0	0	0	0	49	2	42	583	3876	2	132	16401	136	0	35	4	7931	387	0	6998	788	66	82	0	609	0	0	1103	10	0	17	0	41	459	1	0	0	27	5292	8	80	191	0	0	278	85	3	0	0	0	1	39	252	60	149	778	0	54341	0	2	156	68	138	0	148	0	0	70	181	15	0	33373	12	0	3499	16	20	187	489	4278	0	150	0	0	0	0	718	0	4	145	0	0	475	0	0	82	17	607	1	0	14	463	43	58	1095	78	2	11	0	15	0	4	8	0	4	2	87	1427	20	30	241	0	73	1184	0
EHA01927_bin.1	42	201	0	2	0	0	0	0	0	0	3	0	0	8466	20156	0	46	26	10	0	0	0	45	9	0	4	5122	0	43	0	217	0	0	149	3	0	0	0	0	10	0	0	0	0	5	0	0	4	0	0	103	14	0	0	0	0	0	0	4	1	0	2	0	6455	0	0	3	0	4107	0	4	0	0	2	12	0	0	7013	0	0	5405	0	0	8045	9	25	0	32	0	0	0	0	19768	0	0	0	0	0	9251	0	0	2	0	0	0	0	0	6	0	0	10	0	0	0	0	0	0	0	0	0	0	0	12	18263	6	74	106	0	0	543	0
EHA01927_bin.26	52	157	0	15	0	0	0	0	0	0	1	0	0	304	884	0	12	149	5	0	1	5	118	110	0	4	218	0	26	0	78	0	0	79	2	0	6	6	0	104	0	0	0	0	54	0	0	0	0	0	10	36	0	0	0	0	0	2	4	26	0	5	0	344525	0	0	9	0	359	2	45	0	0	0	16	0	0	432	6	0	299	5	4	292	525	0	0	6622	0	0	0	0	90	0	0	0	0	0	754	0	0	0	0	0	0	3	0	1	0	1	343	6	0	0	0	1	0	0	0	0	0	0	4	16	7	128	784	0	0	1969	0
EHA01927_bin.29	242	1706	0	13	0	0	0	0	0	0	12	0	0	1812	3378	0	652	670	69	0	0	4	873	69	0	162	1406	2	40	0	763	0	0	173	115	0	0	0	0	305	0	0	0	0	280	1	0	10	0	0	338	141	0	0	0	0	0	2	0	140	0	2	0	10952	0	6	17	3	27599	0	4	0	0	12	30	158	0	6970	0	0	4355	18	0	1518	121	419	0	45	0	0	0	0	1795	0	0	0	0	0	6099	0	0	0	1	0	0	2	0	1	0	0	426	2	1	0	0	0	0	0	0	0	0	16	0	4103	32	200	1873	0	0	4589	0
EHA01927_bin.31	16	759	0	0	0	0	0	0	0	0	1	0	0	35388	127194	0	1	0	6	0	5	3	1	6	0	0	56420	0	5	0	774	0	0	0	0	0	0	0	0	8	0	0	0	0	1	2	0	2	0	0	18	0	0	0	0	0	0	0	0	3	0	0	0	102462	0	0	0	0	34776	0	4	0	0	0	0	0	0	15420	0	0	44638	0	0	74877	4	0	0	3	0	0	0	0	41094	0	0	0	0	0	50443	0	0	0	0	0	0	0	0	0	0	0	6	0	0	0	0	0	0	0	0	0	0	0	0	0	0	12	45	0	0	79	0
EHA01927_bin.3	124	656	0	22	0	0	0	0	0	0	11	0	0	593	1705	0	23	271	58	0	0	35	157	28	0	16	341	0	158	0	1181	0	0	799	4	0	2	0	0	80	0	0	0	0	73	0	0	7	0	0	257	51	0	0	0	0	0	0	0	18	0	8	0	6622	0	0	26	0	532	0	30	0	0	0	22	0	0	9793	0	0	259	0	0	557	125	0	0	95	0	0	0	0	310	0	0	0	0	0	2749	0	0	0	0	2	0	0	3	0	0	0	109	0	0	0	0	0	0	2	0	0	0	0	5	2998	10	472	1163	0	0	3562	0
EHA01927_bin.5	0	48	0	0	3	0	0	0	0	0	2	0	0	34617	61523	0	2	1	0	0	0	0	1	12	0	0	35257	2	803	0	372	0	0	0	0	0	0	0	0	2	0	0	0	0	0	0	3	1	0	0	2	1	0	0	0	0	0	0	0	0	0	0	0	18687	0	0	2	0	25491	0	0	0	0	4	0	0	0	80100	0	0	5014	0	1	18213	15	0	0	6	0	0	0	0	11400	0	0	0	0	0	84909	0	0	2	0	0	0	0	2	0	2	0	2	1	0	0	0	0	0	0	0	0	0	0	11	0	0	0	10	0	0	92	0
EHA01928_bin.1	14	0	0	0	4	0	0	0	0	0	0	0	0	73760	156796	0	8	0	17	0	2	1	0	0	0	0	6747	0	61	0	0	0	0	0	0	0	0	0	59	0	0	0	0	0	0	10	399	2	0	0	76	7	0	0	0	0	0	0	0	0	122	0	0	329	0	0	0	4	18832	0	0	0	0	0	4	0	0	8556	0	0	2055	0	0	14918	0	0	0	0	0	0	0	0	16123	0	0	0	0	0	49008	0	0	5	0	0	0	0	0	0	15	0	0	123	0	0	0	0	0	0	0	0	0	0	0	0	0	0	0	0	4	2	0
EHA01928_bin.20	2	162	0	0	0	0	0	0	0	0	2	0	0	2412	113246	0	0	0	0	0	4	1	0	2	0	0	8878	7	227	0	390	0	0	236	0	0	0	0	0	2	0	0	0	0	0	0	0	0	0	0	4	0	0	0	0	0	0	0	0	0	4	0	0	10265	0	0	0	2	7694	0	14	0	0	1	0	0	0	2768	0	0	884	0	0	4955	1	0	0	3	0	0	0	0	1082	0	2	0	0	0	73961	0	0	1	0	0	0	0	0	0	1	0	6	3	0	0	0	0	0	0	0	0	0	0	11	0	0	162	0	0	3	287	0
EHA01928_bin.22	0	0	0	0	0	0	0	0	0	0	0	0	1	16654	33749	0	0	0	0	0	0	0	0	0	2	0	13252	3	0	0	2	0	0	0	0	0	0	0	0	0	0	0	0	0	0	0	0	0	0	0	0	2	0	0	0	0	0	0	0	0	0	0	0	304	0	0	0	0	5273	0	0	0	0	0	0	0	0	601	0	0	54	0	0	1953	0	0	0	0	0	0	0	4	6778	0	2	0	0	0	147837	0	0	0	0	0	0	0	0	1	0	0	0	0	0	0	0	0	0	0	0	0	0	0	0	3	0	0	0	0	0	0	0
EHA01928_bin.26	129	1425	0	54	0	0	0	0	0	7	19	12	3	5783	11332	2	565	442	1699	0	0	728	464	81	0	56	6584	0	98	0	3353	0	0	258	0	0	6	0	1	399	0	0	0	0	175	0	0	76	0	0	166	481	0	0	0	0	0	10	4	394	0	38	2	25497	0	3	1650	0	6052	0	701	0	0	6	179	1888	10	6412	6	0	7695	281	0	10276	473	20	0	13	10	0	3	16	11513	0	2	2	2	0	26403	0	0	0	29	0	2	0	3	1	0	2	3950	0	10	0	0	4	0	6	0	0	5	153	3	78	83	162	7913	0	0	27545	0
EHA01928_bin.31	2052	8931	1	66	0	1	0	0	0	20	41	0	0	5258	3637	4	53	39	1024	0	0	1153	33	637	0	0	1203	0	825	0	8476	0	0	112	2	0	0	0	0	1573	0	0	4	0	22	0	0	40	0	4	176	37	0	0	0	0	0	32	0	121	0	2	0	8084	0	2	851	0	15422	0	185	0	0	0	82	22	0	71734	0	0	1419	9	0	1870	666	0	0	7	26	0	0	2	1200	0	0	0	14	0	90057	0	0	0	16	0	29	2	1	0	0	2	4390	0	0	0	0	0	0	9	0	0	0	2	3	23	229	73	35344	0	0	21904	0
EHA01928_bin.32	19	41	0	1	0	0	0	0	0	0	2	0	0	13464	31421	0	35	3	8	0	0	10	18	0	0	1	18142	2	2	0	110	0	0	6	0	0	0	0	0	4	0	0	0	0	9	0	0	0	0	0	2	7	0	0	0	0	0	0	0	0	0	0	0	53261	0	0	5	0	5562	0	1	0	0	0	6	2	0	20408	0	0	4769	0	1	16815	2	0	0	6	0	0	0	0	13194	0	0	0	0	0	116955	0	0	0	0	0	2	0	0	0	0	0	32	0	0	0	0	0	0	0	0	0	0	0	0	0	0	6	111	0	0	117	0
EHA01928_bin.33	21	787	0	0	0	0	0	0	0	0	2	0	0	46553	116047	0	0	2	0	0	2	2	3	6	0	0	75706	0	4	0	1986	0	0	0	0	0	0	0	0	18	0	0	0	0	0	0	0	2	0	0	6	0	0	0	0	0	0	0	0	0	0	0	0	99758	0	0	1	0	27233	0	13	0	0	0	0	0	0	20831	0	0	37245	0	0	133265	4	0	0	8	0	0	0	0	48975	0	2	0	0	0	142151	0	0	0	0	0	0	0	0	7	0	0	5	0	0	0	0	0	0	0	0	0	0	0	0	0	2	11	15	0	0	112	0
EHA01928_bin.3	0	25	0	1	2	0	0	0	0	0	0	0	1	12110	11733	0	0	0	0	0	2	0	0	0	0	0	7630	0	0	0	2	0	0	0	0	0	0	0	0	0	0	0	0	0	0	0	0	0	0	0	2	6	0	0	0	0	0	0	1	0	0	0	0	34223	0	0	0	0	5555	0	0	0	0	0	0	0	0	18158	0	0	1526	0	0	11170	2	0	0	0	0	0	0	0	6759	0	0	0	0	0	16029	0	0	0	0	0	0	0	0	0	0	0	0	0	0	0	0	0	0	0	0	0	0	0	0	0	0	0	0	0	0	20	0
EHA01928_bin.5	6	2	0	0	0	0	0	0	0	0	1	0	0	48733	63563	0	0	0	0	0	4	1	0	6	0	0	22469	0	0	0	215	0	0	3	0	0	0	0	0	5	0	0	0	0	0	0	0	0	0	0	12	0	0	0	0	0	0	0	0	2	0	0	0	74820	0	0	0	0	14616	0	6	0	0	0	0	0	0	15270	0	0	53142	0	0	49651	6	0	0	2	0	0	0	0	17222	0	0	0	0	0	48235	0	0	0	0	0	0	0	2	4	0	0	2	0	0	0	0	0	0	0	0	0	0	0	0	0	0	16	8	0	0	41	0
EHA01928_bin.8	4	0	10	0	2	6	0	0	51	0	0	6	2	5	111	2	57620	5	1638	62	0	294	15	6	0	9	32	17	0	0	141	0	0	3	0	40	0	0	2	2443	0	0	0	62	0	1	0	38303	0	4	0	619	0	0	0	0	0	1	209	570	2	9	0	0	0	0	4	6	8	0	3366	0	0	2	6	8	0	13	546	0	54	56	0	0	104034	6	0	0	12	0	0	20	58	0	46	0	4	0	629983	0	0	6	1250	0	425	98	2	95	0	11	2667	0	117	6	0	0	0	0	2	2	0	36	0	430	46	0	121510	10	0	34	0
EHA02016_bin.2	1	0	62567	0	7390	0	0	0	0	0	5	0	9439	5	0	0	2	148	9	0	0	0	1	1	0	5	2	2	0	0	1002	0	0	0	0	0	0	0	0	0	0	0	0	358	39	1	0	10	0	0	0	8	795	0	0	0	2	0	14	0	2	65	0	4	0	0	0	0	0	0	56	0	0	0	13	20927	0	4	0	0	4	0	196388	0	4	13	0	4	0	0	0	0	6	0	0	0	0	0	461	2	0	0	0	12	0	0	40220	10	0	3	2	0	0	178686	0	0	0	0	0	0	2952	0	0	43	13	0	34	0	0	17	0
EHA02017_bin.1	0	9	0	0	0	0	0	0	0	0	5	0	0	0	2	0	0	4	0	0	0	0	0	0	0	0	8	0	0	0	1	0	0	0	0	0	0	0	0	0	0	0	0	0	5	2	0	10	0	0	0	2	0	0	0	0	0	0	0	0	0	0	0	4	0	0	2	0	0	0	6	0	0	2	1	6	0	6	0	0	3	7	32247636	0	0	0	0	0	0	0	0	0	2	0	0	4	0	0	4	0	0	0	0	0	0	0	2	0	2	0	2	0	0	25182472	0	2	0	0	0	0	0	1	0	0	0	15	0	0	0	1	0
EHA02018_bin.1	0	18	0	4	342723	0	0	0	0	0	0	0	0	32	200	0	0	30	0	0	0	0	33	0	0	0	51	38	0	0	11	0	0	2	0	0	0	0	5	2	0	0	0	1	18	0	23	4	0	0	1	4	0	0	0	0	0	0	0	0	0	0	0	285	0	0	0	44	59	0	0	0	0	28	0	0	0	11	0	0	33	0	5	160	1	0	0	0	0	0	0	0	54	0	0	0	0	0	97	0	0	24	0	0	0	0	0	0	11	0	0	11	0	7	0	0	0	0	0	0	2	0	10	0	0	4	0	0	42	85	0
EHA02018_bin.2	0	70	0	14	641017	0	0	0	0	0	0	0	0	22	71	0	0	3	0	0	0	0	10	0	0	2	3	23	0	0	4	0	0	0	0	0	0	0	24	6	0	0	0	5	2	0	8	2	0	0	0	9	6	0	0	0	0	0	0	0	0	2	0	45	0	0	0	66	7	0	0	0	0	22	2	0	0	19	0	0	6	0	0	26	2	0	0	1	0	0	0	0	8	0	0	0	0	0	50	0	0	13	0	1	0	0	0	1	17	0	0	11	0	0	0	0	0	0	0	0	5	0	18	0	2	4	0	0	52	542	0
EHA02018_bin.3	0	13	81	0	358569	0	0	0	0	0	0	0	259	21	275	0	0	0	0	0	0	0	0	1	0	0	26	10	0	0	5	0	0	0	0	0	0	0	16	2	0	0	0	3811	0	0	7	0	0	0	10	2	190	0	0	0	0	0	0	0	0	0	0	91	0	0	4	17	39	0	0	0	0	38	4	9905	0	31	0	0	88	0	120	55	0	0	0	0	0	0	0	0	61	0	0	0	0	0	39	0	0	29	0	0	0	0	108	0	27	0	0	5	0	4569	0	0	0	0	0	0	356	0	10	0	0	0	3	0	10	17	0
EHA02018_bin.4	0	108	44837	4	466804	0	0	0	0	0	0	0	442	2	21	0	0	5	4	1	0	0	19	0	0	0	12	8	7	0	6	1	2	8	0	0	0	3	0	0	0	0	0	3708556	0	0	6	2	0	0	0	24	51279	2	0	0	2	0	0	0	0	0	0	12	0	0	0	38	6	0	8	0	0	2	0	415853	0	8	0	0	4	2	117884	112	0	0	0	0	0	0	1	1	13	0	0	0	0	2	20	0	0	346	0	0	0	2	107	3	0	0	40	4	0	115232	2	4	2	0	0	0	144016	0	8	8	6	1	4	0	24	163	2
EHA02018_bin.5	2	68	27	0	1481956	2	1	1	0	0	2	0	402	1	208	0	2	3	0	0	8	10	399	1	0	11	16	25	0	1	880	1	2	0	0	0	0	0	57	2	0	0	0	3657	4	0	75	55	1	0	2	83	836	0	2	0	0	1	12	36	2	18	2	1	0	4	2	38	174	0	52	0	0	124	14	40	0	7	4	0	96	5	18962	0	7	0	0	1	0	0	0	0	124	0	1	0	0	2	0	2	0	105	0	18	0	0	73	11	134	0	5	84	4	4873	0	0	0	2	0	2	2473	4	57	92	0	1	4	6	51	4	2
EHA02018_bin.6	0	3051	0	16	301744	0	0	0	0	0	16	0	0	15	122	0	0	0	0	0	30	0	180	0	0	0	18	74	39	0	58	0	0	0	0	0	0	0	29	2	0	0	0	30	0	3	77	6	0	0	0	0	1202	0	0	0	0	0	0	0	0	0	0	4	0	0	0	114	17	0	60	0	0	25	0	4	0	26	0	0	37	0	0	58	66	0	0	31	0	0	0	0	68	0	0	0	0	0	47	0	0	1601	0	0	0	0	0	2	6	0	127	8	0	0	0	2	0	0	0	0	3528	2	120	0	0	0	2	0	82	461	0
EHA02018_bin.7	0	70	0	8	347456	2	0	0	0	0	2	0	0	333	1675	0	0	0	0	0	8	0	2	7	0	0	285	44	3	0	56	0	0	22	0	0	0	0	6	21	0	0	0	0	0	0	39	4	0	0	31	0	2	0	0	0	0	0	2	0	0	1	0	399	0	2	4	13	262	0	6	0	0	13	8	0	0	268	2	0	405	0	0	445	30	0	0	5	0	0	0	0	511	0	0	0	0	0	392	0	0	28	0	0	0	0	0	3	19	0	23	58	0	3	0	0	0	0	0	0	11	0	70	0	2	50	20	0	70	497	0
EHA02018_bin.8	0	297	42	5	272988	0	0	0	0	2	0	0	146	7	7	0	0	0	0	0	0	0	0	0	0	0	6	18	1	0	4	0	0	0	0	0	0	0	0	0	0	0	0	2161	0	0	8	4	0	0	0	0	106	0	0	0	0	0	0	0	0	0	0	14	0	0	0	8	8	0	0	0	0	37	0	5587	0	3	0	0	1	0	45	63	0	0	0	0	0	0	0	0	8	0	0	0	0	0	187	0	0	9	0	0	0	0	33	0	38	0	0	12	0	2168	0	0	0	0	0	0	220	0	23	0	0	2	0	0	6	408	0
EHA02018_bin.9	0	112	2	0	879516	0	0	0	0	0	0	0	0	19	2	0	0	0	52	0	3	0	592	0	0	0	5	18	3	0	2	0	0	0	0	0	0	0	67	0	0	0	0	0	0	0	23	4	0	0	0	0	134	0	0	0	0	0	0	0	0	3	0	25	0	0	0	2967	7	0	0	0	0	12	0	0	0	1	0	0	0	0	0	6	0	0	0	0	0	0	0	0	15	0	0	0	0	0	3	0	0	374	0	1	0	0	0	4	33	0	7	762	0	0	0	0	0	0	0	0	172	0	388	8	0	0	2	0	1259	264	0
EHA02022_bin.1	4	0	1	0	1167	0	0	0	0	0	0	0	74	0	0	0	15	12	18	0	0	0	0	0	0	28	0	0	0	0	0	0	0	2	0	0	0	0	0	2	0	0	0	272309	10	0	0	0	0	0	8	4	75	0	0	0	0	0	10799	0	0	10046	0	0	0	0	0	0	0	0	0	0	0	0	2	2	0	0	0	0	0	0	621	0	1	27	0	0	0	0	0	0	0	0	0	0	0	0	20	0	0	0	0	2	0	0	72	21	0	0	1	0	0	1193	0	0	0	0	0	0	15	0	0	58	2	0	10	0	0	2	0
EHA02028_bin.1	91	24	87867	59	81779	129	188	84	81	1	342	131	6476	2	2	101	96	15	95	148	9	941	3	132	261	0	0	5	21	32	412	271	57	29	77	266	7	557	0	62	362	337	204	273472	7	2	0	1610	124	97	34	257	29799	4	346	181	213	20	35	49	140	22	391	0	111	76	472	0	4	377	365	395	44	4	247	41596	63	0	121	116	0	93	66814	0	261	13	345	277	208	43	215	142	7	231	78	14	115	375	124	89	281	0	315	8	347	237	16840	2	0	19	96	0	45	35887	83	9	69	17	190	310	25923	474	0	54	44	43	58	79	4	107	157
EHA02028_bin.2	0	0	1196752	0	393	0	0	0	0	0	0	0	0	0	0	0	0	0	0	0	2	0	5	0	0	0	0	0	0	0	0	0	0	0	0	0	0	0	12	0	0	0	0	17265	0	0	0	0	0	0	4	0	331	0	0	0	0	0	0	0	0	910	0	0	0	0	0	0	0	0	4	0	0	0	0	271	0	0	0	0	0	0	74	0	0	13	0	0	0	0	0	0	0	0	0	0	0	0	15	0	0	0	0	4	0	0	0	6	0	0	0	0	0	58	0	0	0	0	0	0	1317	0	0	58	0	0	0	0	2	109	0
EHA02028_bin.4	0	0	149580	3	12081	0	0	0	0	0	2	0	1872	24	0	0	57	8	0	0	13	0	195	0	0	91	0	4	0	0	12	0	0	0	0	0	0	0	1	0	0	0	0	4533	2	0	2	181	0	0	0	0	95530	0	0	0	0	0	110	1	0	165	0	13	0	0	0	0	3	0	2523	0	0	6	0	41125	0	11	0	0	0	1	197	1	0	92	0	0	0	0	0	0	13	0	0	0	0	0	15	0	0	0	205	521	16	0	75375	229	5	0	0	5	0	8479	0	0	0	0	0	0	82410	26	2	253	0	0	0	0	0	3	0
EHA02031_bin.1	7	16	32153	8	90	0	0	0	0	0	28	0	173797	3	4	0	8	694	11	0	0	1	22	10	0	13	2	4	1	0	187	0	0	2	0	0	5	0	0	0	0	0	0	291	223	1	0	14	0	0	2	21	13049	0	0	4	6	3	21	4	5	104	0	13	0	0	6	0	2	0	122	0	0	2	56	15170	0	1926	0	0	3	0	818	13	15	39	0	56	0	0	9	0	4	0	0	2	0	0	626	0	0	2	1	30	0	0	46932	133	0	7	3	0	0	867	0	0	0	0	0	0	60211	0	0	146	42	10	99	0	0	283	0
EHA02032_bin.1	0	0	990484	19	50	0	0	0	0	0	0	143	15687	12	7	44	790	6	0	0	7	0	463	0	0	187	0	5	0	0	623	0	0	0	0	0	4	0	25	0	0	0	0	41	2	0	17	4638	0	0	6	108	26788352	0	0	0	0	0	86	0	0	240	0	21	0	0	8	2	22	0	47601	0	0	3	0	1264206	0	0	0	0	0	6	14	1	8	188	0	0	0	0	0	0	70	0	0	2	0	0	255	2	0	14	749	3502	169	2	11420276	321	2	4	2	12	0	37	0	0	0	0	0	6	22442664	75	1	110	2	0	2	0	3	0	0
EHA02032_bin.2	0	0	247966	5	8	0	0	0	0	4	2	2	11458	3	0	0	183	0	0	0	1	0	65	0	0	40	0	0	0	0	18	0	0	0	0	0	0	0	23	0	0	0	0	20	1	0	0	695	0	0	2	8	485601	0	0	0	0	0	43	0	0	24	0	2	0	0	0	0	2	0	911	0	0	0	0	319203	0	0	0	0	0	6	15	1	0	26	0	0	0	0	0	0	6	0	0	0	0	0	122	0	0	24	127	520	45	0	465319	69	3	0	0	5	0	123	0	0	0	0	0	0	1079242	9	0	56	0	0	0	0	6	2	0
EHA02034_bin.1	0	4	817	0	76	0	0	0	0	0	34	0	3970	0	0	0	7	19	6	0	0	0	1	0	0	8	0	0	0	0	11	0	0	0	0	0	0	0	0	8	0	0	0	36	5	0	0	5	0	0	14	16	580	0	0	0	1	0	6	0	0	73	0	0	0	0	0	2	0	0	20	0	0	0	7	477	0	2	0	0	0	0	370	0	24	39	0	5	0	0	0	0	0	0	0	0	0	0	27	0	0	2	0	15	0	0	75394	20	0	4	1	0	0	462	0	0	0	0	0	0	998	0	0	99	0	0	89	0	0	193	0
EHA02034_bin.2	0	0	128848	8	8	0	0	0	0	0	0	2	3111	66	2	0	853	0	0	0	0	4	40	0	0	14	0	4	0	0	33	0	0	0	0	2	0	0	51	0	0	0	0	26	0	0	3	2871	0	0	0	20	328363	4	0	1	0	0	34	0	0	28	0	2	0	0	0	0	11	0	1471	0	0	0	0	325876	0	2	0	0	0	0	0	0	2	9	0	0	0	0	0	0	19	0	0	2	0	0	102	0	0	9	381	677	112	0	1011284	53	8	0	0	0	0	20	0	0	0	0	0	2	317755	28	0	35	0	0	0	0	2	2	0
EHA02034_bin.3	0	0	10775393	3	35	0	0	0	0	0	0	4	4578	50	2	2	188	0	1	0	1	2	116	0	0	44	2	4	0	0	22	0	0	0	0	0	0	0	2	0	0	0	0	7	0	0	4	789	0	0	2	6	2293555	0	0	0	0	0	24	0	0	24	0	0	0	0	0	0	9	0	3204	0	0	2	0	422094	0	0	0	0	0	0	10	0	0	16	0	0	0	0	0	0	16	0	0	1	0	0	80	0	0	4	161	515	20	0	7174556	41	2	0	1	2	0	37	0	0	0	0	0	0	2125620	10	0	33	0	0	0	0	0	2	0
EHA02035_bin.2	0	0	78	2	189	0	0	0	0	0	1	0	1971	0	0	0	12	3783	0	0	0	33	36	0	0	4707	0	0	0	0	13	0	0	4	0	0	0	0	0	3	0	0	0	185	1310	0	2	27	0	0	0	6	288	0	0	0	0	0	47	0	0	612	0	0	0	0	0	0	0	0	111	0	0	0	0	94134	0	0	0	0	0	0	131	0	0	508	0	2	0	0	0	0	0	0	0	0	0	0	13	0	0	0	8	1076	2	0	3008	217	0	0	0	0	0	62	0	0	0	0	0	0	789	33	0	3517	0	0	2	0	0	2	0
EHA02035_bin.3	0	2	2310	0	7	0	0	0	0	0	0	0	52668	105	0	0	0	2	0	0	3	0	109	4	0	104	0	0	0	0	0	0	0	0	0	0	0	0	0	0	0	0	0	135	0	0	0	2	0	0	0	0	54120	0	0	0	0	0	98	0	0	92	0	29	0	0	0	0	1	0	77	0	0	2	0	960768	0	37	0	0	0	0	76	6	0	38	0	3	0	0	0	0	27	0	0	0	0	0	147	0	0	0	0	4	0	0	51745	174	0	0	0	0	0	32	0	0	0	0	0	0	117781	0	0	171	0	0	0	0	0	11	0
EHA02035_bin.4	4	0	2105	0	163	0	0	0	0	0	1	14	50380	1	1	2	5	57	1	0	0	2	64	0	0	19	3	8	1	0	4	0	0	0	0	0	0	0	0	0	0	0	0	191	18	0	2	31	0	0	2	14	357	0	0	0	0	6	19	0	0	25	0	0	0	0	0	0	0	0	5078	0	0	0	4	710286	0	7	0	0	2	0	4	0	1	41	0	0	0	0	0	0	12	0	0	0	0	0	11	0	0	0	2	1	0	0	23796	23	0	0	1	1	0	3	0	0	0	0	0	0	400	0	0	114	2	0	22	0	2	2	0
EHA02035_bin.5	0	0	1464999	28	52	0	0	0	0	0	10	4	5219	3	4	0	1176	20	0	6	18	4	199	0	0	135	0	7	2	0	88	0	0	0	0	0	6	0	651	0	0	0	0	15	0	2	9	11260	0	4	20	61	2015601	2	0	0	0	0	251	0	0	125	0	7	0	0	0	0	0	0	3864	0	0	3	0	2725634	0	11	0	0	0	16	9	1	0	44	0	0	2	0	0	0	3	0	4	0	0	0	222	0	2	4	2080	1487	623	0	2638756	631	12	2	0	6	2	95	0	0	0	0	0	20	2019897	169	0	177	0	0	0	0	1	0	0
EHA02035_bin.7	0	0	64	11	117	0	0	0	0	1	10	2	246	2811	110	0	0	6	0	0	94	2	0	0	0	3	0	0	0	0	0	0	0	0	0	0	0	0	0	0	0	0	0	148	4	3	0	44	0	0	0	13	47	0	0	0	0	0	1	0	0	0	0	65	0	0	0	0	6	0	883	0	0	0	0	560465	0	19	0	0	0	1	2	17	0	0	0	2	0	0	0	0	1763	0	0	0	0	0	32	0	0	0	20	2	0	0	11980	2	0	0	2	0	0	10	0	0	0	0	0	0	41	13	0	2	0	0	0	0	0	0	0
EHA02035_bin.8	0	0	14108771	5	311	0	0	0	0	0	0	16	32750	57	2	1	543	1	0	0	13	2	262	0	0	71	0	8	0	0	44	0	0	0	0	0	0	0	39	0	0	0	0	98	0	0	8	2158	0	5	0	22	1643509	0	0	0	0	0	69	0	0	143	0	4	0	0	0	0	5	0	3101	0	0	3	0	4037265	0	4	0	0	0	2	40	0	0	97	0	0	0	0	0	0	43	0	0	0	0	0	79	0	0	7	520	1608	80	0	9370222	197	2	0	2	18	0	179	0	2	0	0	0	8	1750398	38	1	46	2	0	0	0	2	0	0
EHA02037_bin.1	0	0	935	0	0	0	0	0	0	0	0	0	10349	127	4	0	0	0	0	0	1	0	95	0	0	39	0	0	0	0	0	0	0	0	0	0	0	0	0	0	0	0	0	3	1	0	0	11	0	0	0	0	26184	0	0	0	0	0	29	0	0	52	0	58	0	0	0	0	2	0	30	0	0	1	0	183375	0	7	0	0	0	0	21	0	0	27	0	0	0	0	0	0	19	0	0	2	0	0	116	0	0	0	0	2	0	0	18561	64	0	0	0	0	0	12	0	0	0	0	0	0	83925	0	0	118	0	0	0	0	0	4	0
EHA02037_bin.2	20	4	1212	10	5436	6	11	16	11	12	5	5	805	2	0	0	13	11	15	12	117	63	12	10	8	13	0	3	12	10	8	19	2	1	11	6	13	19	0	14	8	27	14	47904	7	8	1	46	8	11	5	43	34142	9	2	3	7	3	24	11	9	14	15	2	2	22	15	0	0	14	24	1	0	1	16	5492	8	0	8	4	0	5	7472	0	1	17	18	3	4	5	18	17	0	4	9	7	6	6	1	8	15	1	27	1	18	23	72	10	0	9	7	1	0	2691	14	25	6	1	9	25	92658	45	0	44	8	12	8	3	13	12	6
EHA02075_bin.10	0	20	1	0	0	0	0	0	0	0	0	0	0	22	3	2	0	0	2	0	16	0	26	2	0	0	133	11262	16	0	30	0	0	2	2	0	0	0	63259	14	0	0	0	0	0	0	93918	0	9	0	0	0	0	0	0	0	0	16	65	0	40	22	0	8	0	2	28	28780	2	0	28	0	0	4068	19	0	0	2	2	0	15	0	0	23	0	2	0	0	0	0	0	0	4	0	0	1	0	0	21	0	4	17579	0	0	0	0	0	19	676958	0	0	115169	0	0	0	0	0	2	8	0	0	0	290662	45	0	5	9	0	106016	10	0
EHA02075_bin.11	0	0	0	0	0	0	0	0	0	0	0	0	1	0	0	0	0	0	0	0	0	0	0	0	0	0	0	5868	0	0	0	0	0	0	0	0	0	0	154	0	0	0	0	0	0	0	5052	0	0	0	0	0	0	0	0	0	0	0	0	0	0	0	0	0	0	0	0	1935	0	0	0	0	0	1082	0	0	0	0	0	0	0	0	0	0	0	0	0	0	0	0	0	0	0	0	0	0	0	0	0	0	0	803	0	0	0	0	0	0	38659	0	0	4382	0	0	0	0	0	0	0	0	0	0	4509	0	0	0	0	0	5179	2	0
EHA02075_bin.12	0	0	0	0	0	0	0	0	0	0	0	0	0	0	1	0	0	0	0	0	0	0	0	0	0	0	0	1648	0	0	0	0	0	0	0	0	0	0	231	0	0	0	0	0	0	0	10417	0	0	0	0	0	0	0	0	0	0	0	0	0	0	0	0	0	0	0	0	15530	0	0	0	0	0	4607	0	0	0	0	0	0	0	0	0	1	0	0	0	0	0	0	0	0	0	0	0	0	0	0	0	0	0	24129	0	0	0	0	0	0	24411	0	0	2070	0	0	0	0	0	0	0	0	0	0	2470	0	0	0	0	0	3934	0	0
EHA02075_bin.13	0	0	0	0	0	0	0	0	0	0	0	0	0	0	0	0	0	0	0	0	0	0	0	0	0	0	0	1468	0	0	0	0	0	0	0	0	0	0	2	0	0	0	0	0	0	0	5788	0	0	0	0	0	0	0	0	0	0	0	0	0	0	0	0	0	0	0	0	2237	0	0	0	0	0	380	0	0	0	0	0	0	0	0	0	0	0	0	0	0	0	0	0	0	0	0	0	0	0	0	0	0	0	3154	0	0	0	0	0	0	309179	0	0	2063	0	0	0	0	0	0	0	0	0	0	4359	0	0	0	0	0	1449	0	0
EHA02075_bin.15	0	0	0	0	0	0	0	0	0	0	0	0	0	0	0	0	0	0	0	0	0	0	2	0	0	0	0	3215	0	0	0	0	0	0	0	0	0	0	20746	0	0	0	0	0	0	0	14367	0	0	0	0	0	0	0	0	0	0	0	0	0	0	0	0	0	0	0	0	16782	0	0	0	0	0	585	0	0	0	0	0	0	0	0	0	0	0	0	0	0	0	0	0	0	0	0	0	0	0	0	0	0	0	15264	0	0	0	0	0	0	587607	0	0	2698	0	0	0	0	0	0	0	0	0	0	4336	0	0	0	0	0	14870	0	0
EHA02075_bin.18	4	1	13	2	211	0	0	2	4	0	0	0	46	2	78	0	3	2	0	0	12	31	0	2	2	0	2	42119	0	0	6	0	2	0	0	2	0	4	4907	12	4	0	2	144	10	0	1265	56	2	0	0	102	27	2	0	2	0	3	4	2	0	0	2	0	0	2	2	3623	53	2	5	2	0	5488	6	50	2	0	8	0	18	4	299	10	12	0	0	0	6	0	0	6	87	2	1	0	0	0	14	0	0	1320	0	0	11	8	0	3	217815	2	12	2225	2	42	2	0	1	0	1	2	78	38	7712	113	2	1	3	0	31538	26	0
EHA02075_bin.19	0	3	4	0	6	0	0	0	0	0	0	0	6	2	3	0	0	0	2	2	4	1	0	0	0	0	0	6651	0	0	0	0	0	0	0	0	0	0	10866	0	0	0	0	13	0	0	11967	4	0	0	0	0	0	0	0	0	0	0	0	0	0	4	0	0	0	2	0	28174	0	0	2	0	0	8160	0	6	0	1	0	0	0	0	16	1	0	0	1	2	0	0	0	0	1	0	0	1	0	0	5	0	2	44012	0	0	0	0	3	0	511123	0	2	5830	0	22	0	0	0	0	2	0	9	0	8380	2	0	0	0	0	23171	0	0
EHA02075_bin.1	0	0	0	0	0	0	0	0	0	0	0	0	0	0	0	0	0	0	0	0	0	0	0	0	0	0	0	3834	0	0	0	0	0	0	0	0	0	0	139	0	0	0	0	0	0	0	2192	0	0	0	0	0	0	0	0	0	0	0	0	0	0	0	0	0	0	0	0	3162	0	0	0	0	0	1923	0	0	0	0	0	0	0	0	0	0	0	0	0	0	0	0	0	0	0	0	0	0	0	0	0	0	0	3845	0	0	0	0	1	0	54288	0	0	6945	0	0	0	0	0	0	0	0	0	0	1383	0	0	0	0	2	5334	0	0
EHA02075_bin.20	0	0	0	0	1	0	0	0	0	0	0	0	0	5	2	0	0	0	0	0	0	0	0	0	0	0	0	8131	0	0	0	0	0	0	0	0	0	0	19409	0	0	0	0	0	0	0	18569	3	0	0	0	16	0	0	0	0	0	0	0	0	0	0	0	7	0	0	0	64530	0	0	0	0	0	6175	0	0	0	0	0	0	0	0	0	2	1	0	0	0	0	0	0	0	1	0	0	0	0	0	2	0	0	16164	0	0	0	0	0	0	219280	0	0	8478	0	0	0	0	0	0	0	0	0	0	11311	0	0	2	0	0	20360	2	0
EHA02075_bin.21	0	0	0	0	0	0	0	0	0	0	0	0	0	0	1	0	0	0	0	0	0	0	0	0	0	0	0	4171	0	0	0	0	0	0	0	0	0	0	2950	0	0	0	0	0	0	0	7332	0	0	0	0	0	0	0	0	0	0	0	0	0	0	0	0	0	0	0	0	2468	0	0	0	0	0	1604	0	0	0	0	0	0	0	0	0	0	0	0	0	0	0	0	0	0	0	0	0	0	0	0	0	0	0	14172	0	0	0	0	0	0	244222	0	0	5265	0	0	0	0	0	0	0	0	0	0	10944	0	0	0	0	0	7997	0	0
EHA02075_bin.22	0	6	0	0	0	0	0	0	0	0	0	0	0	0	1	0	0	0	0	0	5	2	21	0	0	0	0	21063	0	0	0	0	0	0	0	0	0	0	19969	0	0	0	0	0	2	0	28649	1	0	0	2	0	0	0	0	0	0	0	7	1	2	15	0	0	0	0	4	49020	0	0	10	0	0	7422	2	0	0	7	0	0	0	10	0	0	1	0	0	0	0	0	0	0	0	0	0	0	0	0	2	0	0	33737	0	0	0	0	0	7	1810696	0	0	9042	0	0	0	0	0	0	0	0	1	0	13073	8	0	2	27	0	14976	34	0
EHA02075_bin.23	0	2	0	1	0	0	0	0	0	0	0	0	2	2	43	0	0	0	0	0	1	0	1	0	0	0	19	11337	2	0	2	0	0	0	0	0	1	0	390446	0	0	0	0	0	0	0	56166	0	0	0	0	0	0	0	0	0	0	0	1	0	0	0	0	2	0	0	0	1037	2	0	1	0	0	1183	0	0	0	2	0	0	21	0	2	4	0	0	0	0	0	0	0	0	5	0	0	0	0	0	8	0	0	6535	0	0	3	0	0	1	14461881	0	0	20837	0	4	0	0	0	0	0	0	0	0	1893	1	0	3	0	0	2139	0	0
EHA02075_bin.27	0	0	0	0	0	0	0	0	0	0	0	0	1	0	0	0	0	1	0	0	0	0	0	0	0	0	0	4116	0	0	0	0	0	0	0	0	0	0	78285	0	0	0	0	0	0	0	2548	0	0	0	0	0	0	0	0	0	0	0	22	0	0	0	0	0	0	0	0	1195	0	0	0	0	0	894	0	0	0	2	0	0	0	0	0	0	0	0	0	0	0	0	0	0	0	0	0	0	0	0	0	0	0	1566	0	7	1	0	0	0	314394	0	0	2768	0	0	0	0	0	0	0	0	0	0	1448	6	0	0	0	0	1620	0	0
EHA02075_bin.28	0	0	0	0	0	0	0	0	0	0	0	0	0	0	0	0	0	0	0	0	0	0	0	0	0	0	0	3605	0	0	0	0	0	0	0	0	0	0	3273	0	0	0	0	0	0	0	12449	0	0	0	0	0	0	0	0	0	0	0	0	0	0	0	0	0	0	0	0	6114	0	0	0	0	0	9765	0	0	0	0	0	0	0	0	0	0	0	0	0	0	0	0	0	0	0	0	0	0	0	0	0	0	0	5344	0	0	0	0	0	0	63994	0	0	8584	0	0	0	0	0	0	0	0	0	0	2728	0	0	0	0	0	5176	0	0
EHA02075_bin.30	0	0	0	0	0	0	0	0	0	0	0	0	0	0	0	0	0	0	0	0	0	0	0	0	0	0	0	10638	0	0	0	0	0	0	0	0	0	0	940	0	0	0	0	0	0	0	8104	0	0	0	0	0	0	0	0	0	0	0	0	0	0	0	0	0	0	0	0	2054	0	0	0	0	0	1546	0	0	0	0	0	0	0	0	0	0	0	0	0	0	0	0	0	0	0	0	0	0	0	0	0	0	0	16962	0	0	0	0	0	0	50576	0	0	10549	0	0	0	0	0	0	0	0	0	0	11209	0	0	0	0	0	2506	0	0
EHA02075_bin.31	0	0	0	0	0	0	0	0	0	0	0	0	0	0	0	0	0	0	0	0	0	0	0	0	0	0	0	4563	0	0	0	0	0	0	0	0	0	0	1935	0	0	0	0	0	0	0	21356	0	0	0	0	0	0	0	0	0	0	0	0	0	0	0	0	0	0	0	0	4056	0	0	0	0	0	1755	0	0	0	0	0	0	0	0	0	0	0	0	0	0	0	0	0	0	0	0	0	0	0	0	0	0	0	15063	0	0	0	0	0	0	391165	0	0	3175	0	0	0	0	0	0	0	0	0	0	3464	0	0	0	0	0	7047	0	0
EHA02075_bin.33	0	0	0	0	1	0	0	0	0	0	0	0	0	0	0	0	0	0	0	0	0	0	0	0	0	0	0	22678	0	0	0	0	0	0	0	0	0	0	31824	0	0	0	0	0	0	0	35602	0	0	0	0	4	0	0	0	0	0	0	0	0	0	0	0	1	0	0	0	26805	1	0	0	0	0	21584	0	2	0	1	0	0	0	0	0	0	0	0	0	0	0	0	0	0	0	0	0	0	0	0	0	0	0	83867	0	0	0	0	2	0	320313	0	0	27062	0	0	0	0	0	0	0	0	0	0	14744	0	0	0	0	0	13343	2	0
EHA02075_bin.34	0	2	0	0	0	0	0	0	0	0	0	0	0	2	4	0	0	0	0	0	0	0	1	0	0	0	1	8247	0	0	0	0	0	0	0	0	0	0	3066	0	0	0	0	0	0	0	16577	8	0	0	0	1	0	0	0	0	0	0	0	0	0	0	0	11	0	0	0	10474	0	0	0	0	0	23890	0	0	0	0	0	0	2	0	0	1	0	0	0	0	0	0	0	0	1	0	0	0	0	0	1	0	0	14191	0	0	0	0	0	0	112164	0	0	10126	0	0	0	0	0	0	0	0	0	0	7804	0	0	0	0	0	4336	18	0
EHA02075_bin.36	0	0	0	0	0	0	0	0	0	0	0	0	0	5	10	0	0	0	0	0	0	0	1	0	0	0	0	5887	0	0	0	0	0	0	0	0	0	0	12634	0	0	0	0	0	0	0	17106	0	0	0	0	2	0	0	0	0	0	0	0	0	0	0	0	6	0	0	0	5046	0	0	0	0	0	9138	0	0	0	0	0	0	0	0	0	0	0	0	0	0	0	0	0	0	0	0	0	0	0	0	1	0	0	526	0	0	0	0	0	0	63995	0	0	12796	0	0	0	0	0	0	0	0	0	0	2722	0	0	0	0	0	23327	6	0
EHA02075_bin.37	0	6	0	0	0	0	0	0	0	0	0	0	0	3	13	0	0	0	0	0	0	0	0	0	0	0	3	19121	0	0	0	0	0	0	0	0	0	0	238	0	0	0	0	0	0	0	4362	13	0	0	0	0	0	0	0	0	0	0	0	0	0	0	0	15	0	0	0	5330	0	0	0	0	0	12819	0	0	0	3	0	0	0	0	0	3	0	0	0	0	0	0	0	0	3	0	0	0	0	0	8	0	0	3307	0	0	0	0	0	0	134420	0	0	4493	0	0	0	0	0	0	0	0	0	0	10512	0	0	0	0	0	6186	17	0
EHA02075_bin.38	0	0	0	0	0	0	0	0	0	0	0	0	0	0	1	0	0	0	0	0	0	0	0	0	0	0	0	17623	0	0	0	0	0	0	0	0	0	0	2443	0	0	0	0	0	0	0	2924	0	0	0	0	6	0	0	0	0	0	0	0	0	0	0	0	0	0	0	0	2028	0	0	0	0	0	2298	0	0	0	0	0	0	0	0	0	0	0	0	0	0	0	0	0	0	0	0	0	0	0	0	0	0	0	5708	0	0	0	0	2	0	745270	0	0	7051	0	0	0	0	0	0	0	0	0	0	11479	0	0	0	0	0	6229	4	0
EHA02075_bin.39	0	0	0	0	0	0	0	0	0	0	0	0	0	0	0	0	0	0	0	0	0	0	0	0	0	0	2	14700	0	0	0	0	0	0	0	0	0	0	26402	0	0	0	0	0	0	0	6257	0	0	0	0	0	0	0	0	0	0	0	0	0	0	0	0	0	0	0	0	26758	0	0	0	0	0	369	0	0	0	0	0	0	0	0	0	0	0	0	0	0	0	0	0	0	0	0	0	0	0	0	0	0	0	8392	0	0	0	0	0	0	102602	0	0	4015	0	0	0	0	0	0	0	0	0	0	5820	0	0	0	0	0	25571	0	0
EHA02075_bin.3	0	0	0	0	0	0	0	0	0	0	0	0	0	0	0	0	0	0	0	0	0	0	0	0	0	0	0	13037	0	0	0	0	0	0	0	0	0	0	4321	0	0	0	0	0	0	0	982	0	0	0	0	0	0	0	0	0	0	0	0	0	0	0	0	0	0	0	0	35294	0	0	0	0	0	4413	0	0	0	0	0	0	0	0	0	0	0	0	0	0	0	0	0	0	0	0	0	0	0	0	0	0	0	1118	0	0	0	0	0	0	69206	0	3	1006	0	0	0	0	0	0	0	0	0	0	3898	0	0	0	0	0	4290	0	0
EHA02075_bin.40	0	0	0	0	0	0	0	0	0	0	0	0	0	0	0	0	0	0	0	0	0	0	0	0	0	0	0	4381	0	0	0	0	0	0	0	0	0	0	19567	0	0	0	0	0	0	0	1689	2	0	0	0	2	0	0	0	0	0	0	0	0	0	0	0	0	0	0	0	3308	0	0	0	0	0	1841	0	0	0	0	0	0	0	0	0	0	0	0	0	0	0	0	0	0	0	0	0	0	0	0	0	0	0	4728	0	0	0	0	0	0	87717	0	0	1668	0	0	0	0	0	0	0	0	0	0	7920	0	0	0	0	0	4964	0	0
EHA02075_bin.41	0	0	0	0	0	0	0	0	0	0	0	0	0	0	1	0	0	0	0	0	0	0	0	0	0	0	3	2145	1	0	0	0	0	0	0	0	0	0	13569	0	0	0	0	0	0	0	2544	0	0	0	0	2	0	0	0	0	0	0	0	0	0	0	0	1	0	0	0	3844	0	0	0	0	0	5889	0	0	0	2	0	0	2	0	0	0	0	0	0	0	0	0	0	0	0	0	0	0	0	0	0	0	0	1864	0	0	0	0	0	0	168231	0	0	1267	0	0	0	0	0	0	0	0	0	0	1611	0	0	0	0	0	27804	8	0
EHA02075_bin.42	0	2	0	0	0	0	0	0	0	0	0	0	0	67	36	0	0	57	0	0	0	0	2	0	0	0	9	11797	0	0	0	0	0	0	0	0	0	0	37799	0	0	0	0	0	13	0	26722	2	0	0	0	0	0	0	0	0	0	0	0	0	0	0	0	13	0	0	4	24758	10	0	0	0	0	14777	0	0	0	33	0	0	3	0	0	15	0	0	0	0	0	0	0	0	12	0	0	0	0	0	33	0	0	28852	0	0	0	0	0	0	184848	0	0	30535	0	0	0	0	0	0	0	0	0	0	12771	0	0	0	0	0	42869	28	0
EHA02075_bin.43	0	0	0	0	2	0	0	0	0	0	0	0	0	0	3	0	0	0	0	0	0	0	0	0	0	0	0	5390	0	0	0	0	0	0	0	0	0	0	13273	0	0	0	0	0	0	0	12416	0	0	0	0	0	0	0	0	0	0	0	0	0	0	0	0	0	0	0	0	13142	0	0	0	0	0	3052	0	0	0	3	0	0	0	0	0	1	0	0	0	0	0	0	0	0	0	0	0	0	0	0	1	0	0	75285	0	0	0	0	0	0	86066	0	0	6258	0	1	0	0	0	0	0	0	0	0	16092	0	0	0	0	0	8443	0	0
EHA02075_bin.5	0	6	0	0	0	0	0	0	0	0	0	0	0	2	46	0	0	0	0	0	0	0	0	0	0	0	1	45765	0	0	0	0	0	0	0	0	0	0	8009	2	0	0	0	0	0	0	50000	2	0	0	0	18	0	0	0	0	0	0	0	0	0	0	0	9	0	0	0	48052	8	0	0	0	0	13153	0	0	0	2	0	0	0	0	0	0	0	0	0	0	0	0	0	0	2	0	0	0	0	0	31	0	0	26181	0	0	0	0	0	0	271114	0	1	3316	0	0	0	0	0	0	0	0	0	0	13274	0	0	0	0	0	20995	2	0
EHA02075_bin.7	0	30	0	5	4	0	0	0	0	0	0	0	0	13	5	0	0	0	0	0	0	0	4	4	0	0	6	2689	0	0	0	0	0	2	0	0	0	0	1609	1	0	0	0	0	0	0	8775	6	0	0	0	6	1	0	0	0	0	0	0	0	0	0	0	3	0	0	0	5872	34	0	2	0	0	1132	2	1	0	3	0	0	35	0	4	0	9	0	0	3	0	0	0	0	1	0	0	0	0	0	84	0	0	28370	0	0	0	0	0	0	133174	0	0	16733	0	0	0	0	0	0	0	0	0	0	31953	0	0	0	0	0	7863	210	0
EHA02076_bin.11	0	0	0	0	0	0	0	0	0	0	0	0	0	0	0	0	0	2	0	0	0	0	0	0	0	0	0	1948	0	0	2	0	0	0	0	0	0	2	345	0	0	0	0	0	0	0	12053	0	0	0	0	0	0	2	0	0	0	0	0	0	0	0	0	0	0	0	0	2364	0	0	0	0	0	596	2	0	0	0	0	0	0	0	0	0	0	0	0	0	0	0	0	0	0	0	0	0	0	0	0	0	0	3306	0	0	0	1	0	0	21072	0	2	12618	0	0	0	0	0	0	0	0	0	0	2759	0	0	0	0	0	5530	0	0
EHA02076_bin.12	0	0	0	0	0	0	0	0	0	0	0	0	0	0	0	0	0	0	0	0	0	0	0	0	0	0	0	16227	0	0	0	0	0	0	0	0	0	0	17218	0	0	0	0	0	0	0	277	0	0	0	0	0	0	0	0	0	0	0	0	0	0	0	0	0	0	0	0	69	0	0	0	0	0	12368	0	0	0	0	0	0	0	0	0	0	0	0	0	0	0	0	0	0	0	0	0	0	0	0	0	0	0	60	0	0	0	0	0	0	12848	0	0	333	0	0	0	0	0	0	0	0	0	0	569	0	0	0	0	0	233	0	0
EHA02076_bin.16	0	0	0	0	0	0	0	0	0	0	0	0	0	2	0	0	0	0	0	0	0	0	0	0	0	0	0	4480	0	0	0	0	0	0	0	0	0	0	227164	0	0	0	0	0	0	0	30097	0	0	0	0	0	0	0	0	0	0	0	0	0	0	0	0	0	0	0	0	597	0	0	0	0	0	841	0	1	0	0	0	0	0	0	0	0	0	0	0	0	0	0	0	0	0	0	0	0	0	0	2	0	0	1799	0	0	0	0	0	0	692825	0	0	12220	0	0	0	0	0	0	0	0	0	0	1044	0	0	0	0	0	570	0	0
EHA02076_bin.17	0	0	0	0	0	0	0	0	0	0	0	0	0	0	0	0	0	0	0	0	0	0	1	0	0	0	0	4966	0	0	0	0	0	0	0	0	0	0	9993	0	0	0	0	0	0	0	1988	0	0	0	0	2	0	0	0	0	0	0	1	0	0	0	0	0	0	0	0	602	0	0	0	0	0	265	0	0	0	0	0	0	0	0	0	0	0	0	0	0	0	0	0	0	0	0	0	0	0	0	1	0	0	799	0	0	0	0	0	0	42255	0	0	997	0	0	0	0	0	0	0	0	0	0	3047	0	0	0	0	0	298	0	0
EHA02076_bin.20	0	0	0	0	0	0	0	0	0	0	0	0	0	0	0	0	0	0	0	0	0	0	0	0	0	0	0	7199	0	0	0	0	0	0	0	0	0	0	356	0	0	0	0	0	0	0	185	0	0	0	0	0	0	0	0	0	0	0	0	0	0	0	0	0	0	0	0	3294	0	0	0	0	0	1731	0	0	0	0	0	0	0	0	0	0	0	0	0	0	0	0	0	0	0	0	0	0	0	0	0	0	0	1164	0	0	0	0	0	0	5690	0	0	160	0	0	0	0	0	0	0	0	0	0	2732	0	0	0	0	0	252	0	0
EHA02076_bin.5	0	0	0	0	0	0	0	0	0	0	0	0	0	0	0	0	0	0	0	0	0	0	0	0	0	0	0	4924	0	0	0	0	0	0	0	0	0	0	2470	0	0	0	0	0	0	0	473	0	0	0	0	0	0	0	0	0	0	0	0	0	0	0	0	0	0	0	0	14259	0	0	0	0	0	5626	0	0	0	0	0	0	0	0	0	0	0	0	0	0	0	0	0	0	0	0	0	0	0	0	1	0	0	4084	0	0	0	0	0	0	822	0	0	1004	0	0	0	0	0	0	0	0	0	0	7480	0	0	0	0	0	6824	0	0
EHA02076_bin.7	0	0	0	0	0	0	0	0	0	0	0	0	0	0	1	0	0	0	0	0	0	0	0	0	0	0	0	2409	0	0	0	0	0	0	0	0	0	0	3153	0	0	0	0	0	0	0	2698	0	0	0	0	0	0	0	0	0	0	0	0	0	0	1	0	0	0	0	0	3182	0	0	0	0	0	3515	0	0	0	0	0	0	0	0	0	0	0	0	0	0	0	0	0	0	0	0	0	0	0	0	0	0	0	1431	0	0	0	0	0	0	4966	0	0	1696	0	0	0	0	0	0	0	0	0	0	1708	0	0	0	0	0	2965	0	0
EHA02076_bin.8	0	0	0	0	0	0	0	0	0	0	0	0	0	0	0	0	0	0	0	0	0	0	0	0	0	0	0	1276	0	0	0	0	0	0	0	0	0	0	7148	0	0	0	0	0	0	0	367	2	0	0	0	0	0	0	0	0	0	0	0	0	0	0	0	0	0	0	0	3283	0	0	0	0	0	680	0	0	0	0	0	0	0	0	0	0	0	0	0	0	0	0	0	0	0	0	0	0	0	0	0	0	0	4408	0	0	0	0	0	0	54179	0	0	1859	0	0	0	0	0	0	0	0	0	0	847	0	0	0	0	0	2106	0	0
EHA02076_bin.9	0	7	0	0	0	0	0	0	0	0	0	0	0	3	26	0	0	0	0	0	0	0	2	0	0	0	1	5196	0	0	0	0	0	0	0	0	0	0	656	0	0	0	0	0	0	0	6178	6	0	0	0	2	0	0	0	0	0	0	0	0	0	0	0	25	0	0	0	11250	1	0	0	0	0	7724	0	0	0	0	0	0	5	0	0	3	0	0	0	0	0	0	0	0	5	0	0	0	0	0	13	0	0	6407	0	0	0	0	0	0	10105	0	0	11628	0	0	0	0	0	0	0	0	0	0	7220	0	0	0	0	0	15756	41	0
EHA02077_bin.12	0	2	0	0	18	0	0	0	0	0	0	0	0	41	20	0	0	51	0	0	0	0	15	0	0	0	11	8149	0	0	2	0	0	1	0	0	0	0	36999	0	0	0	0	0	31	0	27292	7	0	0	0	3	0	0	0	0	0	0	0	0	0	1	0	7	0	0	0	202713	1	0	1	0	0	24094	0	0	0	12	0	0	1	0	0	23	0	0	0	0	0	0	0	0	6	0	0	0	0	0	11	0	0	171549	0	0	0	0	0	0	163597	0	0	7257	0	0	0	0	0	0	0	0	0	0	6771	4	0	1	0	0	36824	14	0
EHA02077_bin.13	0	1	0	0	0	0	0	0	0	0	0	0	0	0	0	0	0	0	0	0	0	0	0	0	0	0	0	7830	0	0	0	0	0	154	0	0	0	0	50664	0	0	0	0	0	0	0	2952	2	0	0	0	0	0	0	0	0	0	0	0	0	0	0	0	0	0	0	0	54596	0	0	0	0	0	3749	0	0	0	0	0	0	0	0	0	0	0	0	0	0	0	0	0	0	0	0	0	0	0	0	0	0	0	14240	0	0	0	0	0	0	148580	0	0	3950	0	0	0	0	0	0	0	0	0	0	5154	0	0	0	0	0	18664	0	0
EHA02077_bin.14	0	0	0	1	2	0	0	0	0	0	0	0	0	3	3	0	0	0	0	0	0	0	0	0	0	0	0	3802	0	0	0	0	0	0	0	0	0	0	32496	0	0	0	0	0	0	0	6444	7	0	0	0	7	0	0	0	0	0	0	0	0	0	0	0	3	0	0	0	15604	0	0	2	0	0	3010	0	0	0	0	0	0	1	0	0	0	4	0	0	0	0	0	0	0	0	0	0	0	0	0	24	0	0	8452	0	0	0	0	0	0	17314	0	0	4507	0	0	0	0	0	0	0	0	0	0	5695	0	0	0	0	0	4965	8	0
EHA02077_bin.16	18	0	0	0	0	0	0	0	0	0	0	0	0	0	4	0	0	15	10	0	0	0	0	28	0	0	2	3665	2	0	18	0	0	64	0	0	0	0	16724	22	0	0	0	0	4	0	2407	2	0	0	38	0	0	0	0	0	0	0	0	2	0	0	0	4	0	0	0	31815	0	0	0	0	0	9317	0	0	0	14	0	0	1	0	0	0	4	0	0	0	0	0	0	0	0	0	0	0	0	0	2	0	0	4911	0	0	0	0	0	0	10389	0	0	2922	0	0	0	0	0	0	0	0	0	0	15308	0	0	8	44	0	3256	40	0
EHA02077_bin.17	0	0	0	0	0	0	0	0	0	0	0	0	0	0	0	0	0	0	0	0	0	0	0	0	0	0	0	2046	0	0	0	0	0	0	0	0	0	0	2156	0	0	0	0	0	0	0	4885	0	0	0	0	0	0	0	0	0	0	0	0	0	0	0	0	0	0	0	0	6755	0	0	0	0	0	203	0	0	0	0	0	0	0	0	0	0	0	0	0	0	0	0	0	0	0	0	0	0	0	0	0	0	0	4331	0	0	0	0	0	0	7544	0	0	483	0	0	0	0	0	0	0	0	0	0	1912	0	0	0	0	0	5012	0	0
EHA02077_bin.20	0	0	0	0	11	0	0	0	0	0	0	0	0	0	0	0	0	0	0	0	0	0	0	0	0	0	0	12925	0	0	2	0	0	0	0	0	0	0	10433	0	0	0	0	1	0	0	8893	0	0	0	0	3	0	0	0	0	0	0	0	0	0	0	0	0	0	0	0	14369	0	0	0	0	0	9723	0	0	0	2	0	0	0	0	0	0	0	0	0	0	0	0	0	0	0	0	0	0	0	0	0	0	0	37374	0	0	0	0	0	0	94723	0	0	11287	0	0	0	0	0	0	0	0	0	0	9679	0	0	0	0	0	9061	1	0
EHA02077_bin.22	0	0	0	0	0	0	0	0	0	0	0	0	0	0	1	0	0	0	0	0	0	0	0	0	0	0	4	17630	0	0	0	0	0	0	0	0	0	0	33736	0	0	0	0	0	0	0	26671	0	0	0	0	0	0	0	0	0	0	0	0	0	0	0	0	0	0	0	0	22059	0	0	0	0	0	16316	0	0	0	0	0	0	0	0	4	0	0	0	0	0	0	0	0	0	0	0	0	0	0	0	0	0	0	77422	0	0	0	0	2	0	106342	0	0	20840	0	0	0	0	0	0	0	0	0	0	15412	0	0	0	0	0	12160	4	0
EHA02077_bin.3	0	0	0	0	0	0	0	0	0	0	0	0	0	0	0	0	0	0	0	0	0	0	0	0	0	0	0	28574	0	0	0	0	0	0	0	0	0	0	67030	0	0	0	0	0	0	0	21770	0	0	0	0	0	0	0	0	0	0	0	0	0	0	0	0	0	0	0	0	47332	0	0	0	0	0	2020	0	0	0	0	0	0	0	0	0	0	0	0	0	0	0	0	0	0	0	0	0	0	0	0	0	0	0	23248	0	0	0	0	0	0	134913	0	0	7910	0	0	0	0	0	0	0	0	2	0	5638	0	0	0	0	0	5299	0	0
EHA02077_bin.4	0	0	0	0	0	0	0	0	0	0	0	0	0	0	0	0	0	0	0	0	0	0	0	0	0	0	0	15209	0	0	0	0	0	0	0	0	0	0	14399	0	0	0	0	0	0	0	108911	0	0	0	0	0	0	0	0	0	0	0	0	0	0	0	0	0	0	0	0	34206	0	0	0	0	0	17625	0	0	0	0	0	0	0	0	0	0	0	0	0	0	0	0	0	0	0	0	0	0	0	0	0	0	0	21286	0	0	0	0	0	0	13193	0	0	12366	0	0	0	0	0	0	0	0	0	0	34732	0	0	0	0	0	25800	0	0
EHA02077_bin.5	0	0	0	0	0	0	0	0	0	0	0	0	0	2	0	0	0	0	0	0	0	0	1	0	0	0	0	3375	0	0	0	0	0	0	0	0	0	0	7914	0	0	0	0	0	0	0	3750	0	0	0	0	0	0	0	0	0	0	0	0	0	0	0	0	0	0	0	0	3822	0	0	0	0	0	6216	0	0	0	0	0	0	0	0	0	0	0	0	0	0	0	0	0	0	0	0	0	0	0	0	0	0	0	1779	0	0	0	0	0	0	17294	0	0	2758	0	0	0	0	0	0	0	0	0	0	2252	0	0	0	0	0	3696	0	0
EHA02077_bin.7	0	0	0	0	0	0	0	0	0	0	0	0	0	4	0	0	0	0	0	0	1	0	0	0	0	0	0	18544	0	0	0	0	0	7	0	0	0	0	1695	0	0	0	0	0	0	0	2123	0	0	0	0	0	0	0	0	0	0	0	0	0	0	0	0	0	0	0	4	5993	0	0	0	0	0	24507	0	0	0	0	0	0	1	0	0	7	0	0	0	3	0	0	0	0	1	0	0	0	0	0	1	0	0	3261	0	0	0	0	0	0	2587	0	0	816	0	0	0	0	0	0	0	0	0	0	7768	0	0	0	2	0	13784	0	0
EHA02078_bin.10	1	0	0	0	2	0	0	0	0	0	3	0	0	41	161	0	0	118	0	0	50	0	6	4	0	23	28	8159	0	0	0	0	0	0	0	0	0	0	16191	2	0	0	0	0	55	0	8518	26	0	0	0	14	0	0	0	0	0	0	7	0	1	8	0	77	0	0	6	14325	22	0	33	0	0	6893	2	1	0	87	0	0	19	2	0	39	65	11	0	72	0	0	0	0	74	0	0	0	0	0	90	0	0	21337	0	12	0	0	0	3	27237	1	39	4341	0	0	0	0	0	0	0	0	0	0	6635	17	0	0	4	0	6070	8	0
EHA02078_bin.11	0	2	0	0	0	0	0	0	0	0	0	0	0	0	0	0	0	0	0	0	0	0	0	0	0	0	0	41983	0	0	2	0	0	0	0	0	0	0	150676	0	0	0	0	0	0	0	148364	0	0	0	0	3	0	0	0	0	0	0	0	0	0	0	0	1	0	0	0	82106	0	0	0	0	0	42518	0	0	0	0	0	0	0	0	0	0	0	0	0	0	0	0	0	0	2	0	0	0	0	0	0	0	0	94890	0	0	0	0	1	0	338997	0	0	93620	0	0	0	0	0	0	0	0	0	0	43134	0	0	0	0	0	29047	0	0
EHA02078_bin.13	0	0	0	0	0	0	0	0	0	0	0	0	0	0	0	0	0	0	0	0	0	0	0	0	0	0	0	1612	0	0	0	0	0	0	0	0	0	0	7	0	0	0	0	0	0	0	74	0	0	0	0	0	0	0	0	0	0	0	0	0	0	0	0	0	0	0	0	180	0	0	0	0	0	9830	0	0	0	0	0	0	0	0	0	0	0	0	0	0	0	0	0	0	0	0	0	0	0	0	0	0	0	1712	0	0	0	0	0	0	1388	0	0	346	0	0	0	0	0	0	0	0	0	0	1900	0	0	0	0	0	715	0	0
EHA02078_bin.14	0	4	0	0	0	0	0	0	0	0	0	0	0	0	0	0	0	0	0	0	0	0	0	0	0	0	0	144	0	0	0	0	0	0	0	0	0	0	9	0	0	0	0	0	0	0	167	0	0	0	0	0	0	0	0	0	0	0	0	0	0	0	0	0	0	0	0	2108	0	0	0	0	0	27763	0	0	0	0	0	0	0	0	0	0	0	0	0	0	0	0	0	0	0	0	0	0	0	0	0	0	0	4909	0	0	0	0	0	0	44	0	0	46	0	0	0	0	0	0	0	0	0	0	107	0	0	0	0	0	901	0	0
EHA02078_bin.15	0	0	0	0	1	0	0	0	0	0	0	0	0	1	0	0	0	0	0	0	0	0	1	0	0	0	0	6537	0	0	1	0	0	0	0	0	0	0	8025	0	0	0	0	0	0	0	5853	0	0	0	0	0	0	0	0	0	0	0	0	0	0	0	0	2	0	0	0	5631	0	0	0	0	0	14184	0	0	0	0	0	0	0	0	0	0	0	0	0	0	0	0	0	0	0	0	0	0	0	0	0	0	0	1697	0	0	0	0	0	0	9205	0	0	2381	0	0	0	0	0	0	0	0	0	0	3143	0	0	0	0	0	5016	2	0
EHA02078_bin.16	0	3	0	0	0	0	0	0	0	0	3	0	0	5	35	0	0	21	0	0	10	0	31	2	0	2	19	9015	0	0	1	0	0	0	0	0	0	0	2	0	0	0	0	6	6	0	6	8	0	0	6	8	0	0	0	0	0	0	3	0	0	4	0	12	0	0	2	6	6	0	24	0	0	6922	0	0	0	36	0	0	10	0	4	8	72	0	0	64	0	0	0	0	19	0	0	0	0	0	3	0	0	0	0	2	0	0	0	0	2	0	21	11	0	0	0	0	0	0	0	0	0	0	160	5	0	0	2	0	32	30	0
EHA02078_bin.18	0	0	0	0	0	0	0	0	0	0	0	0	0	0	0	0	0	0	0	0	0	0	0	0	0	0	0	828	0	0	0	0	0	0	0	0	0	0	79	0	0	0	0	0	0	0	130	0	0	0	0	0	0	0	0	0	0	0	0	0	0	0	0	0	0	0	0	362	0	0	0	0	0	25305	0	0	0	0	0	0	0	0	0	0	0	0	0	0	0	0	0	0	0	0	0	0	0	0	0	0	0	966	0	0	0	0	0	0	36	0	0	37	0	0	0	0	0	0	0	0	0	0	108	0	0	0	0	0	247	0	0
EHA02078_bin.19	0	0	0	0	0	0	0	0	0	0	0	0	0	0	0	0	0	0	0	0	0	0	0	0	0	0	0	3046	0	0	0	0	0	0	0	0	0	0	204	0	0	0	0	0	0	0	5508	2	0	0	0	0	0	0	0	0	0	0	0	0	0	0	0	1	0	0	0	3355	0	0	0	0	0	277	0	0	0	2	0	0	0	0	0	0	0	0	0	0	0	0	0	0	1	0	0	0	0	0	0	0	0	172	0	0	0	0	0	0	193	0	0	231	0	0	0	0	0	0	0	0	0	0	2370	0	0	0	0	0	3759	3	0
EHA02078_bin.1	0	4	0	0	1	0	0	0	0	0	0	0	0	1	0	0	0	0	0	0	0	0	0	0	0	0	0	428	0	0	0	0	0	0	0	0	0	0	250	0	0	0	0	0	0	0	1094	10	0	0	0	32	0	0	0	0	0	0	0	0	0	0	0	3	0	0	0	964	0	0	2	0	0	9121	0	0	0	0	0	0	0	0	0	4	0	0	0	0	0	0	0	0	0	0	0	0	0	0	3	0	0	7075	0	0	0	0	0	0	1952	0	0	402	0	0	0	0	0	0	0	0	0	2	1096	0	0	0	0	0	3411	34	0
EHA02078_bin.23	0	5	0	0	1	0	0	0	0	0	0	0	2	10	23	0	0	4	0	0	0	0	32	0	0	0	7	6153	2	0	0	0	0	0	0	0	0	0	4217	0	0	0	0	1	0	0	5454	11	0	0	2	13	0	0	0	0	0	0	0	0	2	9	0	24	0	0	2	7918	1	0	0	0	0	55435	0	0	0	6	0	0	3	0	0	21	1	1	0	0	0	0	0	0	12	0	0	0	0	0	15	0	0	5752	0	0	0	0	0	2	4208	0	0	5194	0	0	0	0	0	0	0	0	0	0	187399	4	0	0	8	0	5981	23	0
EHA02078_bin.24	0	0	0	0	0	0	0	0	0	0	0	0	0	0	0	0	0	0	0	0	6	0	7	0	0	0	0	14	0	0	0	0	0	0	0	0	0	0	4	0	0	0	0	0	0	0	9	2	0	0	2	0	0	0	0	0	0	0	0	0	0	3	0	0	0	0	0	18	0	0	6	0	0	26840	0	0	0	0	0	0	0	0	0	0	0	0	0	0	0	0	0	0	0	0	0	0	0	0	0	0	0	16	0	0	0	0	1	4	3	0	0	13	0	2	0	0	0	0	0	0	0	0	3	0	0	0	0	0	8	0	0
EHA02078_bin.25	0	2	0	0	0	0	0	0	0	0	0	0	4	4	1	0	0	0	0	0	0	0	2	0	0	0	0	78978	0	0	0	0	0	0	0	0	0	0	100	0	0	0	0	0	0	0	320	12	0	0	0	4	0	0	0	0	0	0	0	0	0	0	0	0	0	0	0	508	0	0	0	0	0	12205	0	0	0	0	0	0	0	0	0	2	0	0	0	0	0	0	0	0	2	0	0	0	0	0	3	0	0	296	0	0	0	0	0	0	98	0	0	6716	0	0	0	0	0	0	0	0	0	0	127458	0	0	0	0	0	44139	2	0
EHA02078_bin.26	0	0	0	0	0	0	0	0	0	0	0	0	0	2	5	0	0	2	0	0	0	0	6	2	0	0	1	18012	0	0	2	0	0	0	0	0	0	0	17	0	0	0	0	0	4	0	237	0	0	0	0	11	0	0	0	0	0	0	0	0	0	0	0	0	0	0	0	583	1	0	0	0	0	19191	0	0	0	0	0	0	1	0	0	2	2	0	0	1	0	0	0	0	7	0	0	0	0	0	0	0	0	3458	0	0	0	0	0	1	8	0	1	262	0	0	0	0	0	0	0	0	0	0	6365	1	0	2	4	0	7696	6	0
EHA02078_bin.27	0	0	0	0	0	0	0	0	0	0	0	0	0	3	17	0	0	0	0	0	0	0	0	0	0	0	3	21206	0	0	1	0	0	0	0	0	0	0	276	0	0	0	0	0	0	0	4611	0	0	0	0	0	0	0	0	0	0	0	0	0	0	0	0	1	0	0	0	880	0	0	2	0	0	24274	0	0	0	0	0	0	3	0	0	2	0	0	0	0	0	0	0	0	7	0	0	0	0	0	1	0	0	425	0	0	0	0	0	0	307	0	0	8076	0	0	0	0	0	0	0	0	0	0	30141	0	0	0	0	0	1081	7	0
EHA02078_bin.28	0	4	0	0	0	0	0	0	0	0	0	0	4	6	25	0	1	0	0	0	0	0	0	0	0	0	5	15876	0	0	0	0	0	0	0	0	0	0	1313	0	0	0	0	0	0	0	42518	3	0	0	0	0	0	0	0	0	0	0	0	0	0	0	0	33	0	0	0	30500	2	0	0	0	0	491431	0	0	0	0	0	0	4	0	0	11	0	0	0	0	0	0	0	0	5	0	0	0	0	0	7	0	0	19925	0	0	0	0	0	0	22000	0	0	23117	0	0	0	0	0	0	0	0	0	0	19866	0	0	0	0	0	5319	32	0
EHA02078_bin.2	0	0	0	0	0	0	0	0	0	0	0	0	0	2	4	0	0	0	0	0	0	0	0	0	0	0	1	1302	0	0	0	0	0	0	0	0	0	0	8	0	0	0	0	0	0	0	224	0	0	0	0	4	0	0	0	0	0	0	0	0	0	0	0	18	0	0	0	189	0	0	0	0	0	2588	0	0	0	0	0	0	0	0	0	4	0	0	0	0	0	0	0	0	0	0	0	0	0	0	2	0	0	133	0	0	0	0	0	0	72	0	0	226	0	0	0	2	0	0	0	0	0	0	417	0	0	0	0	0	757	0	0
EHA02078_bin.31	0	17	0	0	0	0	0	0	0	0	0	0	2	1	29	0	0	0	0	0	0	0	1	0	0	0	2	72031	0	0	0	0	0	0	0	0	0	0	114	0	0	0	0	0	0	0	607	105	0	0	0	26	0	0	0	0	0	0	0	0	0	1	0	20	0	0	0	188	4	0	2	0	0	245075	0	0	0	3	0	0	2	0	0	2	0	0	0	0	0	0	0	0	3	0	0	0	0	0	2	0	0	97	0	0	0	0	0	0	137	0	0	19669	0	0	0	0	0	0	0	0	0	0	28359	0	0	0	0	0	2067	28	0
EHA02078_bin.32	0	0	0	0	0	0	0	0	0	0	0	0	0	0	0	0	0	0	0	0	0	0	0	0	0	0	0	3427	0	0	0	0	0	0	0	0	0	0	0	0	0	0	0	0	0	0	934	0	0	0	0	0	0	0	0	0	0	0	0	0	0	0	0	0	0	0	0	281	0	0	0	0	0	3595	0	0	0	0	0	0	0	0	0	0	0	0	0	0	0	0	0	0	0	0	0	0	0	0	0	0	0	85	0	0	0	0	0	0	82	0	0	91	0	0	0	0	0	0	0	0	0	0	2624	0	0	0	0	0	2235	0	0
EHA02078_bin.33	0	0	0	0	0	0	0	0	0	0	0	0	0	2	0	0	0	0	0	0	0	0	0	0	0	0	0	11366	0	0	0	0	0	0	0	0	0	0	798	0	0	0	0	0	0	0	482	0	0	0	0	0	0	0	0	0	0	0	0	0	0	0	0	0	0	0	0	1892	0	0	0	0	0	2661	0	0	0	0	0	0	0	0	0	0	0	0	0	0	0	0	0	0	0	0	0	0	0	0	0	0	0	2151	0	0	0	0	0	0	1015	0	0	469	0	0	0	0	0	0	0	0	1	0	8909	0	0	0	0	0	25524	0	0
EHA02078_bin.34	0	6	0	0	0	0	0	0	0	0	0	0	0	1	6	0	0	0	0	0	0	0	0	0	0	0	0	18382	0	0	11	0	0	0	0	0	0	0	2655	0	0	0	0	0	0	0	11799	5	0	0	0	5	0	0	0	0	0	0	0	0	0	0	0	2	0	0	0	7942	0	0	0	0	0	284222	0	0	0	0	0	0	0	0	0	2	0	0	0	0	0	0	0	0	0	0	0	0	0	0	0	0	0	7967	0	0	0	0	0	0	4530	0	0	11172	0	0	0	0	0	0	0	0	0	0	25032	0	0	0	0	0	9212	10	0
EHA02078_bin.35	0	0	0	0	0	0	0	0	0	0	0	0	0	0	2	0	0	0	0	0	0	0	0	0	0	0	0	622	0	0	0	0	0	0	0	0	0	0	502	0	0	0	0	0	0	0	883	0	0	0	0	2	0	0	0	0	0	0	0	0	0	0	0	0	0	0	0	2140	0	0	0	0	0	20198	0	0	0	0	0	0	0	0	0	0	0	0	0	0	0	0	0	0	0	0	0	0	0	0	0	0	0	831	0	0	0	0	0	0	1836	0	0	312	0	1	0	0	0	0	0	0	0	0	1022	0	0	0	0	0	2266	0	0
EHA02078_bin.37	0	0	0	0	0	0	0	0	0	0	0	0	0	0	0	0	0	0	0	0	0	0	0	0	0	0	0	1141	0	0	0	0	0	0	0	0	0	0	49	0	0	0	0	0	0	0	2097	0	0	0	0	0	0	0	0	0	0	0	0	0	0	0	0	0	0	0	0	530	0	0	0	0	0	932	0	0	0	0	0	0	0	0	0	0	0	0	0	0	0	0	0	0	0	0	0	0	0	0	0	0	0	3188	0	0	0	0	0	0	1097	0	0	1188	0	0	0	0	0	0	0	0	0	0	3219	0	0	0	0	0	2260	0	0
EHA02078_bin.3	0	0	0	0	0	0	0	0	0	0	0	0	0	0	0	0	0	0	0	0	0	0	0	0	0	0	0	564	0	0	0	0	0	0	0	0	0	0	20	0	0	0	0	0	0	0	69	0	0	0	0	0	0	0	0	0	0	0	0	0	0	0	0	0	0	0	0	3215	0	0	0	0	0	1131	0	0	0	0	0	0	0	0	0	0	0	0	0	0	0	0	0	0	0	0	0	0	0	0	0	0	0	48	0	0	0	0	0	0	30	0	0	1062	0	0	0	0	0	0	0	0	0	0	2461	0	0	0	0	0	7291	0	0
EHA02078_bin.4	0	0	0	0	0	0	0	0	0	0	0	0	1	18	21	0	0	0	0	0	0	0	0	0	0	0	2	99313	0	0	0	0	0	0	0	0	0	0	1337	0	0	0	0	0	0	0	6026	55	0	0	0	23	0	0	0	0	0	0	0	0	0	0	0	18	0	0	0	2983	0	0	0	0	0	24629	0	0	0	3	0	0	0	0	0	5	0	0	0	0	0	0	0	0	13	0	0	0	0	0	2	0	0	2397	0	0	0	0	0	0	1978	0	0	7781	0	0	0	0	0	0	0	0	0	0	351950	0	0	0	0	0	3656	11	0
EHA02078_bin.7	0	0	0	0	0	0	0	0	0	0	0	0	0	0	0	0	0	0	0	0	0	0	0	0	0	0	0	191	0	0	0	0	0	0	0	0	0	0	5	0	0	0	0	0	0	0	0	0	0	0	0	0	0	0	0	0	0	0	0	0	0	0	0	0	0	0	0	0	0	0	0	0	0	27048	0	0	0	0	0	0	0	0	0	0	0	0	0	0	0	0	0	0	0	0	0	0	0	0	0	0	0	18	0	0	0	0	0	0	18	0	0	327	0	0	0	0	0	0	0	0	0	0	372	0	0	0	0	0	0	0	0
EHA02078_bin.8	0	2	0	0	0	0	0	0	0	0	0	0	0	8	5	0	0	0	0	0	0	0	1	0	0	0	3	17254	0	0	0	0	0	0	0	0	0	0	256	0	0	0	0	0	0	0	216	26	0	0	0	9	0	0	0	0	0	0	2	0	0	0	0	3	0	0	0	720	1	0	0	0	0	31699	0	0	0	3	0	0	0	0	0	4	0	0	0	0	0	0	0	0	5	0	0	0	0	0	1	0	0	505	0	0	0	0	0	0	145	0	0	5415	0	0	0	0	0	0	0	0	0	0	10327	0	0	0	0	0	2504	7	0
EHA02078_bin.9	0	0	0	0	0	0	0	0	0	0	0	0	0	0	0	0	0	0	0	0	0	0	0	0	0	0	0	5968	0	0	0	0	0	0	0	0	0	0	2806	0	0	0	0	0	0	0	5157	0	0	0	0	0	0	0	0	0	0	0	0	0	0	0	0	0	0	0	0	2275	0	0	0	0	0	82927	0	0	0	0	0	0	0	0	0	0	0	0	0	0	0	0	0	0	0	0	0	0	0	0	0	0	0	2306	0	0	0	0	0	0	10151	0	0	3439	0	0	0	0	0	0	0	0	0	0	9664	0	0	0	0	0	3575	0	0
EHA02079_bin.10	0	0	0	0	0	0	0	0	0	0	0	0	0	0	0	0	0	0	0	0	0	0	1	0	0	0	0	97	0	0	0	0	0	0	0	0	0	0	4	0	0	0	0	0	0	0	0	0	0	0	0	0	0	0	0	0	0	0	0	0	0	0	0	0	0	0	0	0	2	0	0	0	0	373532	0	0	0	0	0	0	0	0	0	0	0	0	0	0	0	0	0	0	0	0	0	0	0	0	0	0	0	4	0	0	0	0	0	0	42	0	0	468	0	0	0	0	0	0	0	0	0	0	385	0	0	0	0	0	0	0	0
EHA02079_bin.11	0	4	0	0	0	0	0	0	0	0	0	0	0	280	5547	0	0	33	0	0	0	2	5	0	0	0	1274	34202	4	0	7	0	0	9	0	0	0	0	460	4	0	0	0	0	2	0	5294	1	0	0	6	8	0	0	0	0	0	0	0	0	0	2	0	4	0	0	0	1206	450	0	0	0	0	167111	2	0	0	146	0	0	1366	0	0	350	4	3	0	0	0	0	0	0	1530	0	0	0	0	0	526	0	0	1040	0	3	0	0	0	3	497	0	0	12208	0	0	0	0	0	0	0	0	0	0	48470	1	2	2	8	0	1477	127	0
EHA02079_bin.12	0	0	0	0	0	0	0	0	0	0	0	0	0	0	0	0	0	0	0	0	0	0	0	0	0	0	1	33763	0	0	0	0	0	0	0	0	0	0	121438	0	0	0	0	0	0	0	115778	0	0	0	0	2	0	0	0	0	0	0	0	0	0	0	0	2	0	0	0	64464	0	0	0	0	0	487871	0	0	0	0	0	0	0	0	0	0	0	0	0	0	0	0	0	0	0	0	0	0	0	0	0	0	0	71794	0	0	0	0	0	0	266709	0	0	71856	0	0	0	0	0	0	0	0	2	0	35040	0	0	0	0	0	22401	2	0
EHA02079_bin.13	0	0	0	0	0	0	0	0	0	0	0	0	0	2	22	0	0	2	0	0	0	0	2	1	0	0	1	2519	0	0	4	0	0	0	2	0	0	0	286	0	0	0	0	0	4	0	1864	4	0	0	0	1	0	0	0	0	0	0	0	0	0	0	0	8	0	0	0	1088	1	0	0	0	0	221050	0	0	0	0	0	0	9	0	0	0	0	0	0	0	0	0	0	0	6	0	0	0	0	0	1	0	0	508	0	0	0	0	0	0	2831	0	0	778	0	0	0	0	0	0	0	0	0	0	5525	4	4	0	4	0	1201	10	0
EHA02079_bin.14	0	0	0	0	0	0	0	0	0	0	0	0	0	0	0	0	0	0	0	0	0	0	0	0	0	0	0	13277	0	0	0	0	0	0	0	0	0	0	285	0	0	0	0	0	0	0	827	0	0	0	0	0	0	0	0	0	0	0	0	0	0	0	0	0	0	0	0	4464	0	0	0	0	0	223432	0	0	0	0	0	0	0	0	0	0	0	0	0	0	0	0	0	0	0	0	0	0	0	0	0	0	0	2380	0	0	0	0	0	0	1210	0	0	383	0	0	0	0	0	0	0	0	0	0	6131	0	0	0	0	0	12053	4	0
EHA02079_bin.16	0	4	0	0	1	0	0	0	0	0	5	0	3	36	107	0	0	11	0	0	26	0	7	10	0	4	22	2095	2	0	6	0	0	0	0	0	0	0	2710	0	0	0	0	0	1	0	2735	20	0	0	0	24	0	0	0	0	0	2	33	0	0	2	0	5	0	0	4	2048	38	0	7	0	0	338201	0	0	0	65	0	0	33	0	2	33	37	0	0	33	0	0	0	0	56	0	0	1	0	0	80	0	0	2826	1	4	0	2	0	1	8524	0	19	2463	0	2	0	0	0	0	0	0	0	2	1716	21	0	2	2	0	1727	4	0
EHA02079_bin.19	0	0	0	0	0	0	0	0	0	0	0	0	0	0	0	0	0	0	0	0	0	0	0	0	0	0	0	3235	0	0	0	0	0	0	0	0	0	0	118	0	0	0	0	0	0	0	99	0	0	0	0	2	0	0	0	0	0	0	0	0	0	0	0	0	0	0	0	96	0	0	0	0	0	59316	0	0	0	0	0	0	0	0	0	0	0	0	0	0	0	0	0	0	0	0	0	0	0	0	0	0	0	269	0	0	0	0	0	0	118	0	0	91	0	0	0	0	0	0	0	0	0	0	257	0	0	0	0	0	237	0	0
EHA02079_bin.1	0	0	0	0	0	0	0	0	0	0	0	0	0	0	0	0	0	0	0	0	0	0	1	2	0	0	0	2447	0	0	0	0	0	0	0	0	0	0	178	0	0	0	0	0	0	0	14737	0	0	0	0	0	0	0	0	0	0	0	1	0	0	0	0	4	0	0	0	18961	0	0	0	0	0	31908	0	0	0	0	0	0	0	0	0	0	0	0	0	0	0	0	0	0	0	0	0	0	0	0	0	0	0	29313	0	0	0	0	0	0	4221	0	0	2545	0	0	0	0	0	0	0	0	0	0	3467	0	0	0	0	0	4985	0	0
EHA02079_bin.20	0	0	0	0	0	0	0	0	0	0	0	0	0	0	0	0	0	0	0	0	0	0	0	0	0	0	0	476	0	0	0	0	0	0	0	0	0	0	111	0	0	0	0	1	0	0	27	0	0	0	0	0	0	0	0	0	0	0	0	0	0	0	0	0	0	0	0	2822	0	0	0	0	0	139112	0	0	0	0	0	0	0	0	0	0	0	0	0	0	0	0	0	0	0	0	0	0	0	0	0	0	0	7213	0	0	0	0	0	0	93	0	0	110	0	0	0	0	0	0	0	0	1	0	168	0	0	0	0	0	1799	0	0
EHA02079_bin.21	0	2	0	0	1	0	0	2	0	0	0	0	0	41	58	0	0	10	0	0	0	0	4	0	0	1	30	2134	0	0	0	0	0	0	0	0	0	0	105	0	0	0	0	0	3	0	1534	14	0	0	0	3	0	0	0	0	0	0	0	0	0	0	0	97	0	0	0	1604	5	0	1	0	0	164544	0	0	0	56	0	0	16	0	0	47	0	0	0	0	0	0	0	0	34	0	0	0	0	0	29	0	0	1017	0	0	0	0	0	0	7257	0	0	3747	0	0	0	0	0	0	0	0	0	0	12099	1	0	0	0	0	2832	2	0
EHA02079_bin.22	0	0	0	0	0	0	0	0	0	0	0	0	0	0	0	0	0	0	0	0	0	0	1	0	0	0	0	404	0	0	0	0	0	0	0	0	0	0	725	0	0	0	0	0	0	0	739	2	0	0	0	0	0	0	0	0	0	0	0	0	2	0	0	0	0	0	0	669	0	0	0	0	0	145052	0	0	0	0	0	0	0	0	0	0	0	0	0	0	0	0	0	0	0	0	0	0	0	0	0	0	0	679	0	0	0	0	0	0	677	0	0	1340	0	0	0	0	0	0	0	0	0	0	1601	0	0	0	0	0	599	0	0
EHA02079_bin.23	0	0	0	0	0	0	0	0	0	0	0	0	0	0	0	0	0	0	0	0	0	0	0	0	0	0	0	9789	0	0	0	0	0	0	0	0	0	0	164	0	0	0	0	0	0	0	282	0	0	0	0	0	0	0	0	0	0	0	0	0	0	0	0	0	0	0	0	4117	0	0	0	0	0	82023	0	0	0	0	0	0	0	0	0	0	0	0	0	0	0	0	0	0	0	0	0	0	0	0	0	0	0	199	0	0	0	0	0	0	660	0	0	314	0	0	0	0	0	0	0	0	0	0	3107	0	0	0	0	0	1926	0	0
EHA02079_bin.24	0	0	0	0	0	0	0	0	0	0	0	0	0	0	0	0	0	0	0	0	0	0	0	0	0	0	0	33046	0	0	0	0	0	0	0	0	0	0	464	0	0	0	0	0	0	0	126	0	0	0	0	0	0	0	0	0	0	0	0	0	0	0	0	2	0	0	0	225	0	0	0	0	0	128283	0	0	0	0	0	0	0	0	0	0	0	0	0	0	0	0	0	0	0	0	0	0	0	0	0	0	0	605	0	0	0	0	0	0	365	0	0	146	0	0	0	0	0	0	0	0	0	0	1567	0	0	0	0	0	714	0	0
EHA02079_bin.26	0	0	0	0	0	0	0	0	0	0	0	0	0	0	0	0	0	0	0	0	0	0	0	0	0	0	0	9221	0	0	0	0	0	0	0	0	0	0	6008	0	0	0	0	0	0	0	4419	0	0	0	0	0	0	0	0	0	0	0	0	0	0	0	0	0	0	0	0	5271	0	0	0	0	0	122703	0	0	0	0	0	0	2	0	0	0	0	0	0	0	0	0	0	0	1	0	0	0	0	0	0	0	0	2560	0	0	0	0	0	0	9633	0	0	2161	0	0	0	0	0	0	0	0	0	0	6900	0	0	0	0	0	4738	0	0
EHA02079_bin.27	0	0	2	2	3	0	0	0	0	0	0	0	0	35	27	0	2	0	0	0	2	2	3	0	0	0	8	2183	4	0	0	0	0	0	0	0	0	0	22	0	0	0	0	1	0	4	13	4	0	0	0	43	0	0	0	0	0	0	6	0	0	0	0	9	0	0	0	33	3	0	7	0	0	6617680	0	0	0	33	0	1	3	87	0	8	0	0	0	1	0	0	0	0	2	0	0	0	0	0	36	0	0	2	0	0	0	0	2	1	26	0	1	8	0	0	0	0	0	0	0	0	0	0	15	4	0	0	2	0	13	5	0
EHA02079_bin.28	0	0	3	0	0	0	0	0	0	0	0	0	0	1	1	0	0	0	0	0	7	0	4	0	0	0	0	20	0	0	0	0	0	0	0	0	0	0	0	0	0	0	0	0	0	0	9	0	0	0	0	0	0	0	0	0	0	0	1	0	0	3	0	0	0	0	0	6	0	0	1	0	0	143995	0	0	0	0	0	0	0	4	0	0	0	1	0	0	0	0	0	0	0	0	0	0	0	0	0	0	0	7	0	0	0	0	0	3	0	0	0	3	0	0	0	0	0	0	0	0	0	2	21	0	0	0	0	0	8	2	0
EHA02079_bin.30	0	6	0	0	25	0	0	0	0	0	0	0	0	516	60	0	0	0	0	0	20	33	0	0	0	0	177	1651	2	0	13	0	0	0	0	0	0	0	180	0	0	0	0	0	0	0	514	171	0	0	2	110	0	0	0	0	0	0	0	0	0	3	0	1660	0	0	0	352	447	0	4	0	0	81003	0	0	0	5	0	0	9	2	0	7	0	0	0	2	0	0	0	0	29	0	0	0	0	0	4	0	0	468	0	0	0	0	0	0	233	0	4	403	0	0	0	0	0	0	0	0	0	0	3671	0	0	0	8	0	623	0	0
EHA02079_bin.32	0	0	0	0	10	0	0	0	0	0	0	0	0	0	0	0	0	0	0	0	0	0	0	0	0	0	0	18052	0	0	0	0	0	0	0	0	0	0	4547	0	0	0	0	1	0	0	4279	0	0	0	0	1	0	0	0	0	0	0	0	0	0	0	0	2	0	0	0	17541	1	0	0	0	0	169868	0	0	0	0	0	0	0	0	0	1	0	0	0	0	0	0	0	0	0	0	0	0	0	0	1	0	0	8968	0	0	0	0	0	0	17035	0	0	4526	0	0	0	0	0	0	0	0	0	0	45714	0	0	0	0	0	28723	0	0
EHA02079_bin.33	0	0	0	0	0	0	0	0	0	0	0	0	0	0	0	0	0	0	0	0	0	0	3	0	0	0	0	892	0	0	0	0	0	0	0	0	0	0	483	0	0	0	0	0	0	0	475	0	0	0	0	0	0	0	0	0	0	0	0	0	0	2	0	0	0	0	0	354	0	0	0	0	0	772141	0	0	0	0	0	0	0	0	7	0	0	0	0	0	0	0	0	0	1	0	0	0	0	0	0	0	0	557	0	0	0	0	0	4	846	0	0	1675	0	3	0	0	0	0	0	0	0	0	541	0	0	0	0	0	392	8	0
EHA02079_bin.34	0	2	0	8	0	0	0	0	0	1	0	0	0	0	33	0	0	0	1	0	0	0	0	2	0	0	0	37768	0	0	0	0	0	1	0	0	0	0	339	0	0	0	0	1	2	0	293	8	0	0	0	73	0	0	0	0	0	0	0	0	0	0	0	0	0	0	0	556	10	0	3	0	0	613688	0	0	0	0	0	0	2	0	0	27	1	0	0	0	0	0	0	0	48	0	0	0	0	0	25	0	0	111	0	0	0	0	0	0	9	0	0	579	0	0	0	0	0	0	0	0	4	0	651	0	0	0	7	0	1424	11	0
EHA02079_bin.35	4	339	0	1	56	0	0	0	0	0	22	4	0	666	993	0	0	0	2	0	194	8	7	0	0	0	380	17087	216	0	26	0	0	0	0	0	0	0	5317	0	0	0	0	0	0	4	11985	45	0	0	0	8	0	0	0	0	0	0	0	0	0	0	2	37	0	0	0	9591	327	0	95	0	0	1343933	0	0	0	314	0	0	339	0	0	248	81	0	0	126	0	0	0	0	479	0	0	0	0	0	615	0	0	11920	0	0	1	0	2	1	17623	0	146	16786	0	0	0	0	0	0	0	0	0	0	19544	0	0	0	36	0	10241	156	0
EHA02079_bin.36	0	4	0	0	0	0	0	0	0	0	0	0	0	0	4	0	0	0	0	0	0	0	0	0	0	0	4	8439	0	0	0	0	0	0	0	0	0	0	297	0	0	0	0	0	0	0	27191	3	0	0	0	0	0	0	0	0	0	0	0	0	0	0	0	7	0	0	0	18488	0	0	0	0	0	400658	0	0	0	0	0	0	0	0	0	2	0	0	0	0	0	0	0	0	0	0	0	0	0	0	0	0	0	11701	0	0	0	0	0	0	10516	0	0	15830	0	0	0	0	0	0	0	0	0	0	11475	0	0	0	0	0	3147	17	0
EHA02079_bin.37	0	7	0	1	0	0	0	0	0	0	0	0	0	9	31	0	0	0	0	0	0	0	1	0	0	0	4	4417	0	0	0	0	0	0	0	0	0	0	1180	0	0	0	0	0	0	0	3577	2	0	0	0	2	0	0	0	0	0	0	0	0	0	0	0	39	0	0	0	17414	4	0	0	0	0	596085	0	0	0	1	0	0	4	0	0	8	0	0	0	0	0	0	0	0	5	0	0	0	0	0	9	0	0	19980	0	0	0	0	0	0	4964	0	0	4486	0	0	0	0	0	0	0	0	0	0	8877	0	0	0	0	0	12228	58	0
EHA02079_bin.39	0	14	2	0	29	0	0	0	0	0	0	0	25	17	38	0	0	4	0	0	16	0	44	1	0	2	13	104	0	0	2	0	0	0	0	0	0	0	135	12	0	0	0	0	0	0	156	3	0	0	2	4	0	0	0	0	0	0	51	0	0	13	0	101	0	0	0	236	20	0	16	0	0	83913	0	12	0	16	0	0	7	0	0	42	0	4	0	1	0	0	0	0	9	0	0	0	0	0	142	0	0	35	0	2	0	0	4	9	132	0	0	276	0	0	0	0	0	0	0	0	6	0	259	14	4	0	3	0	21	18	0
EHA02079_bin.40	0	9	0	0	5	0	0	0	0	0	0	0	0	7	122	0	0	0	0	0	0	0	0	0	0	0	28	14296	0	0	4	0	0	0	0	0	0	0	1799	0	0	0	0	0	1	0	7009	0	0	0	0	1	0	0	0	0	0	0	0	0	0	0	0	0	0	0	0	16130	2	0	0	0	0	120603	0	0	0	8	0	0	29	0	0	2	0	1	0	0	0	0	0	0	4	0	0	0	0	0	2	0	0	1943	0	0	0	0	0	0	3394	0	0	4883	0	0	0	0	0	0	0	0	0	0	6141	0	0	0	0	0	3643	15	0
EHA02079_bin.41	0	0	0	0	0	0	0	0	0	0	0	0	0	0	2	0	0	0	0	0	0	0	0	0	0	0	0	13033	0	0	0	0	0	0	0	0	0	0	959	0	0	0	0	0	0	0	10428	2	0	0	0	0	0	0	0	0	0	0	0	0	0	0	0	0	0	0	0	7860	4	0	0	0	0	533194	0	0	0	0	0	0	0	0	1	0	0	0	0	0	0	0	0	0	0	0	0	0	0	0	0	0	0	32578	0	0	0	0	0	0	1781	0	0	15439	0	0	0	0	0	0	0	0	0	0	12126	0	0	0	0	0	7599	7	0
EHA02079_bin.42	0	0	1	0	0	0	0	0	0	0	0	0	1	0	0	0	0	0	2	0	0	0	5	0	0	1	0	56849	0	0	0	0	0	0	0	0	0	0	7	0	0	0	0	1	1	0	35	4	0	0	0	0	0	0	0	0	0	0	0	0	0	0	0	0	0	0	0	71	1	0	0	0	0	150693	0	0	0	5	0	0	2	0	0	0	0	1	0	0	0	0	0	0	0	0	0	0	0	0	0	0	0	4	0	0	0	0	0	0	0	0	0	68	0	0	0	0	0	0	0	0	0	0	16217	0	0	0	0	0	421	0	0
EHA02079_bin.43	0	9	0	0	0	0	0	0	0	0	0	0	0	2	12	0	0	0	0	0	0	0	1	0	0	0	3	20523	0	0	0	0	0	0	0	0	0	0	922	2	0	0	0	0	0	3	21296	2	0	0	0	4	0	0	0	0	0	0	0	0	0	0	0	22	0	0	0	5255	0	0	0	0	0	74539	0	0	0	1	0	0	0	0	0	4	0	0	0	0	0	0	0	0	6	0	0	0	0	0	4	0	0	11891	0	0	0	0	0	0	3564	0	0	18111	0	0	0	0	0	0	0	0	0	0	28201	0	0	0	0	0	7037	19	0
EHA02079_bin.44	0	0	0	0	0	0	0	0	0	0	0	0	0	1	6	0	0	0	0	0	0	0	1	0	0	0	0	7724	0	0	0	0	0	0	0	0	0	0	1313	0	0	0	0	0	0	0	7636	0	0	0	0	0	0	0	0	0	0	0	0	0	0	0	0	2	0	0	0	4861	0	0	0	0	0	76952	0	0	0	0	0	0	0	0	0	0	0	0	0	0	0	0	0	0	0	0	0	0	0	0	1	0	0	4814	0	0	0	0	0	0	6022	0	0	5206	0	0	0	0	0	0	0	0	0	0	42232	0	0	0	0	0	14152	6	0
EHA02079_bin.45	0	0	0	0	0	0	0	0	0	0	0	0	0	0	0	0	0	0	0	0	0	0	0	0	0	0	0	11185	0	0	0	0	0	0	0	0	0	0	4103	0	0	0	0	0	0	0	12647	0	0	0	0	2	0	0	0	0	0	0	0	0	0	0	0	0	0	0	0	10919	0	0	0	0	0	271596	0	0	0	0	0	0	0	0	0	0	0	0	0	0	0	0	0	0	0	0	0	0	0	0	0	0	0	11490	0	0	0	0	0	0	6031	0	0	10394	0	0	0	0	0	0	0	0	0	0	34882	0	0	0	0	0	22656	2	0
EHA02079_bin.46	0	0	0	0	0	0	0	0	0	0	0	0	0	0	0	0	0	0	2	0	0	0	0	0	0	2	0	55796	0	0	0	0	0	0	0	0	0	0	65	0	0	0	0	0	0	0	18	12	0	0	0	6	0	0	0	0	0	0	0	0	0	0	0	0	0	0	0	22	1	0	0	0	0	67324	0	0	0	0	0	0	1	0	0	0	0	0	0	0	0	0	0	0	2	0	0	0	0	0	0	0	0	6	0	0	0	0	0	0	0	0	0	275	0	0	0	0	0	0	0	0	0	0	3090	0	0	0	0	0	358	0	0
EHA02079_bin.4	2	159	0	19	22	0	0	0	0	0	0	0	14	110	1007	0	0	0	3	0	0	0	7	0	0	0	211	806433	4	0	9	0	0	15	0	0	0	0	266	2	0	0	0	2	0	0	1868	80	0	0	2	30	2	0	0	0	0	0	0	0	0	2	0	882	0	0	4	16894	117	0	10	0	0	223095	0	0	0	45	0	0	129	0	0	167	0	4	0	2	0	0	0	0	180	0	0	0	0	0	234	0	0	20397	0	0	0	0	0	2	496	0	2	23472	0	0	0	0	0	0	0	0	0	0	295659	5	0	2	0	0	17511	1060	0
EHA02079_bin.51	0	1	0	0	0	0	0	0	0	0	0	0	0	13	5	0	0	2	0	0	13	8	0	0	0	0	2	4141	0	0	0	0	0	0	0	0	0	0	1144	0	0	0	0	0	0	0	1552	21	0	0	0	2	0	0	0	0	0	0	0	0	1	0	0	5	0	0	0	5999	8	0	0	0	0	57284	2	0	0	2	0	0	3	2	0	2	0	0	0	9	0	0	0	0	8	0	0	0	0	0	26	0	0	5694	0	0	0	0	0	0	2193	0	17	1177	0	0	0	0	0	0	0	0	0	0	15991	0	0	0	0	0	3668	16	0
EHA02079_bin.53	0	0	0	0	0	0	0	0	0	0	0	0	0	0	0	0	0	0	0	0	0	0	0	0	0	0	0	680	0	0	0	0	0	0	0	0	0	0	270	0	0	0	0	0	0	0	626	0	0	0	0	0	0	0	0	0	0	0	0	0	0	0	0	0	0	0	0	1680	0	0	0	0	0	34744	0	0	0	0	0	0	0	0	0	0	0	0	0	0	0	0	0	0	0	0	0	0	0	0	0	0	0	1085	0	0	0	0	0	0	192	0	0	448	0	0	0	0	0	0	0	0	0	0	960	0	0	0	0	0	626	0	0
EHA02079_bin.5	0	2	0	0	0	0	0	0	0	0	0	0	0	0	7	0	0	0	0	0	0	0	0	0	0	0	0	15202	0	0	0	0	0	0	0	0	0	0	230	0	0	0	0	0	0	0	978	2	0	0	0	0	0	0	0	0	0	0	0	0	0	0	0	2	0	0	0	2078	0	0	0	0	0	139107	0	0	0	0	0	0	0	0	0	0	2	0	0	0	0	0	0	0	1	0	0	0	0	0	6	0	0	1105	0	0	0	0	0	0	1514	0	0	1716	0	0	0	0	0	0	0	0	0	0	2033	0	0	0	0	0	3076	5	0
EHA02079_bin.6	0	0	0	0	0	0	0	0	0	0	0	0	0	0	1	0	0	15	0	0	1	0	6	0	0	1	0	789	0	0	0	0	0	0	0	0	0	0	21666	0	0	0	0	0	6	0	16205	0	0	0	0	0	0	0	0	0	0	0	15	0	0	20	0	0	0	0	0	2	0	0	1	0	0	369879	0	0	0	1	0	0	0	0	0	0	0	0	0	0	0	0	0	0	0	0	0	0	0	0	0	0	0	2	0	0	0	0	0	13	17652	0	0	6519	0	0	0	0	0	0	0	0	0	0	4	0	0	2	0	0	0	0	0
EHA02079_bin.7	0	0	0	0	0	0	0	0	0	0	0	0	0	0	0	0	0	0	0	0	0	0	0	0	0	0	0	357	0	0	0	0	0	0	0	0	0	0	0	0	0	0	0	0	0	0	3243	0	0	0	0	0	0	0	0	0	0	0	0	0	0	0	0	0	0	0	0	97	0	0	0	0	0	24618	0	0	0	0	0	0	0	0	0	0	0	0	0	0	0	0	0	0	0	0	0	0	0	0	0	0	0	47	0	0	0	0	0	0	129	0	0	43	0	0	0	0	0	0	0	0	0	0	6049	0	0	0	0	0	2737	0	0
EHA02079_bin.9	0	0	0	0	0	0	0	0	0	0	0	0	0	0	0	0	0	0	0	0	0	0	0	0	0	0	0	3883	0	0	0	0	0	0	0	0	0	0	36950	0	0	0	0	0	0	0	438	0	0	0	0	0	0	0	0	0	0	0	0	0	0	0	0	0	0	0	0	1040	0	0	0	0	0	174716	0	0	0	0	0	0	0	0	0	0	0	0	0	0	0	0	0	0	0	0	0	0	0	0	0	0	0	13894	0	0	0	0	0	0	1382	0	0	5996	0	0	0	0	0	0	0	0	0	0	4798	0	0	0	0	0	2131	0	0
EHA02080_bin.11	0	0	0	0	0	0	0	0	0	0	0	0	0	0	3	2	0	0	0	0	0	0	0	1	0	0	0	4422	0	1	0	0	0	0	0	0	0	0	11552	0	0	0	0	0	0	0	1869	0	0	0	0	1	0	0	0	0	0	0	0	0	0	0	0	0	0	2	0	13484	0	0	4	0	0	1629	0	0	1	0	0	0	0	0	0	0	0	0	3	0	2	0	0	0	0	0	0	0	0	0	5	2	0	19123	0	0	0	0	0	0	56315	0	0	8231	0	0	0	0	0	0	0	0	0	0	2444	0	0	0	0	0	9450	2	2
EHA02080_bin.13	0	0	0	0	2	0	0	0	0	0	0	0	0	0	0	0	0	0	0	0	0	0	0	0	0	0	0	1248	0	0	0	0	0	0	0	0	0	0	6319	0	0	0	0	0	0	0	7972	0	0	0	0	0	0	0	0	0	0	0	0	0	0	0	0	0	0	0	0	4769	0	0	0	0	0	5684	0	0	0	0	0	0	0	0	0	0	0	0	0	0	0	0	0	0	0	0	0	0	0	0	0	0	0	19417	0	0	0	0	0	0	9529	0	0	1034	0	0	0	0	0	0	0	0	0	0	4196	0	0	0	0	0	6958	2	0
EHA02080_bin.14	0	0	0	0	0	0	0	0	0	0	0	0	0	0	0	0	0	0	0	0	0	0	0	0	0	0	0	1121	0	0	0	0	0	0	0	0	0	0	3228	0	0	0	0	0	0	0	2951	0	0	0	0	0	0	0	0	0	0	0	0	0	0	0	0	0	0	0	0	9030	0	0	0	0	0	348	0	0	0	0	0	0	0	0	0	0	0	0	0	0	0	0	0	0	0	0	0	0	0	0	0	0	0	4256	0	0	0	0	0	0	13714	0	0	947	0	0	0	0	0	0	0	0	0	0	1303	0	0	0	0	0	3761	0	0
EHA02080_bin.18	0	0	0	0	0	0	0	0	0	0	0	0	0	0	8	0	0	0	0	0	0	0	1	0	0	0	2	10469	0	0	0	0	0	0	0	0	0	0	5085	0	0	0	0	0	0	0	11167	0	0	0	0	2	0	0	0	0	0	0	0	0	0	0	0	9	0	0	2	6242	2	0	0	0	0	10137	0	0	0	0	0	0	3	0	0	3	0	0	0	0	0	0	0	0	0	0	0	0	0	0	0	0	0	11622	0	0	0	0	0	0	20823	0	0	18658	0	0	0	0	0	0	0	0	0	0	13240	0	0	0	0	0	5045	20	0
EHA02080_bin.1	0	0	0	0	0	0	0	0	0	0	0	0	0	0	0	0	0	0	0	0	0	0	0	0	0	0	0	4927	0	0	0	0	0	0	0	0	0	0	6121	0	0	0	0	0	0	0	4583	0	0	0	0	1	0	0	0	0	0	0	0	0	0	2	0	1	0	0	0	8850	0	0	0	0	0	7691	0	0	0	0	0	0	0	0	0	0	0	0	0	0	0	0	0	0	0	0	0	0	0	0	0	0	0	4229	0	0	0	0	0	0	10334	0	0	2110	0	0	0	0	0	0	0	0	0	0	4381	2	0	0	0	0	9417	0	0
EHA02080_bin.20	0	4	0	0	5	0	2	0	0	0	0	2	0	1	0	1	0	0	0	0	0	0	0	0	0	0	0	5512	2	2	5	0	0	0	0	0	0	0	33915	0	0	0	0	7	0	0	15640	0	0	0	0	204	0	0	0	0	0	0	0	0	0	0	0	0	0	0	1	12304	0	0	0	0	0	4138	1	0	0	0	0	0	1	0	2	0	0	0	0	0	1	0	0	0	1	0	0	0	0	0	0	0	0	68484	0	0	0	4	0	0	73414	0	0	6431	0	0	0	1	0	0	0	0	0	0	13508	75	0	0	2	0	7587	0	0
EHA02080_bin.22	0	2	0	0	0	0	0	0	0	0	0	0	0	0	0	0	0	0	0	0	0	0	0	0	0	0	0	19900	0	0	0	0	0	0	0	0	0	0	14804	0	0	0	0	0	0	0	28967	0	0	0	0	0	0	0	0	0	0	0	0	0	0	0	0	0	0	0	0	25369	0	0	0	0	0	20973	0	0	0	4	0	0	0	0	0	0	0	0	0	0	0	0	0	0	0	0	0	0	0	0	0	0	0	60162	0	0	0	0	0	0	97240	0	0	28108	0	0	0	0	0	0	0	0	0	0	14638	0	0	0	0	0	14178	2	0
EHA02080_bin.23	0	0	0	0	2	0	0	0	0	0	0	0	0	1	1	0	0	0	0	0	0	0	0	0	0	0	1	7749	0	0	0	0	0	0	0	0	0	0	10532	2	0	0	0	0	0	0	17544	0	0	0	0	0	0	0	0	0	0	0	0	0	0	0	0	0	0	0	0	25662	0	0	0	0	0	16859	0	0	0	0	0	0	0	0	0	0	0	0	0	0	0	0	0	0	1	0	0	0	0	0	1	0	0	17333	0	0	0	0	0	0	8037	0	0	6423	0	0	0	0	0	0	0	0	0	0	4757	0	0	0	0	0	5981	0	0
EHA02080_bin.24	0	2	0	0	4	0	0	0	0	0	0	0	0	3	0	0	0	0	0	0	0	0	0	2	0	0	1	13212	0	0	2	0	0	0	0	0	0	0	16622	0	0	0	0	1	0	0	43795	0	0	0	0	3	0	0	0	0	0	0	0	0	0	0	0	2	0	0	0	112178	0	0	0	0	0	44893	0	0	0	1	0	0	0	0	0	4	0	0	0	0	0	0	0	0	0	0	0	0	0	0	1	0	0	65009	0	0	0	0	0	0	21241	0	0	16854	0	0	0	0	0	0	0	0	0	0	48003	0	0	0	0	0	13557	4	0
EHA02080_bin.3	0	2	0	0	0	0	0	0	0	0	0	0	0	0	0	0	0	0	0	0	1	0	6	0	0	0	0	3704	0	0	0	0	0	0	0	0	0	0	8298	0	0	0	0	0	0	0	4298	0	0	0	0	0	0	0	0	0	0	0	0	0	0	4	0	2	0	0	0	2435	0	0	1	0	0	880	0	0	0	0	0	0	0	0	0	0	0	0	0	0	0	0	0	0	0	0	0	0	0	0	0	0	0	5895	0	0	0	0	0	0	26366	0	0	3836	0	0	0	0	0	0	0	0	0	0	4495	0	0	0	0	0	2093	0	0
EHA02080_bin.6	0	0	1	0	2	0	0	0	0	0	0	0	0	0	2	0	0	0	0	0	0	0	0	0	0	0	0	4290	0	0	0	0	0	0	0	0	0	0	217908	0	0	0	0	0	0	0	29730	0	0	0	0	0	2	0	0	0	0	0	0	0	0	0	0	0	0	0	0	0	0	0	0	0	0	230	0	2	0	0	0	0	1	0	0	0	0	0	0	0	0	0	0	0	0	0	0	0	0	0	0	0	0	0	0	0	0	0	0	0	769384	0	0	11165	0	0	0	0	0	0	0	0	0	0	0	0	0	0	0	0	0	0	0
EHA02080_bin.8	0	6	0	6	3	0	0	0	0	0	0	0	0	18	45	0	0	0	0	0	0	0	29	1	0	0	12	7213	3	0	0	0	0	0	0	0	0	0	428	0	0	0	0	0	0	0	1347	13	0	0	0	0	0	0	0	0	0	0	0	0	0	1	0	53	0	0	0	1413	2	0	0	0	0	438	0	0	0	2	0	0	2	0	0	9	0	0	0	2	0	0	0	0	27	0	0	0	0	0	7	0	0	1010	0	0	0	0	0	0	26851	0	0	20743	0	0	0	0	0	0	0	0	0	0	9620	5	2	0	0	0	431	19	0
EHA02081_bin.10	0	0	0	0	0	0	0	0	0	0	0	0	0	0	0	0	0	0	0	0	0	0	0	0	0	0	0	130	0	0	0	0	0	0	0	0	0	0	0	0	0	0	0	0	0	0	53	0	0	0	0	0	0	0	0	0	0	0	0	0	0	0	0	0	0	0	0	213	0	0	0	0	0	127	0	0	0	0	0	0	0	0	0	0	0	0	0	0	0	0	0	0	0	0	0	0	0	0	0	0	0	1015	0	0	0	0	0	0	4723	0	0	199	0	0	0	0	0	0	0	0	0	0	259	0	0	0	0	0	594	0	0
EHA02081_bin.13	0	0	0	0	0	0	0	0	0	0	0	0	0	0	0	0	0	0	0	0	0	0	0	0	0	0	0	31999	0	0	0	0	0	0	0	0	0	0	268	0	0	0	0	0	0	0	9005	0	0	0	0	0	0	0	0	0	0	0	0	0	0	0	0	0	0	0	0	688	0	0	0	0	0	3327	0	0	0	0	0	0	0	0	0	0	0	0	0	0	0	0	0	0	0	0	0	0	0	0	0	0	0	201	0	0	0	0	0	0	396	0	0	6548	0	0	0	0	0	0	0	0	0	0	20476	0	0	0	0	0	2580	0	0
EHA02081_bin.14	0	0	0	0	0	0	0	0	0	0	0	0	0	0	0	0	0	0	0	0	0	0	0	0	0	0	0	2705	0	0	0	0	0	0	0	0	0	0	54	0	0	0	0	0	0	0	1862	0	0	0	0	0	0	0	0	0	0	0	0	0	0	0	0	0	0	0	0	1675	0	0	0	0	0	1563	0	0	0	0	0	0	0	0	0	0	0	0	0	0	0	0	0	0	0	0	0	0	0	0	0	0	0	1541	0	0	0	0	0	0	3684	0	0	2919	0	0	0	0	0	0	0	0	0	0	1347	0	0	0	0	0	3594	0	0
EHA02081_bin.15	0	0	0	0	0	0	0	0	0	0	0	0	0	0	0	0	0	0	0	0	0	0	0	0	0	0	0	2790	0	0	0	0	0	0	0	0	0	0	273	0	0	0	0	0	0	0	4833	0	0	0	0	0	0	0	0	0	0	0	0	0	0	0	0	0	0	0	0	788	0	0	0	0	0	547	0	0	0	0	0	0	0	0	0	0	0	0	0	0	0	0	0	0	0	0	0	0	0	0	0	0	0	7781	0	0	0	0	0	0	3348	0	0	2480	0	0	0	0	0	0	0	0	0	0	5206	0	0	0	0	0	3953	0	0
EHA02081_bin.19	0	0	0	0	0	0	0	0	0	0	0	0	0	0	0	0	0	0	0	0	0	0	0	0	0	0	0	912	0	0	0	0	0	0	0	0	0	0	17	0	0	0	0	0	0	0	67	0	0	0	0	0	0	0	0	0	0	0	0	0	0	0	0	0	0	0	0	6313	0	0	0	0	0	808	0	0	0	0	0	0	0	0	0	0	0	0	0	0	0	0	0	0	0	0	0	0	0	0	0	0	0	147	0	0	0	0	0	0	8	0	0	1748	0	0	0	0	0	0	0	0	0	0	3905	0	0	0	0	0	12820	0	0
EHA02081_bin.20	0	0	0	0	0	0	0	0	0	0	0	0	0	0	0	0	0	0	0	0	0	0	0	0	0	0	0	1182	0	0	0	0	0	0	0	0	0	0	1413	0	0	0	0	0	0	0	24540	0	0	0	0	0	0	0	0	0	0	0	0	0	0	0	0	0	0	0	0	5478	0	0	0	0	0	1532	0	0	0	0	0	0	0	0	0	0	0	0	0	0	0	0	0	0	0	0	0	0	0	0	0	0	0	2430	0	0	0	0	0	0	121116	0	0	6729	0	0	0	0	0	0	0	0	0	0	4897	0	0	0	0	0	3798	0	0
EHA02081_bin.22	0	0	0	0	0	0	0	0	0	0	0	0	0	0	0	0	0	0	0	0	0	0	0	0	0	0	0	6341	0	0	0	0	0	0	0	0	0	0	557	0	0	0	0	0	0	0	2265	0	0	0	0	0	0	0	0	0	0	0	0	0	0	0	0	2	0	0	0	4433	0	0	0	0	0	26403	0	0	0	0	0	0	0	0	0	0	0	0	0	0	0	0	0	0	0	0	0	0	0	0	0	0	0	26184	0	0	0	0	0	0	930	0	0	6552	0	0	0	0	0	0	0	0	0	0	2790	0	0	0	0	0	4683	10	0
EHA02081_bin.24	0	0	0	0	0	0	0	0	0	0	0	0	0	0	0	0	0	0	0	0	0	0	0	0	0	0	0	3794	0	0	0	0	0	0	0	0	0	0	66	0	0	0	0	0	0	0	285	0	0	0	0	0	0	0	0	0	0	0	0	0	0	0	0	0	0	0	0	1208	0	0	0	0	0	3933	0	0	0	0	0	0	0	0	0	0	0	0	0	0	0	0	0	0	0	0	0	0	0	0	0	0	0	5116	0	0	0	0	0	0	602	0	0	3321	0	0	0	0	0	0	0	0	0	0	2873	0	0	0	0	0	4744	0	0
EHA02081_bin.25	0	0	0	0	0	0	0	0	0	0	0	0	0	0	2	0	0	0	0	0	0	0	3	0	0	0	0	7904	0	0	0	0	0	0	0	0	0	0	12249	0	0	0	0	0	0	0	18626	0	0	0	0	2	0	0	0	0	0	0	0	0	0	0	0	1	0	0	0	28423	0	0	0	0	0	16640	0	0	0	0	0	0	0	0	0	1	0	0	0	0	0	0	0	0	0	0	0	0	0	0	0	0	0	17544	0	0	0	0	1	0	5361	0	0	3907	0	0	0	0	0	0	0	0	0	0	1632	0	0	0	0	0	3682	4	0
EHA02081_bin.26	0	0	0	0	0	0	0	0	0	0	0	0	0	0	2	0	0	0	0	0	0	0	0	0	0	0	1	3067	0	0	0	0	0	0	0	0	0	0	48	0	0	0	0	0	0	0	2135	0	0	0	0	0	0	0	0	0	0	0	0	0	0	0	0	0	0	0	0	1407	0	0	0	0	0	1385	0	0	0	0	0	0	0	0	0	0	0	0	0	0	0	0	0	0	0	0	0	0	0	0	0	0	0	949	0	0	0	0	0	0	1122	0	0	3622	0	0	0	0	0	0	0	0	0	0	8325	0	0	0	0	0	3369	0	0
EHA02081_bin.29	0	66	2	16	84	0	0	0	0	0	56	4	5	1918	13356	0	2	299	0	0	122	152	20	18	0	0	4904	28424	1	0	4	0	0	5	0	0	0	0	15417	0	0	0	0	2	93	4	63406	40	0	0	2	24	3	0	0	0	0	0	28	0	0	9	0	3374	0	0	10	51767	4049	0	218	0	0	56830	0	0	0	4441	0	0	4667	2	2	1951	670	2	0	290	0	0	0	2	4293	0	0	0	0	0	2462	0	0	45723	0	0	0	0	0	20	44391	0	512	45666	0	2	0	0	0	0	0	0	1	0	37552	23	2	1	126	0	28180	1233	0
EHA02081_bin.31	0	0	0	0	0	0	0	0	0	0	0	0	0	0	0	0	0	0	0	0	0	0	0	0	0	0	0	7078	0	0	0	0	0	0	0	0	0	0	2247	0	0	0	0	0	0	0	2471	0	0	0	0	0	0	0	0	0	0	0	0	0	0	0	0	0	0	0	0	4006	0	0	0	0	0	2820	0	0	0	0	0	0	0	0	0	0	0	0	0	0	0	0	0	0	0	0	0	0	0	0	1	0	0	3128	0	0	0	0	0	0	7591	0	0	3495	0	0	0	0	0	0	0	0	0	0	11143	0	0	0	0	0	11253	0	0
EHA02081_bin.4	0	0	0	0	0	0	0	0	0	0	0	2	0	0	0	0	0	0	0	0	2	0	0	0	0	0	0	4645	0	0	0	0	0	0	0	2	0	0	3897	1	0	0	2	0	0	0	5839	0	2	0	0	0	0	0	0	0	4	2	0	0	0	1	0	1	0	2	0	4571	2	0	4	0	0	3729	0	0	0	0	6	0	0	0	0	0	0	0	0	0	0	0	0	0	1	0	2	1	0	0	0	0	0	28170	0	0	0	0	0	1	12362	0	0	3222	0	0	0	0	0	3	0	0	0	0	7299	0	0	0	0	0	30502	1	0
EHA02081_bin.9	0	2	0	0	0	0	0	0	0	0	0	0	0	0	0	0	0	0	0	0	2	0	0	0	0	0	0	2413	0	0	2	0	0	0	0	0	0	0	7985	0	0	0	0	0	0	0	8140	0	0	0	0	0	0	0	0	0	0	0	0	0	0	0	0	0	0	0	0	20760	0	0	0	0	0	758	0	0	0	0	0	0	0	0	0	6	0	0	0	0	0	0	0	0	0	0	0	0	0	0	3	0	0	11336	0	0	0	0	0	0	31467	0	2	2819	0	0	0	0	0	0	0	0	0	0	2987	0	0	0	0	0	10003	0	0
EHA02082_bin.10	0	0	0	0	0	0	0	0	0	0	0	0	0	0	0	0	0	0	0	0	0	0	0	0	0	0	0	83	0	0	0	0	0	0	0	0	0	0	4	0	0	0	0	0	0	0	76	0	0	0	0	0	0	0	0	0	0	0	0	0	0	0	0	0	0	0	0	16	0	0	0	0	0	99	0	0	0	0	0	0	0	0	0	0	0	0	0	0	0	0	0	0	0	0	0	0	0	0	0	0	0	7	0	0	0	0	0	0	6	0	0	46	0	0	0	0	0	0	0	0	0	0	72	0	0	0	0	0	3	0	0
EHA02082_bin.11	0	0	0	0	0	0	0	0	0	0	0	0	2	0	0	0	0	0	0	0	0	0	0	0	0	0	0	442	0	0	0	0	0	0	0	0	0	0	71	0	0	0	0	0	0	0	1966	2	0	0	0	0	0	0	0	0	0	0	0	0	0	1	0	0	0	0	0	738	0	0	0	0	0	1145	0	0	0	0	0	0	0	0	0	0	2	0	0	0	0	0	0	0	0	0	0	0	0	0	0	0	0	600	0	0	0	0	0	1	546	0	0	42	0	0	0	0	0	0	0	0	0	0	1671	0	0	0	0	0	1043	4	0
EHA02082_bin.12	0	1	0	0	13	0	0	0	0	0	0	0	0	0	5	0	0	0	0	0	0	0	2	0	0	0	0	4310	0	0	0	0	0	0	0	0	0	0	56	0	0	0	0	0	0	0	301	0	0	0	0	4	0	0	0	0	0	0	4	0	0	0	0	0	0	0	0	903	0	0	1	0	0	7637	0	0	0	1	0	0	1	0	0	1	0	0	0	0	0	0	0	0	0	0	0	0	0	0	1	0	0	132	0	0	0	0	0	0	4550	0	2	730	0	0	0	0	0	0	0	0	0	0	2098	0	0	0	0	0	765	0	0
EHA02082_bin.13	0	0	0	0	0	0	0	0	0	0	0	0	0	1	11	0	0	2	0	0	0	0	10	0	0	0	6	2540	0	0	0	0	0	0	0	0	0	0	0	0	0	0	0	3	0	0	8	0	0	0	0	4	0	0	0	0	0	0	0	0	0	2	0	0	0	0	0	90	6	0	0	0	0	1283	0	0	0	8	0	0	9	0	106	1	2	2	0	1	0	0	0	0	5	0	0	0	0	0	0	0	0	0	0	0	0	0	0	0	5	0	0	48	0	119	0	0	0	0	0	0	0	0	1679	1	0	0	0	0	2017	1	0
EHA02082_bin.14	0	0	0	0	0	0	0	0	0	0	0	0	0	2	3	0	0	104	0	0	1	0	15	0	0	1	1	14982	2	0	2	0	0	0	0	0	0	0	5987	0	0	0	0	1	33	0	5250	0	0	0	0	0	0	0	0	0	0	0	0	2	0	8	0	10	0	0	0	3525	0	0	0	0	0	10435	3	0	0	2	0	0	0	0	0	6	0	0	0	0	0	0	0	0	2	0	0	0	0	0	3	0	0	9921	0	0	0	0	0	0	6913	0	0	4193	0	0	0	0	0	0	0	0	0	0	24853	1	0	0	0	0	5125	6	0
EHA02082_bin.15	0	0	0	0	0	0	0	0	0	0	0	0	0	0	0	0	0	0	0	0	0	0	0	0	0	0	0	420	0	0	0	0	0	0	0	0	0	0	205	0	0	0	0	0	0	0	246	0	0	0	0	0	0	0	0	0	0	0	0	0	0	0	0	0	0	0	0	722	0	0	0	0	0	2255	0	0	0	0	0	0	0	0	0	0	0	0	0	0	0	0	0	0	0	0	0	0	0	0	0	0	0	214	0	0	0	0	0	0	3	0	0	944	0	0	0	0	0	0	0	0	0	0	808	0	0	0	0	0	1680	0	0
EHA02082_bin.17	0	0	0	2	0	0	0	0	0	0	0	0	1	2	16	0	0	0	0	0	0	0	1	0	0	0	5	2304	0	0	0	0	0	0	0	0	0	0	3337	0	0	0	0	0	0	0	2047	4	0	0	0	1	0	0	0	0	0	0	0	0	0	0	0	7	0	0	0	2340	0	0	0	0	0	3739	0	0	0	0	0	0	3	0	0	9	0	0	0	0	0	0	0	0	2	0	0	0	0	0	14	0	0	2643	0	0	0	0	0	0	1142	0	0	1810	0	0	0	0	0	0	0	0	0	0	3620	0	0	0	0	0	694	34	0
EHA02082_bin.18	0	0	0	0	0	0	0	0	0	0	0	0	2	0	0	0	0	0	0	0	0	0	0	0	0	0	0	2545	0	0	0	0	0	0	0	0	0	0	815	0	0	0	0	0	0	0	564	0	0	0	0	0	0	0	0	0	0	0	0	0	0	0	0	0	0	0	0	2003	0	0	0	0	0	1377	0	0	0	0	0	0	0	0	0	0	0	0	0	0	0	0	0	0	0	0	0	0	0	0	0	0	0	3884	0	0	0	0	0	0	2618	0	0	3195	0	0	0	0	0	0	0	0	0	0	3632	0	0	0	0	0	1351	0	0
EHA02082_bin.19	0	0	0	0	0	0	0	0	0	0	0	0	0	0	0	0	0	0	0	0	0	0	0	0	0	0	0	107	0	0	0	0	0	0	0	0	0	0	43	0	0	0	0	0	0	0	83	0	0	0	0	0	0	0	0	0	0	0	0	0	0	0	0	0	0	0	0	257	0	0	0	0	0	54	0	0	0	0	0	0	0	0	0	0	0	0	0	0	0	0	0	0	2	0	0	0	0	0	0	0	0	57	0	0	0	0	0	0	12	0	0	52	0	0	0	0	0	0	0	0	0	0	160	0	0	0	0	0	74	0	0
EHA02082_bin.21	0	5	0	2	1	0	0	0	0	0	0	0	7	1	6	0	0	0	0	0	0	0	0	0	0	0	0	6324	0	0	0	0	0	0	0	0	0	0	11171	0	0	0	0	0	0	0	5251	2	0	0	0	8	0	0	0	0	0	0	0	0	0	0	0	9	0	0	0	5122	0	0	0	0	0	14993	0	0	0	0	0	0	2	0	0	5	0	0	0	0	0	0	0	0	1	0	0	0	0	0	3	0	0	7198	0	0	0	0	0	0	6586	0	0	5229	0	0	0	0	0	0	0	0	0	0	8403	0	0	0	0	0	2753	18	0
EHA02082_bin.22	0	2	0	0	0	0	0	0	0	0	0	0	0	0	0	0	0	0	0	0	0	0	0	2	0	0	2	7593	0	0	0	0	0	0	0	0	0	0	5302	0	0	0	0	0	0	0	11509	0	0	0	0	3	0	0	0	0	0	0	0	0	0	0	0	1	0	0	0	8784	0	0	0	0	0	36419	0	0	0	0	0	0	0	0	0	0	0	0	0	0	0	0	0	0	0	0	0	0	0	0	2	0	0	6967	0	0	0	0	0	0	6589	0	0	7917	0	0	0	0	0	0	0	0	0	0	15891	0	0	0	0	0	9445	0	0
EHA02082_bin.23	0	0	0	0	0	0	0	0	0	0	0	0	0	0	0	0	0	0	0	0	0	0	0	0	0	0	0	3300	0	0	2	0	0	0	0	0	0	0	2515	0	0	0	0	0	0	0	4692	0	0	0	0	0	0	0	0	0	0	0	0	0	0	0	0	0	0	0	0	2818	0	0	0	0	0	28413	0	0	0	0	0	0	0	0	0	0	0	0	0	0	0	0	0	0	0	0	0	0	0	0	0	0	0	2509	0	0	0	0	0	0	4099	0	0	3199	0	0	0	0	0	0	0	0	0	0	5460	0	0	0	0	0	2696	2	0
EHA02082_bin.2	0	0	0	0	0	0	0	0	0	0	0	0	0	0	0	0	0	0	0	0	2	0	0	0	0	0	0	2204	0	0	0	0	0	0	0	0	0	0	10661	0	0	0	0	0	0	0	645	1	0	0	2	2	0	0	0	0	2	0	2	0	0	0	0	0	0	0	0	6368	0	0	0	0	0	450	0	0	0	0	0	0	2	0	0	0	0	0	0	0	0	0	0	0	0	0	0	0	0	0	0	0	0	2374	0	2	0	0	0	0	23869	0	0	825	0	0	0	0	0	0	0	0	0	0	1267	6	0	0	0	0	3587	0	0
EHA02082_bin.5	0	0	0	0	0	0	0	0	0	0	0	0	0	0	0	0	0	0	0	0	0	0	0	0	0	0	0	427	0	0	0	0	0	0	0	0	0	0	366	0	0	0	0	0	0	0	344	0	0	0	0	0	0	0	0	0	0	0	0	0	0	0	0	0	0	0	0	300	0	0	0	0	0	492	0	0	0	0	0	0	0	0	0	0	0	0	0	0	0	0	0	0	0	0	0	0	0	0	0	0	0	708	0	0	0	0	0	0	500	0	0	813	0	0	0	0	0	0	0	0	1	0	693	0	0	0	0	0	745	0	0
EHA02082_bin.6	0	0	0	0	0	0	0	0	0	0	0	0	0	0	0	0	0	0	0	0	0	0	0	0	0	0	3	337	0	0	0	0	0	0	0	0	0	0	277	0	0	0	0	0	0	0	202	1	0	0	0	0	0	0	0	0	0	0	0	0	0	0	0	1	0	0	0	206	1	0	0	0	0	428	0	0	0	1	0	0	0	0	0	0	0	0	0	0	0	0	0	0	0	0	0	0	0	0	2	0	0	302	0	0	0	0	0	0	509	0	0	168	0	0	0	0	0	0	0	0	0	0	322	0	0	0	0	0	333	5	0
EHA02082_bin.7	0	24	0	0	3	0	0	0	0	0	4	0	0	0	1	0	0	0	0	0	7	0	54	0	0	2	1	1113	0	0	0	0	0	0	0	0	0	0	2299	0	0	0	0	2	0	0	2088	1	0	0	0	2	0	0	0	0	0	0	8	0	0	3	0	0	0	0	0	2209	0	0	2	0	0	133049	0	0	0	0	0	0	0	0	0	0	0	0	0	0	0	0	0	0	0	0	0	0	0	0	0	0	0	1565	0	0	0	0	0	8	5026	0	0	2050	0	0	0	0	0	0	0	0	0	1	1016	4	0	0	0	0	1316	2	0
EHA02082_bin.9	0	0	0	0	0	0	0	0	0	0	0	0	0	0	0	0	0	0	0	0	0	0	0	0	0	0	0	36	0	0	0	0	0	0	0	0	0	0	61	0	0	0	0	0	0	0	25	0	0	0	0	0	0	0	0	0	0	0	0	0	0	0	0	0	0	2	0	42	0	0	0	0	0	10303	0	0	0	0	0	0	0	0	0	0	0	0	0	0	0	0	0	0	0	0	0	0	0	0	0	0	0	124	0	0	0	0	0	0	143	0	0	27	0	0	0	0	0	0	0	0	0	0	66	0	0	0	0	0	67	0	0
EHA02083_bin.10	4	0	0	0	0	0	0	0	0	0	0	0	0	0	1	0	0	0	0	0	0	0	0	6	0	0	0	10350	0	0	4	0	0	0	0	0	0	0	34030	0	0	0	0	0	0	0	6808	1	0	0	8	0	0	0	0	0	0	0	0	0	0	0	0	0	0	0	0	31538	0	0	0	0	0	11279	0	0	0	0	0	0	0	0	0	0	0	0	0	0	0	0	0	0	0	0	0	0	0	0	0	0	0	17563	0	0	0	0	0	0	46665	0	0	7106	0	0	0	0	0	0	0	0	0	0	20550	0	2	2	4	0	12015	8	0
EHA02083_bin.13	0	0	0	0	0	0	0	0	0	0	0	0	0	0	1	0	0	20	0	0	0	0	1	0	0	0	0	5704	0	0	0	0	0	0	0	0	0	0	298977	0	0	0	0	0	6	0	47830	0	0	0	0	0	0	0	0	0	0	0	0	0	0	0	0	0	0	0	0	15	0	0	1	0	0	424	0	0	0	0	0	0	0	0	0	0	0	0	0	0	0	0	0	0	0	0	0	0	0	0	0	0	0	2	0	0	0	0	0	2	835792	0	0	20366	0	0	0	0	0	0	0	0	0	0	89	0	0	0	0	0	9	0	0
EHA02083_bin.5	0	56	0	0	4	0	0	0	0	0	8	0	0	46	318	0	0	0	8	0	147	2	163	0	0	7	0	40320	3	0	4	0	0	0	0	0	0	0	15317	0	0	0	0	4	0	3	10180	67	0	0	0	25	0	0	0	0	0	0	422	0	0	103	1	141	0	0	0	1986	6	0	63	2	0	11139	0	0	0	124	0	0	3	0	3	68	87	10	0	84	0	0	0	0	285	0	0	0	0	0	27	0	0	4814	0	0	2	0	0	240	62044	0	33	3814	0	3	0	0	0	0	0	0	0	0	2479	228	0	0	12	0	1505	72	0
EHA02083_bin.6	0	1	0	0	1	0	0	0	0	0	0	0	0	0	2	0	0	0	0	0	1	0	0	1	0	0	0	4611	0	0	0	0	0	0	0	0	0	0	27588	0	0	0	0	0	0	0	3636	0	0	0	0	0	0	0	0	0	0	0	0	0	0	0	0	0	0	0	0	9246	0	0	2	0	0	3178	0	0	0	2	0	0	0	0	0	0	0	0	0	0	0	0	0	0	0	0	0	0	0	0	0	0	0	20514	0	0	0	0	0	0	362544	0	0	10838	0	0	0	0	0	0	0	0	0	0	4566	0	0	0	0	0	9176	2	0
EHA02084_bin.10	0	13	0	1	0	0	0	0	0	0	0	0	0	4	28	0	0	0	0	0	1	0	3	0	0	0	3	1708	0	0	0	0	0	0	0	0	0	0	469	0	0	0	0	0	0	0	2735	3	0	0	0	0	0	0	0	0	0	0	0	0	0	0	0	37	0	0	0	5941	2	0	0	0	0	27972	0	0	0	0	0	0	2	0	0	7	0	0	0	0	0	0	0	0	2	0	0	0	0	0	4	0	0	5095	0	0	0	0	0	0	2505	0	0	4007	0	0	0	0	0	0	0	0	0	0	3630	0	0	0	0	0	5319	42	0
EHA02084_bin.12	0	0	0	30	0	0	0	0	0	0	0	0	0	0	0	0	0	0	0	0	0	0	0	0	0	0	0	47	0	0	0	0	0	0	0	0	0	0	9	0	0	0	0	0	0	0	53	0	0	0	0	0	0	0	0	0	0	0	0	0	0	0	0	0	0	0	0	46	0	0	1	0	0	631	0	0	0	0	0	0	0	0	0	0	0	0	0	3	0	0	0	0	0	0	0	0	0	0	0	0	0	49	0	6	0	0	0	0	619	2	0	40	0	0	0	0	0	0	0	0	0	0	62	0	0	0	0	0	21	1961	0
EHA02084_bin.13	0	0	0	1	0	0	0	0	0	0	0	0	0	15	17	0	0	0	2	0	3	0	5	0	0	2	5	273	0	0	0	0	0	0	0	0	0	0	117	0	0	0	0	0	0	0	302	11	0	0	0	16	0	0	0	0	0	0	2	0	0	1	0	1	0	0	2	205	1	0	9	0	0	9273	0	0	0	3	2	0	9	0	4	7	7	0	0	2	0	0	0	0	6	0	0	0	0	0	15	0	0	201	0	0	0	0	0	1	389	0	1	213	0	0	0	0	0	0	2	0	0	0	234	4	2	0	10	0	395	26	0
EHA02084_bin.14	0	0	0	0	0	0	0	0	0	0	0	0	2	2	5	0	0	0	0	0	0	0	0	0	0	0	1	971	0	0	0	0	0	0	0	0	0	0	64	0	0	0	0	0	0	0	6274	0	0	0	0	0	0	0	0	0	0	0	0	0	0	0	0	2	0	0	0	8914	0	0	0	0	0	2833	0	0	0	0	0	0	3	0	0	1	0	0	0	0	0	0	0	0	0	0	0	0	0	0	0	0	0	14610	0	0	0	0	0	0	1995	0	0	1141	0	0	0	0	0	0	0	0	0	0	1279	0	0	0	0	0	2222	0	0
EHA02084_bin.15	0	22	0	2	5	0	0	0	0	0	0	0	0	1	67	0	0	0	0	0	13	4	0	0	0	0	200	1419	16	0	0	0	0	0	0	0	0	0	283	0	0	0	0	0	0	2	126	9	0	0	0	7	0	0	0	0	0	0	0	0	0	0	0	0	0	0	0	66	3	0	2	0	0	38558	0	1	0	0	0	0	9	0	0	1	2	0	0	1	0	0	0	0	404	0	0	0	0	0	2	0	0	111	0	0	1	0	0	0	1933	0	5	131	0	0	0	0	0	0	0	0	0	2	132	0	0	0	1	0	54	25	0
EHA02084_bin.16	0	0	0	0	3	0	0	0	0	0	0	0	0	102	15	0	0	0	0	0	0	0	1	0	0	0	5	612	2	0	2	0	0	0	0	0	0	0	834	0	0	0	0	0	0	0	795	4	0	0	0	4	0	0	0	0	0	0	0	0	0	0	0	8	0	0	0	2737	4	0	0	0	0	1846	0	0	0	31	0	0	11	0	0	42	0	0	0	0	0	0	0	0	4	0	0	0	0	0	2	0	0	7714	0	0	0	0	0	0	5460	0	0	648	0	0	0	0	0	0	0	0	0	0	657	0	0	0	0	0	1023	14	0
EHA02084_bin.17	0	0	6	0	2	0	0	0	0	0	1	0	0	23	4	0	0	14	1	0	0	0	4	0	0	1	5	976	0	0	2	0	0	0	0	0	0	0	3025	1	0	0	0	1	8	0	451	11	0	0	2	7	1	0	0	0	0	0	66	0	2	10	0	3	0	0	0	1780	0	0	1	0	0	237	1	0	0	3	0	0	0	0	4	6	0	9	0	0	0	0	0	0	0	0	0	0	0	0	2	0	0	1495	0	8	0	0	0	0	7293	0	0	724	0	0	0	0	0	0	0	0	0	0	451	34	2	0	2	0	2496	21	0
EHA02084_bin.1	0	9	0	0	2	0	0	0	0	0	1	0	0	3	7	0	0	0	0	0	10	0	0	0	0	0	2	67	0	0	0	0	0	0	0	0	0	0	19	0	0	0	0	0	0	0	142	4	0	0	0	3	0	0	0	0	0	0	0	0	0	0	0	0	0	0	0	38	3	0	6	0	0	8877	0	0	0	1	0	0	1	0	0	0	26	0	0	7	0	0	0	0	7	0	0	0	0	0	2	0	0	41	0	0	0	0	0	2	4756	0	14	178	0	0	0	0	0	0	0	0	0	0	133	0	0	0	0	0	93	0	0
EHA02084_bin.20	0	3	0	0	7	0	0	0	0	0	1	0	0	2	41	0	0	0	0	0	1	2	0	0	0	4	15	3885	1	0	2	0	0	4	0	0	0	0	2974	0	0	0	0	0	2	0	6263	5	0	0	0	11	0	0	0	0	0	0	0	0	1	0	0	34	0	0	0	8549	3	0	1	0	0	11085	0	0	0	7	0	0	6	0	0	16	0	4	0	7	0	0	0	0	22	0	0	0	0	0	11	0	0	5624	0	0	0	0	0	1	8722	0	1	4272	0	0	0	0	0	0	0	0	0	0	4862	0	0	5	2	0	7070	13	0
EHA02084_bin.21	0	2	0	0	5	0	0	0	0	0	0	0	0	0	2	0	0	0	0	0	0	0	0	0	0	0	0	2571	0	0	0	0	0	0	0	0	0	0	1509	0	0	0	0	0	0	0	3405	0	0	0	0	6	0	0	0	0	0	0	0	0	0	0	0	0	0	0	0	4598	0	0	0	0	0	10776	0	0	0	1	0	0	0	0	0	0	0	0	0	0	0	0	0	0	1	0	0	0	0	0	0	0	0	3728	0	0	0	0	0	0	4573	0	0	5506	0	0	0	0	0	0	0	0	0	0	4082	0	0	0	0	0	4365	6	0
EHA02084_bin.22	0	1	0	0	0	0	0	0	0	0	0	0	0	3	0	0	0	0	0	0	0	0	0	0	0	0	0	480	0	0	0	0	0	0	0	4	0	0	498	0	0	0	0	0	0	0	802	0	0	0	0	0	0	0	0	0	0	0	0	0	0	0	0	2	0	0	0	985	0	0	0	0	0	944	0	0	0	2	0	0	0	0	0	2	0	0	0	0	0	0	0	0	0	0	0	0	0	0	3	0	0	2336	0	0	0	0	0	0	977	0	0	357	0	0	0	0	0	0	0	0	0	0	930	6	0	0	0	0	465	9	0
EHA02084_bin.23	0	1	0	0	0	0	0	0	0	0	0	0	0	0	23	0	0	0	0	0	0	0	1	0	0	0	0	486	0	0	5	0	0	0	0	0	0	0	1262	0	0	0	0	0	0	0	1261	5	0	0	0	0	0	0	0	0	0	0	0	0	0	0	0	20	0	0	0	978	2	0	0	0	0	2832	0	0	0	0	0	0	6	0	0	1	0	0	0	0	0	0	0	0	3	0	0	0	0	0	3	0	0	4032	0	0	0	0	0	0	7035	0	0	1039	0	0	0	0	0	0	0	0	0	0	798	0	0	0	0	0	356	16	0
EHA02084_bin.24	0	0	0	0	103	0	0	0	0	0	0	0	0	19	64	0	0	2	0	0	0	0	0	0	0	0	23	884	0	0	0	0	0	0	0	0	0	0	594	0	0	0	0	0	0	0	685	0	0	0	0	2	0	0	0	0	0	0	0	0	0	0	0	65	0	0	0	1099	32	0	0	0	0	4301	0	0	0	20	0	0	21	0	0	76	0	0	0	0	0	0	0	0	15	0	0	0	0	0	14	0	0	2080	0	0	0	0	0	0	1368	0	0	1297	0	4	0	0	0	0	0	0	0	0	742	0	0	0	0	0	696	13	0
EHA02084_bin.25	0	408	0	1	36	0	0	0	0	0	33	0	0	119	80	0	0	0	6	0	73	4	1	2	0	0	83	1368	82	0	10	0	0	0	0	0	0	0	1024	0	0	0	0	0	0	7	77	36	0	0	0	29	0	0	0	0	0	0	0	0	0	0	0	236	0	0	0	244	47	0	64	0	0	24321	0	0	0	96	0	2	27	1	0	113	34	0	0	92	0	0	0	0	162	0	0	0	0	0	65	0	0	296	0	0	2	0	0	0	3477	0	101	138	0	0	0	0	0	0	0	0	0	0	84	0	0	0	9	0	189	32	0
EHA02084_bin.2	0	41	0	0	25	0	0	0	0	0	0	0	0	4	13	0	0	0	0	0	1	0	0	0	0	0	1	71	27	0	2	0	0	0	0	0	0	0	31	0	0	0	0	1	0	0	23	5	0	0	0	9	0	0	0	0	0	0	0	0	0	0	0	2	0	0	0	0	0	0	4	0	0	199913	0	0	0	10	0	0	0	0	2	31	67	1	0	0	0	0	0	0	14	0	0	0	0	0	2	0	0	8	0	0	0	0	0	0	77	0	0	26	0	0	0	0	0	0	0	0	0	0	54	1	0	0	2	0	10	9	0
EHA02084_bin.3	0	0	0	0	0	0	0	0	0	0	0	0	0	0	0	0	0	0	0	0	0	0	1	0	0	0	0	20	0	0	0	0	0	0	0	0	0	0	1	0	0	0	0	0	0	0	19	0	0	0	0	0	0	0	0	0	0	0	0	0	0	2	0	0	0	0	0	10	0	0	2	0	0	86	0	0	0	0	0	0	0	0	0	0	0	0	0	0	0	0	0	0	0	0	0	0	0	0	0	0	0	53	0	0	0	0	0	0	27	0	0	17	0	0	0	0	0	0	0	0	0	0	30	0	0	0	0	0	18	0	0
EHA02084_bin.5	0	0	0	0	0	0	0	0	0	0	0	0	0	0	0	0	0	0	0	0	0	0	0	0	0	0	0	43	0	0	0	0	0	0	0	0	0	0	141	0	0	0	0	0	0	0	10	0	0	0	0	0	0	0	0	0	0	0	0	0	0	0	0	0	0	0	0	104	0	0	0	0	0	281	0	0	0	0	0	0	0	0	0	0	0	0	0	0	0	0	0	0	0	0	0	0	0	0	0	0	0	33	0	0	0	0	0	0	190	0	0	57	0	0	0	0	0	0	0	0	0	0	31	0	0	0	0	0	49	0	0
EHA02084_bin.6	0	0	0	0	0	0	0	0	0	0	1	0	0	0	0	0	0	0	0	0	0	0	0	0	0	0	0	609	0	0	0	0	0	0	0	0	0	0	3807	0	0	0	0	0	0	0	1868	0	0	0	0	0	0	0	0	0	0	0	0	0	0	0	0	0	0	0	0	4145	0	0	0	0	0	3757	0	0	0	0	0	0	0	0	0	0	0	0	0	0	0	0	0	0	0	0	0	0	0	0	0	0	0	1814	0	0	0	0	0	0	4657	0	0	452	0	0	0	0	0	0	0	0	0	0	675	0	0	0	0	0	4574	0	0
EHA02084_bin.7	0	0	0	0	2	0	0	0	0	0	0	0	0	1	21	0	0	0	0	0	6	0	0	0	0	0	6	629	0	0	0	0	0	0	0	0	0	0	372	0	0	0	0	0	0	0	569	8	0	0	0	25	0	0	0	0	0	0	0	0	0	0	0	5	0	0	2	1825	0	0	1	0	0	1566	0	0	0	50	0	0	0	0	0	2	0	0	0	0	0	0	0	0	16	0	0	0	0	0	57	0	0	1309	0	0	0	0	0	0	1137	0	2	366	0	0	0	0	0	0	0	0	0	0	701	0	0	0	0	0	762	0	0
EHA02085_bin.12	0	0	0	0	0	0	0	0	0	0	0	0	2	0	4	0	0	0	0	0	0	0	0	0	0	0	2	22436	0	0	0	0	0	0	0	0	0	0	51153	0	0	0	0	0	0	0	35007	0	0	0	0	0	0	0	0	0	0	0	0	0	0	0	0	5	0	0	0	67067	4	0	2	0	0	20703	0	0	0	0	0	0	3	0	0	1	0	0	0	0	0	0	0	0	0	0	0	0	0	0	4	0	0	36540	0	0	0	0	0	0	174802	0	0	15393	0	0	0	0	0	0	0	0	0	0	31610	0	0	0	0	0	63162	8	0
EHA02085_bin.13	0	1	0	0	2	0	0	0	0	0	0	0	0	1	0	0	0	0	0	0	0	0	0	0	0	0	1	6165	0	0	0	0	0	0	0	0	0	0	22937	0	0	0	0	0	0	0	1548	0	0	0	0	0	0	0	0	0	0	0	0	0	0	0	0	0	0	0	0	3886	0	0	0	0	0	2581	0	0	0	0	0	0	0	0	0	0	0	0	0	0	0	0	0	0	0	0	0	0	0	0	0	0	0	3078	0	0	0	0	0	0	43484	0	0	1937	0	0	0	0	0	0	0	0	0	0	11815	0	0	0	0	0	6255	0	0
EHA02085_bin.14	0	1	0	0	0	0	0	0	0	0	0	0	0	4	17	0	0	0	0	0	0	0	1	0	0	0	3	8574	0	0	0	0	0	0	0	0	0	0	11286	0	0	0	0	0	0	0	9529	1	0	0	0	0	0	0	0	0	0	0	0	0	0	0	0	9	0	0	0	3789	0	0	0	0	0	3432	0	0	0	0	0	0	0	0	0	0	0	0	0	0	0	0	0	0	0	0	0	0	0	0	6	0	0	26220	0	0	0	0	0	0	30858	0	0	10299	0	0	0	0	0	0	0	0	0	0	6335	0	0	0	0	0	8452	8	0
EHA02085_bin.16	0	12	0	0	0	0	0	0	0	0	0	0	0	2	1	0	0	0	0	0	0	0	4	0	0	0	0	5157	0	0	0	0	0	0	0	0	0	0	10258	0	0	0	0	0	0	0	5619	0	0	0	0	0	0	0	0	0	0	0	0	0	0	0	0	0	0	0	0	11910	0	0	0	0	0	3949	0	0	0	15	0	0	1	0	0	30	0	0	0	0	0	0	0	0	0	0	0	0	0	0	2	0	0	20193	0	0	0	0	0	0	21073	0	0	4679	0	0	0	0	0	0	0	0	0	0	5384	0	0	0	0	0	11354	20	0
EHA02085_bin.17	0	0	0	0	0	0	0	0	0	0	0	0	0	0	0	0	0	0	0	0	0	0	0	0	0	0	0	6200	0	0	0	0	0	0	0	0	0	0	15127	0	0	0	0	0	0	0	10057	2	0	0	0	0	0	0	0	0	0	0	0	0	0	0	0	1	0	0	0	19639	0	0	0	0	0	17030	0	0	0	0	0	0	0	0	0	0	0	0	0	0	0	0	0	0	0	0	0	0	0	0	0	0	0	16267	0	0	0	0	0	0	19651	0	0	10399	0	0	0	0	0	0	0	0	0	0	12131	0	0	0	0	0	5806	4	0
EHA02085_bin.5	0	0	0	0	0	0	0	0	0	0	0	0	0	0	19	0	0	0	0	0	0	0	0	0	0	0	5	26291	0	0	4	0	0	0	0	0	0	0	1006	0	0	0	0	0	0	0	1326	0	0	0	0	0	0	0	0	0	0	0	0	0	0	0	0	0	0	0	0	1892	0	0	0	0	0	5086	0	0	0	2	0	0	0	0	0	0	0	0	0	0	0	0	0	0	1	0	0	0	0	0	0	0	0	3416	0	0	0	0	0	0	41661	0	0	2228	0	0	0	0	0	0	0	0	0	0	1712	2	0	0	0	0	29462	2	0
EHA02085_bin.6	0	84	7	5	388	2	0	0	0	0	2	0	3	951	2015	0	3	174	18	2	21	6	27	27	0	1	575	4298	32	0	40	0	0	4	0	0	0	0	9783	6	0	0	0	0	59	2	4846	58	0	0	2	71	5	0	0	0	2	0	0	6	2	27	0	1074	0	2	24	54336	504	0	46	0	0	4963	32	3	0	1272	2	0	283	0	3	1752	45	0	0	10	0	0	0	0	661	0	0	0	0	0	1436	0	0	4811	0	11	0	0	16	8	7349	0	35	3911	0	3	0	0	0	0	0	0	6	0	10409	14	2	0	51	0	5379	269	0
EHA02085_bin.7	0	0	0	0	0	0	0	0	0	0	0	0	0	0	0	0	0	0	0	0	0	0	0	0	0	0	0	8272	0	0	0	0	0	0	0	0	0	0	300678	0	0	0	0	0	0	0	41745	0	0	0	0	0	2	0	0	0	0	0	0	0	0	0	0	2	0	0	0	1822	0	0	0	0	0	2403	0	2	0	0	0	0	0	0	0	0	0	0	0	0	0	0	0	0	0	0	0	0	0	0	2	0	0	2030	0	0	0	0	0	0	1153281	0	0	17020	0	1	0	0	0	0	0	0	1	0	2452	0	0	0	0	0	1915	0	0
EHA02085_bin.9	0	2	0	0	0	0	0	0	0	0	0	0	0	4	2	0	0	0	0	0	0	0	0	0	0	0	0	1497	0	0	1	0	0	0	0	0	0	0	14795	0	0	0	0	0	0	0	4453	2	0	0	0	4	0	0	0	0	0	0	0	0	0	0	0	2	0	0	0	4509	2	0	0	0	0	1451	0	0	0	0	0	0	0	0	0	0	0	0	0	0	0	0	0	0	4	0	0	0	0	0	0	0	0	4429	0	0	0	0	0	0	13578	0	0	4283	0	0	0	0	0	0	0	0	0	0	3276	0	0	0	0	0	2951	4	0
EHA02086_bin.12	0	0	2	0	32	0	0	0	0	0	0	0	22	1	4	0	0	0	0	0	0	0	0	0	0	0	0	629	0	0	0	0	0	0	0	0	0	0	1693	0	0	0	0	0	0	0	709	0	0	0	0	0	0	0	0	0	0	0	0	0	0	0	0	7	0	0	0	1705	2	0	0	0	0	4179	0	0	0	0	0	0	1	0	0	7	0	0	0	0	0	0	0	0	1	0	0	0	0	0	12	0	0	822	0	0	0	0	0	0	2911	0	0	271	0	0	0	0	0	0	0	0	2	0	436	0	0	0	0	0	671	10	0
EHA02086_bin.13	0	1	0	0	0	0	0	0	0	0	0	0	0	0	0	0	0	0	0	0	0	0	0	0	0	0	0	1304	0	0	0	0	0	0	0	0	0	0	338	0	0	0	0	0	0	0	229	8	0	0	0	6	0	0	0	0	0	0	0	0	0	0	0	3	0	0	0	253	0	0	0	0	0	3997	0	0	0	108	0	0	0	0	0	111	0	0	0	0	0	0	0	0	6	0	0	0	0	0	5	0	0	269	0	0	0	0	0	0	1235	0	0	409	0	0	0	0	0	0	0	0	0	0	437	0	0	0	0	0	312	0	0
EHA02086_bin.14	0	0	0	1	2	0	0	0	0	0	0	0	0	0	0	0	0	2	0	0	0	0	2	2	0	0	0	243	0	0	0	0	0	0	0	0	0	0	120	0	0	0	0	0	0	0	102	4	0	0	0	0	0	0	0	0	0	0	0	0	0	0	0	0	0	0	4	239	2	0	0	0	0	276	0	0	0	0	0	0	2	0	0	9	0	0	0	0	0	0	0	0	1	0	0	0	0	0	2	0	0	361	0	0	0	0	0	0	350	0	1	554	0	0	0	0	0	0	0	0	0	0	196	0	0	0	0	0	830	0	0
EHA02086_bin.15	0	4	0	0	0	0	0	0	0	0	0	0	0	0	5	0	0	0	0	0	0	0	0	0	0	0	0	1973	0	0	2	0	0	0	0	0	0	0	1576	0	0	0	0	0	0	0	11130	0	0	0	0	0	0	0	0	0	0	0	0	0	0	0	0	1	0	0	0	17533	0	0	0	0	0	5305	0	0	0	0	0	0	0	0	0	2	0	0	0	0	0	0	0	0	0	0	0	0	0	0	0	0	0	3131	0	0	0	0	0	0	14004	0	0	4733	0	0	0	0	0	0	0	0	0	0	3945	0	0	0	0	0	5846	5	0
EHA02086_bin.16	0	4	0	0	0	0	0	0	0	0	0	0	0	1	10	0	0	0	0	0	0	0	0	0	0	0	1	2244	0	0	2	0	0	0	0	0	0	0	620	0	0	0	0	0	0	0	2079	2	0	0	0	2	0	0	0	0	0	0	0	0	0	0	0	37	0	0	0	2253	0	0	3	0	0	11223	0	0	0	0	0	0	5	0	0	1	0	0	0	0	0	0	0	0	2	0	0	0	0	0	7	0	0	3099	0	0	0	0	0	0	3239	0	0	2462	0	1	0	0	0	0	0	0	0	0	2477	0	0	0	0	0	1609	36	0
EHA02086_bin.1	2	6	0	0	6	0	0	0	0	0	0	0	0	53	65	0	0	327	2	0	0	0	29	0	0	1	40	1438	0	0	5	0	0	2	0	0	0	0	990	0	0	0	0	0	116	0	1020	15	0	0	0	2	0	0	0	0	0	0	0	0	0	2	0	98	0	0	0	1837	23	0	1	0	0	18350	0	1	0	13	0	0	3	2	0	23	1	1	0	1	0	0	0	0	53	0	0	0	0	0	19	0	0	2165	0	20	0	0	1	7	4228	0	0	1247	0	0	0	0	0	0	0	0	0	0	1331	8	0	2	2	0	1053	24	0
EHA02086_bin.2	0	0	0	0	0	0	0	0	0	0	0	0	1	0	0	0	0	0	0	0	0	0	0	0	0	0	0	2030	0	0	0	0	0	0	0	0	0	0	892	0	0	0	0	0	0	0	952	0	0	0	0	0	0	0	0	0	0	0	0	0	0	0	0	3	0	0	0	11504	0	0	0	0	0	1062	0	0	0	0	0	0	0	0	0	0	0	0	0	0	0	0	0	0	0	0	0	0	0	0	0	0	0	4605	0	0	0	0	0	0	1458	0	0	379	0	0	0	0	0	0	0	0	0	0	2583	0	0	0	0	0	8595	0	0
EHA02086_bin.4	0	0	0	0	0	0	0	0	0	0	0	0	0	0	0	0	0	0	0	0	0	0	0	0	0	0	0	260	0	0	0	0	0	0	0	0	0	0	754	0	0	0	0	0	0	0	50	0	0	0	0	0	0	0	0	0	0	0	0	0	0	0	0	0	0	0	0	343	0	0	0	0	0	346	0	0	0	0	0	0	0	0	0	0	0	0	0	0	0	0	0	0	0	0	0	0	0	0	0	0	0	471	0	0	0	0	0	0	909	0	0	126	0	0	0	0	0	0	0	0	0	0	248	0	0	0	0	0	379	4	0
EHA02087_bin.12	0	15	0	0	0	0	0	0	0	0	0	0	1	6	41	0	0	2	2	0	0	0	8	0	0	0	8	25231	0	0	0	0	0	0	0	0	0	0	3274	0	0	0	0	0	0	0	62359	7	0	0	2	2	0	0	0	0	0	0	0	0	0	1	0	25	0	0	0	13865	2	0	0	0	0	27640	0	0	0	38	0	0	15	0	0	5	0	0	0	0	0	0	0	0	17	0	0	0	0	0	6	0	0	18579	0	0	0	0	0	0	13350	0	1	126073	0	0	0	0	0	0	0	0	0	0	26129	0	2	0	4	0	21441	25	0
EHA02087_bin.13	0	1	0	0	1	0	0	0	0	0	0	0	3	8	18	0	0	0	0	0	0	0	1	0	0	0	13	6059	0	0	0	0	0	0	0	0	0	0	1722	0	0	0	0	0	0	0	10750	0	0	0	0	4	0	0	0	0	0	0	0	0	0	0	0	28	0	0	0	6551	3	0	0	0	0	68160	0	0	0	1	0	0	2	0	0	7	0	0	0	0	0	0	0	0	6	0	0	0	0	0	13	0	0	4619	0	0	0	0	0	0	2771	0	0	6632	0	0	0	0	0	0	0	0	0	0	49632	0	0	0	0	0	23109	23	0
EHA02087_bin.14	0	0	0	0	0	0	0	0	0	0	0	0	0	0	0	0	0	0	0	0	0	0	0	0	0	0	0	2373	0	0	0	0	0	0	0	0	0	0	154	0	0	0	0	0	0	0	2371	0	0	0	0	0	0	0	0	0	0	0	0	0	0	0	0	0	0	0	0	2215	0	0	0	0	0	47569	0	0	0	0	0	0	0	0	0	0	0	0	0	0	0	0	0	0	0	0	0	0	0	0	0	0	0	5955	0	0	0	0	0	0	605	0	0	5781	0	0	0	0	0	0	0	0	0	0	1674	0	0	0	0	0	1357	0	0
EHA02087_bin.15	0	0	0	0	4	0	0	0	0	0	0	0	0	0	0	0	0	0	0	0	0	0	0	0	0	0	0	46702	0	0	2	0	0	0	0	0	0	0	13132	0	0	0	0	0	0	0	42670	0	0	0	0	0	0	0	0	0	0	0	0	0	0	0	0	0	0	0	0	75063	0	0	0	0	0	83368	0	0	0	1	0	0	0	0	0	8	0	0	0	0	0	0	0	0	0	0	0	0	0	0	0	0	0	46033	0	0	0	0	0	0	39414	0	0	35234	0	0	0	0	0	0	0	0	0	0	62916	0	0	0	0	0	65979	4	0
EHA02087_bin.16	0	4	0	0	0	0	0	0	0	0	0	0	1	1	27	0	0	0	0	0	0	0	1	0	0	0	12	3885	0	0	0	0	0	0	0	0	0	0	182	0	0	0	0	0	0	0	4294	5	0	0	0	2	0	0	0	0	0	0	0	0	0	0	0	13	0	0	0	7486	0	0	0	0	0	58960	0	0	0	0	0	0	5	0	0	0	0	0	0	0	0	0	0	0	6	0	0	0	0	0	3	0	0	7509	0	0	0	0	0	0	4296	0	0	10173	0	0	0	0	0	0	0	0	0	0	6400	0	0	0	0	0	11856	27	0
EHA02087_bin.17	0	16	0	2	0	0	0	0	0	0	0	0	0	2	36	0	0	0	0	0	1	0	3	0	0	0	17	8045	0	0	0	0	0	0	0	0	0	0	421	0	0	0	0	0	0	0	3437	12	0	0	0	4	0	0	0	0	0	0	1	0	0	0	0	62	0	0	0	5524	4	0	0	0	0	44023	0	0	0	0	0	0	5	0	0	11	0	0	0	0	0	0	0	0	15	0	0	0	0	0	7	0	0	5615	0	0	0	0	0	0	3731	0	0	8871	0	0	0	0	0	0	0	0	0	0	17719	1	0	0	0	0	7418	45	0
EHA02087_bin.2	3	25	0	13	0	0	0	0	0	0	0	0	0	1272	26270	0	3	19	0	0	3	0	18	0	0	3	5595	3565	55	0	45	0	0	41	0	0	0	0	1086	0	0	0	0	2	5	0	1882	23	0	0	0	6	0	0	0	0	0	0	0	0	0	0	0	10	0	0	2	1404	2177	0	1	0	0	2475815	0	1	0	702	0	0	6426	16	0	1791	0	0	0	1	0	0	0	0	7584	0	0	0	0	0	2650	0	0	1923	0	0	0	0	0	7	6496	0	2	3167	0	12	0	0	0	0	0	0	0	0	6197	2	0	0	7	0	1297	333	0
EHA02087_bin.3	0	2	0	0	0	0	0	0	0	0	0	0	0	0	5	0	0	0	0	0	0	0	0	0	0	0	0	2903	11	0	2	0	0	0	0	0	0	0	310	0	0	0	0	0	0	0	3620	0	0	0	0	0	0	0	0	0	0	0	0	0	0	0	0	3	0	0	0	2644	1	0	0	0	0	13246	0	0	0	2	0	0	2	0	0	0	0	0	0	0	0	0	0	0	4	0	0	0	0	0	0	0	0	12077	0	0	0	0	0	0	5383	0	0	2253	0	0	0	0	0	0	0	0	0	0	5507	0	0	0	0	0	13214	0	0
EHA02087_bin.4	0	1	0	4	0	0	0	0	0	0	0	0	0	1	32	0	0	0	0	0	0	0	0	0	0	0	5	37002	0	0	9	0	0	0	0	0	0	0	3305	0	0	0	0	0	0	0	10384	0	0	0	0	0	0	0	0	0	0	0	0	0	0	0	0	23	0	0	0	3153	5	0	0	0	0	55195	0	0	0	0	0	0	3	0	0	25	0	0	0	0	0	0	0	0	11	0	0	0	0	0	6	0	0	1821	0	0	0	0	0	0	3527	0	0	16828	0	2	0	0	0	0	0	0	0	0	55878	0	0	2	0	0	3250	14	0
EHA02087_bin.6	0	0	0	0	2	0	0	0	0	0	0	0	10	1	0	0	3	14	0	0	7	0	24	0	0	0	0	6190	0	0	0	0	0	0	0	0	0	0	3128	0	0	0	0	0	7	0	2183	0	0	0	0	2	0	0	0	0	0	0	38	0	0	11	0	0	0	0	0	4553	0	0	6	0	0	7652	0	0	0	0	0	0	0	0	0	0	0	1	0	0	0	0	0	0	2	0	0	0	0	0	1	0	0	36041	0	8	0	0	0	8	6332	0	0	2176	0	0	0	0	0	0	0	0	0	0	8388	26	0	0	0	0	4021	0	0
EHA02087_bin.8	0	21	0	0	29	0	0	0	0	0	0	0	0	69	304	0	0	42	0	0	2	0	19	0	0	0	65	2666	2	0	2	0	0	0	0	0	0	0	918	0	0	0	0	2	12	0	2238	23	0	0	0	21	0	0	0	0	0	0	15	0	2	3	0	118	0	0	2	1314	51	0	13	0	0	5552206	0	0	0	129	0	0	24	0	0	69	5	2	0	4	0	0	0	0	515	0	0	0	0	0	134	0	0	1538	0	0	0	0	0	6	6586	0	3	2344	0	0	0	0	0	0	0	0	0	0	2074	10	0	0	1	0	1456	27	0
EHA02087_bin.9	0	33	0	2	27	0	0	0	0	0	23	0	0	108	181	0	4	0	0	0	195	4	11	0	0	0	28	12	14	0	2	0	0	0	0	0	0	0	7	0	0	0	0	0	0	2	60	15	0	0	0	4	0	0	0	0	0	0	5	1	0	0	2	38	0	0	0	124	58	0	99	0	0	131731	0	0	0	210	0	0	11	1	0	54	41	0	0	45	0	0	0	0	128	0	0	4	0	0	133	0	0	54	0	0	0	0	0	0	16	0	31	39	0	0	0	0	0	0	0	0	0	0	23	2	0	0	0	0	53	12	0
EHA02088_bin.11	0	0	0	0	7	0	0	0	0	0	0	0	0	70	26	0	0	0	0	0	0	0	2	0	0	0	8	74	2	0	0	0	0	0	0	0	0	0	146	0	0	0	0	0	0	1	82	7	0	0	0	5	0	0	0	0	0	0	2	0	0	1	0	124	0	0	0	197	5	0	0	0	0	41	0	0	0	7	0	0	1	0	0	40	0	1	0	1	0	0	1	0	15	0	0	0	0	0	36	0	0	606	0	0	0	0	0	1	99	0	0	185	0	0	0	0	0	0	0	0	0	0	141	0	0	0	2	0	53	6	0
EHA02088_bin.12	0	0	0	0	2	0	0	0	0	0	0	0	0	0	2	0	0	0	0	0	0	0	0	0	0	0	1	20158	0	0	0	0	0	0	0	0	0	0	2486	0	0	0	0	0	0	0	20439	0	0	0	0	0	0	0	0	0	0	0	0	0	0	4	0	0	0	0	0	17605	0	0	0	0	0	8419	0	0	0	0	0	0	0	0	0	0	0	0	0	0	0	0	0	0	0	0	0	0	0	0	0	0	0	9378	0	0	0	0	0	0	26945	0	0	8819	0	0	0	0	0	0	0	0	0	0	7631	0	0	2	0	0	4247	0	0
EHA02088_bin.13	0	0	0	0	0	0	0	0	0	0	0	0	0	1	7	0	0	7	0	0	0	0	4	0	0	0	0	2552	0	0	0	0	0	0	0	0	0	0	2197	0	0	0	0	0	3	0	9492	0	0	0	0	2	0	0	0	0	0	0	0	0	0	1	0	2	0	0	0	4221	0	0	0	0	0	2574	0	0	0	6	0	0	0	0	0	5	0	0	0	0	0	0	0	0	4	0	0	0	0	0	4	0	0	3307	0	0	0	0	0	0	5365	0	0	7072	0	0	0	0	0	0	0	0	0	0	10280	0	0	0	0	0	4261	2	0
EHA02088_bin.15	0	2	0	0	0	0	0	0	0	0	0	0	1	10	4	0	0	2	0	0	2	0	14	0	0	0	2	3009	0	0	8	0	0	8	0	0	0	0	4988	0	0	0	0	0	0	0	7853	3	0	0	0	0	0	0	0	0	0	0	0	0	0	2	0	12	0	0	0	11525	0	0	0	0	0	826	0	0	0	0	0	0	2	0	0	0	1	0	0	1	2	0	0	0	1	0	0	0	0	0	1	0	0	6878	0	0	0	0	0	0	11783	0	1	1294	0	2	0	0	0	0	0	0	0	0	3517	0	0	2	4	0	5902	23	0
EHA02088_bin.16	0	0	0	0	0	0	0	0	0	0	0	0	0	0	0	0	0	0	0	0	0	0	0	0	0	0	0	1408	0	0	0	0	0	0	0	0	0	0	1921	0	0	0	0	0	0	0	807	0	0	0	0	0	0	0	0	0	0	0	0	0	0	0	0	0	0	0	0	10029	0	0	0	0	0	19301	0	0	0	0	0	0	0	0	0	0	0	0	0	0	0	0	0	0	0	0	0	0	0	0	0	0	0	24067	0	0	0	0	0	0	1406	0	0	715	0	0	0	0	0	0	0	0	1	0	1391	0	0	0	0	0	5463	0	0
EHA02088_bin.17	0	0	0	0	0	0	0	0	0	0	0	0	0	1	3	0	0	0	0	0	0	0	1	2	0	0	0	2236	2	0	0	0	0	0	0	0	0	0	2510	0	0	0	0	0	0	0	79855	2	0	0	0	2	0	0	0	0	0	0	0	0	0	0	0	1	0	0	0	11280	0	0	0	0	0	2831	2	0	0	0	0	0	2	0	0	0	0	0	0	0	0	0	0	0	1	0	0	0	0	0	2	0	0	5187	0	0	0	0	0	0	809730	0	0	11142	0	0	0	0	0	0	0	0	0	0	17302	0	0	0	0	0	7879	3	0
EHA02088_bin.19	0	0	0	0	1	0	0	0	0	0	0	0	0	4	3	0	0	0	0	0	0	0	0	0	0	0	0	2666	0	0	0	0	0	0	0	0	0	0	3245	0	0	0	0	0	0	0	59481	0	0	0	0	0	0	0	0	0	0	0	0	0	0	0	0	1	0	0	0	18634	0	0	2	0	0	3579	0	0	0	2	0	0	0	0	0	5	0	0	0	0	0	0	0	0	0	0	0	0	0	0	2	0	0	5597	0	0	0	0	1	0	16759	0	0	3160	0	0	0	0	0	0	0	0	0	0	3619	0	0	0	0	0	3026	18	0
EHA02088_bin.20	0	0	0	0	0	0	0	0	0	0	0	0	0	0	0	0	0	0	0	0	0	0	3	0	0	0	0	8240	0	0	0	0	0	0	0	0	0	0	5108	0	0	0	0	0	0	0	6776	2	0	0	0	0	0	0	0	0	0	0	0	0	0	0	0	0	0	0	0	9103	0	0	0	0	0	1587	0	0	0	0	0	0	0	0	0	0	0	0	0	0	0	0	0	0	0	0	0	0	0	0	0	0	0	65146	0	0	0	0	0	0	98368	0	0	10745	0	0	0	0	0	0	0	0	0	0	5979	0	0	0	0	0	74291	0	0
EHA02088_bin.21	0	13	0	0	1	0	0	0	0	0	0	0	0	6	11	0	0	0	0	0	0	0	0	0	0	0	3	3706	0	0	0	0	0	0	0	0	0	0	7982	0	0	0	0	0	0	0	7408	0	0	0	0	0	0	0	0	0	0	0	0	0	0	0	0	0	0	0	0	30361	1	0	0	0	0	8361	0	0	0	0	0	0	2	0	0	4	0	0	0	0	0	0	0	0	3	0	0	0	0	0	0	0	0	9840	0	0	0	0	0	0	15321	0	0	3471	0	0	0	0	0	0	0	0	0	0	1374	0	0	0	0	0	4003	7	0
EHA02088_bin.22	0	0	0	0	61	0	0	0	0	0	0	0	0	2	10	0	0	0	0	0	0	0	0	0	0	0	0	5360	0	0	0	0	0	0	0	0	0	0	30031	4	0	0	0	0	0	0	2450	0	0	0	0	0	0	0	0	0	0	0	0	0	0	0	0	0	0	0	0	6948	0	0	0	0	0	1773	0	0	0	0	0	0	0	0	0	0	0	0	0	0	0	0	0	0	0	0	0	0	0	0	0	0	0	12624	0	0	0	0	0	0	416054	0	0	6156	0	1	0	0	0	0	0	0	0	0	2266	0	0	0	0	0	6075	0	0
EHA02088_bin.24	0	4	0	0	0	0	0	0	0	0	0	0	0	0	26	0	0	0	0	0	0	0	1	0	0	0	13	24299	0	0	1	0	0	0	0	0	0	0	10300	0	0	0	0	0	0	0	25771	3	0	0	0	1	0	0	0	0	0	0	0	0	0	0	0	19	0	0	0	7751	3	0	0	0	0	16446	0	0	0	0	0	0	0	0	0	0	0	0	0	0	0	0	0	0	9	0	0	0	0	0	0	0	0	24021	0	0	0	0	0	0	41287	0	0	43330	0	0	0	0	0	0	0	0	0	0	29841	0	0	0	0	0	11563	15	0
EHA02088_bin.2	0	2	0	0	0	0	0	0	0	0	0	0	0	1	0	0	0	0	0	0	0	9	0	0	0	0	0	1264	0	0	0	0	0	0	0	0	0	0	27806	0	0	0	0	0	0	0	1780	0	0	0	0	2	0	0	0	0	0	0	0	0	0	0	0	1	0	0	0	4580	0	0	0	0	0	3362	0	0	0	1	0	0	0	0	0	0	0	0	0	1	0	0	0	0	0	0	0	0	0	0	0	0	0	3216	0	0	4	0	0	0	25520	0	0	1523	0	0	0	0	0	0	0	0	0	18	1217	0	0	0	0	0	2284	0	0
EHA02088_bin.3	0	279	6	3	417	0	0	0	0	0	57	0	0	1617	5634	0	0	578	2	0	332	6	221	3	0	0	1745	14789	380	0	11	0	0	0	0	0	0	0	15066	0	0	0	0	1	171	4	19158	76	0	0	2	29	0	0	0	0	0	0	19	0	0	36	0	553	0	0	6	15611	1977	0	122	0	0	6396	1	0	0	3805	0	0	1467	2	0	845	57	0	0	46	0	0	0	0	3478	0	0	4	0	0	2180	0	0	17138	0	0	0	0	0	14	48442	0	43	12779	0	1	0	2	0	0	0	0	1	0	18210	47	2	2	12	0	8647	139	0
EHA02088_bin.5	0	0	0	0	0	0	0	0	0	0	0	0	0	8	0	0	0	0	0	0	0	0	0	0	0	0	2	3755	0	0	0	0	0	0	0	0	0	0	5468	0	0	0	0	0	0	0	2405	0	0	0	0	1	0	0	0	0	0	0	0	0	0	0	0	1	0	0	0	4363	0	0	0	0	0	2329	0	0	0	8	0	0	1	0	0	0	0	0	0	0	0	0	0	0	1	0	0	0	0	0	0	0	0	10927	0	0	0	0	0	0	9288	0	0	2802	0	1	0	17	0	0	0	0	0	0	3133	0	0	0	0	0	2421	3	0
EHA02088_bin.7	0	15	0	0	19	0	0	0	0	0	1	0	0	6	10	0	0	0	0	0	0	0	1	0	0	0	21	45	2	0	0	0	0	0	0	0	0	0	60	0	0	0	0	0	0	0	193	2	0	0	0	4	0	0	0	0	0	0	0	0	0	0	0	10	0	0	0	78	4	0	0	0	0	168	0	0	0	35	0	0	3	0	0	99	4	0	0	0	0	0	0	0	8	0	0	0	0	0	1	0	0	376	0	0	0	0	0	0	1865	0	0	127	0	0	0	0	0	0	0	0	0	0	87	0	0	0	0	0	164	0	0
EHA02088_bin.9	0	2	13	2	0	0	0	0	0	0	14	0	0	776	6761	0	0	0	0	0	31	14	55	1	0	8	2312	6207	0	0	1	0	0	0	0	0	0	0	11945	0	0	0	0	0	0	8	16417	0	0	0	0	1	2	0	0	0	0	0	57	0	0	29	0	1159	0	0	2	4574	1964	0	82	0	0	2377	0	0	0	1916	0	0	2377	0	0	894	112	1	0	116	0	0	0	0	2251	0	0	0	0	0	1135	0	0	8220	0	3	2	0	0	16	30171	0	131	18558	0	0	0	0	0	0	0	0	1	0	9941	22	0	0	47	0	5851	277	0
EHA02089_bin.10	0	5	0	0	0	0	0	0	0	0	0	0	0	4	8	0	0	0	0	0	0	0	1	0	0	0	6	18901	0	0	0	0	0	0	0	0	0	0	482	0	0	0	0	0	0	0	596	53	0	0	4	23	0	0	0	0	0	0	0	0	0	1	0	25	0	0	0	743	4	0	1	0	0	50300	0	0	0	2	0	0	1	2	0	7	0	0	0	0	0	0	0	0	8	0	0	0	0	0	1	0	0	468	0	0	0	0	0	0	1265	0	0	7526	0	0	0	0	0	0	0	0	0	0	13437	0	0	0	0	0	3257	8	0
EHA02089_bin.11	0	0	0	0	0	0	0	0	0	0	0	0	0	0	0	0	0	0	0	0	0	0	0	0	0	0	0	817	0	0	0	0	0	0	0	0	0	0	58	0	0	0	0	0	0	0	96	0	0	0	0	0	0	0	0	0	0	0	0	0	0	0	0	0	0	0	0	4429	0	0	0	0	0	1453	0	0	0	0	0	0	0	0	0	0	0	0	0	0	0	0	0	0	0	0	0	0	0	0	0	0	0	519	0	0	0	0	0	0	103	0	0	1666	0	0	0	0	0	0	0	0	0	0	3476	0	0	0	0	0	10147	0	0
EHA02089_bin.13	0	15	0	0	2	0	0	0	0	0	0	0	0	3	24	0	0	0	0	0	0	0	0	0	0	0	3	20801	0	0	2	0	0	0	0	0	0	0	3153	0	0	0	0	0	0	0	18678	12	0	0	0	3	0	0	0	0	0	0	0	0	0	0	0	7	0	0	0	16826	0	0	2	0	0	108387	0	0	0	2	0	0	0	0	0	2	0	0	0	0	0	0	0	0	4	0	0	0	0	0	9	0	0	12433	0	0	0	0	0	0	8817	0	0	12358	0	0	0	0	0	0	0	0	0	0	108630	0	0	0	0	0	28656	18	0
EHA02089_bin.14	0	0	0	8	0	0	0	0	0	0	0	0	0	1	16	0	0	0	0	0	0	0	0	0	0	0	4	28642	0	0	0	0	0	0	0	0	0	0	262	0	0	0	0	0	0	0	4475	0	0	0	0	2	0	0	0	0	0	0	0	0	0	0	0	4	0	0	0	605	2	0	0	0	0	49033	0	0	0	0	0	0	4	0	0	1	0	0	0	0	0	0	0	0	8	0	0	0	0	0	4	0	0	364	0	0	0	0	0	0	238	0	0	10370	0	0	0	0	0	0	0	0	0	0	41289	0	0	0	0	0	1003	11	0
EHA02089_bin.15	1	0	0	0	0	0	0	0	0	0	0	0	0	11	39	0	0	5	0	0	0	0	4	0	0	0	17	10250	5	0	9	0	0	1	0	0	0	0	2713	0	0	0	0	0	4	0	3361	6	0	0	2	1	0	0	0	0	0	0	1	0	0	6	0	21	0	0	0	5231	2	0	3	0	0	9229	0	0	0	14	0	0	12	0	0	5	1	0	0	1	0	0	0	0	8	0	0	0	0	0	3	0	0	5737	0	0	0	0	0	3	2332	0	1	3409	0	0	0	0	0	0	0	0	0	0	8137	1	0	0	0	0	34926	11	0
EHA02089_bin.16	0	0	0	0	0	0	0	0	0	0	0	0	0	0	0	0	0	0	0	0	0	0	0	0	0	0	0	1408	0	0	0	0	0	0	0	0	0	0	565	0	0	0	0	0	0	0	794	0	0	0	0	0	0	0	0	0	0	0	0	0	0	0	0	0	0	0	0	559	0	0	0	0	0	54318	0	0	0	0	0	0	0	0	0	0	0	0	0	0	0	0	0	0	0	0	0	0	0	0	0	0	0	1755	0	0	0	0	0	0	272	0	0	353	0	0	0	0	0	0	0	0	0	0	1470	0	0	0	0	0	1018	0	0
EHA02089_bin.18	0	0	0	0	0	0	0	0	0	0	0	0	0	0	0	0	0	0	0	0	8	0	0	0	0	0	0	382	0	0	0	0	0	0	0	0	0	0	281	0	0	0	0	0	0	6	152	20	0	0	0	0	0	0	0	0	0	0	0	0	0	0	0	1	0	0	0	228	2	0	0	0	0	461	0	0	0	0	0	0	2	0	0	0	0	0	0	9	0	0	0	0	0	0	0	0	0	0	19	0	0	348	0	0	0	0	0	0	453	0	25	179	0	0	0	0	0	0	0	0	0	0	343	0	0	0	0	0	493	2	0
EHA02089_bin.20	2	8	0	15	2	0	0	0	0	0	0	0	0	584	14583	0	0	26	0	0	0	0	14	0	0	0	3005	8956	12	0	39	0	0	20	0	0	0	0	5623	0	0	0	0	2	2	0	14314	2	0	0	0	8	0	0	0	0	0	0	0	0	0	0	0	21	0	0	0	11181	1254	0	0	0	0	24806	0	0	0	384	0	0	3714	0	2	1033	5	0	0	0	0	0	0	0	4170	0	0	0	0	0	1304	0	0	4862	0	1	0	0	1	1	12262	0	0	11424	0	14	0	0	0	0	0	0	1	0	13334	1	0	0	0	0	10630	248	0
EHA02089_bin.21	0	0	0	0	0	0	0	0	0	0	0	0	0	1	0	0	0	0	0	0	0	0	0	0	0	0	0	313	0	0	0	0	0	0	0	0	0	0	505	0	0	0	0	0	0	0	131	0	0	0	0	0	0	0	0	0	0	0	0	0	0	0	0	0	0	0	0	166	0	0	0	0	0	9161	0	0	0	0	0	0	0	0	0	0	0	0	0	0	0	0	0	0	0	0	0	0	0	0	0	0	0	171	0	0	0	0	0	0	301	0	0	87	0	0	0	0	0	0	0	0	0	0	360	0	0	0	0	0	158	0	0
EHA02089_bin.24	0	0	0	0	0	0	0	0	0	0	1	0	0	0	5	0	0	0	0	0	0	0	1	0	0	0	2	13518	0	0	0	0	0	0	0	0	0	0	2640	0	0	0	0	0	0	0	2904	0	0	0	0	5	0	0	0	0	0	0	3	0	0	2	0	2	0	0	0	6710	1	0	1	0	0	10593	0	0	0	0	0	0	0	0	0	0	0	0	0	0	0	0	0	0	3	0	0	0	0	0	1	0	0	5228	0	0	0	0	0	2	12491	0	0	3282	0	0	0	0	0	0	0	0	0	0	28059	5	0	0	0	0	11623	2	0
EHA02089_bin.25	0	11	0	0	0	0	0	0	0	0	0	0	0	2	0	0	0	0	0	0	0	0	0	0	0	0	0	31211	0	0	0	0	0	0	0	0	0	0	13734	2	0	0	0	0	0	0	40642	2	0	0	0	0	0	0	0	0	0	0	0	0	0	0	0	0	0	0	0	32926	0	0	0	0	0	433639	0	0	0	0	0	0	0	0	1	2	0	0	0	0	0	0	0	0	5	0	0	0	0	0	0	0	0	31762	0	0	0	0	0	0	22068	0	0	35818	0	0	0	0	0	0	0	0	0	0	89018	0	0	0	0	0	60950	4	0
EHA02089_bin.26	0	0	0	0	0	0	0	0	0	0	0	0	0	0	1	0	0	0	0	0	0	0	3	0	0	0	0	4931	0	0	0	0	0	0	0	0	0	0	639	0	0	0	0	0	0	0	36	0	0	0	0	2	0	0	0	0	0	0	0	0	0	1	0	0	0	0	0	1647	0	0	0	0	0	6931	0	0	0	1	0	0	5	0	0	0	0	0	0	0	0	0	0	0	2	0	0	0	0	0	2	0	0	66	0	0	0	0	0	0	20	0	0	79	0	0	0	0	0	0	0	0	2	0	1227	0	0	0	0	0	18318	2	0
EHA02089_bin.27	0	3	0	0	0	0	0	0	0	0	0	0	0	10	11	0	0	0	0	0	0	0	0	0	0	0	1	35639	0	0	0	0	0	0	0	0	0	0	127	0	0	0	0	0	0	0	2324	23	0	0	0	15	0	0	0	0	0	0	0	0	0	0	0	16	0	0	0	1313	2	0	0	0	0	98165	0	0	0	0	0	0	3	0	0	1	0	0	0	0	0	0	0	0	6	0	0	0	0	0	2	0	0	1323	0	0	0	0	0	0	623	0	0	12253	0	0	0	0	0	0	0	0	0	0	19758	0	0	0	0	0	3913	11	0
EHA02089_bin.29	0	0	0	0	0	0	0	0	0	0	0	0	4	0	0	0	0	0	0	0	0	0	0	0	0	0	0	2334	0	0	0	0	0	0	0	0	0	0	2232	0	0	0	0	0	0	0	2694	2	0	0	0	2	0	0	0	0	0	0	0	0	0	0	0	0	0	0	0	5109	0	0	0	0	0	125861	0	0	0	0	0	0	0	0	0	0	0	0	0	0	0	0	0	0	0	0	0	0	0	0	0	0	0	3109	0	0	0	0	0	0	5269	0	0	2725	0	0	0	0	0	0	0	0	0	0	3905	0	0	0	0	0	5048	4	0
EHA02089_bin.2	0	0	0	0	0	0	0	0	0	0	0	0	0	2	9	0	0	0	0	0	0	0	0	1	0	0	4	1515	0	0	0	0	0	0	0	0	0	0	1746	0	0	0	0	0	0	0	26798	1	0	0	0	0	0	0	0	0	0	0	0	0	0	0	0	13	0	0	0	5446	0	0	0	0	0	6286	0	0	0	0	0	0	0	0	0	8	10	0	0	2	0	0	0	0	1	0	0	0	0	0	2	0	0	2764	0	0	0	0	0	0	44476	0	2	7232	0	0	0	0	0	0	0	0	0	0	5938	0	2	0	0	0	4183	10	0
EHA02089_bin.30	0	0	0	2	1	0	0	0	0	0	0	0	0	0	10	0	0	0	0	0	0	0	1	0	0	0	1	15755	0	0	4	0	2	0	0	0	0	2	2052	0	0	0	1	0	0	0	2483	3	0	0	0	12	0	0	0	0	0	2	0	0	2	0	0	0	0	0	0	5056	13	0	2	0	0	7503	0	0	1	0	0	0	0	0	0	8	0	0	0	0	0	0	0	2	39	0	0	0	0	0	28	0	0	8873	0	0	0	0	0	0	88	0	0	9999	0	0	0	4	0	0	0	0	0	0	4055	0	0	1	0	0	39084	7	0
EHA02089_bin.31	0	0	0	0	0	0	0	0	0	0	0	0	0	0	0	0	0	0	2	0	0	0	0	0	0	0	0	867	0	0	0	0	0	0	0	0	0	0	198	0	0	0	0	0	0	0	428	2	0	0	0	0	0	0	0	0	0	0	0	0	0	0	0	1	0	0	0	382	0	0	0	0	0	20429	0	0	0	0	0	0	0	0	0	0	0	0	0	0	0	0	0	0	0	0	0	0	0	0	0	0	0	791	0	0	0	0	0	0	271	0	0	193	0	0	0	0	0	0	0	0	2	0	352	0	0	0	0	0	389	0	0
EHA02089_bin.32	0	0	0	0	0	0	0	0	0	0	0	0	0	0	12	0	0	0	0	0	0	0	0	0	0	0	1	24922	0	0	2	0	0	0	0	0	0	0	833	0	0	0	0	0	2	0	3457	0	0	0	1	16	0	0	0	0	0	0	0	0	0	0	0	0	0	0	0	15507	0	0	0	0	0	11132	0	0	0	0	0	0	0	0	0	1	0	0	0	0	0	0	0	0	1	0	0	0	0	0	4	0	0	1279	0	0	0	0	0	0	380	0	0	2084	0	0	0	0	0	0	0	0	0	0	11985	0	0	0	2	0	27095	2	0
EHA02089_bin.6	0	0	0	2	0	0	0	0	0	0	0	0	0	0	0	0	0	0	0	0	0	0	1	0	0	0	0	1069	0	0	0	0	0	0	0	0	0	0	1049	0	0	0	0	0	0	0	2744	0	0	0	0	2	0	0	0	0	0	0	0	0	0	0	0	2	0	0	0	460	0	0	0	0	0	1045	0	0	0	0	0	0	0	0	0	0	0	0	0	0	0	0	0	0	0	0	0	0	0	0	0	0	0	16598	0	0	0	0	0	0	6176	0	0	6835	0	0	0	0	0	0	0	0	0	0	1249	0	0	0	0	0	4289	0	0
EHA02089_bin.7	0	2	0	0	0	0	0	0	0	0	0	0	2	0	5	0	0	0	0	0	0	0	4	0	0	0	1	5003	0	0	1	0	0	1	0	0	0	0	3235	0	0	0	0	0	2	0	4086	3	0	0	1	0	0	0	0	0	0	0	0	0	0	0	0	4	0	0	0	4030	2	0	0	0	0	13851	0	0	0	0	0	0	0	0	0	2	0	0	0	0	0	0	0	0	2	0	0	0	0	0	3	0	0	1648	0	0	0	0	0	0	8216	0	0	1561	0	0	0	0	0	0	0	0	0	0	2657	0	0	3	0	0	3333	9	0
EHA02089_bin.9	0	0	0	0	0	0	0	0	0	0	0	0	0	0	0	0	0	0	0	0	0	0	0	0	0	0	3	29576	0	0	0	0	0	0	0	0	0	0	1726	0	0	0	0	0	0	0	2898	0	0	0	2	0	0	0	0	0	0	0	0	0	0	0	0	0	0	0	0	9773	0	0	0	0	0	59992	0	0	0	1	0	0	0	0	0	1	1	0	0	0	0	0	0	0	4	0	0	0	0	0	5	0	0	6060	0	0	0	0	0	0	3232	0	0	1268	0	0	0	0	0	0	0	0	0	0	13314	0	0	0	0	0	37809	0	0
EHA02091_bin.14	2	0	0	0	0	0	0	0	0	0	0	0	0	2	0	0	0	2	0	0	0	0	1	0	0	0	0	12409	0	0	2	0	0	0	0	0	0	0	630	0	0	0	0	0	0	0	1102	0	0	0	0	0	0	0	0	0	0	0	0	0	0	0	0	0	0	0	2	1620	0	0	0	0	0	18182	0	0	0	0	0	0	0	0	0	0	0	0	0	0	0	0	0	0	0	0	0	0	0	0	0	0	0	11834	0	0	0	0	0	1	7992	0	0	4139	0	0	0	0	0	0	0	0	0	0	21409	0	0	0	0	0	6384	0	0
EHA02091_bin.15	0	0	0	6	0	0	0	0	0	0	2	0	0	0	3	0	0	0	0	0	0	0	10	0	0	1	2	2757	2	0	0	0	0	0	0	0	0	0	32	0	0	0	0	0	1	0	83	1	0	0	0	2	0	0	0	0	0	0	0	1	0	5	0	0	0	0	2	4820	2	0	0	0	0	1246	0	0	0	9	0	0	3	0	0	0	2	2	0	0	0	0	1	0	0	0	0	0	0	0	1	0	0	97	0	0	0	0	0	0	96	0	2	22	0	0	0	0	0	0	0	0	0	0	7673	8	0	0	0	0	5538	10	0
EHA02091_bin.18	0	0	0	0	0	0	0	0	0	0	0	0	0	0	0	0	0	0	0	0	0	0	0	0	0	0	0	9615	0	0	0	0	0	0	0	0	0	0	375	0	0	0	0	0	0	0	0	0	0	0	0	0	0	0	0	0	0	0	0	0	0	0	0	0	0	0	0	0	0	0	0	0	0	207	0	0	0	0	0	0	0	0	0	0	0	0	0	0	0	0	0	0	0	0	0	0	0	0	0	0	0	425	0	0	0	0	0	0	37221	0	0	29238	0	1	0	0	0	0	0	0	0	0	13325	0	0	0	0	0	0	0	0
EHA02091_bin.20	0	2	0	0	0	0	0	0	0	0	0	0	0	0	2	0	0	2	0	0	0	0	3	0	0	0	0	19027	2	0	0	0	0	2	0	0	0	0	6409	0	0	0	0	0	0	0	3458	0	0	0	2	11	0	0	0	0	0	0	0	0	0	0	0	0	0	0	0	15144	0	0	4	0	0	4766	0	0	0	0	0	0	0	0	0	2	3	0	0	0	0	0	0	0	4	0	0	0	0	0	1	0	0	3856	0	0	0	0	0	0	25407	0	0	4620	0	0	0	0	0	0	0	0	0	0	4465	0	0	0	4	0	15687	4	0
EHA02091_bin.21	0	0	0	0	0	0	0	0	0	0	0	0	0	0	0	0	0	0	0	0	0	0	2	0	0	0	0	789	0	0	0	0	0	0	0	0	0	0	328	0	0	0	0	0	0	0	17953	0	0	0	0	0	0	0	0	0	0	0	0	0	0	0	0	0	0	0	0	3606	0	0	0	0	0	419	0	0	0	0	0	0	0	0	0	0	0	0	0	0	0	0	0	0	0	0	0	0	0	0	0	0	0	2132	0	0	0	0	0	0	103763	0	0	5890	0	0	0	0	0	0	0	0	0	0	3568	0	0	0	0	0	3874	1	0
EHA02091_bin.23	0	0	0	0	0	0	0	0	0	0	0	0	0	0	0	0	0	0	0	0	0	0	0	0	0	0	0	11258	0	0	0	0	0	0	0	0	0	0	355	0	0	0	0	0	0	0	39449	0	0	0	0	0	0	0	0	0	0	0	0	0	0	0	0	0	0	0	0	16218	0	0	0	0	0	2155	0	0	0	0	0	0	0	0	0	0	0	0	0	0	0	0	0	0	0	0	0	0	0	0	0	0	0	17102	0	0	0	0	0	0	56760	0	0	9290	0	0	0	0	0	0	0	0	0	0	27400	0	0	0	0	0	14692	0	0
EHA02091_bin.2	0	2	0	0	0	0	0	0	0	0	0	0	0	0	0	0	0	0	0	0	0	0	0	0	0	0	0	63	0	0	0	0	0	0	0	0	0	0	154	0	0	0	0	0	0	0	57	0	0	0	0	0	0	0	0	0	0	0	0	0	0	0	0	0	0	0	0	92	0	0	0	0	0	82	0	0	0	0	0	0	0	0	0	0	0	0	0	0	0	0	0	0	0	0	0	0	0	0	0	0	0	940	0	0	0	0	0	0	4938	0	0	251	0	0	0	0	0	0	0	0	0	0	184	0	0	0	0	0	542	0	0
EHA02091_bin.3	0	0	0	0	0	0	0	0	0	0	0	0	0	0	0	0	0	0	0	0	0	0	0	0	0	0	0	2546	0	0	0	0	0	0	0	0	0	0	104	0	0	0	0	0	0	0	907	0	0	0	0	0	0	0	0	0	0	0	0	0	0	0	0	0	0	0	0	1401	0	0	0	0	0	1478	0	0	0	0	0	0	0	0	0	0	0	0	0	0	0	0	0	0	0	0	0	0	0	0	0	0	0	1301	0	0	0	0	0	0	3810	0	0	2543	0	0	0	0	0	0	0	0	0	0	687	0	0	0	0	0	3040	0	0
EHA02091_bin.9	0	2	0	0	1	0	0	0	0	0	0	0	0	0	3	0	0	0	0	0	0	0	0	0	0	0	0	2533	0	0	0	0	0	0	0	0	0	0	7289	0	0	0	0	0	0	0	1073	0	0	0	0	0	0	0	0	0	0	0	0	0	0	0	0	1	0	0	0	8852	1	0	1	0	0	1248	0	0	0	0	0	0	10	0	0	3	0	0	0	0	0	0	0	0	3	0	0	0	0	0	0	0	0	9897	0	0	0	0	0	0	49912	0	2	3624	0	0	0	0	0	0	0	0	0	0	1643	0	0	0	0	0	6109	0	0
EHA02093_bin.12	0	2	0	0	0	0	0	0	0	0	0	0	0	0	0	0	0	0	0	0	0	0	0	0	0	0	0	201	0	0	0	0	0	0	0	0	0	0	59	0	0	0	0	0	0	0	546	0	0	0	0	0	0	0	0	0	0	0	0	0	0	0	0	0	0	0	0	248	0	0	2	0	0	904	0	0	0	0	0	0	0	0	0	0	0	0	0	0	0	0	0	0	0	0	0	0	0	0	0	0	0	415	0	0	0	0	0	0	149	0	0	625	0	0	0	0	0	0	0	0	0	0	215	0	0	0	0	0	238	2	0
EHA02093_bin.14	0	0	0	0	0	0	0	0	0	0	0	0	0	0	0	0	0	0	0	0	0	0	0	0	0	0	0	435	0	0	0	0	0	0	0	0	0	0	2206	0	0	0	0	0	0	0	1776	0	0	0	0	2	0	0	0	0	0	0	0	0	0	0	0	0	0	0	0	969	0	0	0	0	0	5747	0	0	0	0	0	0	0	0	0	0	0	0	0	0	0	0	0	0	0	0	0	0	0	0	0	0	0	1078	0	0	0	0	0	0	4475	0	0	1033	0	0	0	0	0	0	0	0	0	0	535	0	0	0	0	0	439	0	0
EHA02093_bin.15	0	4	0	0	0	0	0	0	0	0	0	0	0	0	10	0	2	0	0	0	1	0	0	0	0	0	0	525	0	0	0	0	0	0	0	0	0	0	912	0	0	0	0	0	0	0	1323	0	0	0	0	4	0	0	0	0	0	0	0	0	0	0	0	6	0	0	0	733	0	0	0	0	0	3498	0	0	0	0	0	0	0	0	0	2	0	0	0	0	0	0	0	0	0	0	0	0	0	0	0	0	0	823	0	0	0	0	0	0	2105	0	0	829	0	0	0	0	0	0	0	0	0	0	564	0	0	0	0	0	277	4	0
EHA02093_bin.16	0	1	0	0	0	0	0	0	0	0	0	0	0	1	0	0	0	0	0	0	0	0	0	0	0	0	0	1390	0	0	0	0	0	0	0	0	0	0	487	0	0	0	0	1	0	0	2797	0	0	0	0	4	0	0	0	0	0	0	0	0	0	0	0	0	0	0	0	5642	0	0	0	0	0	87598	0	0	0	0	0	0	0	0	0	0	0	0	0	0	0	0	0	0	1	0	0	0	0	0	4	0	0	2406	0	0	0	0	0	0	1664	0	0	540	0	0	0	0	0	0	0	0	2	0	1930	0	0	0	0	0	1495	11	0
EHA02093_bin.18	0	7	0	2	2	0	0	0	0	0	0	0	1	8	68	0	0	0	0	0	2	0	3	0	0	0	41	10851	0	0	4	0	0	0	0	0	0	0	1707	0	0	0	0	0	0	0	4086	2	0	0	0	3	0	0	0	0	0	0	0	0	0	0	0	44	0	0	0	5933	5	0	0	0	0	5690	0	0	0	6	0	0	4	0	0	7	0	0	0	0	0	0	0	0	42	0	0	0	0	0	23	0	0	691	0	0	0	0	0	0	3970	0	0	7228	0	0	0	0	0	0	0	0	0	0	6325	0	0	0	0	0	12362	31	0
EHA02093_bin.1	0	58	0	0	26	0	0	0	0	0	0	0	0	10	0	0	0	0	0	0	0	0	11	0	0	0	1	128	0	0	0	0	0	0	0	0	0	0	99	0	0	0	0	0	0	0	104	10	0	0	0	3	0	0	0	0	0	0	0	0	0	0	0	8	0	0	0	64	0	0	0	0	0	86257	0	0	0	0	0	0	0	0	0	0	6	0	0	4	0	0	0	0	1	0	0	0	0	0	0	0	0	187	0	0	0	0	0	0	848	0	0	236	0	0	0	0	0	0	0	0	0	0	237	2	0	0	0	0	77	93	0
EHA02093_bin.20	0	4	0	0	0	0	0	0	0	0	0	0	0	20	9	0	0	0	0	0	0	0	0	0	0	0	0	5246	0	0	0	0	0	0	0	0	0	0	5982	0	0	0	0	0	0	0	2040	2	0	0	0	15	0	0	0	0	0	0	0	0	0	0	0	69	0	0	0	6479	1	0	0	0	0	6377	0	0	0	6	0	0	0	2	0	27	0	0	0	1	0	0	0	0	10	0	0	0	0	0	32	0	0	6176	0	0	0	0	0	0	6268	0	1	1680	0	0	0	0	0	0	0	0	0	0	2011	1	0	0	0	0	6044	9	0
EHA02093_bin.21	0	5	0	2	3	0	0	0	0	0	0	0	0	2	11	0	0	0	0	0	0	0	0	0	0	0	0	1612	0	0	0	0	0	0	0	0	0	0	1623	0	0	0	0	0	0	0	2584	2	0	0	0	1	0	0	0	0	0	0	0	0	0	0	0	19	0	0	0	2450	0	0	0	0	0	3277	0	0	0	0	0	0	0	0	0	2	0	0	0	0	0	0	0	0	2	0	0	0	0	0	5	0	0	3987	0	0	0	0	0	0	6399	0	0	2888	0	0	0	0	0	0	0	0	0	0	1955	0	0	0	0	0	2308	12	0
EHA02093_bin.22	0	15	0	0	0	0	0	0	0	0	0	0	2	1	19	0	0	0	0	0	0	0	1	0	0	0	2	1576	0	0	0	0	0	0	0	0	0	0	210	0	0	0	0	0	0	0	2103	3	0	0	0	2	0	0	0	0	0	0	0	0	0	0	0	19	0	0	0	2203	3	0	0	0	0	2418	0	0	0	1	0	0	7	0	0	2	0	0	0	0	0	0	0	0	3	0	0	0	0	0	2	0	0	2239	0	0	0	0	0	0	1170	0	0	1873	0	0	0	0	0	0	0	0	0	0	2056	0	0	0	0	0	515	22	0
EHA02093_bin.2	12	45	1	1	0	0	0	0	0	0	0	0	0	4	16	0	0	20	16	0	1	13	26	11	0	0	1	517	4	0	33	0	0	1	0	0	0	0	794	17	0	0	0	0	12	1	360	4	0	0	7	2	1	0	0	0	0	0	0	4	0	0	0	49	0	0	30	382	28	0	15	0	0	12193	2	0	0	66	0	0	0	0	0	2	74	1	0	8	0	0	0	0	2	0	0	1	0	0	79	0	0	534	0	0	0	0	1	3	1010	0	11	203	0	0	0	0	0	0	0	0	2	0	433	3	8	4	344	0	188	164	0
EHA02093_bin.4	0	0	0	0	0	0	0	0	0	0	0	0	0	0	1	0	0	0	0	0	0	0	0	0	0	0	0	154	0	0	0	0	0	0	0	0	0	0	280	0	0	0	0	0	0	0	62	0	0	0	0	0	0	0	0	0	0	0	0	0	0	0	0	0	0	0	0	85	0	0	0	0	0	347	0	0	0	0	0	0	0	0	0	1	0	0	0	0	0	0	0	0	0	0	0	0	0	0	0	0	0	159	0	0	0	0	0	0	185	0	0	138	0	0	0	0	0	0	0	0	0	0	368	0	0	0	0	0	95	2	0
EHA02093_bin.5	0	0	0	0	0	0	0	0	0	0	0	0	2	0	0	0	0	0	0	0	0	0	0	0	0	0	0	1103	0	0	0	0	0	0	0	0	0	0	1514	0	0	0	0	0	0	0	1006	1	0	0	0	0	0	0	0	0	0	0	0	0	0	0	0	0	0	0	0	953	0	0	0	0	0	14279	0	0	0	0	0	0	0	0	0	0	0	0	0	0	0	0	0	0	0	0	0	0	0	0	0	0	0	397	0	0	0	0	0	0	1601	0	0	707	0	0	0	0	0	0	0	0	0	0	733	0	0	0	0	0	702	3	0
EHA02093_bin.8	2	31	0	0	7	0	0	0	0	0	7	0	3	98	1090	0	0	64	0	0	1	0	38	0	0	9	396	1117	0	0	6	0	0	11	0	0	0	0	140	0	0	0	0	11	23	1	835	7	0	0	1	6	0	0	0	0	0	0	7	0	0	5	0	30	0	0	4	2544	68	0	14	0	0	7694	1	0	0	120	0	0	100	0	2	45	38	7	0	25	0	0	2	0	130	0	0	0	0	0	198	0	0	275	0	5	0	0	4	6	707	0	14	428	0	2	0	0	0	0	0	0	0	2	511	8	0	6	9	0	641	145	0
EHA02094_bin.10	0	0	0	0	0	0	0	0	0	0	2	0	0	1	6	0	0	0	0	0	8	5	35	8	0	0	7	521	0	0	0	0	0	0	0	0	0	0	563	0	0	0	0	0	0	0	3943	0	0	0	0	5	0	0	0	0	0	0	13	0	0	3	0	0	0	0	2	1326	3	0	22	0	0	42603	0	0	0	0	0	0	3	0	0	0	19	2	0	14	0	0	0	0	4	0	0	1	0	0	1	0	0	1892	0	0	0	0	0	6	1942	0	37	4021	0	0	0	0	0	0	0	0	0	0	2171	4	0	0	10	0	813	65	0
EHA02094_bin.12	0	0	0	0	0	0	0	0	0	0	0	0	1	1	3	0	0	0	0	0	0	0	15	0	0	0	5	3923	0	0	0	0	0	0	0	0	0	0	2	0	0	0	0	0	0	0	1017	0	0	0	0	0	0	0	0	0	0	0	2	0	0	4	0	1	0	0	0	5227	0	0	0	0	0	4007	2	0	0	4	0	0	9	0	0	0	1	0	0	0	0	0	0	0	4	0	0	0	0	0	0	0	0	3617	0	0	0	0	0	0	1065	0	0	456	0	0	0	0	0	0	0	0	0	0	7370	1	0	0	2	0	9482	1	0
EHA02094_bin.13	0	0	0	0	0	0	0	0	0	0	0	0	0	0	0	0	0	0	0	0	0	0	0	0	0	0	0	127	0	0	0	0	0	0	0	0	0	0	113	0	0	0	0	0	0	0	117	0	0	0	0	0	0	0	0	0	0	0	0	0	0	0	0	0	0	0	0	134	0	0	0	0	0	20619	0	0	0	0	0	0	0	0	0	0	0	0	0	0	0	0	0	0	0	0	0	0	0	0	0	0	0	106	0	0	0	0	0	0	118	0	0	112	0	0	0	0	0	0	0	0	0	0	361	0	0	0	0	0	116	0	0
EHA02094_bin.14	0	4	0	0	933	0	0	0	0	0	0	0	145	8	29	0	0	0	0	0	0	0	3	2	0	0	2	3716	0	0	0	0	0	0	0	0	0	0	1153	0	0	0	0	0	0	0	7301	0	0	0	0	0	1	0	0	0	0	0	0	0	0	2	0	24	0	0	0	5441	3	0	0	0	0	23959	0	0	0	0	0	0	0	0	0	5	1	1	0	0	0	0	0	0	1	0	0	0	0	0	29	0	0	847	0	0	0	0	2	0	1768	0	0	16065	0	1	0	0	0	0	0	0	2	0	3906	2	0	0	0	0	1403	39	0
EHA02094_bin.16	0	0	0	0	0	0	0	0	0	0	0	0	0	0	0	0	0	0	0	0	0	0	0	0	0	0	0	9487	0	0	0	0	0	0	0	0	0	0	700	0	0	0	0	0	0	0	928	0	0	0	0	0	0	0	0	0	0	0	0	0	0	0	0	0	0	0	0	1120	0	0	0	0	0	1894	0	0	0	0	0	0	0	0	0	0	0	0	0	0	0	0	0	0	0	0	0	0	0	0	0	0	0	2217	0	0	0	0	0	0	1383	0	0	544	0	0	0	0	0	0	0	0	0	0	56103	0	0	0	0	0	1832	0	0
EHA02094_bin.17	1	30	2	0	0	2	0	0	0	0	0	2	0	10	0	0	2	0	0	0	13	0	73	2	0	0	42	807	18	0	42	0	0	3	4	0	0	0	3604	19	0	0	0	0	0	0	5800	4	0	0	0	3	0	0	0	0	2	1	231	0	24	86	0	11	0	4	15	1650	0	0	28	0	0	9591	4	0	0	2	2	0	13	0	0	14	2	6	0	0	0	0	0	0	0	0	0	0	0	0	10	0	0	1605	0	0	0	0	0	76	7365	0	0	6983	0	2	0	0	0	2	2	0	0	0	18150	113	0	7	4	0	7013	18	0
EHA02094_bin.18	0	2	0	0	0	0	0	0	0	0	0	0	0	1	0	0	0	0	0	0	0	0	2	0	3	0	0	8609	0	0	3	0	0	0	0	0	0	0	2171	0	0	0	0	0	0	0	6795	0	2	0	0	4	0	0	0	0	0	0	0	0	0	0	0	2	0	0	2	7439	0	0	0	0	0	14616	2	0	0	0	0	0	0	0	0	2	0	0	0	0	0	0	0	0	0	0	0	0	0	0	2	0	0	5576	0	0	0	4	0	0	2600	0	0	2852	4	0	0	0	0	2	4	0	0	0	4496	0	0	0	0	0	8046	4	0
EHA02094_bin.19	0	0	0	0	0	0	0	0	0	0	0	0	0	0	0	0	0	0	0	0	0	0	0	0	0	0	0	2974	0	0	0	0	0	0	0	0	0	0	5	0	0	0	0	0	0	0	14	0	0	0	0	0	0	0	0	0	0	0	0	0	0	0	0	0	0	0	0	690	0	0	0	0	0	753	0	0	0	0	0	0	0	0	0	0	0	0	0	0	0	0	0	0	0	0	0	0	0	0	0	0	0	10	0	0	0	0	0	0	2	0	0	31	0	0	0	0	0	0	0	0	0	0	1421	0	0	0	0	0	2898	0	0
EHA02094_bin.20	0	8	0	1	0	0	0	0	0	0	0	0	0	3	19	0	0	0	0	0	0	0	1	0	0	0	1	976	0	0	2	0	0	0	0	0	0	0	117	0	0	0	0	0	0	0	1895	1	0	0	0	2	0	0	0	0	0	0	0	0	0	0	0	25	0	0	0	7778	0	0	0	0	0	93046	0	0	0	4	0	0	3	0	0	3	0	0	0	0	0	0	0	0	2	0	0	0	0	0	1	0	0	9844	0	0	0	0	0	0	2030	0	0	3627	0	0	0	0	0	0	0	0	0	0	3980	0	0	0	0	0	5668	19	0
EHA02094_bin.21	0	10	0	0	0	0	0	0	0	0	0	0	0	4	14	0	0	0	0	0	0	0	3	0	0	0	9	7668	0	0	0	0	0	0	0	0	0	0	9502	0	0	0	0	0	0	0	8075	3	0	0	0	0	0	0	0	0	0	0	0	0	0	0	0	25	0	0	0	6255	4	0	0	0	0	10226	0	0	0	0	0	0	2	0	0	2	0	0	0	0	0	0	0	0	2	0	0	0	0	0	7	0	0	5429	0	0	0	0	0	0	1596	0	0	12396	0	0	0	0	0	0	0	0	0	0	14070	0	0	0	0	0	4842	54	0
EHA02094_bin.22	0	5	0	0	0	0	0	0	0	0	0	0	0	2	26	0	0	0	0	0	0	0	1	0	0	0	2	5350	0	0	4	0	0	0	0	0	0	0	3225	0	0	0	0	0	0	0	9689	0	0	0	0	0	0	0	0	0	0	0	0	0	0	0	0	16	0	0	0	5645	0	0	0	0	0	11777	0	0	0	0	0	0	0	0	0	2	0	0	0	0	0	0	0	0	8	0	0	0	0	0	16	0	0	4272	0	0	0	0	0	0	2862	0	0	10548	0	2	0	0	0	0	0	0	0	0	13606	0	0	0	0	0	4633	20	0
EHA02094_bin.6	0	0	0	0	0	0	0	0	0	0	0	0	0	0	0	0	0	0	0	0	0	0	0	0	0	0	0	699	0	0	0	0	0	0	0	0	0	0	1183	0	0	0	0	0	0	0	2898	0	0	0	0	0	0	0	0	0	0	0	0	0	0	0	0	0	0	0	0	4705	0	0	0	0	0	114	0	0	0	0	0	0	0	0	0	0	0	0	0	0	0	0	0	0	0	0	0	0	0	0	0	0	0	2961	0	0	0	0	0	0	544	0	0	102	0	0	0	0	0	0	0	0	0	0	1231	0	0	0	0	0	4773	0	0
EHA02094_bin.7	0	0	0	0	0	0	0	0	0	0	0	0	0	0	5	0	0	0	0	0	0	0	3	0	0	0	0	2516	0	0	0	0	0	0	0	0	0	0	4771	0	0	0	0	0	0	0	2662	9	0	0	0	6	0	0	0	0	0	0	0	0	0	0	0	2	0	0	0	4300	0	0	2	0	0	483	0	0	0	11	0	0	2	0	0	2	0	0	0	0	0	0	0	0	1	0	0	0	0	0	2	0	0	9003	0	0	0	0	0	0	8164	0	0	1335	0	0	0	0	0	0	0	0	0	0	1962	0	0	0	0	0	2390	1	0
EHA02094_bin.9	0	0	0	0	0	0	0	0	0	0	0	0	0	0	0	0	0	0	0	0	0	0	4	0	0	0	0	3689	0	0	0	0	0	0	0	0	0	0	250	0	0	0	0	0	0	0	1582	0	0	0	0	0	0	0	0	0	0	0	0	0	0	0	0	0	0	0	0	1493	0	0	0	0	0	10389	0	0	0	0	0	0	0	0	1	0	0	0	0	0	0	0	0	0	0	0	0	0	0	0	0	0	0	5635	0	0	0	0	0	0	7857	0	0	1869	0	0	0	0	0	0	0	0	1	0	1802	2	0	0	0	0	10638	2	0
EHA02095_bin.10	0	9	0	0	3	0	0	0	0	0	0	0	0	0	1	0	0	0	0	0	2	0	0	0	0	0	15	174	4	0	0	0	0	0	0	0	0	0	16	0	0	0	0	0	0	4	62	7	0	0	0	7	0	0	0	0	0	0	0	0	0	0	0	9	0	0	0	90	4	0	6	0	0	11760	0	0	0	8	0	0	0	0	0	6	5	0	0	0	0	0	0	0	52	0	0	0	0	0	6	0	0	147	0	0	0	0	0	0	280	0	6	207	0	0	0	0	0	0	0	0	0	0	170	0	0	0	0	0	94	11	0
EHA02095_bin.13	7	0	0	0	11	0	0	0	0	0	17	0	6	37	123	0	2	205	2	0	57	0	14	5	0	25	45	3388	3	0	7	0	0	0	0	0	0	0	7165	0	0	0	0	0	89	3	3771	31	0	0	0	28	0	0	0	0	0	3	44	0	1	13	0	97	0	0	12	5910	36	0	57	0	0	2406	7	1	0	94	0	0	25	2	0	58	153	14	0	92	0	0	0	0	64	0	0	4	0	0	88	0	0	6244	0	25	0	0	0	13	8329	0	62	3606	0	0	0	0	0	0	0	0	0	0	2990	61	0	2	9	0	3325	9	0
EHA02095_bin.14	0	0	0	0	0	0	0	0	0	0	0	0	0	0	12	0	0	0	0	0	0	0	0	0	0	0	1	431	0	0	0	0	0	0	0	0	0	0	363	0	0	0	0	0	0	0	443	0	0	0	0	0	0	0	0	0	0	0	0	0	0	0	0	0	0	0	0	924	1	0	0	0	0	1728	0	0	0	1	0	0	0	0	0	0	0	0	0	0	0	0	0	0	11	0	0	0	0	0	11	0	0	294	0	0	0	0	0	0	375	0	0	687	0	0	0	0	0	0	0	0	0	0	579	0	0	0	0	0	622	3	0
EHA02095_bin.15	0	0	0	0	0	0	0	0	0	0	0	0	0	0	0	0	0	0	0	0	0	0	0	0	0	0	0	2277	0	0	0	0	0	0	0	0	0	0	590	0	0	0	0	0	0	0	676	0	0	0	0	0	0	0	0	0	0	0	0	0	0	0	0	2	0	0	0	1318	0	0	0	0	0	2814	0	0	0	0	0	0	0	0	0	0	0	0	0	0	0	0	0	0	0	0	0	0	0	0	0	0	0	1028	0	0	0	0	0	0	3161	0	0	707	0	0	0	0	0	0	0	0	0	0	4470	0	0	0	0	0	2070	4	0
EHA02095_bin.16	2	8	2	0	3	0	0	0	0	0	2	0	1	2	13	0	1	61	2	0	2	1	7	2	0	0	6	2801	0	0	14	0	0	9	0	0	0	0	3396	0	0	0	0	0	49	0	1133	6	0	0	8	5	2	0	0	0	0	0	0	0	0	0	0	6	0	0	0	1156	1	0	0	0	0	2724	5	0	0	7	0	0	4	0	0	2	2	0	0	0	0	0	0	0	5	0	0	0	0	0	9	0	0	10539	0	11	0	0	0	2	2528	0	0	1469	0	0	0	0	0	0	0	0	2	0	5720	2	2	9	6	0	2534	62	0
EHA02095_bin.18	0	20	0	6	2	0	0	0	0	0	31	0	0	1790	6022	0	0	0	0	0	101	8	2	0	0	0	215	582	4	0	0	0	0	0	0	0	0	0	272	0	0	0	0	0	0	34	199	45	0	0	0	162	0	0	0	0	0	0	0	0	0	2	0	41	0	0	0	305	807	0	64	0	0	139271	0	0	0	45	0	0	30	0	0	20	6	0	0	14	0	0	0	0	642	0	0	0	0	0	198	0	0	340	0	0	1	0	0	1	1053	0	11	449	0	1	0	14	0	0	0	0	0	0	159	4	0	0	0	0	371	7	0
EHA02095_bin.19	0	999	1	30	210	0	0	0	0	0	66	3	2	1801	2431	0	2	1	3	0	455	17	11	2	0	0	1431	10041	310	0	15	0	0	0	0	0	0	0	3990	10	0	0	0	0	1	53	1313	139	0	0	8	60	0	0	0	0	0	0	0	0	2	6	4	402	0	0	2	18352	461	0	801	0	0	34050	0	0	0	1383	0	0	690	3	2	575	309	0	0	281	0	0	0	0	3199	0	0	0	0	0	1561	0	0	9571	1	0	5	0	4	0	17459	0	235	1310	0	1	0	4	0	0	0	0	0	3	5912	4	0	0	38	0	7724	189	0
EHA02095_bin.20	0	1	0	0	0	0	0	0	0	0	0	0	0	0	8	0	0	0	0	0	4	0	20	0	0	0	1	494	0	0	0	0	0	0	0	0	0	0	730	0	0	0	0	0	0	0	2086	0	0	0	0	0	0	0	0	0	0	0	5	0	0	2	0	0	0	0	0	1054	0	0	4	0	0	6859	0	0	0	0	0	0	7	0	0	0	2	0	0	0	0	0	0	0	3	0	0	0	0	0	3	0	0	1227	0	0	0	0	0	4	2724	0	1	2396	0	0	0	0	0	0	0	0	0	0	1161	2	0	0	0	0	687	2	0
EHA02095_bin.21	0	0	0	0	0	0	0	0	0	0	0	0	0	2	2	0	0	0	0	0	0	0	0	0	0	0	0	28	0	0	0	0	0	0	0	0	0	0	2	0	0	0	0	0	0	0	85	2	0	0	0	2	0	0	0	0	0	0	0	0	0	0	0	0	0	0	0	43	0	0	0	0	0	11619	0	0	0	0	0	0	0	0	0	0	0	0	0	0	0	0	0	0	0	0	0	0	0	0	0	0	0	27	0	0	0	0	0	0	16	0	0	75	0	0	0	0	0	0	0	0	0	0	26	0	0	0	0	0	63	4	0
EHA02095_bin.22	0	0	0	0	1	0	0	0	0	0	0	0	0	2	3	0	0	0	0	0	0	0	0	0	0	0	0	1006	0	0	0	0	0	0	0	0	0	0	678	0	0	0	0	0	0	0	1599	0	0	0	0	3	0	0	0	0	0	0	0	0	0	2	0	1	0	0	0	3106	1	0	0	0	0	7425	0	0	0	0	0	0	0	0	0	0	0	0	0	0	0	0	0	0	1	0	0	0	0	0	3	0	0	1684	0	0	0	0	0	0	2520	0	0	967	0	0	0	0	0	0	0	0	0	0	1287	0	0	0	0	0	3754	4	0
EHA02095_bin.24	0	0	0	0	0	0	0	0	0	0	0	0	0	1	0	0	0	0	0	0	0	0	0	0	0	0	0	1413	0	0	0	0	0	0	0	0	0	0	386	2	0	0	0	0	0	0	1824	0	0	0	0	0	0	0	0	0	0	0	0	0	0	0	0	0	0	0	0	879	0	0	0	0	0	12789	0	0	0	1	0	0	0	0	0	0	0	0	0	0	0	0	0	0	0	0	0	0	0	0	2	0	0	903	0	0	0	0	0	0	520	0	0	972	0	0	0	0	0	0	0	0	0	0	2775	0	0	0	0	0	1085	2	0
EHA02095_bin.27	0	2	0	0	0	0	0	0	0	0	0	0	0	0	3	0	0	0	0	0	0	0	0	0	0	0	1	523	0	0	0	0	0	0	0	0	0	0	544	0	0	0	0	0	0	0	1032	3	0	0	0	0	0	0	0	0	0	0	0	0	0	0	0	3	0	0	0	927	0	0	0	0	0	2565	0	0	0	0	0	0	0	0	0	0	0	0	0	0	0	0	0	0	0	0	0	0	0	0	0	0	0	2095	0	0	0	0	0	0	3467	0	0	855	0	0	0	0	0	0	0	0	0	0	797	0	0	0	0	0	287	14	0
EHA02095_bin.28	0	8	0	0	0	0	0	0	0	0	0	0	0	0	43	0	0	0	0	0	0	0	0	0	0	0	6	5331	0	0	0	0	0	0	0	0	0	0	754	2	0	0	0	0	0	0	1888	6	0	0	0	4	0	0	0	0	0	0	0	0	0	0	0	23	0	0	0	2940	3	0	1	0	0	3690	0	0	0	0	0	0	0	0	0	3	0	0	0	0	0	0	0	0	15	0	0	0	0	0	9	0	0	460	0	0	0	0	0	0	1973	0	0	4144	0	0	0	0	0	0	0	0	0	0	3192	0	0	0	0	0	6355	40	0
EHA02095_bin.29	0	23	0	0	2	0	0	0	0	0	0	0	0	0	0	0	0	0	0	0	0	0	0	0	0	0	0	3615	0	0	0	0	0	0	0	0	0	0	3219	0	0	0	0	0	0	0	9391	0	0	0	0	0	0	0	0	0	0	0	0	0	0	0	0	0	0	0	0	4848	0	0	0	0	0	32008	0	0	0	0	0	0	0	0	0	0	0	0	0	0	0	0	0	0	1	0	0	0	0	0	0	0	0	6210	0	0	0	0	0	0	2569	0	0	6525	0	1	0	0	0	0	0	0	0	0	6690	0	0	0	0	0	4862	3	0
EHA02095_bin.4	0	0	0	0	0	0	0	0	0	0	0	0	0	0	0	0	0	0	0	0	0	0	0	0	0	0	0	2005	0	0	0	0	0	0	0	0	0	0	8205	0	0	0	0	0	0	0	442	6	0	0	0	0	0	0	0	0	0	0	4	0	0	0	0	0	0	0	0	4325	0	0	0	0	0	247	0	0	0	0	0	0	0	0	0	0	0	0	0	0	0	0	0	0	0	0	0	0	0	0	0	0	0	1922	0	0	0	0	0	0	32715	0	0	633	0	0	0	0	0	0	0	0	0	0	958	0	0	0	0	0	2348	0	0
EHA02095_bin.5	0	0	0	0	0	0	0	0	0	0	0	0	0	2	0	0	0	0	0	0	0	0	0	0	0	0	0	3568	0	0	0	0	0	0	0	0	0	0	6294	0	0	0	0	0	0	0	5408	0	0	0	0	0	0	0	0	0	0	0	0	0	0	0	0	0	0	0	0	3317	0	0	0	0	0	15298	0	0	0	0	0	0	0	0	0	0	0	0	0	0	0	0	0	0	1	0	0	0	0	0	3	0	0	4203	0	0	0	0	0	0	11922	0	0	6720	0	0	0	0	0	0	0	0	0	0	4498	0	0	0	0	0	1918	2	0
EHA02095_bin.6	0	1	0	0	3	0	0	0	0	0	0	0	0	4	5	0	0	0	0	0	0	0	0	0	0	0	1	412	0	0	0	0	0	0	0	0	0	0	269	0	0	0	0	0	0	0	343	4	0	0	0	0	0	0	0	0	0	0	0	0	0	0	0	0	0	0	1	765	2	0	0	0	0	695	0	0	0	0	0	0	0	0	0	0	0	0	0	0	0	0	0	0	6	0	0	0	0	0	1	0	0	335	0	0	0	0	0	1	261	0	0	113	0	0	0	0	0	0	0	0	0	0	187	8	0	0	0	0	501	5	0
EHA02096_bin.10	0	4	0	0	3	0	0	0	0	0	0	0	0	5	3	0	0	0	0	0	0	0	2	0	0	0	0	1021	0	0	0	0	0	0	0	0	0	0	64	0	0	0	0	0	0	0	513	6	0	0	0	0	0	0	0	0	0	0	0	0	2	3	0	25	0	0	1	317	0	0	0	0	0	7569	0	0	0	2	0	0	0	0	0	0	0	0	0	0	0	0	0	0	0	0	0	0	0	0	5	0	0	218	0	0	0	0	0	0	511	0	0	301	0	0	0	0	0	0	0	0	1	0	246	1	0	0	0	0	449	6	0
EHA02096_bin.11	0	2	0	0	0	0	0	0	0	0	0	0	0	0	0	0	0	0	2	0	0	0	0	0	0	0	0	3682	0	0	0	0	0	0	0	0	0	0	3512	2	0	0	0	0	0	0	1921	0	0	0	0	0	0	0	0	0	0	0	1	0	0	0	0	0	0	0	0	2447	0	0	0	0	0	2777	0	0	0	0	0	0	0	0	0	0	0	0	0	0	0	0	0	0	0	0	0	0	0	0	0	0	0	5641	0	0	0	0	0	0	3514	0	0	895	0	1	0	0	0	0	0	0	0	0	4458	0	0	0	0	0	2720	0	0
EHA02096_bin.12	0	0	0	0	11	0	0	0	0	0	0	0	0	3	3	0	0	0	0	0	0	0	0	0	0	0	0	2848	0	0	2	0	0	0	0	0	0	0	3600	0	0	0	0	0	0	0	4578	4	0	0	0	4	0	0	0	0	0	0	0	0	0	0	0	0	0	0	0	21383	0	0	0	0	0	11638	0	0	0	0	0	0	1	0	0	1	0	0	0	0	0	0	0	0	6	0	0	0	0	0	1	0	0	23027	0	0	0	0	0	0	16331	0	0	3386	0	0	0	0	0	0	0	0	0	0	3056	0	0	0	0	0	5707	8	0
EHA02096_bin.14	2	0	0	0	0	0	0	0	0	0	0	0	0	0	0	0	0	0	0	0	0	0	0	0	0	0	0	135	0	0	0	0	0	1	0	0	0	0	65	0	0	0	0	0	0	0	65	0	0	0	0	0	0	0	0	0	0	0	0	0	0	0	0	0	0	0	0	721	0	0	0	0	0	44	0	0	0	0	0	0	0	0	0	0	0	0	0	0	0	0	0	0	0	0	0	0	0	0	0	0	0	161	0	0	0	0	0	0	7	0	0	21	0	0	0	0	0	0	0	0	0	0	234	0	0	0	0	0	150	20	0
EHA02096_bin.15	0	0	0	0	0	0	0	0	0	0	0	0	0	0	11	0	0	0	0	0	7	0	21	0	0	0	0	276	0	0	0	0	0	0	0	0	0	0	140	0	0	0	0	0	0	0	968	0	0	0	0	0	0	0	0	0	0	0	9	0	0	0	0	0	0	0	0	379	4	0	3	0	0	3147	0	0	0	0	0	0	1	0	0	0	0	0	0	0	0	0	0	0	1	0	0	0	0	0	0	0	0	856	0	0	0	0	0	2	564	0	1	1717	0	0	0	0	0	0	0	0	1	0	746	0	0	0	2	0	254	5	0
EHA02096_bin.16	0	0	0	0	0	0	0	0	0	0	0	0	0	1	3	0	0	0	0	0	0	0	0	0	0	0	1	420	0	0	0	0	0	0	0	0	0	0	245	2	0	0	0	0	0	0	292	0	0	0	0	2	0	0	0	0	0	0	0	0	0	0	0	6	0	0	0	498	0	0	0	0	0	1137	0	0	0	1	0	0	0	0	0	0	2	0	0	0	0	0	0	0	2	0	0	0	0	0	5	0	0	401	0	0	0	0	0	0	678	0	0	260	0	0	0	0	0	0	0	0	0	0	469	0	0	0	0	0	449	0	0
EHA02096_bin.18	4	55	1	0	0	0	0	0	0	0	0	8	0	4	2	0	7	0	0	0	1	0	21	0	0	0	30	88	12	0	114	0	0	0	4	0	0	0	475	51	0	0	0	0	0	0	504	2	8	0	0	0	0	0	0	0	0	10	57	0	27	12	0	1	0	0	40	154	3	0	15	0	0	1022	11	0	0	7	0	0	10	0	0	16	0	0	0	0	0	0	0	0	4	0	13	3	0	0	6	0	0	135	0	2	0	0	0	29	2036	0	2	697	0	0	0	0	0	0	10	0	0	0	1707	17	0	10	6	0	696	21	0
EHA02096_bin.19	3	15	1	4	198	0	0	0	0	0	0	0	0	185	502	0	0	83	9	0	1	0	13	6	0	152	95	909	1	0	1	0	0	12	0	0	0	0	584	4	0	0	0	1	39	0	1504	3	0	0	2	9	0	0	0	0	0	0	5	0	0	25	0	212	0	0	0	1057	79	0	0	0	0	1884	2	0	0	100	0	0	115	0	0	94	1	113	0	1	0	0	0	0	74	0	0	0	0	0	156	0	0	1540	0	19	0	0	0	6	1579	0	1	1637	0	2	0	0	0	0	0	0	0	0	1179	107	2	12	9	0	1398	98	0
EHA02096_bin.20	0	5	0	0	0	0	0	0	0	0	0	0	0	0	4	0	0	0	0	0	2	0	0	0	0	0	3	93	0	0	0	0	0	0	0	0	0	0	113	0	0	0	0	0	0	0	126	0	0	0	0	0	0	0	0	0	0	0	0	0	0	0	0	0	0	0	0	117	0	0	2	0	0	134828	0	0	0	0	0	0	0	0	0	0	2	0	0	0	0	0	0	0	10	0	0	0	0	0	0	0	0	94	0	0	0	0	0	0	502	0	0	264	0	0	0	0	0	0	0	0	0	0	85	0	0	0	0	0	68	0	0
EHA02096_bin.23	0	3	0	0	1	0	0	0	0	0	0	0	0	1	6	0	0	8	0	0	0	0	0	0	0	5	0	2546	0	0	0	0	0	1	0	0	0	0	1171	0	0	0	0	0	6	0	1582	2	0	0	0	7	0	0	0	0	0	0	0	0	0	0	0	0	0	0	0	2279	0	0	0	0	0	2813	0	0	0	2	0	0	0	0	0	0	0	4	0	0	0	0	0	0	0	0	0	0	0	0	2	0	0	2208	0	0	0	0	0	1	4028	0	0	2494	0	0	0	0	0	0	0	0	0	0	2413	2	0	0	0	0	2497	18	0
EHA02096_bin.24	0	2	0	0	0	0	0	0	0	0	0	0	2	1	0	0	0	5	0	0	0	0	0	4	0	0	0	1993	0	0	2	0	0	0	0	0	0	0	1647	0	0	0	0	0	3	0	4435	2	0	0	0	0	0	0	0	0	0	0	0	0	0	0	0	1	0	0	0	2644	0	0	0	0	0	5431	0	0	0	0	0	0	0	0	0	0	0	0	0	0	0	0	0	0	1	0	0	0	0	0	0	0	0	3692	0	0	0	0	0	0	1995	0	0	6319	0	0	0	0	0	0	0	0	0	0	2046	0	0	0	0	0	2593	4	0
EHA02096_bin.25	0	0	0	0	0	0	0	0	0	0	0	0	0	0	4	0	0	0	0	0	0	0	0	0	0	0	0	9286	0	0	0	0	0	0	0	0	0	0	1072	0	0	0	0	0	0	0	764	0	0	0	0	0	0	0	0	0	0	0	0	0	0	0	0	0	0	0	0	6390	0	0	0	0	0	3737	0	0	0	0	0	0	0	0	0	0	0	0	0	0	0	0	0	0	0	0	0	0	0	0	0	0	0	4342	0	0	0	0	0	0	1832	0	0	348	0	0	0	0	0	0	0	0	0	0	2961	0	0	0	0	0	3663	2	0
EHA02096_bin.26	0	0	0	0	35	0	0	0	0	0	0	0	30	2	15	0	0	0	0	0	0	0	1	0	0	0	0	5	0	0	0	0	0	0	0	0	0	0	20	0	0	0	0	0	0	0	29	0	0	0	0	0	0	0	0	0	0	0	0	0	0	0	0	20	0	0	0	10	1	0	0	0	0	2006	0	0	0	0	0	0	0	0	1	11	0	0	0	0	0	0	0	0	3	0	0	0	0	0	18	0	0	4	0	0	0	0	2	4	12	0	0	82	0	0	0	0	0	0	0	0	0	0	15	1	0	0	0	0	15	10	0
EHA02096_bin.27	0	4	0	0	0	0	0	0	0	0	0	0	0	2	13	0	0	0	0	0	0	0	2	0	0	0	8	940	0	0	0	0	0	0	0	0	0	0	828	2	0	0	0	0	0	0	2418	0	0	0	0	2	0	0	0	0	0	0	0	0	0	1	0	13	0	0	0	1741	1	0	0	0	0	5111	0	0	0	0	0	0	2	0	0	1	0	0	0	0	0	0	0	0	2	0	0	0	0	0	10	0	0	2336	0	0	0	0	0	0	2884	0	0	1624	0	0	0	0	0	0	0	0	0	0	1299	0	0	0	0	0	443	41	0
EHA02096_bin.4	0	0	0	0	0	0	0	0	0	0	0	0	0	0	0	0	0	0	0	0	0	0	0	0	0	0	0	2302	0	0	0	0	0	0	0	0	0	0	1249	0	0	0	0	0	0	0	1448	0	0	0	0	0	0	0	0	0	0	0	0	0	0	0	0	0	0	0	0	1809	0	0	0	0	0	16720	0	0	0	0	0	0	0	0	0	0	0	0	0	0	0	0	0	0	0	0	0	0	0	0	0	0	0	1971	0	0	0	0	0	0	2210	0	0	2244	0	0	0	0	0	0	0	0	0	0	1329	0	0	0	0	0	3157	0	0
EHA02097_bin.11	0	0	0	0	0	0	0	0	0	0	0	0	0	0	2	0	0	0	0	0	0	0	0	0	0	0	0	5253	0	0	0	0	0	0	0	0	0	0	923	0	0	0	0	0	0	0	620	0	0	0	0	2	0	0	0	0	0	0	0	0	0	0	0	0	0	0	0	4969	0	0	0	0	0	4737	0	0	0	0	0	0	0	0	0	0	0	0	0	0	0	0	0	0	0	0	0	0	0	0	0	0	0	2584	0	0	0	0	0	0	3473	0	0	736	0	0	0	0	0	0	0	0	0	0	15151	0	0	0	0	0	7229	0	0
EHA02097_bin.12	59	190	32	7	509	0	0	0	0	2	34	1	4	749	5374	2	12	389	21	0	187	76	91	15	0	22	1935	75619	20	0	24	0	0	29	0	2	2	0	39410	13	0	0	4	6	136	2	89559	41	0	0	17	79	42	0	0	0	2	0	65	8	1	44	0	1859	0	0	30	70537	1555	0	168	0	0	128616	2	15	1	1737	0	0	1715	2	3	930	487	11	0	246	1	0	0	2	1635	0	0	2	0	0	1174	0	0	73540	0	25	0	0	47	37	78891	2	281	89482	0	0	0	0	0	0	1	2	30	6	104478	77	4	11	82	0	71414	945	0
EHA02097_bin.1	4	72	1	7	29	0	0	0	0	0	26	0	1	2156	8179	0	2	1	0	0	263	13	66	0	0	2	348	3219	251	0	218	0	0	0	0	0	0	0	741	0	0	0	0	11	0	14	947	89	0	0	2	64	1	0	0	0	0	0	9	0	0	9	0	37	0	0	0	272	955	0	96	0	0	266984	0	1	0	429	0	0	51	2	5	52	185	1	0	19	0	0	0	0	1126	0	0	0	0	0	191	0	0	676	2	5	14	2	2	13	7391	0	50	1711	0	0	0	0	0	0	0	0	2	2	472	7	0	0	2	0	485	35	0
EHA02097_bin.3	2	8	4	0	0	1	0	0	0	0	0	0	0	6	1	0	2	0	0	0	8	0	43	4	0	1	107	511	8	0	38	0	0	0	0	0	0	0	2787	30	0	0	0	0	0	0	4454	3	0	0	0	0	0	0	0	0	0	2	64	0	27	31	0	10	0	2	16	1228	2	0	16	0	0	8848	14	0	0	0	0	0	5	0	0	28	3	0	0	0	0	0	0	2	3	0	0	1	0	0	12	0	0	921	0	3	0	0	0	24	5760	1	0	5339	0	0	0	0	0	0	2	0	0	0	14135	21	2	14	0	0	5338	12	0
EHA02097_bin.4	0	8	0	0	1	0	0	0	0	0	0	0	1	129	1868	0	0	422	0	0	5	0	19	2	0	4	458	47503	2	0	6	0	0	3	0	0	0	0	1038	2	0	0	0	0	119	0	14845	2	0	0	0	1	0	0	0	0	0	0	0	0	0	4	0	35	0	0	0	2701	162	0	4	0	0	49004	0	0	0	56	0	0	477	0	0	159	2	0	0	1	0	0	0	0	511	0	0	0	0	0	182	0	0	1374	0	16	1	0	0	11	1902	0	3	22750	0	0	0	0	0	0	0	0	0	0	78468	0	0	0	0	0	2815	66	0
EHA02097_bin.5	0	11	0	4	4	0	0	0	0	0	0	0	4	12	69	0	0	0	0	0	0	0	15	0	0	0	36	12966	0	0	2	0	0	0	0	0	0	0	3090	0	0	0	0	0	0	0	8679	9	0	0	0	2	0	0	0	0	0	0	0	0	0	1	0	53	0	0	0	12681	4	0	0	0	0	7092	0	0	0	2	0	0	15	0	0	10	0	0	0	0	0	0	0	0	42	0	0	0	0	0	3	0	0	1249	0	0	0	0	0	1	12790	0	0	14731	0	0	0	0	0	0	0	0	0	0	8467	0	0	0	0	0	24087	38	0
EHA02097_bin.6	0	3	0	1	0	0	2	0	0	0	4	2	0	1	27	6	0	0	0	4	0	0	1	0	0	0	7	20021	0	0	4	0	0	0	0	2	0	0	19520	4	0	0	3	0	0	0	50418	2	2	0	0	2	0	0	0	0	0	2	0	0	5	0	0	37	0	6	4	14073	10	0	0	2	0	15608	4	0	2	0	2	0	4	0	0	13	0	0	0	0	4	0	0	4	5	4	0	0	0	0	5	2	0	5163	0	0	0	0	0	0	41208	0	0	22588	0	0	0	0	0	2	2	0	0	0	14750	2	0	0	0	0	55810	14	0
EHA02097_bin.8	0	6	0	0	1	0	0	0	0	0	2	0	0	3	28	0	0	0	1	0	2	1	1	0	0	0	5	7034	0	0	4	0	0	0	0	0	0	0	1282	0	0	0	0	0	0	0	50	13	0	0	0	30	0	0	0	0	0	0	3	0	0	1	0	4	0	0	0	54	8	0	2	0	0	327601	0	0	0	15	0	1	1	0	0	3	0	0	0	0	0	0	0	0	27	0	0	0	0	0	6	0	0	319	0	0	1	0	0	1	21719	0	0	75	0	0	0	0	0	0	0	0	0	2	44	0	0	0	0	0	152	15	0
EHA02097_bin.9	0	0	0	0	0	0	0	0	0	0	0	0	0	0	0	0	0	0	0	0	1	0	8	0	0	0	0	18	0	0	0	0	0	0	0	0	0	0	18	0	0	0	0	0	0	0	17	3	0	0	0	0	0	0	0	0	0	0	1	0	0	3	0	0	0	0	0	34	0	0	0	0	0	13301	0	0	0	0	0	0	0	0	0	0	0	1	0	0	0	0	0	0	0	0	0	0	0	0	0	0	0	36	0	0	0	0	0	2	7	0	0	12	0	0	0	0	0	0	0	0	0	0	57	0	0	0	0	0	15	0	0
EHA02098_bin.11	0	0	0	0	0	0	0	0	0	0	0	0	0	0	0	0	0	0	2	0	0	0	0	0	0	0	0	4191	0	0	0	0	0	0	0	0	0	0	65	0	0	0	0	2	0	0	95	0	0	0	0	2	0	0	0	0	0	0	0	0	0	0	0	0	0	0	0	130	0	0	0	0	0	4479	0	0	0	0	0	0	0	0	2	0	0	0	0	0	0	0	0	0	0	0	0	0	0	0	0	0	0	187	0	0	0	2	0	0	72	0	0	106	0	2	0	0	0	0	0	0	0	0	279	0	0	0	0	0	194	0	0
EHA02098_bin.13	0	1	0	4	3	0	0	0	0	0	0	0	0	1	14	0	0	0	0	0	0	0	0	0	0	0	3	792	0	0	0	0	0	0	0	0	0	0	1027	0	0	0	0	1	0	0	1456	0	0	0	0	0	0	0	0	0	0	0	0	0	0	0	0	6	0	0	0	1455	0	0	0	0	0	2845	0	0	0	0	0	0	1	0	0	4	0	0	0	0	0	0	0	0	9	0	0	0	0	0	3	0	0	3065	0	0	0	0	0	0	4478	0	0	1070	0	0	0	0	0	0	0	0	0	0	871	0	0	0	0	0	695	25	0
EHA02098_bin.17	0	0	0	0	0	0	0	0	0	0	0	0	0	0	2	0	3	3	0	0	0	0	1	0	0	0	0	10371	0	0	0	0	0	0	0	0	0	0	741	0	0	0	0	0	2	0	2369	0	0	0	0	13	0	0	0	0	0	0	0	0	0	0	0	0	0	0	0	5610	0	0	0	0	0	2887	0	0	0	1	0	0	0	0	0	4	6	0	0	2	0	0	0	0	11	0	0	0	0	0	3	0	0	869	0	0	0	0	0	0	886	0	0	2307	0	0	0	0	0	0	0	0	0	0	1983	2	0	0	0	0	5898	0	0
EHA02098_bin.19	0	85	0	0	24	0	0	0	0	0	0	0	0	42	5	0	0	0	2	0	10	0	12	0	0	0	2	468	0	0	0	0	0	0	0	0	0	0	370	0	0	0	0	0	0	0	168	10	0	0	0	2	2	0	0	0	0	0	0	0	0	0	0	146	0	0	0	88	1	0	10	0	0	183272	0	0	0	41	0	0	0	0	0	10	2	0	0	0	0	0	0	0	1	0	0	0	0	0	9	0	0	299	0	0	0	0	0	0	3181	0	2	155	0	0	0	0	0	0	0	0	1	0	112	0	0	0	0	0	247	42	0
EHA02098_bin.1	0	0	0	0	0	0	0	0	0	0	0	0	0	0	0	0	0	0	0	0	0	0	2	0	0	0	0	18177	0	0	0	0	0	0	0	0	0	0	191	0	0	0	0	0	0	0	715	0	0	0	0	2	0	0	0	0	0	0	0	0	0	0	0	0	0	0	0	95	0	0	0	0	0	765	0	0	0	0	0	0	0	0	0	0	0	0	0	0	0	0	0	0	2	0	0	0	0	0	0	0	0	991	0	0	0	0	0	0	1629	0	0	1323	0	0	0	0	0	0	0	0	0	0	22326	0	0	0	0	0	131	0	0
EHA02098_bin.21	0	0	0	0	0	0	0	0	0	0	0	0	0	0	0	0	0	0	0	0	0	0	0	0	0	0	0	56	0	0	0	0	0	0	0	0	0	0	10	0	0	0	0	0	0	0	8	0	0	0	0	0	0	0	0	0	0	0	0	0	0	0	0	0	0	0	0	14	0	0	0	0	0	2594	0	0	0	0	0	0	0	0	0	0	0	0	0	0	0	0	0	0	0	0	0	0	0	0	0	0	0	11	0	0	0	0	0	0	11	0	0	144	0	0	0	0	0	0	0	0	0	0	63	0	0	0	0	0	11	0	0
EHA02098_bin.22	0	0	0	0	0	0	0	0	0	0	0	0	0	0	0	0	0	0	0	0	0	0	0	0	0	0	0	822	0	0	0	0	0	0	0	0	0	0	0	0	0	0	0	0	0	0	32	0	0	0	0	0	0	0	0	0	0	0	0	0	0	0	0	0	0	0	0	86	0	0	0	0	0	5684	0	0	0	0	0	0	0	0	0	0	0	0	0	0	0	0	0	0	0	0	0	0	0	0	0	0	0	1150	0	0	0	0	0	0	846	0	0	266	0	0	0	0	0	0	0	0	0	0	1045	0	0	0	0	0	431	0	0
EHA02098_bin.23	0	0	0	0	0	0	0	0	0	0	0	2	1	0	13	0	0	2	0	0	0	0	0	0	0	0	13	3067	0	0	6	0	0	0	0	0	0	0	1565	0	0	0	0	10	2	0	6036	0	0	0	0	612	0	0	0	0	0	0	0	0	0	0	0	1	0	0	0	5079	0	0	2	0	0	9188	0	0	0	0	0	0	3	0	0	6	0	0	0	0	0	0	0	0	0	0	0	0	2	0	2	0	0	7684	0	0	0	0	0	0	6562	0	0	6265	0	0	0	0	0	0	0	0	2	0	3831	206	0	0	0	0	4505	5	0
EHA02098_bin.24	0	0	0	0	0	0	0	0	0	0	0	0	0	0	0	0	0	0	0	0	0	0	0	0	0	0	0	1	0	0	0	0	0	0	0	0	0	0	4	0	0	0	0	0	0	0	5	0	0	0	0	1	0	0	0	0	0	0	0	0	0	1	0	0	0	0	0	3	0	0	0	0	0	118	0	0	0	2	0	0	0	0	0	0	0	0	0	0	0	0	0	0	0	0	0	0	0	0	0	0	0	2	0	0	0	0	0	0	20	0	0	12	0	0	0	0	0	0	0	0	0	0	3	0	0	0	0	0	1	0	0
EHA02098_bin.26	0	6	0	0	481	0	0	0	0	0	0	0	192	65	142	0	0	0	1	0	10	0	41	10	0	122	20	47	0	0	6	0	0	0	0	0	0	0	46	7	0	0	0	4	1	0	188	0	0	0	4	37	3	0	0	0	0	0	85	0	1	80	0	170	0	0	0	102	22	0	11	0	0	8107	4	2	0	22	0	0	7	0	0	92	21	94	0	9	0	0	0	0	17	0	0	0	0	0	226	0	0	26	0	2	0	0	18	143	66	0	4	708	0	6	0	0	0	0	0	0	2	0	31	237	10	0	38	0	170	102	0
EHA02098_bin.27	8	37	0	0	2	0	0	0	0	0	0	0	0	5	34	0	0	9	7	0	1	3	324	4	0	0	1	3801	7	0	39	0	0	2	0	0	0	0	205	7	0	0	0	0	2	0	440	1	0	0	0	1	0	0	0	0	0	0	0	6	0	6	0	41	0	0	28	2259	37	0	0	0	0	5685	4	0	0	89	0	0	2	0	0	6	2	0	0	0	0	0	0	0	1	0	0	0	0	0	50	0	0	2354	0	0	0	0	0	1	357	0	2	821	0	0	0	0	0	0	0	0	1	0	1812	63	5	0	294	0	1916	283	0
EHA02098_bin.2	0	6	0	0	3	0	0	0	0	0	0	0	0	9	37	0	0	0	0	0	0	0	0	0	0	0	8	236	0	0	0	0	0	0	0	0	0	0	44	0	0	0	0	0	0	0	47	7	0	0	0	2	0	0	0	0	0	0	0	0	0	0	0	3	0	0	0	47	18	0	0	0	0	130594	0	0	0	24	0	0	8	0	0	1	0	0	0	0	0	0	0	0	13	0	0	0	0	0	16	0	0	42	0	0	0	0	0	0	267	0	0	194	0	0	0	0	0	0	0	0	0	0	53	3	0	0	0	0	41	0	0
EHA02098_bin.30	0	0	0	0	0	0	0	0	0	0	0	0	0	0	0	0	0	0	0	0	0	0	0	0	0	0	0	1789	0	0	0	0	0	0	0	0	0	0	1328	0	0	0	0	0	0	0	1653	0	0	0	0	0	0	0	0	0	0	0	0	0	0	0	0	0	0	0	0	766	0	0	0	0	0	1226	0	0	0	0	0	0	0	0	0	0	0	0	0	0	0	0	0	0	0	0	0	0	0	0	0	0	0	4712	0	0	0	0	0	0	3713	0	0	565	0	0	0	0	0	0	0	0	0	0	2791	0	0	0	0	0	1392	2	0
EHA02098_bin.31	0	0	0	0	0	0	0	0	0	0	0	0	0	0	0	0	0	0	0	0	0	0	0	0	0	0	0	224	0	0	0	0	0	0	0	0	0	0	113	0	0	0	0	0	0	0	156	0	0	0	0	0	0	0	0	0	0	0	0	0	0	0	0	0	0	0	0	431	0	0	0	0	0	103	0	0	0	0	0	0	0	0	0	0	0	0	0	0	0	0	0	0	1	0	0	0	0	0	0	0	0	147	0	0	0	0	0	0	163	0	0	65	0	0	0	0	0	0	0	0	0	0	531	0	0	0	0	0	260	0	0
EHA02098_bin.5	31	0	0	0	0	0	0	0	0	0	0	0	0	0	0	0	0	57	0	0	0	0	0	0	0	0	0	10	0	0	0	0	0	7	0	0	0	0	9	1	0	0	0	0	14	0	15	2	0	0	12	0	0	0	0	0	0	2	8	0	0	0	0	1	0	0	0	0	0	0	0	0	0	4	2	0	0	44	0	0	0	0	0	0	0	0	0	0	0	0	0	0	2	0	0	0	0	0	2	0	0	189	0	0	0	0	0	0	108	0	0	66	0	0	0	0	0	0	0	0	0	0	6	0	0	6	7	0	36	51	0
EHA02098_bin.8	0	8	0	0	7	0	0	0	0	0	0	0	0	8	7	0	0	0	0	0	0	0	0	0	0	0	5	1377	0	0	1	0	0	3	0	0	0	0	208	0	0	0	0	0	0	0	767	4	0	0	0	0	0	0	0	0	0	0	0	0	0	1	0	0	0	0	0	8604	3	0	0	0	0	13577	0	0	0	5	0	0	17	0	0	2	0	0	0	0	0	0	0	0	2	0	0	0	0	0	3	0	0	518	0	0	0	0	1	0	711	0	0	559	0	0	0	0	0	0	0	0	0	0	703	0	0	0	0	0	944	18	0
EHA02098_bin.9	0	10	0	0	2	0	0	0	0	0	0	0	0	0	21	0	0	0	0	0	0	0	1	0	0	0	8	421	0	0	0	0	0	0	0	0	0	0	123	0	0	0	0	0	0	0	7	2	0	0	0	1	0	0	0	0	0	0	0	0	0	0	0	2	0	0	0	7	0	0	0	0	0	9006	0	0	0	0	0	0	1	0	0	0	0	0	0	1	0	0	0	0	8	0	0	0	0	0	0	0	0	2	0	0	0	0	0	0	616	0	0	6	0	0	0	0	0	0	0	0	0	0	1	0	0	0	0	0	5	2	0
EHA02255_bin.10	0	0	0	0	0	0	0	0	0	0	0	0	2	3	0	0	0	0	0	0	3	6	53562	0	0	0	0	0	0	0	0	0	0	0	0	0	0	0	0	0	0	0	0	0	0	0	0	0	0	0	0	0	0	0	0	0	0	0	35	0	0	239	0	0	0	0	0	0	0	0	6	0	0	0	0	0	0	0	0	0	0	0	0	0	4	294	0	0	0	0	0	0	0	0	0	0	0	0	0	0	0	0	0	2	0	0	0	34	0	0	0	2	0	0	0	0	0	0	0	0	0	0	0	79	0	0	0	0	0	0	0
EHA02255_bin.11	0	0	0	2	0	0	0	0	0	0	0	0	0	1	0	0	0	0	0	0	1	0	209663	31	0	5	1	12	0	0	2	0	0	0	0	0	0	0	0	0	0	0	0	0	0	0	2	1	0	0	0	0	0	0	0	0	0	0	987	0	0	403	0	6	0	0	4	10	0	0	7	0	0	4	1	0	0	4	0	0	0	2	0	0	2	49	0	0	0	0	0	0	0	0	0	0	0	0	1	0	0	8	0	0	0	0	0	771	2	0	6	4	0	0	0	0	0	0	0	0	0	0	4	1284	0	0	0	0	8	15	0
EHA02255_bin.12	0	2	84	0	32	0	0	0	0	0	1	0	111	4	0	0	0	50	0	0	8	0	463288	25	0	1763	0	0	0	0	2	0	0	0	0	0	0	0	0	3	0	0	0	61	14	0	3	6	0	0	0	8	66	0	0	0	0	0	1649	0	0	1639	0	30	0	0	2	0	2	0	198	0	0	6	2	537	0	14	0	0	0	0	6	6	0	1717	0	1	0	0	0	0	0	0	0	0	0	0	15	0	0	4	0	64	0	0	172	4550	0	0	1	12	0	6	0	0	0	0	0	0	151	3	1	3257	2	0	3	0	0	22	0
EHA02255_bin.13	2	0	288	0	0	0	0	0	0	1	0	0	1	0	2	0	0	2	1	0	15	0	2537259	0	0	436	0	0	0	0	2	0	0	3	0	0	0	0	0	0	0	0	0	2	2	0	1	11	0	0	17	2	706	0	0	0	0	0	274	0	0	624	0	0	0	0	0	0	0	0	40	0	0	0	0	111	0	0	0	0	0	0	0	0	0	916	0	0	0	0	0	0	5	0	0	0	0	0	0	0	0	2	4	75	1	0	493	44046	0	4	0	0	0	3	0	0	0	0	0	0	622	0	0	214	0	0	0	0	0	0	0
EHA02255_bin.14	111	779	0	4	4	0	0	0	0	0	0	0	0	19	153	0	0	3198436	20	2	0	2	855825	229	0	25696	26	0	71	0	986	2	0	2177	2	0	0	0	1	83	0	0	0	0	1210542	0	7	3	0	0	914	5	0	0	0	0	0	5	341	4	0	13954	0	7	0	31	0	21	3	0	9	0	0	5	221	0	2	586	0	0	70	1	0	8	3	543	0	0	0	0	2	0	22	0	0	0	0	0	33	0	2	11	0	771	0	0	0	1340	17	0	3	12	2	0	0	0	0	0	0	0	0	0	5	1993	43	877	1040	0	52	9959	0
EHA02255_bin.15	0	0	0	0	27	0	0	0	0	0	0	0	0	3	0	0	0	271	0	0	0	0	4379997	0	0	2	0	0	0	0	0	0	0	0	0	0	0	0	1	0	0	0	0	0	121	0	0	0	0	0	0	0	0	0	0	0	0	0	8	0	0	282	0	0	0	0	0	1	0	0	0	0	0	0	0	0	0	0	0	0	0	0	0	0	0	2	0	1	0	0	0	0	0	0	0	0	0	0	0	0	0	0	0	0	0	0	0	62	0	0	0	0	0	0	0	0	0	0	0	0	0	0	0	335	0	0	0	0	0	6	0
EHA02255_bin.16	0	0	0	0	0	0	0	0	0	0	0	0	0	0	0	0	0	42	0	0	0	0	205249	0	0	124	0	0	0	0	0	0	0	0	0	0	0	0	0	0	0	0	0	0	8	0	0	3	0	0	0	0	0	0	0	0	0	0	456	0	0	31846	0	0	0	0	0	0	0	0	6	0	0	0	0	0	0	0	0	0	0	0	0	0	0	16229	0	0	0	0	0	0	0	0	0	0	0	0	0	0	0	0	0	0	0	0	0	42366	0	0	0	0	0	0	0	0	0	0	0	0	0	0	0	2641	0	0	0	0	0	0	0
EHA02255_bin.17	0	0	0	0	0	0	0	0	0	0	0	0	2	0	0	0	0	0	0	0	0	0	54874	0	0	0	0	0	0	0	0	0	0	0	0	0	0	0	0	0	0	0	0	0	0	0	0	0	0	0	0	0	0	0	0	0	0	0	13	0	0	65	0	0	0	0	0	0	0	0	1	0	0	0	0	0	0	0	0	0	0	0	0	0	0	4	0	0	0	0	0	0	0	0	0	0	0	0	0	0	0	0	0	0	0	0	2	4	0	0	0	0	0	0	0	0	0	0	0	0	0	0	0	24	0	0	0	0	0	6	0
EHA02255_bin.18	0	5	22	0	12	0	0	0	0	0	0	0	19	0	0	0	0	29	3	0	8	0	358553	8	0	785	0	0	1	0	4	0	0	2	0	0	0	0	2	0	0	0	0	6	13	0	2	3	0	0	4	0	11	0	0	0	0	0	4575	0	0	2484	0	2	0	0	2	0	0	0	38	0	0	0	1	107	0	0	0	0	0	0	3	1	1	2079	0	0	0	0	0	0	0	0	0	0	0	0	9	0	0	1	0	61	0	0	30	6207	0	0	0	2	0	0	0	0	0	0	0	0	41	0	0	9675	0	1	4	0	2	114	0
EHA02255_bin.19	927	3777	3	13	0	0	0	0	0	0	17	0	5	1029	3944	0	1096	49003	94	0	36	14	1402705	125	0	8365	1795	5	60	0	2041	0	0	446	132	0	2	0	0	93	0	0	0	2	19766	5	6	299	0	0	1199	368	3	0	0	0	0	4	10	53	5	21481	2	3663	0	9	361	4	1710	0	94	0	0	13	126	166	2	17227	2	0	1075	72	1	1634	130	1214	0	65	3	0	4	1	1526	0	4	12	2	0	4417	4	0	5	3	41	0	0	23	1132	3	12	329	9	0	1	0	0	0	0	0	0	3	13	12	2129	30	390	823	0	12	2388	0
EHA02255_bin.1	0	0	0	0	0	0	0	0	0	0	0	0	5	0	0	0	0	10	0	0	41	0	176426	0	0	42	0	0	0	0	0	0	0	0	0	0	0	0	1	0	0	0	0	0	8	0	1	1	0	0	0	4	0	0	0	0	0	0	47	0	0	97	0	0	0	0	0	0	0	0	44	0	0	0	0	0	0	0	0	0	0	0	0	0	0	53	0	0	0	0	0	0	0	0	0	0	0	0	0	0	0	2	0	1	0	0	1	156	0	0	0	7	0	0	0	0	0	0	0	0	1	0	0	137	0	0	0	0	0	2	0
EHA02255_bin.20	0	0	0	0	0	0	0	0	0	0	1	0	0	0	0	0	0	27	0	0	0	0	154872	0	0	13	0	0	0	0	0	0	0	0	0	0	0	0	0	0	0	0	0	0	15	0	0	0	0	0	0	0	0	0	0	0	0	0	18	0	0	37	0	0	0	0	0	0	0	0	0	0	0	0	1	0	0	0	0	0	0	0	0	0	0	25	0	0	0	0	0	0	0	0	0	0	0	0	0	0	0	0	0	2	0	0	0	2154	0	0	0	0	0	0	0	0	0	0	0	0	0	0	0	94	0	0	0	0	0	6	0
EHA02255_bin.21	135	0	678	0	1	0	0	0	0	0	6	0	1	7	7	0	9	267	4	0	58	1	243076	6	0	147	3	1	39	0	11	0	0	1	6	0	0	0	1	6	0	0	0	0	80	0	2	32	0	0	8	5	1102	0	0	0	0	2	2295	0	6	20765	0	2	0	0	0	0	0	0	118	0	0	1	0	257	0	58	0	0	8	0	3	4	6	2964	0	3	0	0	0	0	1	0	4	6	0	0	4	0	0	8	23	134	4	0	1017	587	4	3	12	5	0	2	0	0	0	0	0	0	965	0	0	4267	2	2	12	0	3	33	0
EHA02255_bin.22	2	0	6192	2	0	0	0	0	0	0	0	0	20	0	0	0	4	5	2	0	15	0	674240	0	0	47	0	0	0	0	0	0	0	0	0	0	0	0	0	2	0	0	0	2	4	4	1	29	0	0	86	2	7024	0	0	0	0	0	514	0	0	28763	0	0	0	0	0	0	0	0	84	0	0	0	0	1940	0	5	0	0	1	0	0	1	0	59	0	0	0	0	0	0	0	0	0	0	0	0	0	0	0	0	30	204	7	0	7941	153	1	0	2	0	0	8	0	0	0	0	0	0	6927	0	0	24	0	4	8	0	0	10	0
EHA02255_bin.23	0	0	0	0	0	0	0	0	0	0	0	0	0	0	0	0	0	0	0	0	0	0	37297	0	0	0	0	0	0	0	0	0	0	0	0	0	0	0	0	0	0	0	0	0	0	0	0	0	0	0	0	0	0	0	0	0	0	0	0	0	0	3	0	0	0	0	0	0	0	0	0	0	0	0	0	0	0	0	0	0	0	0	0	0	0	1	0	0	0	0	0	0	0	0	0	0	0	0	0	0	0	0	0	0	0	0	0	6	0	0	0	0	0	0	0	0	0	0	0	0	0	0	0	10	0	0	0	0	0	0	0
EHA02255_bin.24	1	0	10	8	2	0	0	0	0	0	0	0	0	3	4	0	0	5	0	0	80	0	168496	2	0	154	0	0	0	0	0	0	0	0	0	0	0	0	0	0	0	0	0	0	3	0	6	15	0	0	0	0	4	0	0	0	0	0	3184	0	0	10641	0	0	0	0	0	0	0	0	81	0	0	18	0	0	0	0	0	0	2	0	0	0	0	542	0	2	0	0	0	0	0	0	0	0	0	0	0	0	0	0	0	29	0	0	3	4995	2	0	0	16	0	5	0	0	0	0	0	0	0	1	1	515	0	0	0	0	2	4	0
EHA02255_bin.25	0	0	1	1	2	0	0	0	0	0	0	0	5	0	0	0	0	18	9	0	95	0	423950	0	0	1252	0	1	0	0	0	0	0	0	0	0	0	0	0	0	0	0	0	1	25	0	36	22	0	0	0	2	1	0	0	0	0	0	8694	0	0	38216	0	0	0	0	0	0	0	0	573	0	0	24	8	0	0	0	0	0	0	0	0	0	0	6909	0	0	0	0	1	0	4	0	0	0	0	0	0	0	0	9	4	2	0	0	0	25566	0	0	0	50	0	1	0	0	0	0	0	0	0	0	0	7231	0	0	0	0	5	2	0
EHA02255_bin.26	0	0	6	1	0	0	0	0	0	0	6	0	0	0	0	0	0	0	0	0	3	0	383527	0	0	8	0	0	0	0	0	0	0	0	0	0	0	0	0	0	0	0	0	0	0	0	0	12	0	0	0	14	0	0	0	0	0	0	118	0	0	295	0	0	0	0	0	0	0	0	6	0	0	0	0	0	0	0	0	0	0	6	0	0	0	9	0	0	0	0	0	0	0	0	0	0	0	0	0	0	0	0	0	0	0	0	0	286	0	0	0	0	0	0	0	0	0	0	0	0	0	0	0	161	0	0	0	0	0	0	0
EHA02255_bin.27	0	0	0	0	0	0	0	0	0	0	0	0	0	0	0	0	0	4	0	0	0	0	150168	0	0	0	0	0	0	0	0	0	0	0	0	0	0	0	0	0	0	0	0	0	0	0	0	0	0	0	0	0	0	0	0	0	0	0	441	0	0	2801	0	0	0	0	0	0	0	0	0	0	0	0	0	0	0	0	0	0	0	0	0	0	0	1021	0	0	0	0	0	0	0	0	0	0	0	0	0	0	0	0	0	0	0	0	0	37590	0	0	0	0	0	0	0	0	0	0	0	0	0	0	0	4458	0	0	0	0	0	0	0
EHA02255_bin.28	0	0	2	0	0	0	0	0	0	0	0	0	2	2	1	0	4	109	5	0	0	0	457547	1	0	12	0	0	0	0	4	0	0	2	0	0	0	0	2	5	0	0	0	6	34	0	0	0	0	0	1	0	0	0	0	0	0	0	145	2	0	254	0	0	0	0	0	0	0	0	2	0	0	0	0	1	0	6	0	0	2	0	0	0	0	28	0	10	0	0	0	0	0	0	0	0	0	0	4	0	0	0	0	0	0	0	2	504	0	0	8	0	0	0	0	0	0	0	0	0	0	0	0	264	2	0	0	0	0	4	0
EHA02255_bin.29	2	0	393	3	18	0	0	0	0	0	0	0	4	18	0	0	6	623	7	0	57	0	1671082	3	0	7341	0	0	0	0	0	0	0	0	2	0	0	0	0	1	0	0	0	5	254	0	11	17	0	0	0	4	204	0	0	0	2	0	104654	0	0	42405	1	2	0	0	0	1	0	0	188	0	0	2	5	143	0	0	0	0	0	2	2	0	0	67173	0	4	0	0	0	0	2	0	0	0	0	0	1	0	0	4	6	52	0	0	389	107037	0	1	10	7	0	5	0	0	0	0	0	0	265	0	0	77818	0	2	2	0	0	10	0
EHA02255_bin.2	0	0	0	0	0	0	0	0	0	0	0	0	0	0	0	0	0	53	0	0	0	0	221444	0	0	1785	0	0	0	0	2	0	0	0	0	0	0	0	0	0	0	0	0	0	21	0	0	2	0	0	0	0	0	0	0	0	0	0	592	0	0	15992	0	0	0	0	0	0	0	0	2	0	0	0	0	0	0	0	0	0	0	0	0	0	0	18781	0	0	0	0	0	0	0	0	0	0	0	0	0	0	0	0	0	20	0	0	0	51911	0	0	0	0	0	0	0	0	0	0	0	0	0	0	0	55673	0	0	0	0	0	0	0
EHA02255_bin.30	0	15	18	0	22	0	0	0	0	0	0	0	0	29	0	0	0	16	0	0	9	2	487938	0	0	57	0	2	0	0	0	0	0	0	0	0	0	0	2	0	0	0	0	0	4	0	0	18	0	0	0	4	0	0	0	0	0	0	36093	0	0	3784	0	75	0	0	4	0	0	0	19	0	0	0	0	0	0	0	0	0	0	0	0	30	0	471	0	0	0	0	0	0	42	0	0	0	0	0	0	0	0	8	0	0	0	0	0	36209	1	0	4	0	0	0	0	0	0	0	0	0	0	0	0	10973	0	0	0	0	0	28	0
EHA02255_bin.31	557	3271	2	2	6	2	0	0	0	0	21	2	12	114	516	2	571	141	269	2	32	24	190708	271	0	128	300	8	16	0	573	0	0	192	117	0	0	2	2	64	0	0	0	16	56	0	3	19	0	0	256	101	6	0	0	0	0	7	53	43	0	36	0	663	0	12	122	6	174	0	60	0	0	0	116	6	1	2364	0	0	110	6	51	246	160	80	0	108	2	0	0	4	159	0	0	0	4	0	627	0	0	20	4	0	1	0	5	165	0	0	105	3	0	5	0	0	0	0	0	0	5	2	3	55	33	279	671	0	14	2993	0
EHA02255_bin.32	2	25	0	0	2	0	0	0	0	0	0	0	0	7	24	2	0	332	0	0	0	0	142960	14	0	3963	1	0	0	0	3	0	0	2	0	0	0	0	0	0	0	0	0	0	187	0	0	2	0	0	2	0	0	0	0	0	0	0	9150	0	0	21710	0	3	0	0	6	0	0	0	4	0	0	0	2	0	0	118	0	0	0	0	0	4	0	7242	0	0	0	0	0	0	5	0	0	0	0	0	1	0	0	0	0	433	0	0	0	8396	0	0	0	0	0	0	0	0	0	0	0	0	0	0	1	16597	0	10	8	0	1	129	0
EHA02255_bin.33	191	991	0	7	3	0	0	0	0	0	44	0	0	441	1889	0	89	6714	451	0	58	60	1187312	494	0	164	897	30	36	0	296	0	0	402	12	1	0	2	45	91	0	0	0	3	2801	4	58	27	0	0	368	53	0	0	0	0	0	9	28	65	2	519	0	2068	0	13	231	43	440	0	124	0	0	4	152	8	2	2506	2	0	269	2	0	733	597	159	0	155	7	0	0	0	643	0	2	2	0	0	2152	0	0	46	4	1	0	0	1	8	49	0	128	25	0	0	0	0	0	0	0	0	0	0	24	1406	66	522	1584	0	24	5168	0
EHA02255_bin.34	201	6382	0	6	0	0	0	0	0	0	33	0	4	1628	971	0	83	222090	36	0	1	2	106544	108	0	3919	85	6	299	0	1202	0	0	5364	22	0	2	0	0	57	0	0	0	0	78823	10	0	51	0	0	891	366	0	0	0	0	0	15	110	10	2	26936	0	22	0	3	14	0	46	0	8	0	0	5	42	4	0	23206	0	0	212	3	0	218	46	628	0	36	0	0	2	0	24	0	2	0	0	0	189	0	0	0	0	66	2	0	103	1977	0	2	27	0	2	0	0	0	0	0	0	2	0	0	7	83888	6	1218	2447	0	1	2949	0
EHA02255_bin.36	449	2098	0	0	0	0	0	0	0	0	22	0	0	722	1461	0	67	116831	8	0	2	6	292128	10	0	2147	263	0	995	0	3176	0	0	7970	0	0	0	0	0	30	0	0	0	0	42387	0	0	208	0	0	4083	86	0	0	0	0	0	0	265	8	0	87747	0	18	0	0	44	0	25	0	14	0	0	0	28	0	0	22643	0	0	173	1	0	11	48	860	0	9	0	0	8	0	38	0	0	0	0	0	252	0	0	0	0	36	0	0	124	5578	0	4	28	2	0	0	0	0	0	1	0	0	0	2	8	72961	6	1070	362	0	0	2440	0
EHA02255_bin.37	51	2956	0	4	0	0	0	0	0	0	4	0	8	810	489	0	61	90164	29	1	0	0	115561	43	0	1109	47	5	211	0	480	0	0	1091	2	0	0	0	0	21	0	0	0	0	32102	2	0	16	0	0	534	117	2	0	0	0	0	15	114	2	2	34891	0	6	0	0	5	0	8	0	0	0	0	7	21	0	0	12936	0	0	71	2	0	124	18	458	0	1	0	0	0	1	15	0	0	0	0	0	118	4	0	0	0	13	0	0	26	2140	0	6	6	0	0	0	0	0	0	2	0	0	0	0	1	56291	0	658	933	0	0	1453	0
EHA02255_bin.39	42	474	0	2	0	0	0	0	0	0	0	0	0	40	278	0	6	388932	0	0	0	2	1018043	0	0	5730	46	0	52	0	123	0	0	215	4	0	0	0	0	10	0	0	0	0	158254	0	0	2	0	0	74	2	0	0	0	0	0	0	1198	0	1	106125	0	1	0	0	2	0	4	0	0	0	0	0	6	0	0	1762	0	0	44	2	0	1	2	333	0	4	0	0	1	0	2	0	0	0	0	0	66	0	0	0	0	253	0	0	88	6667	0	2	8	0	0	0	0	0	0	0	0	0	0	0	2	114887	0	91	30	0	2	751	0
EHA02255_bin.3	0	0	274	8	10	0	0	0	0	0	0	0	5	9	0	0	6	278	12	0	137	2	2621474	2	0	685	0	3	0	0	2	0	0	0	0	0	0	0	3	0	0	0	0	0	166	0	18	108	0	0	0	6	56	0	0	0	0	0	5026	0	2	24661	0	0	0	0	0	1	0	0	1149	0	0	5	2	11	0	0	0	0	0	0	2	2	0	2185	0	0	0	0	0	0	15	0	0	0	0	0	7	0	0	6	4	84	0	0	28	11555	8	2	2	24	0	9	0	0	0	0	0	0	43	0	0	11486	0	0	0	0	7	7	0
EHA02255_bin.40	0	0	0	0	0	0	0	0	0	0	0	0	0	0	0	0	0	4	0	0	0	0	133249	0	0	1560	0	0	0	0	0	0	0	0	0	0	0	0	0	0	0	0	0	0	2	0	0	0	0	0	0	0	0	0	0	0	0	0	21353	0	0	58339	0	0	0	0	0	0	0	0	0	0	0	0	0	0	0	0	0	0	0	0	0	0	0	1947	0	0	0	0	0	0	0	0	0	0	0	0	0	0	0	0	0	0	0	0	0	4594	0	0	0	0	0	0	0	0	0	0	0	0	0	0	0	4781	0	0	0	0	0	0	0
EHA02255_bin.5	0	0	0	0	1	0	0	0	0	0	0	0	0	0	0	0	0	0	0	0	0	0	1241780	0	0	8	0	0	0	0	0	0	0	0	0	0	0	0	0	0	0	0	0	0	0	0	0	3	0	0	0	0	0	0	0	0	0	0	257	0	0	572	0	0	0	0	0	0	0	0	5	0	0	0	0	0	0	0	0	0	0	0	0	0	0	28	0	0	0	0	0	0	0	0	0	0	0	0	0	0	0	0	0	0	0	0	0	1632	0	0	0	0	0	2	0	0	0	0	0	0	0	0	0	1676	0	0	0	0	0	2	0
EHA02255_bin.6	0	0	0	0	7	0	0	0	0	0	0	0	0	7	0	0	0	22	2	0	22	0	217236	0	0	242	0	2	0	0	0	0	0	0	0	0	0	0	0	0	0	0	0	0	10	0	1	2	0	0	0	1	0	0	0	0	0	0	3070	0	0	13535	0	0	0	0	0	0	0	0	36	0	0	0	0	0	0	0	0	0	0	0	0	0	0	4290	0	0	0	0	0	0	0	0	0	0	0	0	0	0	0	0	0	0	0	0	0	10596	0	0	0	7	0	0	0	0	0	0	0	0	0	0	0	115562	0	0	0	0	0	0	0
EHA02255_bin.7	0	0	0	0	0	0	0	0	0	0	0	0	0	0	0	0	0	2	0	0	0	0	149598	0	0	119	0	0	0	0	0	0	0	0	0	0	0	0	0	0	0	0	0	0	0	0	0	0	0	0	0	0	0	0	0	0	0	0	35360	0	0	543	0	0	0	0	0	0	0	0	4	0	0	0	0	0	0	0	0	0	0	0	0	0	0	10	0	0	0	0	0	0	0	0	0	0	0	0	0	0	0	0	0	0	0	0	0	21244	0	0	0	0	0	0	0	0	0	0	0	0	0	0	0	61	0	0	0	0	0	0	0
EHA02255_bin.8	0	0	232	0	0	0	0	0	0	0	25	0	0	2	0	0	0	8	0	0	14	0	344051	0	0	255	0	0	0	0	0	0	0	0	0	0	0	0	0	0	0	0	0	0	2	0	0	156	0	0	2	21	0	0	0	0	0	0	2550	0	0	3160	0	0	0	0	0	0	0	0	202	0	0	0	0	0	0	0	0	0	0	6	0	1	0	8587	0	0	0	0	0	0	0	0	0	0	0	0	0	0	0	0	0	0	0	0	0	222911	0	0	2	0	0	0	0	0	0	0	0	0	0	0	0	9845	0	0	0	0	0	0	0
EHA02255_bin.9	0	0	46	0	232	0	0	0	0	0	0	0	48	11	0	0	2	774	7	0	42	0	844471	15	0	288	0	4	2	0	0	0	0	2	0	0	0	0	0	2	0	0	0	201	320	0	9	7	0	0	0	4	8	0	0	0	0	0	7499	0	1	7396	0	5	0	0	2	3	0	0	243	0	0	2	2	34	0	1	0	0	0	11	37	2	0	7652	0	2	0	0	0	0	0	0	0	0	0	0	12	0	0	3	0	16	0	0	38	5604	0	0	0	33	0	17	0	2	0	0	0	0	33	2	0	18878	2	0	1	0	2	90	0
EHA02258_bin.10	0	7	0	0	0	0	0	0	0	0	5	0	0	20	787	0	0	114699	0	4	0	0	78048	0	0	64170	190	0	0	0	689	0	0	89	0	0	0	0	0	0	0	0	0	0	46462	1	0	431	0	0	28	78	0	0	0	0	0	0	18	0	0	12634	0	0	0	0	10	0	9	0	3	0	0	0	8	3	0	20472	0	0	656	2	0	21	0	18044	0	0	0	0	0	0	139	0	4	0	0	0	3	0	0	0	0	296	0	0	0	141	0	0	0	0	0	0	0	0	0	0	0	0	0	0	0	3038	0	2	2	0	0	62	0
EHA02258_bin.11	551	4223	0	3	0	0	0	0	0	0	2	0	0	401	970	0	1053	15349	48	0	0	2	3133	29	0	315468	139	0	50	0	775	0	0	251	86	0	0	0	0	16	0	0	0	0	5385	0	0	9	0	0	351	112	0	0	0	0	0	6	7	9	0	3662	0	8	0	8	12	0	192	0	0	0	0	0	53	60	0	15386	0	0	540	14	0	707	25	405	0	3	0	0	0	0	106	0	0	0	0	0	271	4	0	0	0	10	0	2	232	715	0	1	156	0	0	0	0	0	0	0	0	0	0	7	0	6347	8	284	489	0	2	1193	0
EHA02258_bin.12	393	936	0	6	0	0	0	0	0	0	8	0	0	540	5487	0	51	827372	7	0	6	8	512276	4	0	107802	1123	1	681	0	1913	0	0	3037	8	0	1	0	0	12	0	0	2	0	306436	1	0	15	0	0	901	14	0	0	0	2	2	0	2267	0	0	2997178	0	15	0	0	17	0	50	0	3	0	0	0	56	2	0	37098	0	0	1016	0	0	35	17	12507	0	9	0	0	0	1	59	0	0	4	0	0	121	0	0	0	3	438	0	0	3721	209350	0	2	19	0	0	0	0	4	0	0	0	0	0	0	8	1547885	1	717	241	0	0	2328	0
EHA02258_bin.16	0	0	0	0	7	0	0	0	0	0	3	0	2	0	0	0	14	12709	0	0	10	4	3831	0	0	539426	0	0	0	0	0	0	0	0	2	0	0	0	0	2	0	0	0	5	4272	8	0	8	0	0	0	47	0	0	0	0	0	0	1077	0	0	91016	0	0	0	0	4	0	0	0	123	0	0	0	0	122	0	0	0	0	0	0	5	0	0	32546	0	0	0	0	0	0	0	0	0	0	0	0	0	0	0	0	1	6201	0	0	5	622	0	0	0	0	0	36	0	0	0	0	0	0	0	0	0	99086	0	0	0	0	0	18	0
EHA02258_bin.17	0	0	0	0	0	0	0	0	0	0	0	0	0	2	0	0	3	17545	2	0	0	0	43	0	0	181792	0	0	0	0	2	0	0	0	0	0	0	0	0	1	0	0	0	0	5891	0	0	3	0	0	0	0	0	0	0	0	0	0	5846	0	0	84364	0	0	0	0	0	0	0	0	2	0	0	0	0	168	0	1	0	0	0	0	0	0	0	36115	0	0	0	0	0	0	0	0	0	1	0	0	0	0	0	0	2	16868	0	0	5	16830	0	0	0	0	0	0	0	0	0	0	0	0	0	0	0	918904	0	0	0	0	0	1	0
EHA02258_bin.20	0	0	0	0	0	0	0	0	0	0	0	0	10	0	0	0	0	46293	0	0	0	0	1148	0	0	168058	0	0	0	0	4	0	0	0	0	0	0	0	0	0	0	0	0	0	15133	0	0	0	0	0	0	8	0	0	0	0	0	0	751	0	0	50811	0	0	0	0	0	0	0	0	3	0	0	0	0	546	0	2	0	0	0	0	35	0	0	24299	0	0	0	0	0	0	0	0	0	0	0	0	0	0	0	0	0	24439	0	0	12	2597	0	0	0	0	0	65	0	0	0	0	0	0	0	0	0	204247	0	0	0	0	0	0	0
EHA02258_bin.21	0	0	20	0	15	0	0	0	0	0	0	0	14	0	0	0	3	4683	1	0	3	0	7167	6	0	626939	0	0	0	0	0	0	0	0	0	0	0	0	0	2	0	0	0	25	1599	0	0	2	0	0	2	0	3	0	0	0	0	0	130029	0	0	220197	0	0	0	0	0	0	0	0	124	0	2	2	1	15	0	0	0	0	0	0	1	0	0	401417	0	2	0	0	0	0	0	0	0	0	0	0	3	0	0	0	2	17098	0	0	11	635132	0	0	1	3	0	4	0	0	0	0	0	0	0	0	0	252854	0	0	0	0	2	102	0
EHA02258_bin.2	0	0	356	5	6	0	0	0	0	0	0	2	5	0	0	0	6	43	0	0	23	0	126709	1	0	158701	0	0	0	0	0	0	0	0	0	0	0	0	0	0	0	0	0	9	22	2	1	54	0	0	0	0	837	0	0	0	0	0	922	0	0	55849	0	0	0	0	0	0	0	0	140	0	0	0	0	90	0	0	0	0	0	0	0	0	0	21765	0	0	0	0	0	0	0	0	0	0	0	0	1	0	0	2	20	1123	5	0	640	36445	8	2	0	5	0	9	0	0	0	0	0	0	825	0	0	2339	0	0	5	0	0	2	0
EHA02258_bin.3	0	0	48	0	8	0	0	0	0	0	2	0	31	0	0	0	0	295	0	0	3	0	5258	0	0	147274	0	3	0	0	0	0	0	0	0	0	0	0	0	0	0	0	0	13	82	0	2	3	0	0	0	1	30	0	0	0	0	0	2710	0	0	4078	0	0	0	0	0	0	0	0	35	0	0	0	2	311	0	10	0	0	0	0	2	0	0	47901	0	0	0	0	0	0	0	0	0	0	0	0	2	0	0	0	0	631	0	0	98	33313	0	0	0	1	0	0	0	0	0	0	0	0	71	0	0	5150	0	0	0	0	0	10	0
EHA02258_bin.5	18	14	0	2	0	0	0	0	0	0	2	0	1	68	1721	0	21	1663	4	0	2	2	1217	8	0	350746	375	5	2	0	5576	0	0	1968	0	0	0	0	0	6	0	0	0	1	575	0	2	32	0	0	656	122	0	0	0	0	4	0	18	2	0	121	0	7	0	0	6	2	11	0	3	0	0	3	3	3	0	5535	0	0	3100	0	0	10	11	810	0	5	0	0	0	0	161	0	0	1	0	0	6	2	0	2	0	52	0	0	1	27	1	0	6	0	0	1	0	1	0	0	0	0	0	0	1	205	2	11	44	0	2	598	0
EHA02258_bin.6	0	0	1	0	23	0	0	0	0	0	0	0	5	2	0	0	0	65	1	0	0	0	239	3	0	309053	0	2	0	0	2	0	0	0	0	0	0	0	0	0	0	0	0	21	14	0	1	0	0	0	0	0	3	0	0	0	0	0	942	0	4	4421	0	2	0	0	0	0	0	0	38	0	0	0	3	29	0	0	0	0	0	0	6	0	0	4198	0	0	0	0	0	0	0	0	0	0	0	0	2	0	0	0	0	359	0	0	9	4613	0	0	4	0	0	0	2	0	0	0	0	0	2	0	0	12398	0	0	0	0	0	24	0
EHA02258_bin.7	156	2	10508	32	23	0	0	0	1	2	32	3	120	0	0	0	129	31	8	0	33	40	15394	3	0	124839	0	4	19	0	14	0	2	1	0	0	4	2	2	12	0	0	2	21	13	6	23	2701	0	1	7	12	15725	0	0	0	0	7	1619	0	0	14177	0	0	0	0	10	0	8	0	2810	0	0	0	0	3969	0	4	0	0	0	20	2	0	27	3851	0	79	0	0	4	0	2	0	0	3	0	0	50	0	0	3	1864	91864	577	0	13476	41229	33	11	84	15	0	9	0	4	0	0	0	9	13735	109	4	2167	0	13	17	0	5	10	0
EHA02258_bin.8	295	52	228	2	6	0	0	0	0	0	0	8	35	4	2	0	169	3469	114	0	111	6	704	4	0	768843	0	2	74	0	39	0	0	519	0	0	0	0	28	96	0	0	0	40	1111	5	31	1783	0	2	1196	201	231	0	0	0	0	21	1369	0	20	14607	0	70	0	4	0	2	15	0	3467	0	0	0	0	89	0	1139	0	0	3	13	3	2	4	884	0	0	0	0	1	2	7	0	2	0	0	0	444	0	0	14	679	107809	82	0	686	543	0	0	417	51	0	0	0	2	0	0	0	4	241	42	0	789	0	2028	399	0	6	1192	0
EHA02258_bin.9	0	2	0	2	0	0	0	0	0	0	3	0	6	0	0	0	2	1079	2	0	0	0	8	0	0	309834	0	0	0	0	2	0	0	0	0	0	0	0	0	0	0	0	0	0	387	0	0	2	0	0	4	4	0	0	0	0	0	0	116	0	0	3512	0	0	0	2	0	0	0	0	1	0	0	0	0	15	0	3	0	0	2	0	0	0	1	2379	0	2	0	0	0	0	0	0	0	0	0	0	2	0	0	0	0	207	0	0	0	205	0	0	2	0	0	0	0	0	0	0	0	0	0	0	0	1577	0	0	3	0	0	5	0
EHA02262_bin.10	0	0	47	0	0	0	0	0	0	0	7	0	16	0	0	0	266	294718	8	0	0	0	10693	4	0	922458	0	0	0	0	7	0	0	2	0	0	0	0	0	20	0	0	0	2	97050	0	0	25	0	0	1	22	6	0	0	0	0	0	22986	0	2	74027	0	0	0	0	0	0	0	0	8	0	0	0	2	698	0	4	0	0	0	0	0	0	5	1149198	0	4	0	0	0	0	0	0	0	0	0	0	11	0	0	0	20	2898	0	0	274	947	0	0	6	0	0	0	0	0	0	0	0	0	3	6	0	109822	0	0	4	0	0	28	0
EHA02262_bin.11	22	9	5	6	26	9	8	43	20	2	4	4	13	1	0	11	12	1566	1	6	6	2	56424	12	75	612699	0	0	6	10	44	11	20	10	11	9	7	12	0	3	6	83	9	13	668	5	2	0	5	10	11	59	7	2	110	45	5	2	28408	2	1	256365	64	0	27	2	13	6	0	78	106	126	4	0	12	6	1	0	3	18	0	0	4	0	0	711213	20	6	17	11	3	12	0	8	0	2	3	41	1	11	10	0	0	1600	0	64	7	62517	5	0	0	1	17	0	23	16	22	0	9	76	11	2	0	40895	16	25	13	19	0	55	2
EHA02262_bin.12	339	1774	12	38	137	0	0	0	0	0	90	0	306	827	4396	0	537	110796	39	0	3	6	54972	24	1	31426	1997	0	302	0	1562	0	0	1497	14	2	0	0	0	23	4	0	0	3481	42360	4	5	134	0	0	1749	202	22	0	0	0	0	8	5785	16	4	1192185	0	14	0	2	129	0	279	6	79	0	0	2	68	472	0	81954	6	0	3503	29	49	1188	33	119420	0	14	5	0	7	2	759	0	0	6	0	0	360	4	0	6	0	928	0	0	1225	89168	2	46	99	0	0	94	0	12	0	6	0	0	60	4	3	592506	13	414	319	0	4	1595	2
EHA02262_bin.13	2	0	7	2	42	0	0	0	0	2	0	0	12	67	0	0	6	1229	0	1	21	0	6069	15	0	70923	0	0	0	0	0	0	1	0	3	0	0	1	0	4	5	0	0	49	341	0	7	2	0	0	0	2	2	0	0	2	0	0	78678	3	2	93448	0	7	0	0	0	1	8	0	59	2	0	9	2	6	0	1	2	0	0	1	8	0	1	278163	0	6	4	2	1	2	0	2	1	0	0	0	4	0	0	2	0	3014	0	0	11	613281	0	2	0	6	0	3	0	1	0	0	0	0	9	0	3	115919	0	0	4	0	2	44	1
EHA02262_bin.1	0	0	0	6	0	0	0	0	0	0	0	0	15	1	0	0	8	30142	1	0	3	0	585	0	0	1668157	1	0	0	0	25	0	0	0	0	0	0	0	0	0	0	0	0	0	9961	0	0	2	0	0	0	34	0	0	0	0	0	0	934	0	0	2388	0	4	0	0	2	1	2	0	3	0	0	0	1	1277	0	170	0	0	0	0	2	2	7	233046	0	0	0	0	0	0	0	0	0	0	0	0	2	0	0	0	1	1627	1	0	69	553	0	0	0	0	0	5	0	0	0	0	0	0	6	0	0	9204	0	0	10	0	2	39	0
EHA02262_bin.2	35	576	0	2	0	0	0	0	0	0	9	0	38	438	833	0	12	55202	1	0	4	2	8585	46	0	33830	576	22	95	0	371	0	0	734	0	0	0	0	1	30	0	0	0	2	17738	7	0	31	0	0	198	19	0	0	0	0	0	2	1936	0	8	56118	0	470	0	4	16	2	60	0	21	0	0	0	14	182	0	8800	0	0	538	0	2	72	32	55737	0	42	0	0	0	0	101	0	0	3	0	0	133	0	0	5	0	2240	0	0	51	25275	0	2	51	2	0	5	0	0	0	0	0	0	0	0	17	91159	4	188	106	0	10	932	0
EHA02262_bin.4	0	0	13	0	2	0	0	0	0	0	0	0	6	2	0	0	4	5760	1	0	6	6	23169	0	0	4122168	0	0	0	0	16	0	0	0	0	0	0	0	0	0	0	0	0	3	1598	0	3	0	0	0	0	0	0	0	0	0	0	0	14583	0	0	122368	0	0	0	0	2	0	0	0	43	0	0	2	0	4	0	0	0	0	0	0	2	0	0	2370402	0	0	0	0	0	0	0	0	0	0	0	0	2	0	0	0	0	30973	0	0	6	136886	0	0	1	5	0	0	0	0	0	0	0	0	6	0	0	29439	0	0	0	0	0	16	0
EHA02262_bin.5	0	0	22	0	8	1	0	2	0	0	0	0	9	5	0	0	0	861	4	0	6	0	7706	5	0	516316	0	1	0	0	0	0	0	0	0	0	0	0	0	0	0	0	0	15	276	0	2	10	0	0	0	6	18	0	0	0	0	0	114071	0	0	151790	0	0	0	0	0	0	0	0	105	0	0	4	0	98	0	0	0	0	0	0	8	0	3	1288263	0	2	0	0	0	0	2	0	0	0	0	0	11	0	0	3	0	5464	0	0	21	394708	0	0	0	4	0	8	0	0	0	0	0	0	17	0	1	281181	2	0	0	0	8	38	0
EHA02262_bin.6	0	0	12	4	11	2	0	0	0	0	0	2	3	1	0	0	0	8525	2	0	2	0	6968	7	0	524810	0	7	0	0	0	0	1	0	0	0	0	0	0	0	0	0	0	9	3165	0	1	2	0	0	2	4	2	0	0	0	0	0	141014	0	2	222289	0	1	0	0	2	2	0	0	100	0	0	18	0	23	0	0	3	0	2	0	5	0	0	680549	0	2	0	0	0	0	1	0	0	0	0	0	2	0	0	0	0	23115	0	4	19	532687	4	0	0	2	0	0	0	4	0	0	2	0	10	0	2	328102	0	0	0	0	1	60	0
EHA02262_bin.7	2	3	0	60	0	0	2	0	0	0	11	3	3	1	0	0	1	41467	0	2	0	4	2628	9	2	133487	0	0	2	0	19	0	0	6	0	0	10	0	0	0	2	0	0	0	33937	7	0	3	0	0	3	10	0	0	0	0	0	2	112189	0	0	15878	0	0	0	2	0	0	0	0	1	0	0	0	0	1	2	463	0	0	0	0	1	0	0	163055	0	11	0	2	0	4	0	0	0	0	0	0	7	0	0	0	1	442	2	4	0	62934	0	11	4	0	3	0	0	0	0	0	0	1	0	0	0	331329	0	3	2	0	0	155	2
EHA02262_bin.8	0	0	2047	2	1	0	0	0	0	0	0	0	4	0	3	0	2	52	0	0	56	0	69954	6	0	9903	0	3	0	0	0	0	0	0	0	0	0	0	2	0	0	0	0	0	34	2	8	43	0	0	2	7	2470	0	0	0	0	0	1848	0	8	11891	0	0	0	0	0	0	1	0	377	0	0	3	2	664	0	4	0	0	4	0	1	2	0	93558	0	0	0	0	0	0	14	0	0	0	0	0	2	0	0	2	12	198	4	0	2642	48732	8	1	0	9	0	0	0	4	0	0	0	0	2180	0	1	152719	0	4	1	0	4	30	0
EHA02262_bin.9	9	1	0	0	0	0	0	0	0	0	0	0	0	0	0	0	2	1670	0	0	0	0	551	0	0	3741	0	0	0	0	0	0	0	0	0	0	0	0	0	3	0	0	0	0	529	0	0	0	0	0	0	0	0	0	0	0	0	2	56361	0	0	94215	0	0	0	0	0	0	0	0	0	0	0	6	0	0	0	0	0	0	0	0	0	0	4	346997	0	0	0	0	0	0	0	0	0	2	0	0	0	0	0	0	0	188	0	0	0	823190	0	0	0	0	2	0	2	0	0	0	0	0	0	0	0	577606	0	0	0	0	0	2	0
EHA02263_bin.10	0	0	718	0	3	0	0	0	0	0	0	0	3	0	0	0	1	12	0	0	34	0	64842	0	0	1921	0	1	0	0	0	0	0	0	0	0	0	0	0	0	0	0	0	0	10	0	6	18	0	0	0	1	43	0	0	0	0	0	1082	0	0	331132	0	0	0	0	2	1	0	0	187	0	0	7	0	352	0	4	0	0	0	0	1	0	0	10524	0	0	0	0	0	0	8	0	0	0	0	0	2	0	0	0	3	23	0	0	545	252405	0	0	0	2	0	0	0	0	0	0	0	0	64	0	0	29541	0	0	0	0	2	9	0
EHA02263_bin.11	0	0	0	0	4	0	0	0	0	0	1	0	14	8	0	0	0	301	0	0	10	0	100354	7	0	18118	0	0	0	0	0	0	0	0	0	0	0	0	0	1	0	0	0	0	124	0	3	0	0	0	0	2	0	0	0	0	0	0	47587	0	0	217830	0	15	0	0	0	0	0	0	34	0	0	0	0	0	0	1	0	0	0	0	1	0	0	41398	0	8	0	0	0	0	0	0	0	0	0	0	0	0	0	0	0	14	0	0	1	643558	0	2	5	2	0	1	0	0	0	0	0	0	3	0	0	57782	0	0	3	0	0	3	0
EHA02263_bin.13	2	137	0	12	0	0	0	0	0	2	43	2	0	27	14	0	0	0	0	0	144	3	87426	0	0	0	18	5	0	0	2	0	0	0	0	0	4	0	0	0	0	0	0	0	0	10	0	9	0	0	0	10	0	0	0	0	0	0	29	0	0	321076	0	60	0	0	0	12	0	0	185	0	0	9	0	0	0	45	0	2	0	0	0	52	69	10	0	139	0	0	0	0	11	0	0	4	0	0	74	0	0	7	0	0	0	0	0	24994	0	0	268	2	0	4	0	2	0	0	0	2	0	0	0	15	0	0	0	0	2	0	0
EHA02263_bin.15	203	57	46	7	6	0	0	0	0	0	4	5	11	2	0	4	87	1328	54	0	64	10	712	0	0	10756	0	0	28	0	42	0	0	337	0	0	0	0	17	43	0	0	0	37	483	1	16	1501	0	2	730	158	16	0	0	0	0	5	929	0	12	253967	0	43	0	0	2	2	0	0	3016	0	0	0	0	25	0	623	0	0	0	17	5	0	6	757	0	0	0	0	0	0	0	0	2	0	0	0	234	0	0	13	489	235785	69	0	260	1284	2	0	319	47	0	13	0	0	0	0	0	4	15	24	0	1186	0	184	118	0	1	301	0
EHA02263_bin.17	0	2	50	4	33	0	0	0	0	0	2	0	32	6	4	0	13	182139	2	0	32	1	2366	13	0	14005	0	3	0	0	62	0	0	0	0	0	0	0	0	1	0	0	0	28	47594	0	0	6	0	0	0	2	21	0	0	0	0	2	19648	0	0	527538	0	9	0	0	1	0	3	0	72	0	0	4	8	198	0	3	0	0	2	8	6	0	3	20813	0	0	0	0	0	0	2	0	0	14	0	0	7	0	0	0	0	217	0	0	66	192864	0	4	0	9	0	0	0	0	0	0	0	0	38	0	0	95128	0	4	22	0	1	17	0
EHA02263_bin.1	22	235	2	4	5	19	0	0	0	0	0	0	3	8	110	0	2	3599	17	6	0	2	3575	22	0	4819	232	68	6	0	2611	2	0	96	8	0	2	0	106	206	12	0	6	60	1449	0	94	0	0	0	35	2	1	0	0	0	11	0	19	101	2	125852	0	7	0	15	2	199	8	0	9	0	0	87	442	28	1	17	6	0	18	0	0	17	10	30	0	1	0	0	0	0	29	0	2	0	0	0	13	0	19	230	0	6	0	0	2	27	277	1	46	128	0	15	0	0	0	0	0	0	0	0	90	1743	2	45	51	0	215	374	0
EHA02263_bin.20	28	0	0	0	154	0	0	0	0	0	0	0	2	0	1	0	3	48	12	0	1	0	152	3	0	40	0	0	5	0	0	0	0	4	2	0	0	0	0	0	0	0	0	19337	17	0	0	5	0	0	0	1	1	0	0	0	0	0	41082	0	4	231650	0	0	0	0	4	0	1	0	0	0	0	4	21	2	0	1	0	0	2	0	43	0	2	1471	0	1	0	0	0	0	0	0	0	10	0	0	72	0	0	0	0	16	0	0	8	205	0	2	0	0	0	32	0	0	0	0	0	0	2	0	0	5960	0	0	14	0	0	9	0
EHA02263_bin.21	0	0	93	6	0	0	0	0	0	0	0	0	0	0	0	0	0	6	0	0	56	0	5270	0	0	44	0	4	0	0	0	0	0	0	0	0	0	0	0	1	0	0	0	0	5	1	4	24	0	0	0	0	0	0	0	0	0	0	731	0	0	380914	0	0	0	0	0	0	0	0	283	0	0	3	0	4	0	0	0	0	0	0	0	0	0	190	0	1	0	0	0	0	0	0	0	0	0	0	3	0	0	3	0	48	0	0	1	3844	2	0	0	16	0	0	0	0	0	0	0	0	0	0	1	3240	0	0	0	0	3	0	0
EHA02263_bin.22	0	0	16	0	20	0	0	0	0	0	0	0	4	54	0	0	2	1598	6	0	15	0	3540	6	0	91984	0	0	0	0	0	0	0	0	0	0	0	0	0	0	0	0	0	31	572	0	4	7	0	0	0	0	5	0	0	0	0	0	15161	0	0	296049	0	11	0	0	0	0	0	0	71	0	0	7	0	14	0	0	0	0	0	3	2	0	0	45691	0	0	0	0	0	0	0	0	0	0	0	2	12	0	0	1	0	206	0	0	23	434673	0	0	0	1	0	3	0	0	0	2	0	0	9	0	0	46453	4	0	0	0	0	28	0
EHA02263_bin.24	49	18	31	10	396	4	4	0	0	0	56	6	0	50	32	2	82	6992	1239	0	210	73	1936	876	0	2888	5	0	14	0	43	0	0	10	10	0	0	2	0	190	0	0	0	976	2321	38	0	127	0	0	5	8	0	0	0	0	0	0	5735	143	21	70134	0	0	0	0	340	2	3	0	888	0	0	0	54	20	0	1318	0	0	10	0	101	9	1204	4108	0	673	0	0	0	0	2	0	0	0	2	0	256	0	0	0	8	273	2	2	28	14419	0	0	867	0	0	45	0	8	0	0	0	0	0	2	0	28982	40	59	1152	0	0	168	0
EHA02263_bin.25	0	0	0	0	0	0	0	0	0	0	0	0	0	5	57	0	0	205	0	0	0	0	18620	0	0	506	3	0	1	0	5	0	0	7	0	0	0	0	0	0	0	0	0	0	111	0	0	3	0	0	2	0	0	0	0	0	0	0	161522	0	0	352836	0	0	0	0	0	0	0	0	21	0	0	0	1	0	0	463	0	0	53	0	0	0	0	8833	0	0	0	0	0	0	12	0	0	0	0	0	0	0	0	0	0	0	0	0	0	82480	0	0	0	0	0	0	0	0	0	0	0	0	0	0	0	119611	0	0	0	0	0	0	0
EHA02263_bin.26	2	0	14	1	61	0	0	0	0	0	2	2	15	12	0	0	0	160	4	0	27	2	77202	0	0	18677	0	6	0	0	0	0	0	0	0	0	0	0	0	0	0	0	0	83	78	0	2	6	0	0	0	5	9	0	0	0	0	0	13016	0	2	210774	0	0	0	0	2	0	0	0	104	0	0	0	0	18	0	3	0	0	0	2	12	0	0	18507	0	0	0	0	0	0	1	0	0	0	0	0	3	0	0	0	1	436	0	0	24	52644	0	0	0	14	0	10	0	0	0	0	0	0	2	0	0	498803	0	0	0	0	0	9	0
EHA02263_bin.2	0	0	9	0	0	0	0	0	0	0	0	0	0	0	0	0	0	12	0	0	0	0	19301	0	0	410	0	0	0	0	0	0	0	0	0	0	0	0	0	0	0	0	0	0	7	0	0	12	0	0	0	0	0	0	0	0	0	0	11307	0	0	265118	0	0	0	0	0	0	0	0	9	0	0	0	0	0	0	0	0	0	0	0	0	0	0	1574	0	0	0	0	0	0	0	0	0	0	0	0	0	0	0	0	0	0	0	0	0	14482	0	0	2	0	0	0	0	0	0	0	0	0	0	0	0	32143	0	0	0	0	0	0	0
EHA02263_bin.3	10	0	13858	9	4	0	0	0	0	0	33	0	45	104	9	0	20	2925	12	0	255	3	7476	0	0	555	5	1	0	0	0	0	0	55	0	0	0	0	2	6	0	0	0	2	978	21	3	3490	0	0	157	90	14312	0	0	0	0	0	1567	0	0	196238	0	25	0	0	0	3	6	0	547	0	0	3	0	5093	0	4	0	0	0	5	9	4	0	168	0	6	0	2	2	0	14	0	0	0	0	0	21	0	0	11	62	697	23	0	16694	914	2	8	29	15	0	22	0	0	0	0	0	0	13108	14	0	1128	0	8	7	0	0	13	0
EHA02263_bin.4	0	0	3	0	6	0	0	0	0	0	0	0	0	2	0	0	0	196	0	0	3	0	4027	3	0	6545	0	0	0	0	0	0	0	0	0	0	0	0	0	0	0	0	0	8	62	0	0	0	0	0	0	0	4	0	0	0	0	0	29682	0	0	97290	0	0	0	0	0	0	0	0	8	0	0	0	0	3	0	0	0	0	0	0	8	0	0	31963	0	0	0	0	0	0	1	0	0	0	0	0	1	0	0	0	0	847	0	0	2	75597	0	0	0	0	0	0	0	0	0	0	0	0	1	0	0	218656	0	0	0	0	2	26	0
EHA02263_bin.5	4	0	1803	29	4	0	0	0	0	0	2	0	13	2	0	0	1	460	0	0	24	0	36346	0	0	9399	0	0	0	0	0	0	0	0	0	0	0	0	1	10	0	0	0	6	142	0	2	63	0	0	2	6	1345	0	0	0	0	4	10330	0	0	93263	0	0	0	0	0	2	0	0	193	0	0	0	0	335	0	2	0	0	0	4	0	0	0	41020	0	9	0	0	0	0	2	0	0	0	0	0	1	0	0	0	30	685	6	0	1013	49275	27	0	0	0	0	0	0	2	0	0	0	0	1207	8	0	1123	0	0	13	0	2	2	0
EHA02263_bin.7	14	7	7	6	33	13	11	16	7	4	9	14	24	2	0	9	9	10215	11	17	20	0	16020	19	13	926661	2	2	12	24	11	10	6	4	21	21	4	20	0	22	5	14	22	33	3589	1	2	5	11	4	14	13	7	24	14	16	4	6	213703	4	6	483434	12	0	4	18	18	0	0	16	180	6	4	1	38	29	8	0	10	2	0	20	3	0	2	680144	22	5	13	13	2	24	0	16	6	11	11	5	4	9	4	1	0	31303	0	25	36	1278294	0	3	0	4	1	5	7	9	6	9	8	11	17	0	0	543392	2	7	9	6	2	99	13
EHA02263_bin.8	0	0	15	0	0	0	0	0	0	0	2	0	0	0	0	0	0	5	0	0	0	0	5510	0	0	97	0	0	0	0	0	0	0	0	0	0	0	0	0	0	0	0	0	0	0	0	0	17	0	0	0	2	0	0	0	0	0	0	18647	0	0	91139	0	0	0	0	0	0	0	0	20	0	0	0	0	0	0	0	0	0	0	0	0	0	0	75	0	0	0	0	0	0	0	0	0	0	0	0	0	0	0	0	0	0	0	0	0	13353	0	0	0	0	0	0	0	0	0	0	0	0	0	0	0	5284	0	0	0	0	0	0	0
EHA02263_bin.9	46	1425	0	4	11	1	0	0	2	0	1	0	5	22	93	0	11	6810861	3	0	1	4	1954006	4	0	25128	10	1	148	0	256	0	0	469	4	0	2	0	0	28	7	0	0	124	2576336	0	0	4	0	0	117	12	3	0	0	0	0	0	6608	9	4	166149	0	28	0	12	2	0	3	0	2	0	0	1	9	19	2	641	0	0	17	12	2	10	17	397	0	10	0	0	1	2	13	0	0	0	0	0	98	0	7	0	0	2993	0	0	15	115	0	0	12	7	0	0	0	0	2	0	0	0	0	0	6	139629	0	317	73	0	2	2083	0
EHA02269_bin.10	382	6182	1	66	2	2	0	0	0	0	51	2	4	417	709	6	36	222939	365	0	5	237	16461	111	0	2961	122	9	1074	0	1509	0	0	3611	2	0	22	0	0	232	0	0	0	2	62981	5	2	44	0	0	670	128	0	0	0	0	0	8	78801	49	3	414511	0	1046	0	0	582	4	805	0	380	0	0	4	21	0	0	17557	0	0	131	17	0	27	1776	1524	0	136	2	0	2	0	35	0	0	2	6	0	1645	0	0	1	0	114	4	0	67	1135822	1	0	373	34	0	0	0	2	0	6	0	0	12	0	142	63284	101	851	8600	0	3	7094	0
EHA02269_bin.11	1	0	4	0	1	0	0	0	0	0	1	0	0	0	0	0	4	31041	0	0	0	0	2864	0	0	15106	0	0	0	0	0	0	0	0	0	0	0	0	0	1	0	0	0	5	9621	0	0	0	0	0	2	4	0	0	0	0	0	0	15855	0	2	73628	0	0	0	0	2	0	0	0	0	0	0	0	6	14	0	0	0	0	0	0	4	0	18	5494	0	23	0	0	0	0	0	0	0	2	0	0	0	0	0	0	2	11	0	0	0	361153	2	0	3	0	0	6	0	0	0	0	0	0	0	0	0	22634	0	2	14	0	0	9	0
EHA02269_bin.12	0	0	0	0	19	0	0	0	0	0	0	0	0	4	0	0	0	211	0	0	8	0	74644	2	0	15214	0	2	0	0	2	0	0	0	0	0	0	0	0	0	0	0	0	0	106	0	4	3	0	0	0	2	0	0	0	0	0	0	27278	0	0	140670	0	6	0	0	0	0	0	0	56	0	0	3	0	0	0	0	0	0	0	0	0	0	0	43385	0	0	0	0	0	0	4	0	0	0	0	0	0	0	0	1	0	15	0	0	0	876425	0	0	0	0	0	0	0	0	0	0	0	0	0	0	0	47572	2	0	0	0	0	3	0
EHA02269_bin.13	0	0	2	0	2	0	0	0	0	0	0	0	1	0	0	0	0	96	0	0	23	0	44454	0	0	7	0	1	0	0	0	0	0	0	0	0	0	0	0	0	0	0	0	0	29	0	6	3	0	0	0	5	0	0	0	0	0	0	221	0	0	2227	0	0	0	0	0	0	0	0	153	0	0	2	0	0	0	0	0	0	0	0	0	0	0	14	0	0	0	0	0	0	1	0	0	0	0	0	0	0	0	1	0	0	0	0	0	181168	0	0	0	10	0	9	0	0	0	0	0	0	0	0	0	100914	0	0	0	0	2	0	0
EHA02269_bin.14	0	0	0	0	0	0	0	0	0	0	8	0	0	0	0	0	0	1883	13	0	0	0	218	3	0	7881	0	0	15	0	42	0	0	0	3	0	0	0	0	13	0	0	0	0	618	2	0	7	2	0	6	0	0	0	0	0	0	1	7196	0	21	37439	0	0	0	0	4	0	0	0	0	0	0	0	1	0	0	0	0	0	0	2	0	0	0	31438	0	0	0	0	0	0	0	0	0	0	0	0	0	0	0	0	0	34	0	0	0	134953	0	0	1	0	0	0	0	0	0	0	0	0	0	0	0	232679	0	4	5	0	0	1	0
EHA02269_bin.15	1508	3011	0	6	0	1	0	4	2	0	36	0	0	2377	18265	0	206	1567763	38	0	1	2	799231	12	0	230002	4616	2	2424	0	8425	2	4	17275	0	1	7	0	0	27	0	2	0	0	572079	1	0	63	4	0	3673	55	0	2	1	0	0	0	8203	2	7	29624504	0	82	0	2	20	0	87	0	28	2	0	9	257	1	0	142594	0	0	3976	0	1	22	146	64661	0	19	0	0	2	3	92	2	0	6	0	0	527	0	0	0	6	866	2	0	14152	1938452	0	17	42	6	0	0	0	7	2	2	1	2	0	2	12	8668490	9	2842	1044	0	0	6871	1
EHA02269_bin.16	63	0	81	3	9	0	0	0	0	2	0	0	3	1	0	0	0	16	6	0	65	0	69291	1	1	2731	0	2	1	0	4	0	0	0	0	0	1	0	2	108	0	0	0	0	24	0	3	44	0	0	0	3	2	0	0	0	1	14	3177	0	0	67827	0	0	0	0	4	0	0	0	235	0	0	6	0	51	0	2	0	0	0	0	0	0	2	12385	0	56	0	0	0	2	4	0	0	0	0	0	0	0	0	0	6	68	0	1	3	1325951	5	0	0	3	0	0	0	0	0	0	0	0	1	0	0	22031	0	0	131	0	0	180	0
EHA02269_bin.17	0	0	0	0	0	0	0	0	0	0	0	0	1	0	0	0	0	16	0	0	0	0	435	1	0	21	0	0	0	0	0	0	0	0	0	0	0	0	0	0	0	0	0	0	10	0	1	0	0	0	0	0	0	0	0	0	0	0	438	0	0	33158	0	0	0	0	0	0	0	0	14	0	0	0	0	0	0	0	0	0	0	0	0	0	0	19	0	0	0	0	0	0	0	0	0	0	0	0	0	0	0	0	0	0	0	0	0	59355	0	0	0	3	0	0	0	0	0	0	0	0	0	0	0	1291	0	0	0	0	0	0	0
EHA02269_bin.18	0	0	0	0	0	0	0	0	0	0	0	0	0	0	0	0	0	5	0	0	0	0	39080	0	0	217	0	0	0	0	0	0	0	0	0	0	0	0	0	0	0	0	0	0	2	0	0	0	0	0	0	0	0	0	0	0	0	0	1113	0	0	3363	0	0	0	0	0	0	0	0	0	0	0	0	0	0	0	0	0	0	0	0	0	0	0	1370	0	0	0	0	0	0	0	0	0	0	0	0	0	0	0	0	0	0	0	0	0	161000	0	0	0	0	0	0	0	0	0	0	0	0	0	0	0	4066	0	0	0	0	2	0	0
EHA02269_bin.19	44	299	138	6	6	0	0	0	0	0	19	0	2	141	576	0	17	6336	6	0	22	18	653951	3	0	6025	242	3	65	0	75	0	0	463	1	0	4	0	6	9	2	0	0	1	2244	4	9	198	0	0	86	49	0	0	0	0	0	2	323816	0	12	503057	0	160	0	0	10	6	117	2	146	0	0	5	6	0	0	3246	2	0	213	12	0	48	218	47340	0	25	0	0	0	2	154	0	0	10	0	0	236	0	0	6	0	23	0	0	35	1638512	3	2	25	6	0	0	0	2	0	0	2	0	0	0	9	1111237	9	79	253	0	3	435	0
EHA02269_bin.21	0	0	8	0	18	0	0	0	0	0	0	0	22	12	0	0	0	202	2	0	27	0	18898	13	0	1233	0	2	0	0	0	0	0	0	0	0	0	0	1	0	0	0	0	13	89	0	1	0	0	0	0	6	3	0	0	0	0	0	13645	0	0	59543	0	3	0	0	0	0	1	0	169	0	0	4	0	10	0	0	0	0	0	8	3	0	0	9298	0	2	0	0	0	0	0	0	0	0	0	0	2	0	0	2	0	12	0	0	11	279487	0	0	0	6	0	4	0	0	0	0	0	0	16	0	0	16542	0	0	0	0	2	41	0
EHA02269_bin.22	0	0	0	0	0	0	0	0	0	0	0	0	0	0	0	0	0	2492	0	0	0	0	52	0	0	49	0	0	0	0	4	0	0	0	0	0	0	0	0	0	0	0	0	0	579	0	0	0	0	0	0	0	0	0	0	0	0	0	28223	0	0	36110	0	0	0	0	0	0	0	0	0	0	0	0	0	0	0	0	0	0	0	0	0	0	0	93239	0	0	0	0	0	0	0	0	0	0	0	0	0	0	0	0	0	0	0	0	0	1070989	0	0	0	0	0	0	0	0	0	0	0	0	0	0	0	537027	0	0	0	0	0	0	0
EHA02269_bin.23	0	0	5	0	0	0	0	0	0	4	0	0	0	0	0	0	2	5494	0	0	4	0	29386	9	0	429355	0	0	0	0	0	0	0	0	0	0	0	0	0	0	0	0	0	6	1897	0	1	29	0	0	0	15	3	0	0	0	0	0	360148	0	0	282286	0	0	0	0	0	0	0	0	143	0	0	0	0	16	0	0	0	0	0	0	1	0	0	148163	0	2	0	0	0	0	0	0	0	0	0	0	0	0	0	0	0	14702	2	0	12	471338	0	0	0	4	0	0	0	0	0	0	0	0	9	0	0	831012	2	0	0	0	4	4	0
EHA02269_bin.24	0	0	5	0	12	0	0	0	0	0	0	0	5	3	0	0	0	1120	0	0	6	0	24124	1	0	25884	0	4	0	0	0	0	0	0	0	0	0	0	0	1	0	0	0	7	396	0	0	0	0	0	0	2	1	0	0	0	0	0	81147	0	0	66307	0	2	0	0	0	0	0	0	25	0	0	1	0	15	0	0	0	0	0	0	0	0	0	128343	0	0	0	0	0	0	0	0	0	0	0	0	4	0	0	0	0	3739	0	0	5	656626	0	0	0	4	0	0	0	0	0	0	0	0	5	0	0	124925	0	0	0	0	3	16	0
EHA02269_bin.25	0	0	10	0	0	2	0	0	0	0	0	0	0	0	1	0	0	71	2	0	7	0	9871	2	0	9942	0	0	0	0	6	0	0	1	0	0	0	0	0	0	0	0	0	0	21	0	0	3	0	0	2	4	1	0	0	0	0	0	18279	0	0	42840	0	0	2	0	0	0	0	0	11	0	0	0	0	3	0	0	0	0	0	1	0	0	0	2056	0	0	0	0	0	0	0	0	0	0	0	0	5	0	0	0	0	17	0	0	8	152951	0	0	0	2	0	0	0	0	0	2	4	0	0	0	0	1202	0	0	0	0	2	4	0
EHA02269_bin.27	16	0	61	2	6	0	0	0	0	0	6	0	2	7	0	0	0	303	2	0	37	2	117260	4	0	3204	0	2	0	0	0	0	0	0	0	0	0	0	0	43	0	0	0	0	82	0	5	33	0	0	4	4	65	0	0	0	0	18	42604	0	0	48620	0	0	0	0	0	0	0	0	152	0	0	6	0	30	0	0	0	0	0	0	0	0	0	20863	0	153	0	0	0	0	2	0	0	0	0	0	0	0	0	4	7	50	3	0	94	281983	4	3	22	11	0	0	0	0	0	0	0	0	79	2	0	43092	0	0	42	0	0	36	0
EHA02269_bin.2	0	0	112	12	59	0	0	0	0	0	0	0	44	5	0	0	0	200	0	0	5	0	16784	2	0	6854	0	0	0	0	0	0	0	0	0	0	0	0	0	2	0	0	0	100	104	0	11	4	0	0	2	8	25	0	0	0	0	0	1923	0	0	13914	0	9	0	0	0	2	0	0	142	0	0	1	0	61	0	3	0	0	2	0	4	2	0	48605	0	1	0	0	0	0	1	0	0	0	0	0	13	0	0	1	0	32	0	0	98	873194	0	0	0	10	0	6	2	0	0	0	0	0	66	2	2	43915	2	0	1	0	2	32	0
EHA02269_bin.3	0	0	1	0	0	0	0	0	0	0	0	0	0	0	0	0	0	58	0	0	4	0	1106	0	0	1223	0	0	0	0	0	0	0	0	0	0	0	0	0	0	0	0	0	0	40	0	0	3	0	0	0	0	0	0	0	0	0	0	605	0	0	6851	0	0	0	0	0	0	0	0	1	0	0	0	0	0	0	0	0	0	0	0	0	0	0	145	0	1	0	0	0	0	0	0	0	0	0	0	0	0	0	0	0	0	0	0	0	793168	0	0	0	0	0	0	0	0	0	0	0	0	0	0	0	10116	0	0	0	0	0	0	0
EHA02269_bin.4	0	0	13	0	0	0	0	0	0	0	2	0	0	0	2	0	0	30	0	0	0	0	41940	0	0	1097	0	0	0	0	0	0	0	0	0	0	0	0	0	0	0	0	0	2	13	0	0	19	0	0	0	0	0	0	0	0	0	0	41284	0	0	47710	0	0	0	0	0	0	0	0	23	0	0	0	0	0	0	0	0	0	0	2	0	0	0	3826	0	1	0	0	0	0	8	0	0	0	0	0	0	0	0	0	0	0	0	0	0	272019	0	0	0	0	0	0	0	0	0	0	0	0	0	0	0	81247	0	0	0	0	0	0	0
EHA02269_bin.5	0	0	0	0	0	0	0	0	0	0	0	0	8	0	0	0	0	0	0	0	0	0	69	0	0	5	0	0	0	0	0	0	0	0	0	0	0	0	0	0	0	0	0	0	0	0	0	0	0	0	0	0	0	0	0	0	0	0	261	0	0	64	0	0	0	0	0	0	0	0	0	0	0	0	0	0	0	0	0	0	0	0	0	0	0	43	0	0	0	0	0	0	0	0	0	0	0	0	0	0	0	0	0	0	0	0	2	89699	0	0	0	0	0	0	0	0	0	0	0	0	0	0	0	606	0	0	0	0	0	0	0
EHA02269_bin.6	0	2	3	0	20	0	0	0	0	0	0	0	9	0	0	0	5	150	0	0	4	0	448	2	0	14274	0	2	0	0	2	0	0	0	0	0	0	0	0	0	0	0	0	8	50	0	1	0	0	0	0	2	0	0	0	0	0	0	590	0	0	1529	0	0	0	0	0	0	0	0	41	0	0	0	2	9	0	0	0	0	0	0	1	0	4	12560	0	0	0	0	0	0	0	0	0	0	0	0	0	1	0	4	0	260	0	0	6	304750	0	0	0	2	0	0	0	2	0	0	0	0	5	2	0	1212	0	2	8	0	0	19	0
EHA02269_bin.7	0	0	28	0	20	0	0	0	0	0	0	0	18	1	0	0	0	339	0	0	6	0	6130	4	0	44252	0	4	0	0	0	0	0	0	0	0	0	0	0	0	0	0	0	11	137	0	1	0	0	0	0	11	17	0	0	0	0	0	791	0	0	2944	0	0	0	0	0	2	0	0	74	0	0	0	4	109	0	2	0	0	0	2	0	0	3	38238	0	1	0	0	0	0	4	0	0	0	0	0	1	0	0	0	0	17	0	0	35	410960	0	0	0	5	0	2	0	0	0	0	0	2	32	0	0	4177	0	0	2	0	2	7	0
EHA02269_bin.8	0	0	0	0	0	0	0	0	0	0	0	0	1	0	0	0	0	44	0	0	0	0	67091	0	0	11327	0	0	0	0	0	0	0	0	0	0	0	0	0	0	0	0	0	0	9	0	0	7	0	0	0	0	0	0	0	0	0	0	11190	0	0	318280	0	0	0	0	0	0	0	0	10	0	0	0	0	0	0	0	0	0	0	0	0	0	0	7811	0	0	0	0	0	0	0	0	0	0	0	0	0	0	0	0	0	0	0	0	0	569081	0	0	0	0	0	0	0	0	0	0	0	0	0	0	0	357918	0	0	0	0	0	0	0
EHA02269_bin.9	0	0	0	0	2	0	0	0	0	0	0	0	2	0	0	0	0	106	0	0	3	0	3614	0	0	203	0	0	0	0	0	0	0	0	0	0	0	0	0	0	0	0	0	0	66	0	0	0	0	0	0	0	0	0	0	0	0	0	382	0	0	876	0	0	0	0	0	0	0	0	1	0	0	0	0	20	0	0	0	0	0	0	0	0	0	462	0	0	0	0	0	0	0	0	0	0	0	0	0	0	0	0	0	6	0	0	2	186942	0	0	0	0	0	0	0	0	0	0	0	0	0	0	0	2043	0	0	0	0	0	2	0
EHA02273_bin.10	0	16	1	0	44	0	0	0	0	0	2	0	0	4	23	0	0	12	0	0	18	0	7770	0	0	658	10	0	0	0	0	0	0	0	0	0	0	0	1	0	0	0	0	0	4	0	0	111	0	0	0	2	0	0	0	0	0	0	847951	0	0	143768	0	1	0	0	0	0	13	0	3205	0	0	0	0	0	0	7	0	0	6	2	0	8	21	1268	0	20	0	0	0	0	10	0	0	0	0	0	5	0	0	5	0	0	0	0	0	9412	0	0	12	0	0	0	0	2	0	0	0	0	0	0	1	49147	0	0	0	0	0	7	0
EHA02273_bin.11	0	2	17	2	36	0	0	0	0	0	0	0	16	6	0	0	2	54	0	0	18	0	1615	40	0	1372	0	0	0	0	0	0	0	0	0	0	4	0	0	2	0	0	0	32	46	0	9	3	0	0	0	3	5	0	0	0	0	0	1085529	0	1	8959	0	1	0	0	0	0	0	0	240	0	0	17	2	22	0	2	0	0	0	1	5	0	1	3430	0	0	0	0	0	0	1	0	0	0	0	0	12	0	0	2	6	44	2	0	13	59154	0	0	0	6	0	14	0	0	0	0	0	0	13	0	0	32347	0	2	1	0	2	24	0
EHA02273_bin.12	0	0	0	0	0	0	0	0	0	0	0	0	0	0	0	0	0	1	0	0	0	0	22	0	0	2	0	0	0	0	0	0	0	0	0	0	0	0	0	0	0	0	0	0	0	0	0	0	0	0	0	0	0	0	0	0	0	0	111120	0	0	483	0	0	0	0	0	0	0	0	7	0	0	0	0	0	0	0	0	0	0	0	0	0	0	13	0	0	0	0	0	0	0	0	0	0	0	0	0	0	0	0	0	0	0	0	0	521	0	0	0	0	0	0	0	0	0	0	0	0	0	0	0	654862	0	0	0	0	0	0	0
EHA02273_bin.13	9	57	17	0	14	0	0	0	0	0	1	0	17	8	1	0	6	304	4	0	18	0	1393	24	0	2120	1	0	3	0	23	0	0	66	0	0	0	0	2	4	0	0	0	12	102	0	3	2	0	0	59	0	2	0	0	0	0	0	1102905	0	0	1216	0	4	0	5	2	0	0	0	46	0	0	0	6	45	0	0	0	0	0	0	2	1	0	1693	0	0	0	0	0	0	1	0	0	0	0	0	7	0	0	0	0	29	0	0	15	4041	0	0	0	0	0	0	0	0	0	0	0	0	18	0	0	8495	1	52	29	0	0	456	0
EHA02273_bin.15	0	2	139	0	113	0	0	0	0	0	0	2	78	4	1	0	0	19	0	0	20	0	2069	13	0	29630	0	4	2	0	0	0	0	2	0	0	0	0	0	7	0	0	0	170	6	0	14	11	0	0	2	7	35	0	0	0	0	0	451085	0	0	197637	0	9	0	0	0	2	0	0	330	0	0	5	0	58	0	0	0	0	0	3	27	0	0	33913	0	1	0	0	0	0	0	0	0	0	0	0	15	0	0	10	0	180	0	2	102	50391	0	0	0	29	0	18	0	0	0	0	0	0	104	0	2	93302	2	0	0	0	4	127	0
EHA02273_bin.16	0	0	5	0	0	0	0	0	0	0	0	0	0	0	1	0	0	6	0	0	3	0	4888	0	0	106	0	0	0	0	0	0	0	0	0	0	0	0	0	0	0	0	0	0	0	0	0	6	0	0	0	0	0	0	0	0	0	0	2207390	0	0	133568	0	0	0	0	0	0	0	0	15	0	0	0	0	0	0	0	0	0	0	0	0	0	0	1578	0	0	0	0	0	0	3	0	0	0	0	0	0	2	0	1	0	0	0	0	0	3925	0	0	0	0	0	0	0	0	0	0	0	0	0	0	0	473345	0	0	0	0	0	0	0
EHA02273_bin.17	595308	113376	9951	1345	142	8	0	20	2	7	3996	4	566	4607	1229	2	23110	10305365	15506	24	800	20	23933	7043	0	34564	187	155	53998	0	24933	2	0	1117017	32	24	129	687	7120	59999	2	0	33	203	3190326	131	33975	21997	4	8	180725	344	10927	2	0	0	5	12753	2363316	94	20347	23813	4	4879	0	419	88	675	16156	2	3114	2	0	36	7939	7074	12	8703302	22	1	416	271	47	104	435	29927	2	174	0	0	91	9	29886	0	51	223	0	0	21983	2	1	786	873	10398	130	0	13217	35764	753	134	7158	9925	41	60	0	26	3	811	4	6	10671	31	118	120860	6332	103051	160890	4	497	3200809	6
EHA02273_bin.18	3	0	0	1	72	0	0	0	0	0	0	0	1	0	0	0	1	33	10	0	2	0	83	0	0	7	0	0	0	0	3	0	0	0	0	0	0	0	0	3	0	0	0	6348	13	0	0	8	0	0	2	0	2	0	0	0	0	0	148174	0	4	14497	0	0	0	0	0	0	0	0	0	0	0	0	2	0	0	4	0	0	1	0	21	0	0	21	0	0	0	0	0	0	0	0	0	0	0	0	14	0	0	0	0	4	0	0	13	44	0	0	0	0	0	6	0	0	0	0	0	0	1	0	1	1416	0	0	8	0	0	10	0
EHA02273_bin.19	0	0	28	0	0	0	0	0	0	0	0	0	0	0	0	0	0	24	0	0	0	0	10663	0	0	497	0	0	0	0	0	0	0	0	0	0	0	0	0	0	0	0	0	0	0	0	0	12	0	0	0	0	0	0	0	0	0	0	383850	0	0	9470	0	0	0	0	0	0	0	0	15	0	0	0	0	0	0	0	0	0	0	0	0	0	0	995	0	0	0	0	0	0	1	0	0	0	0	0	0	0	0	0	0	0	0	0	0	11278	0	0	0	0	0	0	0	0	0	0	0	0	0	0	0	30915	0	0	0	0	0	0	0
EHA02273_bin.1	0	0	0	0	0	0	0	0	0	0	0	0	1	5	1	0	0	5	0	0	4	0	3074	0	0	492	0	0	0	0	0	0	0	0	0	0	0	0	0	1	0	0	0	0	4	0	2	0	0	0	0	0	0	0	0	0	0	0	3561859	0	0	2052	0	4	0	0	0	0	0	0	5	0	0	1	0	2	0	0	0	0	0	0	0	0	0	1978	0	0	0	0	0	0	0	0	0	0	0	0	2	0	0	1	0	0	0	0	0	12541	0	0	0	0	0	0	0	0	0	0	0	0	0	0	0	1477	0	0	0	0	0	2	0
EHA02273_bin.20	0	0	0	4	11	0	0	0	0	0	0	0	6	5	0	0	0	17	1	0	45	0	12370	0	0	4236	0	0	0	0	0	0	0	0	0	0	0	0	0	0	0	0	0	3	16	0	6	6	0	0	0	4	2	0	0	0	0	0	175857	0	5	44218	0	0	0	0	0	3	0	0	136	0	0	10	4	1	0	0	0	0	0	0	1	0	0	8371	0	3	0	0	0	0	0	2	0	0	0	0	4	0	0	1	0	2	0	0	0	25949	0	0	0	4	0	0	0	0	0	0	0	0	0	0	0	3847	0	0	0	0	0	16	0
EHA02273_bin.21	0	2	358	2	11	0	0	0	0	0	0	0	11	13	0	0	3	10	0	0	124	0	33234	6	0	201	0	3	0	0	4	0	0	0	0	0	0	0	0	1	0	0	0	0	10	0	23	138	0	0	0	9	14	0	0	0	0	0	439599	0	0	12251	0	1	0	0	2	2	0	0	1142	0	0	7	0	1	0	0	0	0	0	0	0	0	0	1358	0	0	0	0	0	0	6	0	0	0	0	0	4	0	0	2	4	77	6	0	27	8194	0	0	0	31	0	6	0	0	0	0	0	0	16	0	0	10757	1	0	1	0	2	5	0
EHA02273_bin.2	3555	452	65	6	52	0	0	0	0	0	35	0	22	138	274	0	353	32901	147	0	98	2	21866	41	0	8518	136	19	345	0	232	0	0	4363	0	4	0	2	336	328	0	0	0	14	10324	2	1378	259	0	0	1642	10	43	0	0	0	0	120	8797774	0	515	36903	0	200	0	2	2	56	193	0	224	0	0	10	87	230	0	29875	0	0	147	0	1	66	17	13371	0	30	0	0	0	0	388	0	0	2	0	0	431	0	0	139	13	124	2	0	71	139714	45	0	59	336	2	0	0	0	0	6	0	0	66	0	41	67916	36	5623	736	0	45	19210	0
EHA02273_bin.3	0	9	4	0	0	0	0	0	0	0	0	0	0	2	94	0	0	6	0	0	2	0	30722	0	0	2223	28	1	0	0	0	0	0	0	0	0	0	0	1	0	0	0	0	0	6	0	0	7	0	0	0	4	0	0	0	0	0	0	3912945	0	0	38516	0	0	0	0	0	0	34	0	21	0	0	0	0	0	0	4	0	0	25	0	0	12	0	15512	0	0	0	0	0	0	52	0	0	0	0	0	2	0	0	6	0	6	0	0	0	46244	0	0	0	0	0	0	0	0	0	0	0	0	0	0	0	32273	0	0	0	0	2	4	0
EHA02273_bin.4	0	0	1	0	1	0	0	0	0	0	0	0	3	0	1	0	0	570	0	0	6	0	12689	0	0	15390	0	2	0	0	0	0	0	0	0	0	0	0	0	0	0	0	0	7	180	0	0	2	0	0	0	0	0	0	0	0	0	0	135540	0	0	39110	0	0	0	0	0	0	0	0	12	0	0	0	0	4	0	0	0	0	0	1	7	0	0	53212	0	0	0	0	0	0	0	0	0	0	0	0	0	0	0	0	0	1578	0	0	6	270568	0	0	0	1	0	1	0	0	0	0	0	0	1	0	0	76151	0	0	0	0	0	5	0
EHA02273_bin.5	0	0	400	49	0	0	0	0	0	1	35	2	1	22	0	0	12	10155	0	0	4	2	58	0	0	768	0	0	0	0	0	0	0	0	0	0	0	0	0	2	0	0	0	2	2930	0	0	14772	0	0	4	333	1	0	0	0	2	0	377638	0	0	4782	0	2	0	0	0	5	0	0	670	0	0	0	0	7	0	0	2	0	0	19	6	2	2	105	0	0	0	0	0	0	0	0	0	4	0	0	0	0	0	0	299	10	46	0	11	562	0	5	55	0	0	2	0	6	0	0	0	0	0	28	0	1720	0	0	0	0	0	19	0
EHA02273_bin.6	0	8	0	0	9	0	0	0	0	0	1	0	0	2	17	0	0	136	2	0	6	0	315447	0	0	3245	9	0	0	0	0	0	0	0	0	0	0	0	2	0	0	0	0	0	80	0	1	9	0	0	0	4	0	0	0	0	0	0	981345	0	0	209570	0	2	0	0	0	1	3	0	28	0	0	0	0	7	0	5	0	0	19	0	0	3	0	27316	0	4	0	0	0	0	14	0	0	0	0	0	0	0	0	8	0	0	0	2	0	272587	2	0	0	2	0	0	0	0	0	0	0	0	0	0	4	394149	0	0	0	0	2	4	0
EHA02273_bin.7	1	0	254	2	0	0	0	0	0	0	0	0	0	0	0	0	0	7	0	0	9	0	22508	0	0	926	0	0	0	0	0	0	0	0	0	0	0	0	0	0	0	0	0	0	0	0	0	9	0	0	0	0	12	0	0	0	0	0	1108786	0	0	33285	0	0	0	0	0	0	0	0	20	0	0	0	0	175	0	0	0	0	0	6	0	0	0	2468	0	0	0	0	0	0	0	0	0	0	0	0	0	0	0	0	0	0	0	0	226	67994	0	0	0	5	0	0	0	0	0	0	0	0	20	0	0	52560	0	0	0	0	0	0	0
EHA02273_bin.8	0	0	14	0	26	0	0	0	0	0	0	0	25	1	4	0	3	36	6	0	35	0	3709	17	0	1970	0	0	0	0	0	0	0	0	0	0	0	0	0	0	0	0	0	49	11	0	8	4	0	0	2	2	4	0	0	0	0	0	1739452	0	0	8791	0	4	0	0	0	0	0	0	157	0	0	2	2	16	0	0	0	0	0	5	4	0	0	14755	0	4	0	0	0	0	1	0	0	0	0	0	7	0	0	0	1	85	0	0	27	281566	0	1	0	6	0	0	0	0	0	0	0	0	12	0	0	87094	0	0	0	0	4	102	0
EHA02273_bin.9	0	0	5	0	0	0	0	0	0	4	0	0	0	0	0	0	0	0	0	0	2	0	743	0	0	10	0	0	0	0	0	0	0	0	0	0	0	0	0	0	0	0	0	0	0	0	0	8	0	0	0	6	0	0	0	0	0	0	549142	0	0	4108	0	0	0	0	0	0	0	0	2	0	0	0	0	0	0	0	0	0	0	0	0	0	0	52	0	0	0	0	0	0	0	0	0	0	0	0	0	0	0	0	0	0	0	0	0	990	0	0	0	0	0	0	0	0	0	0	0	0	0	0	0	410	0	0	2	0	0	0	0
EHA04634_bin.10	0	0	0	0	0	0	0	0	0	0	0	0	0	2	4	0	0	0	0	0	0	0	2	0	0	0	3	40815	0	0	0	0	0	0	0	0	0	0	82444	0	0	0	0	0	0	0	46129	7	0	0	0	2	0	0	0	0	0	0	1	0	0	0	0	0	0	0	0	72349	2	0	0	0	0	205	0	0	0	7	0	0	0	0	0	2	0	0	0	0	0	0	0	0	9	0	0	0	0	0	4	0	0	108256	0	0	0	0	0	0	140974	0	0	15650	0	0	0	0	0	0	0	0	0	0	30041	0	0	0	0	0	30513	0	0
EHA04634_bin.11	0	1	0	2	2	0	0	0	0	0	0	0	0	3	16	0	0	0	0	0	0	0	2	0	0	0	8	3681	0	0	2	0	0	0	0	0	0	0	1463	0	0	0	0	0	0	0	8487	5	0	0	0	0	0	0	0	0	0	0	0	0	0	0	0	30	0	0	0	22930	1	0	0	0	0	74756	0	0	0	1	0	0	2	0	0	6	0	0	0	0	0	0	0	0	11	0	0	0	0	0	7	0	0	20470	0	0	0	0	0	0	7268	0	0	7540	0	0	0	0	0	0	0	0	0	0	7992	0	0	0	0	0	14791	47	0
EHA04634_bin.12	0	0	0	0	0	0	0	0	0	0	0	0	0	0	0	0	0	12	0	0	11	0	26	0	0	0	0	12147	0	0	2	0	0	0	0	1	0	1	246933	0	0	0	0	0	5	0	128022	7	0	0	0	8	0	0	0	0	0	0	6	0	0	16	0	0	0	0	0	7756	0	0	10	0	0	8132	0	0	0	1	0	0	0	0	0	1	0	0	0	0	0	0	0	0	0	0	0	0	0	0	0	0	2	3907	0	0	0	0	0	9	213570	0	0	47476	0	0	0	0	0	0	0	0	0	0	2390	11	0	0	0	0	4645	66	0
EHA04634_bin.13	0	2	0	0	0	0	0	0	0	0	0	0	0	0	0	0	0	0	0	0	0	0	1	0	0	0	0	11460	0	0	1	0	0	0	0	0	0	0	2468	0	0	0	0	0	0	0	1462	0	0	0	0	0	0	0	0	0	0	0	0	0	0	0	0	0	0	0	0	1662	2	0	0	0	0	7522	0	0	0	0	0	0	0	0	0	0	2	0	0	0	0	0	0	0	2	0	0	0	0	0	1	0	0	3372	0	0	0	0	0	0	3465	0	0	746	0	2	0	0	0	0	0	0	0	0	4530	1	0	0	0	0	2577	4	0
EHA04634_bin.15	0	0	0	0	0	0	0	0	0	0	0	0	0	0	1	0	0	0	0	0	0	0	1	0	0	0	0	2135	0	0	2	0	0	0	0	0	0	0	268	2	0	0	0	0	0	0	12062	0	0	0	2	0	0	0	0	0	0	0	0	0	0	0	0	0	0	0	0	22303	0	0	0	0	0	5483	0	0	0	0	0	0	0	0	0	0	0	0	0	0	0	0	0	0	0	0	0	0	0	0	0	0	0	29398	0	0	0	0	0	0	5542	0	0	2803	0	0	0	0	0	0	0	0	0	0	3115	0	0	0	0	0	5546	1	0
EHA04634_bin.19	0	0	0	0	0	0	0	0	0	0	0	0	0	0	2	0	0	0	0	0	0	0	1	0	0	0	0	1758	0	0	0	0	0	0	0	0	0	0	21303	0	0	0	0	0	0	0	1832	0	0	0	0	2	0	0	0	0	0	0	0	0	0	0	0	0	0	0	0	12431	1	0	0	0	0	793	0	0	0	2	0	0	2	0	0	0	0	0	0	0	0	0	0	0	0	0	0	0	0	0	1	0	0	1814	0	0	0	0	0	0	2212	0	0	1907	0	0	0	0	0	0	0	0	0	0	3336	0	0	0	0	0	1597	0	0
EHA04634_bin.1	0	0	0	0	0	0	0	0	0	0	0	0	2	0	0	0	0	0	0	0	0	0	0	0	0	0	0	1323	0	0	0	0	0	0	0	0	0	0	194	0	0	0	0	2	0	0	293	0	0	0	0	0	0	0	0	0	0	0	0	0	0	0	0	0	0	0	0	6847	0	0	0	0	0	1148	0	0	0	0	0	0	0	0	0	0	0	0	0	0	0	0	0	0	0	0	0	0	0	0	0	0	0	767	0	0	0	0	0	0	297	0	0	2424	0	0	0	0	0	0	0	0	0	0	6739	0	0	0	0	0	40945	0	0
EHA04634_bin.21	0	0	0	0	0	0	0	0	0	0	0	0	0	0	0	0	0	0	0	0	0	0	0	0	0	0	0	3373	0	0	0	0	0	0	0	0	0	0	3277	0	0	0	0	0	0	0	993	0	0	0	0	0	0	0	0	0	0	0	0	0	0	0	0	0	0	0	0	4612	0	0	0	0	0	5364	0	0	0	0	0	0	0	0	0	0	0	0	0	0	0	0	0	0	0	0	0	0	0	0	0	0	0	3630	0	0	0	0	1	0	1570	0	0	8519	0	0	0	0	0	0	0	0	0	0	7352	0	0	0	0	0	9980	0	0
EHA04634_bin.22	0	0	0	0	0	0	0	0	0	0	0	0	0	0	0	0	0	0	0	0	0	0	0	0	0	0	0	8376	0	0	0	0	0	0	0	0	0	0	3355	0	0	0	0	0	0	0	3202	0	0	0	0	0	0	0	0	0	0	0	0	0	0	0	0	0	0	0	0	15266	0	0	0	0	0	4089	0	0	0	0	0	0	0	0	0	0	0	0	0	0	0	0	0	0	0	0	0	0	0	0	0	0	0	4063	0	0	0	0	0	0	21117	0	0	7304	0	0	0	0	0	0	0	0	0	0	8836	0	0	0	0	0	2598	0	0
EHA04634_bin.24	0	0	0	0	0	0	0	0	0	0	0	0	0	0	0	0	0	0	0	0	0	0	0	0	0	0	0	3447	0	0	0	0	0	0	0	0	0	0	4538	0	0	0	0	0	0	0	2006	0	0	0	0	0	0	0	0	0	0	0	0	0	0	0	0	0	0	0	0	722	0	0	0	0	0	1139	0	0	0	0	0	0	0	0	0	5	0	0	0	0	0	0	0	0	0	0	0	0	0	0	0	0	0	2829	0	0	0	0	0	0	6226	0	0	2642	0	0	0	0	0	0	0	0	0	0	2781	0	0	0	0	0	2054	3	0
EHA04634_bin.25	7	19	0	0	0	0	0	0	0	0	0	0	3	11	1	0	4	14	0	0	1	0	0	0	0	0	79	22688	2	0	39	0	0	0	0	0	0	0	45826	9	0	0	0	8	3	1	24049	2	0	0	8	230	0	0	2	0	0	2	0	0	10	3	0	0	0	2	0	107148	3	0	1	0	0	20828	2	0	0	14	0	0	4	0	4	22	1	0	0	0	1	0	0	0	4	0	1	1	0	0	6	0	0	188850	0	8	0	0	0	1	316178	0	0	5522	0	0	0	0	0	0	0	0	1	4	10736	65	2	25	3	0	26172	70	0
EHA04634_bin.4	0	0	0	0	0	0	0	0	0	0	0	0	0	0	0	0	0	0	0	0	0	0	1	0	0	0	1	8024	0	0	0	0	0	0	0	0	0	0	257	0	0	0	0	0	0	0	50757	0	0	0	0	0	0	0	0	0	0	0	0	0	0	0	0	2	0	0	0	1572	0	0	1	0	0	826	2	0	0	0	0	0	1	0	0	0	0	0	0	0	0	0	0	0	0	0	0	0	0	0	0	0	0	325	0	0	0	0	0	0	180	0	0	34083	0	0	0	0	0	0	0	0	0	0	4077	0	0	0	0	0	629	0	0
EHA04634_bin.5	0	1	0	9	0	0	0	0	0	0	0	0	0	0	12	0	0	0	0	0	0	0	0	0	0	0	0	15353	0	0	4	0	0	0	0	0	0	0	3308	0	0	0	0	0	0	0	3584	5	0	0	2	13	0	0	0	0	0	0	0	0	0	0	0	1	0	0	0	7476	5	0	3	0	0	3684	1	0	0	3	0	0	2	0	0	5	2	0	0	1	0	0	0	0	41	0	0	0	0	0	13	0	0	3867	0	0	0	0	0	0	227	0	0	8992	0	0	0	0	0	0	0	0	0	0	6245	0	0	0	1	0	21944	13	0
EHA04634_bin.6	2	1	0	0	0	0	0	0	0	0	0	0	0	0	18	0	4	108	0	0	6	1	58	3	0	4	10	14095	1	0	8	0	0	2	0	0	0	0	14	2	0	0	0	5	32	0	214	14	0	0	4	12	0	0	0	0	0	0	0	0	0	4	0	9	0	0	0	469	0	0	4	0	0	2576	2	0	0	6	1	0	7	0	143	2	9	4	0	4	0	0	0	0	12	0	0	0	0	0	5	0	0	100	0	4	0	0	4	2	209	0	7	165	0	139	0	0	0	0	0	0	0	0	9843	19	0	3	28	0	4168	23	0
EHA04634_bin.8	0	0	0	0	0	0	0	0	0	0	0	0	0	0	0	0	0	0	0	0	0	0	0	0	0	0	0	1293	0	0	0	0	0	0	0	0	0	0	10	0	0	0	0	0	0	0	8836	1	0	0	0	0	0	0	0	0	0	0	0	0	0	0	0	0	0	0	0	1949	0	0	0	0	0	2981	0	0	0	0	0	0	0	0	0	0	0	0	0	0	0	0	0	0	0	0	0	0	0	0	0	0	0	1455	0	0	0	0	0	0	993	0	0	177	0	0	0	0	0	0	0	0	0	0	5979	0	0	0	0	0	3802	0	0
EHA04634_bin.9	0	0	0	1	0	0	0	2	0	0	0	0	2	0	1	0	0	0	0	0	0	0	0	0	0	0	0	18272	0	0	2	0	0	0	0	0	0	0	1287	0	0	0	0	0	0	0	15496	0	0	0	0	0	0	0	0	0	0	0	0	0	0	0	0	0	0	0	0	5691	0	0	0	0	0	815	0	0	0	0	0	0	0	0	0	0	1	0	0	0	0	0	0	0	0	0	0	0	0	0	1	1	0	1611	0	0	0	0	0	0	38009	0	0	14497	0	0	0	2	0	0	0	0	0	0	13665	0	0	0	0	2	15704	2	0
EHA04635_bin.10	0	12	0	2	6	0	0	0	0	0	13	0	3	286	1422	0	8	138	0	0	46	3	9	1	0	30	57	24555	5	0	0	0	0	0	0	0	0	0	340928	0	0	0	0	0	49	7	60227	10	0	0	0	42	0	0	0	0	0	0	12	0	0	4	0	85	0	0	4	1146	143	0	36	0	0	906	2	0	0	47	0	0	12	0	0	44	32	13	0	19	0	0	2	0	223	0	0	1	0	0	272	0	0	1738	0	13	2	0	0	9	410790	0	10	24624	0	0	0	0	0	0	0	0	0	0	592	23	0	1	5	0	621	11	0
EHA04635_bin.11	2	6	0	0	0	0	0	0	0	0	0	0	0	353	7179	0	0	4	0	0	0	0	7	0	0	0	1618	41989	0	0	12	0	0	5	0	0	0	0	37511	0	0	0	0	0	2	0	5740	1	0	0	0	0	0	0	0	0	0	0	0	0	0	4	0	4	0	0	0	140106	468	0	1	0	0	4641	0	0	0	233	0	0	1801	0	0	495	0	0	0	0	0	0	0	0	2029	0	0	0	0	0	842	0	0	45558	0	2	0	0	0	3	36051	0	0	39984	0	0	0	0	0	0	0	0	0	0	52022	0	0	0	2	0	11492	91	0
EHA04635_bin.12	0	0	0	0	0	0	0	0	0	0	0	0	0	0	0	0	0	0	0	0	0	0	1	0	0	0	0	74017	0	0	0	0	0	0	0	0	0	0	14	0	0	0	0	0	0	0	24	0	0	0	2	0	0	0	0	0	0	0	0	0	0	0	0	0	0	0	0	26	0	0	2	0	0	21817	0	0	0	0	0	0	0	0	0	0	0	0	0	0	0	0	0	0	0	0	0	0	0	0	0	0	0	1	0	0	0	0	0	0	0	0	0	91	0	0	0	0	0	0	0	0	0	0	3087	0	0	2	0	0	717	6	0
EHA04635_bin.13	0	0	0	0	3	0	0	0	0	0	0	0	0	0	0	0	0	0	0	0	0	0	1	0	0	0	2	2388	0	0	1	0	0	0	0	0	0	0	1474	0	0	0	0	0	0	0	248	0	0	0	0	0	0	0	0	0	0	0	0	0	0	0	0	0	0	0	0	8899	0	0	0	0	0	1213	7	0	0	1	0	0	0	0	2	0	0	0	0	0	0	0	0	0	0	0	0	0	0	0	0	0	0	16576	0	0	0	0	0	0	43568	0	0	3755	0	4	0	0	0	0	0	0	1	0	411	0	0	0	0	0	1455	0	0
EHA04635_bin.16	0	44	0	0	2	0	0	0	0	0	0	0	0	4	15	0	0	0	0	0	0	0	0	0	0	0	3	63948	5	0	0	0	0	2	0	0	0	0	27202	2	0	0	0	0	0	0	65509	1	0	0	2	10	0	0	0	0	0	0	0	0	0	0	0	0	0	0	0	236582	10	0	0	0	0	128098	0	0	0	1	0	0	0	0	0	0	0	0	0	0	0	0	0	0	1	0	0	0	0	0	1	0	0	108495	0	0	0	0	0	0	45671	0	0	152924	0	0	0	0	0	0	0	0	0	0	100345	0	0	0	0	0	55612	29	0
EHA04635_bin.1	0	0	0	0	0	0	0	0	0	0	0	0	0	0	0	0	0	0	3	0	0	0	0	2	0	0	0	25992	0	0	0	0	0	0	0	0	0	0	43	2	0	0	0	0	0	0	72	0	0	0	0	0	0	0	0	0	0	0	0	2	0	0	0	0	0	0	3	136	0	0	1	0	0	10881	0	0	0	0	0	0	0	0	0	0	7	0	0	1	0	0	0	0	0	0	0	0	0	0	0	0	0	43	0	0	0	0	0	0	7	0	0	211	0	0	0	0	0	0	0	0	0	0	9503	0	0	0	0	0	31134	2	0
EHA04635_bin.20	0	0	0	0	0	0	0	0	0	0	0	0	0	0	1	0	0	0	0	0	0	0	0	0	0	0	0	1359	0	0	0	0	0	0	0	0	0	0	667	0	0	0	0	0	0	0	596	0	0	0	0	0	0	0	0	0	0	0	0	0	0	0	0	1	0	0	0	22726	0	0	0	0	0	129	0	0	0	0	0	0	0	0	0	0	0	0	0	0	0	0	0	0	0	0	0	0	0	0	0	0	0	8054	0	0	0	0	0	0	104	0	0	126	0	0	0	0	0	0	0	0	0	0	1710	0	0	0	2	0	3824	0	0
EHA04635_bin.22	0	4	0	0	0	0	0	0	0	0	0	0	0	1	1	0	0	0	0	0	0	0	0	0	0	0	0	4244	0	0	2	0	0	0	0	0	0	0	2239	0	0	0	0	0	0	0	21231	0	0	0	2	0	0	0	0	0	0	0	0	0	0	0	0	3	0	0	0	3722	0	0	0	0	0	2993	0	0	0	1	0	0	0	0	0	0	0	0	0	0	0	0	0	0	2	0	0	0	0	0	3	0	0	11438	0	0	0	0	0	0	52063	0	0	3210	0	0	0	0	0	0	0	0	0	0	5937	0	0	0	0	0	7443	0	0
EHA04635_bin.24	0	0	0	0	0	0	0	0	0	0	0	0	0	3	3	0	0	4	0	0	1	0	16	1	0	0	3	67157	0	0	1	0	0	0	0	0	0	0	46	0	0	0	0	0	2	0	1789	0	0	0	0	10	0	0	0	0	0	0	2	0	0	0	0	3	0	0	0	753	1	0	11	0	0	10105	0	0	0	11	0	0	0	0	1	6	1	0	0	3	0	0	0	0	1	0	0	0	0	0	1	0	0	37	0	0	0	0	0	0	69	0	1	905	0	2	0	0	0	0	0	0	0	0	19606	2	0	2	0	0	9236	15	0
EHA04635_bin.26	0	3	0	1	2	0	0	0	0	0	0	0	0	4	54	0	0	0	2	0	0	0	12	0	0	0	27	7734	0	0	0	0	0	1	0	0	0	0	14930	0	0	0	0	0	0	0	6997	2	0	0	0	0	0	0	0	0	0	0	0	0	0	0	0	22	0	0	2	10782	5	0	0	0	0	6858	1	0	0	37	0	0	16	0	0	0	0	2	0	0	0	0	0	0	21	0	0	0	0	0	0	0	0	16772	0	0	0	0	0	0	2419	0	0	4591	0	0	0	0	0	0	0	0	0	0	17054	0	1	0	6	0	2008	32	0
EHA04635_bin.27	0	2	0	0	0	0	0	0	0	0	0	0	0	1	22	0	0	0	0	0	0	0	1	0	0	0	3	14583	1	0	2	0	0	0	0	0	0	0	10928	0	0	0	0	0	0	0	28075	2	0	0	0	0	0	0	0	0	0	0	0	0	0	0	0	27	0	0	0	14263	5	0	0	0	0	10290	0	0	0	0	0	0	5	0	0	9	0	0	0	0	0	0	0	0	8	0	0	0	0	0	15	0	0	35723	0	0	0	0	0	0	31438	0	0	22966	0	0	0	0	0	0	0	0	0	0	13805	0	0	0	0	0	11232	41	0
EHA04635_bin.28	0	0	0	2	0	0	0	0	0	0	0	0	0	0	7	0	0	0	0	0	0	0	0	0	0	0	0	15277	0	0	0	0	0	0	1	0	0	0	2511	0	0	0	0	0	0	0	3486	2	0	0	0	3	0	0	0	0	0	0	0	0	0	0	0	0	0	0	0	6826	1	0	0	0	0	4995	0	0	0	0	0	0	0	0	0	0	0	0	0	0	0	0	0	0	13	0	0	0	0	0	5	0	0	5817	0	0	0	0	0	0	461	0	0	12696	0	0	0	0	0	0	0	0	0	0	3684	0	2	0	2	0	18035	12	0
EHA04635_bin.29	0	0	0	0	0	0	0	0	0	0	0	0	0	0	0	0	0	0	0	0	0	0	0	0	0	0	0	4946	0	0	0	0	0	0	0	0	0	0	2897	0	0	0	0	0	0	0	346	0	0	0	0	0	0	0	0	0	0	0	0	0	0	0	0	0	0	0	0	739	0	0	0	0	0	809	0	0	0	0	0	0	0	0	0	0	0	0	0	0	0	0	0	0	0	0	0	0	0	0	0	0	0	48	0	0	0	0	0	0	0	0	0	320	0	0	0	0	0	0	0	0	0	0	2897	0	0	0	0	0	3572	0	0
EHA04635_bin.32	0	0	0	0	0	0	0	0	0	0	0	0	0	0	0	0	0	0	0	0	0	0	0	0	0	0	0	3644	0	0	0	0	0	0	0	0	0	0	56	0	0	0	0	0	0	0	31	0	0	0	0	0	0	0	0	0	0	0	0	0	0	0	0	0	0	0	0	53	0	0	0	0	0	374	0	0	0	0	0	0	0	0	0	0	0	0	0	0	0	0	0	0	0	0	0	0	0	0	0	0	0	34	0	0	0	0	0	0	13	0	0	276	0	0	0	0	0	0	0	0	0	0	14992	0	0	0	0	0	251	0	0
EHA04635_bin.33	0	5	0	0	21	0	0	0	0	0	0	0	0	3	26	0	0	0	0	0	0	3	0	0	0	0	1	7956	0	0	0	0	0	0	0	0	0	0	8321	0	0	0	0	0	0	0	13587	3	0	0	2	15	0	0	0	0	0	0	0	0	0	0	0	2	0	0	6	25301	1	0	6	0	0	8131	0	0	0	4	0	0	4	0	0	4	5	0	0	2	0	0	0	0	6	0	0	0	0	0	10	0	0	17194	0	0	0	0	0	0	33376	0	5	8544	0	0	0	0	0	0	0	0	0	0	14847	3	0	0	0	0	11659	9	0
EHA04635_bin.4	0	0	0	0	0	0	0	0	0	0	0	0	2	0	0	0	0	2	0	0	0	0	0	0	0	0	0	233	0	0	0	0	0	0	0	0	0	0	2	0	0	0	0	0	1	0	27	2	0	0	0	0	0	0	0	0	0	0	0	0	0	0	0	0	0	0	0	5941	0	0	0	0	0	683	0	0	0	0	0	0	0	0	0	0	0	0	0	0	0	0	0	0	0	0	0	0	0	0	1	0	0	168	0	0	0	0	0	0	122	0	0	15	0	0	0	0	0	0	0	0	0	0	272	1	0	0	0	0	223	0	0
EHA04635_bin.5	0	0	0	0	0	0	0	0	0	0	0	0	2	0	1	0	0	0	2	0	0	0	0	0	0	0	0	6622	0	0	0	0	0	0	0	0	0	0	4472	0	0	0	0	0	0	0	23423	0	0	0	0	1	0	0	0	0	0	0	0	0	0	0	0	0	0	0	0	19692	0	0	0	0	0	3305	0	0	0	0	0	0	0	0	0	0	0	0	0	0	0	0	0	0	0	0	0	0	0	0	4	0	0	77172	0	0	0	0	0	0	25975	0	0	9242	0	0	0	0	0	0	0	0	0	0	4384	0	0	0	0	0	63273	0	0
EHA04635_bin.7	1	2	0	0	0	0	0	0	0	0	0	0	0	0	1	0	0	178	0	0	0	0	57	4	0	2	0	8844	2	0	6	0	0	12	0	0	0	0	12723	1	0	0	0	0	68	0	5952	0	0	0	9	0	0	0	0	0	0	0	0	0	0	0	0	4	0	0	0	16686	1	0	0	0	0	3501	0	0	0	0	0	0	2	0	0	0	0	0	0	0	0	0	0	0	1	0	0	0	0	0	0	0	0	81058	0	0	0	0	0	0	13736	0	0	6751	0	0	0	0	0	0	0	0	0	0	10855	0	0	11	5	0	9456	86	0
EHA04635_bin.9	0	0	0	0	0	0	0	0	0	0	0	0	2	0	0	0	0	1	0	0	6	5	0	0	0	0	0	26924	0	0	0	0	0	0	0	0	0	0	8553	0	0	0	0	0	0	0	12533	3	0	0	2	0	0	0	0	0	0	0	0	0	0	0	0	0	0	0	0	22673	0	0	3	0	0	2250	2	0	0	0	0	0	0	0	0	0	0	0	0	1	0	0	0	0	0	0	0	0	0	0	0	0	0	35592	0	2	0	0	0	0	9230	0	4	1757	0	0	0	0	0	0	0	0	0	0	6486	0	0	0	0	0	5540	0	0
EHA04636_bin.11	0	0	0	0	0	0	0	0	0	0	0	0	0	0	0	0	0	0	0	0	0	0	0	0	0	0	0	3682	0	0	0	0	0	0	0	0	0	0	95	0	0	0	0	0	0	0	87	0	0	0	0	0	0	0	0	0	0	0	0	0	0	0	0	0	0	0	0	95	0	0	0	0	0	3994	0	0	0	0	0	0	0	0	0	0	0	0	0	0	0	0	0	0	0	0	0	0	0	0	0	0	0	70	0	0	0	0	0	0	224	0	0	87	0	0	0	0	0	0	0	0	0	0	28328	0	0	0	0	0	397	0	0
EHA04636_bin.16	0	0	0	0	0	0	0	0	0	0	0	0	0	0	0	0	0	0	0	0	0	0	0	0	0	0	0	24406	0	0	0	0	0	0	0	0	0	0	171	0	0	0	0	0	0	0	3705	0	0	0	0	0	0	0	0	0	0	0	0	0	0	0	0	0	0	0	0	5962	0	0	0	0	0	6910	0	0	0	0	0	0	0	0	0	0	0	0	0	0	0	0	0	0	0	0	0	0	0	0	0	0	0	3306	0	0	0	0	0	0	3538	0	0	7083	0	0	0	0	0	0	0	0	0	0	6880	0	0	0	0	0	1696	0	0
EHA04636_bin.1	0	0	0	0	0	0	0	0	0	0	0	0	0	0	1	0	0	0	0	0	0	0	0	0	0	0	0	4816	6	0	0	0	0	0	0	0	0	0	246	0	0	0	0	0	0	0	14386	0	0	0	0	0	0	0	0	0	0	0	0	0	0	0	0	1	0	0	0	24118	0	0	0	0	0	5719	0	0	0	0	0	0	0	0	0	1	0	0	0	0	0	0	0	0	1	0	0	0	0	0	0	0	0	26705	0	0	0	0	0	0	4301	0	0	4090	0	0	0	0	0	0	0	0	2	0	5255	0	0	0	0	0	7874	22	0
EHA04636_bin.20	0	0	0	0	0	0	0	0	0	0	0	0	0	0	0	0	0	0	0	0	0	0	1	0	0	0	0	14976	0	0	0	0	0	0	0	0	0	0	236	0	0	0	0	0	0	0	314	0	0	0	0	1	0	0	0	0	0	0	0	0	0	0	0	0	0	0	0	493	0	0	0	0	0	29324	0	0	0	1	0	0	0	0	0	0	0	0	0	0	0	0	0	0	0	0	0	0	0	0	1	0	0	443	0	0	0	0	0	0	723	0	1	369	0	0	0	0	0	0	0	0	0	0	114614	0	0	0	0	0	637	3	0
EHA04636_bin.21	0	0	0	0	0	0	0	0	0	0	0	0	0	0	0	0	0	0	0	0	0	0	0	0	0	0	0	9147	2	0	0	0	0	0	0	0	0	0	210	0	0	0	0	0	0	0	1226	2	0	0	0	0	0	0	0	0	0	0	0	0	0	0	0	1	0	0	0	739	0	0	0	0	0	1964	0	0	0	0	0	0	0	0	0	0	0	0	0	0	0	0	0	0	0	0	0	0	0	0	0	0	0	404	0	0	0	0	0	0	69	0	0	2381	0	0	0	0	0	0	0	0	0	0	13492	0	0	0	0	0	39544	0	0
EHA04636_bin.22	0	0	0	0	0	0	0	0	0	0	0	0	0	0	0	0	0	0	0	0	0	0	0	0	0	0	0	12600	0	0	0	0	0	0	0	0	0	0	156	0	0	0	0	0	0	0	589	0	0	0	0	0	0	0	0	0	0	0	0	0	0	0	0	0	0	0	0	2679	0	0	0	0	0	14384	0	0	0	0	0	0	0	0	0	0	0	0	0	0	0	0	0	0	0	0	0	0	0	0	0	0	0	422	0	0	0	0	0	0	299	0	0	394	0	0	0	0	0	0	0	0	0	0	1968	0	0	0	0	0	1471	0	0
EHA04636_bin.25	0	2	0	0	0	0	0	0	0	0	0	0	0	0	2	0	1	0	0	0	0	2	1	0	0	0	2	21001	0	0	0	0	0	0	0	0	0	0	1789	2	0	0	0	0	0	0	1490	0	0	0	0	0	0	0	0	0	0	0	0	0	0	0	0	1	0	0	0	2824	0	0	0	0	0	16129	0	0	0	0	0	0	0	2	0	0	0	0	0	0	0	0	0	0	0	0	0	0	0	0	1	0	0	3927	0	0	0	0	0	0	5746	0	0	1157	0	0	0	0	0	0	0	0	0	0	2985	0	0	2	2	0	2702	4	0
EHA04636_bin.26	0	7	0	0	0	0	0	0	0	0	0	0	0	6	29	0	0	0	0	0	1	0	1	0	0	0	7	108542	0	0	0	0	0	0	0	0	0	0	51	1	0	0	0	0	0	0	842	72	0	0	0	35	0	0	0	0	0	0	0	0	0	0	0	25	0	0	0	408	2	0	7	0	0	67629	0	0	0	3	0	0	4	0	0	7	0	0	0	0	0	0	0	0	12	0	0	0	0	0	13	0	0	316	0	0	0	0	0	0	82	0	0	33122	0	0	0	0	0	0	0	0	0	0	35269	0	0	0	1	0	3798	17	0
EHA04636_bin.30	0	8	0	1	0	0	0	0	0	0	1	0	0	0	27	0	3	0	0	0	0	4	0	0	0	0	0	68444	0	0	0	0	0	1	0	0	0	0	3226	0	0	0	0	0	2	8	32356	0	0	0	0	64	0	0	0	0	0	0	0	0	0	0	0	3	0	0	0	11937	1	0	4	0	0	12346	0	0	0	0	0	0	1	0	0	11	9	0	0	0	0	0	0	0	34	0	0	0	0	0	27	0	0	2310	0	0	0	0	0	0	291	0	0	53817	0	0	0	0	0	0	0	0	0	0	14046	0	0	0	4	0	35978	11	0
EHA04636_bin.33	0	0	0	0	0	0	0	0	0	0	0	0	0	0	0	0	0	0	0	0	0	0	0	0	0	0	0	4906	0	0	0	0	0	0	0	0	0	0	9128	0	0	0	0	0	0	0	594	2	0	0	0	0	0	0	0	0	0	0	0	0	0	0	0	0	0	0	0	11918	0	0	0	0	0	1257	0	0	0	0	0	0	0	0	0	0	0	0	0	0	0	0	0	0	0	0	0	0	0	0	0	0	0	15222	0	0	0	0	0	0	28692	0	0	9266	0	0	0	0	0	0	0	0	0	0	2204	0	0	0	0	0	4967	0	0
EHA04636_bin.34	0	1	0	0	0	0	0	0	0	0	0	0	0	0	0	0	0	0	0	0	0	0	0	0	0	0	0	4136	0	0	0	0	0	0	0	0	0	0	1841	0	0	0	0	0	0	0	7622	1	0	0	0	2	0	0	0	0	0	0	0	0	0	0	0	0	0	0	0	10730	0	0	0	0	0	1688	0	0	0	0	0	0	0	0	0	0	0	0	0	0	0	0	0	0	1	0	0	0	0	0	0	0	0	5885	0	0	0	0	0	0	4311	0	0	2126	0	0	0	0	0	0	0	0	0	0	6336	0	0	0	0	0	6682	0	0
EHA04636_bin.35	0	0	0	0	1	0	0	0	0	0	0	0	0	8	26	0	0	0	0	0	0	0	0	0	0	0	6	71430	0	0	4	0	0	0	0	0	0	0	145	0	0	0	0	1	0	0	367	14	0	0	0	14	0	0	0	0	0	0	0	0	0	0	0	20	0	0	0	727	2	0	0	0	0	12460	0	0	0	10	0	0	1	0	0	6	0	0	0	0	0	0	0	0	2	0	0	0	0	0	3	0	0	613	0	0	0	0	0	0	443	0	0	4285	0	0	0	0	0	0	0	0	0	0	9918	2	0	0	0	0	2148	1	0
EHA04636_bin.36	0	0	0	0	0	0	0	0	0	0	0	0	0	0	0	0	0	0	0	0	0	0	2	0	0	0	0	16288	0	0	0	0	0	0	0	0	0	0	172	0	0	0	0	0	0	0	97	0	0	0	0	2	0	0	0	0	0	0	0	0	0	0	0	0	0	0	0	1466	0	0	0	0	0	5057	0	0	0	0	0	0	0	0	0	0	0	0	0	0	0	0	0	0	0	0	0	0	0	0	0	0	0	1518	0	0	0	0	0	0	372	0	0	71	0	0	0	0	0	0	0	0	0	0	5100	0	0	0	0	0	4065	0	0
EHA04636_bin.38	0	2	0	0	13	0	0	0	0	0	0	0	0	0	2	0	0	0	0	0	1	0	2	0	0	0	0	17754	0	0	0	0	0	0	0	0	0	0	15314	0	0	0	0	0	0	0	42129	0	0	0	0	0	0	0	0	0	0	0	0	0	0	0	0	4	0	0	0	8969	0	0	0	0	0	5256	0	0	0	0	0	0	0	0	0	2	0	0	0	0	0	0	0	0	1	0	0	0	0	0	0	0	0	20509	0	0	0	0	2	0	8756	0	0	56772	0	0	0	0	0	0	0	0	2	0	41778	0	0	0	0	0	14950	3	0
EHA04636_bin.39	0	5	0	0	0	0	0	0	0	0	0	0	1	5	21	0	0	0	0	0	0	0	1	0	0	0	12	34618	2	0	0	0	0	1	0	0	0	0	358	0	0	0	0	0	0	0	5523	10	0	0	0	1	0	0	0	0	0	0	0	0	0	0	0	29	0	0	0	8355	1	0	0	0	0	8968	0	0	0	0	0	0	3	0	0	5	0	0	0	0	0	0	0	0	2	0	0	0	0	0	1	0	0	5294	0	0	0	0	0	0	6098	0	0	6572	0	2	0	0	0	0	0	0	0	0	38700	0	0	0	0	0	14376	40	0
EHA04636_bin.4	0	0	0	0	0	0	0	0	0	0	0	0	0	0	0	0	0	0	0	0	0	0	0	0	0	0	0	813	0	0	0	0	0	0	0	0	0	0	452	0	0	0	0	0	0	0	116	0	0	0	0	0	0	0	0	0	0	0	0	0	0	0	0	0	0	0	0	442	0	0	0	0	0	9629	0	0	0	0	0	0	0	0	0	0	0	0	0	0	0	0	0	0	0	0	0	0	0	0	0	0	0	5720	0	0	0	0	0	0	1017	0	0	61	0	0	0	0	0	0	0	0	0	0	26047	0	0	0	0	0	35904	0	0
EHA04636_bin.5	0	0	0	0	0	0	0	0	0	0	0	0	0	0	0	0	0	0	0	0	0	0	0	0	0	0	0	2558	0	0	0	0	0	0	0	0	0	0	28	0	0	0	0	0	0	0	134	0	0	0	0	3	0	0	0	0	0	0	0	0	0	0	0	0	0	0	0	2066	0	0	0	0	0	170	0	0	0	0	0	0	0	0	0	0	0	0	0	0	0	0	0	0	0	0	0	0	0	0	0	0	0	142	0	0	0	0	0	0	277	0	0	54880	0	0	0	0	0	0	0	0	0	0	7556	0	0	0	0	0	32980	4	0
EHA04636_bin.7	0	0	0	0	0	0	0	0	0	0	0	0	0	0	0	0	0	0	0	0	0	0	0	0	0	0	0	9685	0	0	0	0	0	0	0	0	0	0	5183	0	0	0	0	0	0	0	4567	0	0	0	0	0	0	0	0	0	0	0	0	0	0	0	0	0	0	0	0	4460	0	0	0	0	0	5935	0	0	0	0	0	0	0	0	0	0	0	0	0	0	0	0	0	0	0	0	0	0	0	0	12	0	0	1308	0	0	0	0	0	0	8518	0	0	3415	0	0	0	0	0	0	0	0	0	0	2541	0	0	0	0	0	3411	0	0
EHA04636_bin.9	0	0	0	0	0	0	0	0	0	0	0	0	0	0	0	0	0	0	0	0	0	0	1	0	0	0	0	20977	0	0	0	0	0	0	0	0	0	0	14	0	0	0	0	0	0	0	16	0	0	0	0	4	0	0	0	0	0	0	0	0	0	0	0	0	0	0	0	94	0	0	0	0	0	7265	0	0	0	0	0	0	0	0	0	1	1	0	0	0	0	0	0	0	0	0	0	0	0	0	0	0	0	38	0	0	0	0	0	0	3	0	0	114	0	0	0	0	0	0	0	0	0	0	4405	0	0	2	0	0	6332	0	0
EHA04637_bin.11	0	0	0	0	1	0	0	0	0	0	0	0	0	0	13	0	0	0	0	0	0	0	0	0	0	0	0	15960	0	0	0	0	0	1	0	0	0	0	4645	0	0	0	0	0	0	0	2907	3	0	0	0	18	0	0	0	0	0	0	0	0	0	0	0	0	0	0	0	9801	3	0	2	0	0	5162	0	0	0	0	0	0	0	0	0	5	0	0	0	0	0	0	0	0	13	0	0	0	0	0	9	0	0	6171	0	0	0	0	0	0	135	0	0	12846	0	0	0	0	0	0	0	0	0	0	4264	0	0	4	2	0	47160	11	0
EHA04637_bin.13	0	1	0	0	2	0	0	0	0	0	0	0	0	3	13	0	0	5	0	0	4	0	100	0	0	0	11	4535	0	0	0	2	0	0	0	0	0	0	13	0	0	0	0	4	0	0	1100	10	2	0	0	5	0	0	0	0	0	0	1	0	0	3	0	0	0	2	0	8597	0	0	8	0	0	2515	4	0	0	5	0	0	5	0	6	0	56	0	0	28	0	0	0	0	3	0	2	0	0	0	16	0	0	4714	0	0	0	0	0	1	1185	0	20	528	0	2	0	0	0	0	0	0	0	2	8179	0	0	0	2	0	12904	8	0
EHA04637_bin.15	0	2	0	0	0	0	0	0	0	0	0	0	0	0	0	0	0	0	0	0	0	0	2	0	0	0	1	7058	0	0	0	0	0	0	0	0	1	0	1875	0	0	0	0	0	0	0	34913	0	0	0	0	0	0	0	0	0	0	0	1	0	0	1	0	3	0	0	0	14648	0	0	1	0	0	2391	0	0	0	0	0	0	0	0	0	0	0	0	0	0	0	0	0	0	0	0	0	0	0	0	1	0	0	41729	0	0	0	0	0	0	2933	0	0	11155	0	0	0	0	0	0	0	0	0	0	45264	0	0	0	0	0	10977	0	0
EHA04637_bin.16	0	0	2	1	7	0	0	0	0	0	1	0	0	0	0	0	0	0	0	0	2	0	14	0	0	0	0	16366	0	0	0	0	0	0	0	0	0	0	30603	0	0	0	0	5	2	0	6159	0	0	0	0	0	0	0	0	0	0	0	10	0	0	0	0	0	0	0	0	29327	0	0	0	0	0	2664	0	0	0	2	0	0	1	0	4	0	0	0	0	0	0	0	0	0	1	0	0	0	0	0	3	0	0	27388	0	0	0	0	0	4	64562	0	0	5365	0	0	0	0	0	0	0	0	0	0	10333	7	0	0	0	0	26652	2	0
EHA04637_bin.18	0	0	0	0	0	0	0	0	0	0	0	0	0	0	0	0	0	0	0	0	0	0	0	0	0	0	0	3614	0	0	0	0	0	0	0	0	0	0	8299	0	0	0	0	0	0	0	8665	0	0	0	0	0	0	0	0	0	0	0	0	0	0	0	0	0	0	0	0	17092	0	0	0	0	0	468	0	0	0	0	0	0	0	0	0	0	0	0	0	0	0	0	0	0	0	0	0	0	0	0	0	0	0	12448	0	0	0	0	0	0	7311	0	0	785	0	0	0	0	0	0	0	0	0	0	3670	0	0	0	0	0	16255	0	0
EHA04637_bin.19	0	0	0	0	0	0	0	0	0	0	0	0	0	0	0	0	0	0	0	0	0	0	0	0	0	0	0	28981	0	0	0	0	0	0	0	0	0	0	1126	0	0	0	0	0	2	0	3816	2	0	0	0	0	0	0	0	0	0	0	0	0	0	0	0	0	0	0	0	7316	0	0	0	0	0	41041	0	0	0	0	0	0	0	0	0	0	1	0	0	0	0	0	0	0	0	0	0	0	0	0	0	0	0	3716	0	0	0	0	0	0	2254	0	0	1224	0	0	0	0	0	0	0	0	0	0	11907	0	0	0	0	0	22615	0	0
EHA04637_bin.1	0	0	0	0	0	0	0	0	0	0	0	0	0	4	2	0	0	0	0	0	0	0	4	0	0	0	7	5470	0	0	0	0	0	0	0	0	0	0	6364	0	0	0	0	0	0	0	4867	1	0	0	0	0	0	0	0	0	0	0	0	0	2	1	0	20	0	0	4	5010	0	0	0	0	0	11487	0	0	0	2	0	0	3	0	0	5	0	0	0	1	0	0	0	0	11	0	0	0	0	0	1	0	0	2188	0	0	0	0	0	0	10651	0	0	2121	0	0	0	0	0	0	0	0	0	0	2970	0	0	0	2	0	4790	0	0
EHA04637_bin.20	0	0	0	0	0	0	0	0	0	0	0	0	0	0	2	0	0	0	0	0	0	0	0	0	0	0	0	2684	0	0	2	0	0	0	0	0	0	0	302	0	0	0	0	0	0	0	25213	0	0	0	0	0	0	0	0	0	0	0	0	0	0	0	0	0	0	0	0	50349	0	0	0	0	0	2510	0	0	0	0	0	0	0	0	0	0	0	0	0	0	0	0	0	0	0	0	0	0	0	0	1	0	0	2075	0	0	0	0	0	0	1596	0	0	7058	0	0	0	0	0	0	0	0	0	0	12120	0	0	0	0	0	84985	0	0
EHA04637_bin.25	0	2	0	0	0	0	0	0	0	0	0	0	0	4	40	0	0	0	0	0	0	0	13	0	0	0	11	7852	0	0	0	0	0	0	0	0	0	0	3201	0	0	0	0	0	0	0	29222	8	0	0	0	0	0	0	0	0	0	0	0	0	3	0	0	56	0	0	4	55156	8	0	0	0	0	14799	0	0	1	1	0	0	13	0	0	14	1	1	0	0	0	0	0	2	9	0	0	0	0	0	3	0	0	89205	0	1	0	0	1	0	20152	0	0	13752	0	0	0	0	0	0	0	0	0	0	10743	4	0	0	4	0	16183	12	0
EHA04637_bin.27	0	0	0	0	0	0	0	0	0	0	0	0	0	0	8	0	0	0	0	0	0	0	0	0	0	0	1	21670	0	0	0	0	0	0	0	0	0	0	13438	0	0	0	0	0	0	0	110359	0	0	0	0	0	0	0	0	0	0	0	0	0	0	0	0	0	0	0	0	36383	0	0	0	0	0	139362	0	0	0	0	0	0	0	0	0	3	0	0	0	0	0	0	0	0	1	0	0	0	0	0	0	0	0	70373	0	0	0	0	0	0	44891	0	0	165875	0	0	0	0	0	0	0	0	0	0	91542	0	0	0	0	0	139895	6	0
EHA04637_bin.29	0	0	0	0	0	0	0	0	0	0	0	0	0	0	3	0	0	0	0	0	0	0	4	0	0	0	0	23918	0	0	0	0	0	0	0	0	0	0	522	0	0	0	0	0	0	0	14166	1	0	0	0	18	0	0	0	0	0	0	0	0	0	0	0	0	0	0	0	39433	2	0	0	0	0	12809	0	0	0	0	0	0	0	0	2	4	0	0	0	0	0	0	0	0	9	0	0	0	0	0	14	0	0	4764	0	0	0	0	0	0	1061	0	0	8670	0	0	0	0	0	0	0	0	0	0	10464	5	0	0	0	0	40404	0	0
EHA04637_bin.30	0	2	0	0	0	0	0	0	0	0	0	0	0	0	4	0	0	0	2	0	0	0	0	0	0	0	2	26499	0	0	2	0	0	0	0	0	0	0	832	2	0	0	0	0	0	0	8515	1	0	0	0	17	0	0	0	0	0	0	0	0	0	0	0	0	0	0	1	27941	1	0	2	0	0	8004	0	0	0	0	0	0	0	0	0	1	14	0	0	1	0	0	0	0	6	0	0	0	0	0	2	0	0	29569	0	0	0	0	0	0	1001	0	1	5087	0	0	0	0	0	0	0	0	0	0	7460	0	0	0	6	0	83608	2	0
EHA04637_bin.6	0	0	0	0	0	0	0	0	0	0	0	0	0	0	0	0	0	0	0	0	0	0	0	0	0	0	0	466	0	0	0	0	0	0	0	0	0	0	4	0	0	0	0	0	0	0	3	2	0	0	0	0	0	0	0	0	0	0	0	0	0	0	0	0	0	0	0	8	0	0	0	0	0	1964	0	0	0	0	0	0	0	0	0	0	0	0	0	0	0	0	0	0	0	0	0	0	0	0	0	0	0	6	0	0	0	0	0	0	10	0	0	33	0	0	0	0	0	0	0	0	0	0	9333	0	0	0	0	0	7	0	0
EHA04637_bin.8	0	0	0	0	0	0	0	0	0	0	0	0	0	0	0	0	0	0	0	0	0	0	0	0	0	0	0	2814	0	0	0	0	0	0	0	0	0	0	210	0	0	0	0	0	0	0	2350	0	0	0	0	0	0	0	0	0	0	0	0	0	0	0	0	0	0	0	0	1921	0	0	0	0	0	1649	0	0	0	0	0	0	0	0	0	0	0	0	0	0	0	0	0	0	0	0	0	0	0	0	0	0	0	1744	0	0	0	0	0	0	4161	0	0	3356	0	0	0	0	0	0	0	0	0	0	886	0	0	0	0	0	3700	0	0
EHA04637_bin.9	0	0	0	0	0	0	0	0	0	0	0	0	0	0	0	0	0	0	0	0	0	0	0	0	0	0	0	229	0	0	0	0	0	0	0	0	0	0	0	0	0	0	0	0	0	0	155	0	0	0	0	0	0	0	0	0	0	0	0	0	0	0	0	0	0	0	0	194	0	0	0	0	0	232	0	0	0	0	0	0	0	0	0	0	0	0	0	0	0	0	0	0	0	0	0	0	0	0	0	0	0	897	0	0	0	0	0	0	5619	0	0	223	0	0	0	0	0	0	0	0	0	0	304	0	0	0	0	0	677	0	0
EHA04638_bin.13	0	1	0	0	1	0	0	0	0	0	0	0	2	1	5	0	0	0	0	0	0	0	0	0	0	1	0	35274	0	0	0	0	0	1	0	0	0	0	21346	0	0	0	0	0	0	0	31388	0	0	0	0	0	0	0	0	0	0	0	0	0	0	0	0	1	0	0	0	29156	1	0	0	0	0	21360	0	0	0	3	0	0	0	0	0	0	0	2	0	0	0	0	0	0	0	0	0	0	0	0	3	0	0	30648	0	0	0	0	0	0	68509	0	0	36339	0	0	0	0	0	0	0	0	0	0	58477	0	0	0	0	0	99084	7	0
EHA04638_bin.14	0	0	0	0	0	0	0	0	0	0	0	0	0	0	0	0	0	0	0	0	0	0	0	0	0	0	0	2805	0	0	0	0	0	0	0	0	0	0	2155	0	0	0	0	0	0	0	18339	0	0	0	0	0	0	0	0	0	0	0	0	0	0	0	0	0	0	0	0	5902	4	0	0	0	0	1206	0	0	0	0	0	0	0	0	0	1	0	0	0	0	0	0	0	0	0	0	0	0	0	0	0	0	0	20173	0	0	0	0	0	0	66815	0	0	94885	0	0	0	0	0	0	0	0	0	0	6303	0	0	0	0	0	27616	1	0
EHA04638_bin.15	0	7	0	0	1	0	0	0	0	0	0	0	0	4	40	0	0	0	0	0	0	0	4	0	0	0	8	1650	0	0	1	0	0	0	0	0	0	0	364	0	0	0	0	0	0	0	2215	2	0	0	0	4	0	0	0	0	0	0	0	0	0	0	0	23	0	0	0	26691	1	0	0	0	0	119372	0	0	0	2	0	0	3	0	0	18	0	0	0	0	0	0	0	0	2	0	0	0	0	0	6	0	0	20728	0	0	0	0	0	0	4675	0	0	3398	0	0	0	0	0	0	0	0	0	0	6689	0	0	0	0	0	23793	46	0
EHA04638_bin.16	0	0	0	0	0	0	0	0	0	0	0	0	0	0	0	0	0	0	0	0	0	0	0	0	0	0	0	941	0	0	0	0	0	0	0	0	0	0	74	0	0	0	0	0	0	0	193	0	0	0	0	0	0	0	0	0	0	0	0	0	0	0	0	0	0	0	0	4348	0	0	0	0	0	882	0	0	0	0	0	0	0	0	0	0	0	0	0	0	0	0	0	0	0	0	0	0	0	0	0	0	0	755	0	0	0	0	0	0	237	0	0	1565	0	0	0	0	0	0	0	0	0	0	3800	0	0	0	0	0	13235	0	0
EHA04638_bin.17	0	0	0	0	0	0	0	0	0	0	0	0	0	1	0	0	0	0	0	0	0	0	0	0	0	0	0	14575	0	0	0	0	0	0	0	0	0	0	35536	0	0	0	0	0	0	0	25589	0	0	0	0	0	0	0	0	0	0	0	0	0	0	0	0	0	0	0	0	39942	0	0	0	0	0	11965	0	0	0	0	0	0	0	0	0	3	0	0	0	0	0	0	0	0	0	0	0	0	0	0	0	0	0	55632	0	0	0	0	0	0	25889	0	0	44571	0	2	0	0	0	0	0	0	0	0	20536	0	0	0	0	0	33092	1	0
EHA04638_bin.18	0	1	0	0	6	0	0	0	0	0	0	0	0	6	0	0	0	2	0	0	0	0	0	0	0	0	0	24732	0	0	0	0	0	0	0	0	0	0	22773	0	0	0	0	0	2	0	47111	0	0	0	0	6	0	0	0	0	0	0	1	0	0	0	0	1	0	0	0	40540	0	0	0	0	0	34285	0	0	0	0	0	0	0	0	0	2	0	0	0	0	0	0	0	0	1	0	0	0	0	0	2	0	0	38449	0	0	0	0	0	0	32729	0	0	49969	0	0	0	0	0	0	0	0	0	0	43290	0	0	0	0	0	42595	4	0
EHA04638_bin.2	0	0	0	0	0	0	0	0	0	0	0	0	0	0	0	0	0	0	0	0	0	0	0	0	0	0	0	6042	0	0	0	0	0	0	0	0	0	0	64	0	0	0	0	0	0	0	38275	0	0	0	0	0	0	0	0	0	0	0	0	0	0	0	0	0	0	0	0	976	0	0	0	0	0	530	0	0	0	0	0	0	0	0	0	0	0	0	0	0	0	0	0	0	0	0	0	0	0	0	0	0	0	49	0	0	0	0	0	0	119	0	0	26718	0	0	0	0	0	0	0	0	0	0	2668	0	0	0	0	0	213	0	0
EHA04638_bin.4	0	0	0	0	0	0	0	0	0	0	0	0	0	2	1	0	0	0	0	0	0	0	0	0	0	0	0	2107	0	0	0	0	0	0	0	0	0	0	2994	0	0	0	0	0	0	0	2227	1	0	0	0	0	0	0	0	0	0	0	0	0	0	0	0	0	0	0	0	2671	0	0	0	0	0	3383	0	0	0	0	0	0	3	0	0	1	0	0	0	0	0	0	0	0	0	0	0	0	0	0	0	0	0	886	0	0	0	0	0	0	11187	0	0	1094	0	0	0	0	0	0	0	0	0	0	1442	0	0	0	0	0	2159	0	0
EHA04638_bin.8	2	27	2	5	8	0	0	0	0	0	11	0	0	830	13883	0	2	16	0	0	26	2	17	0	0	1	2666	15611	11	0	32	0	0	12	0	0	0	0	571965	2	0	0	0	3	15	7	58548	11	0	0	2	37	0	0	0	0	0	0	3	0	2	6	0	114	0	0	2	3705	1173	0	28	0	0	4504	0	0	0	404	0	0	3384	0	0	896	9	0	0	6	0	0	0	0	3670	0	0	0	0	0	1212	0	0	3717	0	1	0	0	0	6	414594	0	4	22886	0	5	0	0	0	0	0	0	0	0	6460	3	0	8	4	0	1687	322	0
EHA04638_bin.9	0	0	0	0	0	0	0	0	0	0	0	0	0	0	0	0	0	0	0	0	0	0	0	0	0	0	0	15778	0	0	0	0	0	0	0	0	0	0	834	0	0	0	0	0	0	0	243	0	0	0	0	0	0	0	0	0	0	0	0	0	0	0	0	0	0	0	0	17	0	0	0	0	0	313	0	0	0	0	0	0	0	0	0	0	0	0	0	0	0	0	0	0	0	0	0	0	0	0	0	0	0	555	0	0	0	0	0	0	15200	0	0	27900	0	0	0	0	0	0	0	0	0	0	14835	0	0	0	0	0	38	2	0
EHA04639_bin.10	0	2	0	0	0	0	0	0	0	0	0	0	0	3	11	0	0	2	0	0	0	0	1	0	0	0	6	25354	0	0	2	0	0	1	0	0	0	0	12254	0	0	0	0	0	2	0	9906	3	0	0	0	6	0	0	0	0	0	0	0	0	0	0	0	6	0	0	0	15376	8	0	2	0	0	11722	0	0	0	12	0	0	3	0	0	9	0	0	0	0	0	0	0	0	7	0	0	0	0	0	8	0	0	12495	0	0	0	0	0	0	55955	0	0	12139	0	0	0	0	0	0	0	0	0	0	53162	0	0	2	0	0	31655	27	0
EHA04639_bin.13	2	0	0	0	0	0	0	0	0	0	0	0	0	0	0	0	0	1	0	0	0	0	0	0	0	0	0	6055	0	0	0	0	0	0	0	0	0	0	2996	0	0	0	0	1	0	0	4202	0	0	0	10	0	0	0	0	0	0	0	0	0	0	0	0	0	0	0	0	3424	0	0	0	0	0	2490	0	0	0	1	0	0	0	0	0	0	0	0	0	0	0	0	0	0	0	0	0	0	0	0	0	0	0	27303	0	0	0	0	0	0	6453	0	2	3599	0	0	0	0	0	0	0	0	0	0	6800	0	0	0	0	0	31353	2	0
EHA04639_bin.14	0	1	0	0	0	0	0	0	0	0	0	0	0	0	3	0	2	0	0	0	12	2	0	2	0	0	0	20842	0	0	0	0	0	0	0	0	0	0	3950	19	0	0	0	0	0	2	5523	27	0	0	2	0	0	0	0	0	0	0	0	0	2	0	0	11	0	0	0	25682	12	0	1	0	0	5510	0	0	0	0	0	0	14	0	0	5	0	0	0	27	0	0	0	0	0	0	0	0	0	0	28	0	0	16291	0	0	0	0	0	0	9637	0	34	2408	0	0	0	0	0	0	0	0	0	0	7020	0	0	0	0	0	9895	6	0
EHA04639_bin.16	0	0	0	0	0	0	0	0	0	0	0	0	0	0	0	0	0	0	0	0	0	0	1	0	0	0	0	2518	0	0	0	0	0	0	0	0	0	0	2192	0	0	0	0	2	2	0	168	0	0	0	0	0	0	0	0	0	0	0	0	0	0	1	0	0	0	0	0	18275	0	0	0	0	0	178	0	0	0	0	0	0	2	0	0	0	0	0	0	0	0	0	0	0	0	0	0	0	0	0	0	0	0	331	0	0	0	0	0	0	11768	0	0	90	0	0	0	0	0	0	0	0	0	0	1232	0	0	0	0	0	2334	6	0
EHA04639_bin.18	0	0	0	0	0	0	0	0	0	0	0	0	0	0	0	0	0	0	0	0	0	0	0	0	0	0	0	15984	0	0	0	0	0	0	0	0	0	0	3340	0	0	0	0	0	0	0	196	1	0	0	0	0	0	0	0	0	0	0	0	0	0	0	0	0	0	0	0	242	0	0	0	0	0	131	0	0	0	0	0	0	0	0	0	0	0	0	0	0	0	0	0	0	0	0	0	0	0	0	0	0	0	519	0	0	0	0	0	0	4333	0	0	20185	0	0	0	0	0	0	0	0	0	0	8367	0	0	0	0	0	75	0	0
EHA04639_bin.19	0	15	0	0	0	0	0	0	0	0	2	0	0	0	0	0	0	0	0	0	1	0	0	4	0	1	0	6558	0	0	9	0	0	22	0	0	0	0	3886	2	0	0	0	0	0	0	1500	2	0	0	9	0	0	0	0	0	0	0	2	0	0	3	0	3	0	0	0	6002	1	0	0	0	0	2547	3	0	0	0	0	0	0	0	0	0	0	0	0	0	0	0	0	0	3	0	0	0	0	0	3	0	0	8135	0	0	0	0	0	0	2297	0	0	1137	0	0	0	0	0	0	0	0	0	0	7206	2	1	5	7	0	6614	70	0
EHA04639_bin.20	0	0	0	0	1	0	0	0	0	0	0	0	0	0	0	0	0	0	0	0	0	0	0	0	0	0	0	2073	0	0	0	0	0	0	0	0	0	0	57385	0	0	0	0	0	0	0	904	2	0	0	0	0	0	0	0	0	0	0	0	0	0	0	0	0	0	0	0	4861	0	0	0	0	0	924	0	0	0	3	0	0	0	0	0	0	0	0	0	0	0	0	0	0	1	0	0	0	0	0	0	0	0	10528	0	0	0	0	0	0	135100	0	0	4088	0	0	0	0	0	0	0	0	0	0	1153	0	0	0	0	0	3173	0	0
EHA04639_bin.21	4	4	0	0	3	0	2	0	0	0	0	0	0	0	11	0	5	4	0	0	4	0	26	2	0	0	2	2071	4	0	0	0	0	0	0	0	0	0	17135	0	0	0	0	0	2	0	5573	1	0	0	0	3	0	0	0	0	0	0	0	0	0	0	0	18	0	0	2	25443	2	0	8	0	0	23306	0	0	0	0	0	0	6	0	0	1	1	0	0	1	0	0	0	0	3	2	0	0	0	0	11	0	0	15879	0	0	0	0	0	0	14301	0	0	4692	0	0	0	0	0	0	0	0	0	0	1604	0	2	1	0	0	4652	17	0
EHA04639_bin.24	0	2	1	0	0	0	0	0	0	0	0	0	0	4	3	0	0	0	0	0	0	0	0	0	0	0	1	7458	0	0	0	0	0	0	0	0	0	0	7347	0	0	0	0	0	0	0	19273	0	0	0	0	6	1	0	0	0	0	0	0	0	0	0	0	0	0	0	0	23615	1	0	0	0	0	6978	0	0	0	1	0	0	2	0	0	7	0	0	0	0	0	0	0	0	3	0	0	0	0	0	8	0	0	13265	0	0	0	0	0	0	77633	0	0	115777	0	0	0	0	0	0	0	0	0	0	7141	0	0	0	0	0	27999	6	0
EHA04639_bin.25	0	0	0	0	3	0	0	0	0	0	0	0	0	0	0	0	0	0	0	0	0	0	0	0	0	0	0	3060	0	0	0	0	0	0	0	0	0	0	6422	0	0	0	0	0	0	0	2803	1	0	0	0	2	0	0	0	0	0	0	0	0	0	0	0	2	0	0	0	10580	0	0	0	0	0	4242	0	0	0	1	0	0	0	0	0	0	0	0	0	0	0	0	0	0	0	0	0	0	0	0	2	0	0	9090	0	0	0	0	0	0	31435	0	0	4022	0	0	0	0	0	0	0	0	0	0	2420	0	0	0	0	0	16819	6	0
EHA04639_bin.2	0	10	0	0	0	0	0	0	0	0	0	0	0	13	9	0	0	39	0	0	0	0	5	0	0	1	1	3464	2	0	0	0	0	0	0	0	0	0	6805	0	0	0	0	0	5	0	6585	0	0	0	0	6	1	0	0	0	0	0	0	0	0	0	0	13	0	0	0	9223	0	0	0	0	0	3229	0	0	0	18	0	0	7	0	0	19	0	0	0	0	0	0	0	0	2	0	0	0	0	0	23	0	0	5109	0	0	0	0	0	0	6579	0	0	2660	0	0	0	0	0	0	0	0	0	0	4924	0	0	0	0	0	6838	0	0
EHA04639_bin.3	0	0	0	0	0	0	0	0	0	0	0	0	0	0	1	0	0	0	0	0	0	0	0	0	0	0	0	31886	0	0	0	0	0	0	0	0	0	0	106653	0	0	0	0	0	0	0	12796	0	0	0	0	0	0	0	0	0	0	0	0	0	0	0	0	0	0	0	0	81159	0	0	0	0	0	1959	0	0	0	0	0	0	0	0	0	0	0	0	0	0	0	0	0	0	0	0	0	0	0	0	0	0	0	26233	0	0	0	0	0	0	172320	0	0	11089	0	0	0	0	0	0	0	0	0	0	16928	0	0	0	0	0	41588	0	0
EHA04639_bin.5	0	0	0	0	7	0	0	0	0	0	0	0	0	3	4	0	0	0	0	0	0	0	0	0	0	0	0	27126	0	0	0	0	0	0	0	0	0	0	262078	0	0	0	0	0	0	0	58273	0	0	0	0	5	0	0	0	0	0	0	0	0	0	0	0	21	0	0	0	50969	0	0	0	0	0	17358	0	0	0	0	0	0	2	0	0	3	0	0	0	0	0	0	0	0	0	0	0	0	0	0	2	0	0	277881	0	0	0	0	0	0	90139	0	0	25736	0	1	0	0	0	0	0	0	0	0	58509	0	0	0	0	0	33483	0	0
EHA04640_bin.13	33	0	0	7	0	0	0	0	0	0	2	0	6	2	13	0	4	13	1	0	7	0	4	4	0	7	7	570	5	0	8	0	0	8	4	0	0	0	193	2	0	0	0	2	9	0	291	3	0	0	4	5	0	0	0	0	0	4	5	2	19	19	0	13	0	0	2	7268	3	0	8	0	0	862	19	2	0	140	0	0	2	0	0	3	9	16	0	14	0	0	0	0	10	0	0	8	0	0	7	0	0	692	1	0	0	0	0	11	532	4	7	504	0	0	0	2	0	0	0	0	0	0	801	35	2	2	0	0	942	14	0
EHA04640_bin.15	0	2	0	0	0	0	0	0	0	0	0	0	0	8	7	0	0	0	0	0	0	0	0	0	0	0	0	35339	0	0	0	0	0	0	0	0	0	0	22810	0	0	0	0	0	0	0	8918	16	0	0	0	14	0	0	0	0	0	0	0	0	0	0	0	5	0	0	0	15071	0	0	0	0	0	8399	0	0	0	2	0	0	0	0	0	4	0	0	0	0	0	0	0	0	0	0	0	0	0	0	3	0	0	6558	0	0	0	0	0	0	10212	0	0	25719	0	0	0	0	0	0	0	0	0	0	64567	0	0	0	0	0	4320	2	0
EHA04640_bin.16	3	0	0	0	0	0	0	0	0	0	0	0	0	1	0	0	0	4	0	0	0	2	0	2	0	1	1	3466	0	0	0	0	0	0	0	0	0	0	175342	0	0	0	0	0	6	0	19902	0	0	0	0	1	0	0	0	0	0	0	13	0	0	5	0	2	0	0	0	111091	0	0	0	0	0	684	0	0	0	1	0	0	1	0	0	0	0	2	0	0	0	0	0	0	0	0	0	0	0	0	1	0	0	21486	0	6	0	0	0	0	20106	0	0	14970	0	0	0	0	0	0	0	0	0	0	28701	4	0	0	1	0	20371	8	0
EHA04640_bin.17	0	0	0	0	0	0	0	0	0	0	0	0	1	0	0	0	0	0	0	0	0	0	0	0	0	0	0	28732	0	0	0	0	0	0	0	0	0	0	3883	0	0	0	0	0	0	0	6935	1	0	0	0	0	0	0	0	0	0	0	0	0	0	0	0	2	0	0	0	42695	0	0	0	0	0	12882	0	0	0	0	0	0	0	0	0	0	0	0	0	0	0	0	0	0	0	0	0	0	0	0	0	0	0	31987	0	0	0	0	0	0	18258	0	0	4411	0	0	0	0	0	0	0	0	0	0	10425	0	0	0	0	0	21277	0	0
EHA04640_bin.18	0	0	0	0	2	0	0	0	0	0	0	0	0	6	8	0	0	2	0	0	0	0	2	0	0	0	2	6405	0	0	1	0	0	1	0	0	0	0	24860	0	0	0	0	0	3	0	14196	2	0	0	4	4	0	0	0	0	0	0	0	0	0	0	0	4	0	0	0	13087	0	0	2	0	0	7084	3	0	0	2	0	0	0	0	0	1	0	0	0	0	0	0	0	0	4	0	0	0	0	0	6	0	0	9924	0	0	0	0	0	0	19214	0	3	9131	0	0	0	0	0	0	0	0	0	0	9280	0	0	1	3	0	8026	12	0
EHA04640_bin.19	0	0	0	0	0	0	0	0	0	0	0	0	0	0	0	0	0	0	0	0	0	0	0	0	0	0	0	8165	0	0	0	0	0	0	0	0	0	0	10952	0	0	0	0	0	0	0	944	0	0	0	0	0	0	0	0	0	0	0	0	0	0	0	0	0	0	0	0	24546	0	0	0	0	0	2280	0	0	0	0	0	0	0	0	0	0	0	0	0	0	0	0	0	0	0	0	0	0	0	0	0	0	0	3110	0	0	0	0	0	0	24261	0	0	1003	0	0	0	0	0	0	0	0	0	0	2959	0	0	0	0	0	5138	0	0
EHA04640_bin.1	0	0	0	0	0	0	0	0	0	0	0	0	0	0	4	0	0	0	0	0	0	0	0	0	0	0	0	4742	0	0	0	0	0	0	0	0	0	0	359	0	0	0	0	0	0	0	3113	6	0	0	0	2	0	0	0	0	0	0	0	0	0	0	0	2	0	0	0	4105	0	0	0	0	0	1061	0	0	0	6	0	0	0	0	0	1	0	0	0	0	0	0	0	0	0	0	0	0	0	0	2	0	0	1037	0	0	0	0	0	0	4343	0	0	1976	0	0	0	0	0	0	0	0	0	0	1098	0	0	1	0	0	1443	2	0
EHA04640_bin.21	0	0	0	0	1	0	0	0	0	0	0	0	0	0	0	0	0	0	0	0	0	0	0	0	0	0	0	5438	0	0	0	0	0	0	0	0	0	0	1357	0	0	0	0	0	0	0	14885	0	0	0	0	0	0	0	0	0	0	0	0	0	0	0	0	0	0	0	0	36952	0	0	0	0	0	3379	0	0	0	0	0	0	0	0	0	0	2	0	0	0	0	0	0	0	0	0	0	0	0	0	0	0	0	17602	0	0	0	0	0	0	3692	0	0	312794	0	0	0	0	0	0	0	0	0	0	26624	0	0	0	0	0	77088	3	0
EHA04640_bin.23	0	2	0	0	5	0	0	0	0	0	0	0	0	0	11	0	0	0	0	0	0	0	0	0	0	0	0	44690	0	0	0	0	0	0	0	0	0	0	152922	0	0	0	0	0	0	0	54961	0	0	0	0	5	0	0	0	0	0	0	0	0	0	0	0	5	0	0	0	68733	0	0	0	0	0	53202	0	0	0	1	0	0	1	0	0	0	0	0	0	0	0	0	0	0	2	0	0	0	0	0	6	0	0	57890	0	0	0	0	0	0	134295	0	0	71172	0	0	0	0	0	0	0	0	0	0	32708	0	0	0	0	0	33304	10	0
EHA04640_bin.24	0	0	0	0	1	0	0	0	0	0	0	0	0	5	3	0	0	0	0	0	0	0	0	0	0	0	2	36316	0	0	2	0	0	0	0	0	0	0	106449	0	0	0	0	0	0	0	69037	0	0	0	0	8	0	0	0	0	0	0	0	0	0	0	0	5	0	0	0	67002	2	0	0	0	0	45615	0	0	0	3	0	0	0	0	0	8	0	0	0	0	0	0	0	0	1	0	0	0	0	0	5	0	0	45515	0	0	0	0	0	0	108685	0	0	98568	0	0	0	0	0	0	0	0	0	0	30887	0	0	0	0	0	88424	2	0
EHA04640_bin.25	0	0	0	0	0	0	0	0	0	0	0	0	0	0	0	0	0	0	0	0	0	0	0	0	0	0	0	2761	0	0	0	0	0	0	0	0	0	0	13	0	0	0	0	0	0	0	1059	0	0	0	0	0	0	0	0	0	0	0	0	0	0	0	0	0	0	0	0	9066	0	0	0	0	0	1405	0	0	0	0	0	0	0	0	0	0	0	0	0	0	0	0	0	0	0	0	0	0	0	0	0	0	0	4851	0	0	0	0	0	0	821	0	0	551	0	0	0	0	0	0	0	0	0	0	7233	0	0	0	0	0	11484	0	0
EHA04640_bin.26	0	0	0	0	0	0	0	0	0	0	0	0	0	0	0	0	0	0	0	0	0	0	0	0	0	0	0	4196	0	0	0	0	0	0	0	0	0	0	6	0	0	0	0	0	0	0	1522	0	0	0	0	0	0	0	0	0	0	0	0	0	0	0	0	0	0	0	0	4310	0	0	0	0	0	6346	0	0	0	0	0	0	0	0	0	0	0	0	0	0	0	0	0	0	0	0	0	0	0	0	0	0	0	910	0	0	0	0	0	0	4299	0	0	404	0	0	0	0	0	0	0	0	0	0	8386	0	0	0	0	0	12319	0	0
EHA04640_bin.27	0	0	0	0	0	0	0	0	0	0	0	0	1	0	0	0	0	0	0	0	0	0	0	0	0	0	0	7281	0	0	0	0	0	0	0	0	0	0	2596	0	0	0	0	0	0	0	1360	0	0	0	0	0	0	0	0	0	0	0	0	0	0	0	0	0	0	0	0	7137	0	0	0	0	0	4974	0	0	0	0	0	0	0	0	0	0	0	0	0	0	0	0	0	0	0	0	0	0	0	0	0	0	0	7988	0	0	0	0	0	0	2728	0	0	2163	0	0	0	0	0	0	0	0	0	0	9745	0	0	0	0	0	3663	0	0
EHA04640_bin.28	0	0	0	0	0	0	0	0	0	0	0	0	0	0	0	0	0	0	0	0	0	0	0	0	0	0	0	4914	0	0	0	0	0	0	0	0	0	0	8831	0	0	0	0	0	0	0	1045	0	0	0	0	5	0	0	0	0	0	0	0	0	0	0	0	0	0	0	0	2152	0	0	0	0	0	1542	0	0	0	0	0	0	0	0	0	0	0	0	0	0	0	0	0	0	4	0	0	0	0	0	0	0	0	2322	0	0	0	0	0	0	14369	0	0	1158	0	0	0	0	0	0	0	0	0	0	7210	0	0	0	0	0	3401	2	0
EHA04640_bin.29	0	11	0	0	0	1	0	0	0	0	0	0	0	0	21	0	0	0	0	0	0	0	1	0	0	0	4	4708	0	0	0	0	0	0	0	0	0	0	540	0	0	0	0	0	0	0	2531	1	0	0	0	3	0	0	0	0	0	0	0	0	0	0	0	14	0	0	2	10135	0	0	0	0	0	3230	0	0	0	1	0	0	1	0	0	1	0	0	0	0	0	0	0	0	5	0	0	0	0	0	3	0	0	12440	0	0	0	0	0	0	4364	0	0	8444	0	0	0	0	0	0	0	0	0	0	7228	0	0	0	0	0	8002	11	0
EHA04640_bin.30	0	1	0	0	1	0	0	0	0	0	0	0	0	0	1	0	0	0	0	0	0	0	0	0	0	0	0	12933	0	0	0	0	0	0	0	0	0	0	1571	1	0	0	0	0	0	0	3588	2	0	0	0	4	0	0	0	0	0	0	0	0	0	0	0	0	0	0	0	9918	2	0	0	0	0	3582	0	0	0	0	0	0	3	0	0	1	0	0	0	0	0	0	0	0	4	0	0	0	0	0	4	0	0	47695	0	0	0	0	0	0	41	0	0	19644	0	0	0	0	0	0	0	0	0	0	3820	0	0	0	0	0	11584	2	0
EHA04640_bin.31	0	0	0	0	0	0	0	0	0	0	0	0	0	0	0	0	0	0	0	0	0	0	0	0	0	0	0	561	0	0	0	0	0	0	0	0	0	0	2330	0	0	0	0	0	0	0	741	0	0	0	0	0	0	0	0	0	0	0	0	0	0	0	0	0	0	0	0	1522	0	0	0	0	0	4096	0	0	0	0	0	0	0	0	0	2	0	0	0	0	0	0	0	0	0	0	0	0	0	0	0	0	0	1408	0	0	0	0	0	0	8397	0	0	413	0	0	0	0	0	0	0	0	0	0	530	0	0	0	0	0	5972	2	0
EHA04640_bin.32	2	0	0	2	0	0	0	0	0	0	0	0	0	0	5	0	0	0	0	0	0	0	0	0	0	0	0	4827	0	0	2	0	0	0	0	0	0	0	1037	0	0	0	0	0	0	0	1386	0	0	0	0	6	0	0	0	0	0	0	0	0	0	0	0	0	0	0	0	2948	0	0	0	0	0	1824	0	0	0	0	0	0	0	0	0	3	0	0	0	0	0	0	0	0	5	0	0	0	0	0	7	0	0	6248	0	0	0	0	0	0	98	0	0	3992	0	0	0	0	0	0	0	0	0	0	1452	0	0	0	0	0	37952	0	0
EHA04640_bin.33	0	0	0	0	1	0	0	0	0	0	0	0	0	0	0	0	0	0	0	0	0	0	0	0	0	0	0	3866	0	0	0	0	0	0	0	0	0	0	5531	0	0	0	0	0	0	0	1499	0	0	0	0	0	0	0	0	0	0	0	0	0	0	0	0	1	0	0	0	1105	0	0	0	0	0	969	0	0	0	0	0	0	0	0	0	0	0	0	0	0	0	0	0	0	0	0	0	0	0	0	0	0	0	2005	0	0	0	0	0	0	7247	0	0	1989	0	0	0	0	0	0	0	0	0	0	4155	0	0	0	0	0	2013	0	0
EHA04640_bin.35	0	2	0	0	0	0	0	0	0	0	0	0	0	5	1	0	0	0	0	0	0	0	0	0	0	0	0	5433	0	0	0	0	0	0	0	0	0	0	16577	0	0	0	0	0	0	0	18422	0	0	0	0	1	0	0	0	0	0	0	0	0	0	0	0	0	0	0	0	20645	0	0	1	0	0	8616	0	0	0	0	0	0	0	0	0	2	0	0	0	0	0	0	0	0	0	0	0	0	0	0	6	0	0	14721	0	0	0	0	0	0	57340	0	0	11598	0	0	0	0	0	0	0	0	0	0	6497	0	0	0	0	0	14276	2	0
EHA04640_bin.8	0	0	0	0	0	0	0	0	0	0	0	0	0	0	0	0	0	0	0	0	0	0	0	0	0	0	0	11990	0	0	0	0	0	0	0	0	0	0	2258	0	0	0	0	0	0	0	32864	0	0	0	0	0	0	0	0	0	0	0	0	0	0	0	0	0	0	0	0	14538	0	0	0	0	0	1386	0	0	0	0	0	0	0	0	0	0	0	0	0	0	0	0	0	0	0	0	0	0	0	0	0	0	0	2941	0	0	0	0	0	0	5098	0	0	6605	0	0	0	0	0	0	0	0	0	0	4781	0	0	0	0	0	10627	0	0
EHA04641_bin.10	0	0	0	0	0	0	0	0	0	0	0	0	0	0	0	0	0	0	0	0	0	0	0	0	0	0	0	1768	0	0	0	0	0	0	0	0	0	0	524	0	0	0	0	0	0	0	1930	0	0	0	0	0	0	0	0	0	0	0	0	0	0	0	0	0	0	0	0	3977	0	0	0	0	0	3792	0	0	0	0	0	0	0	0	0	0	0	0	0	0	0	0	0	0	0	0	0	0	0	0	0	0	0	1218	0	0	0	0	0	0	9964	0	0	2576	0	0	0	0	0	0	0	0	0	0	10875	0	0	0	0	0	5968	0	0
EHA04641_bin.11	13	58	1	3	1	0	0	0	0	0	4	0	0	7	29	0	2	17	17	0	1	7	22	15	0	1	3	131353	0	0	41	0	0	3	0	0	0	0	6930	12	0	0	0	0	6	1	14763	2	0	0	4	7	0	0	0	0	0	0	0	3	0	9	0	41	0	0	30	21170	34	0	17	0	0	20453	0	0	0	104	0	0	10	0	0	4	56	2	0	5	0	0	0	0	8	0	0	0	0	0	93	0	0	11167	0	2	0	0	1	0	6794	0	6	37061	0	0	0	1	0	0	0	0	0	0	130755	5	0	9	450	0	6682	205	0
EHA04641_bin.15	0	0	0	0	0	0	0	0	0	0	0	0	0	2	0	0	0	0	0	0	0	0	0	0	0	0	0	3071	0	0	0	0	0	0	0	0	0	0	1635	0	0	0	0	1	0	0	30770	0	0	0	0	0	0	0	0	0	0	0	0	0	0	0	0	0	0	0	0	1725	0	0	0	0	0	1149	0	0	0	0	0	0	0	0	0	0	0	0	0	0	0	0	0	0	0	0	0	0	0	0	0	0	0	6738	0	0	0	0	0	0	53256	0	0	5282	0	0	0	0	0	0	0	0	0	0	3088	0	0	0	0	0	8457	0	0
EHA04641_bin.16	0	41	0	0	152	0	0	0	0	0	0	0	0	427	749	0	0	160	0	0	0	0	2	2	0	0	288	37317	2	0	6	0	0	0	0	0	0	0	6292	0	0	0	0	0	33	0	16506	16	0	0	0	16	0	0	0	0	0	0	0	0	0	4	0	480	0	0	0	5418	182	0	2	0	0	3607	4	0	0	542	0	0	160	4	1	572	4	0	0	0	0	0	0	0	290	0	0	0	0	0	473	0	0	2201	0	0	0	0	0	0	30469	0	0	2874	0	0	0	0	0	0	0	0	0	0	6536	0	0	0	7	0	10220	58	0
EHA04641_bin.18	0	0	0	0	8	0	0	0	0	0	0	0	0	0	14	0	0	0	0	0	2	0	0	0	0	0	4	21285	0	0	0	0	0	0	0	0	0	0	12380	0	0	0	0	0	0	0	29104	1	0	0	0	6	0	0	0	0	0	0	0	0	0	0	0	5	0	0	2	23924	8	0	4	0	0	56553	0	0	0	6	0	0	1	0	3	6	2	0	0	0	0	0	0	0	10	0	0	0	0	0	5	0	0	43780	0	0	0	0	0	0	25898	0	0	56370	0	0	0	0	0	0	0	0	0	0	27441	2	0	2	0	0	23310	54	0
EHA04641_bin.19	0	17	0	4	1	0	0	0	0	0	0	0	0	12	113	0	0	0	0	0	0	0	11	0	0	2	30	28063	0	0	11	0	0	3	0	0	0	0	3650	2	0	0	0	0	0	0	75681	16	0	0	0	5	0	0	0	0	0	0	0	0	2	0	0	113	0	0	0	14321	10	0	0	0	0	19837	0	0	0	2	0	0	30	0	0	25	1	0	0	1	0	0	0	0	20	0	0	0	0	0	40	0	0	20408	0	0	0	0	0	0	11495	0	6	260264	0	0	0	0	0	0	0	0	0	0	24955	0	0	0	0	0	34326	72	0
EHA04641_bin.1	0	3	0	0	1	0	0	0	0	0	0	0	0	2	3	0	1	9	0	0	0	0	6	0	0	0	2	27688	0	0	2	0	0	3	0	0	0	0	27646	0	0	0	0	4	6	0	12893	4	0	0	1	2	2	0	0	0	0	0	4	0	0	3	0	0	0	0	2	23655	0	0	6	0	0	14449	0	0	0	6	0	0	1	0	0	0	0	0	0	2	0	0	0	0	0	0	0	0	0	0	2	0	0	30639	0	0	0	0	0	2	42257	0	1	13376	0	2	0	0	0	0	0	0	0	0	35217	2	0	3	4	0	25783	27	0
EHA04641_bin.20	0	0	0	0	0	0	0	0	0	0	0	0	0	0	0	0	0	0	0	0	0	0	0	0	0	0	0	6200	0	0	0	0	0	0	0	0	0	0	689	0	0	0	0	0	0	0	672	0	0	0	0	0	0	0	0	0	0	0	0	0	0	0	0	0	0	0	0	5479	0	0	0	0	0	5598	0	0	0	0	0	0	0	0	0	0	0	0	0	0	0	0	0	0	0	0	0	0	0	0	0	0	0	6595	0	0	0	0	0	0	895	0	0	500	0	0	0	0	0	0	0	0	0	0	2513	0	0	0	0	0	4357	0	0
EHA04641_bin.22	0	0	0	0	0	0	0	0	0	0	0	0	0	0	0	0	0	0	0	0	0	0	0	0	0	0	0	6051	0	0	0	0	0	0	0	0	0	0	213	0	0	0	0	0	0	0	680	2	0	0	2	6	0	0	0	0	0	0	0	0	0	0	0	0	0	0	0	2085	0	0	0	0	0	2445	0	0	0	0	0	0	0	0	0	5	0	0	0	0	0	0	0	0	7	0	0	0	0	0	13	0	0	5512	0	0	0	0	0	0	633	0	0	6701	0	0	0	0	0	0	0	0	0	0	1654	0	0	0	0	0	7419	3	0
EHA04641_bin.23	0	3	0	0	0	0	0	0	0	0	0	0	0	0	0	0	0	0	0	0	0	0	0	0	0	0	0	25735	0	0	0	0	0	0	0	0	0	0	4293	0	0	0	0	0	0	0	14755	0	0	0	0	0	0	0	0	0	0	0	0	0	0	0	0	3	0	0	0	19598	0	0	0	0	0	91265	0	0	0	0	0	0	0	0	0	0	0	0	0	0	0	0	0	0	0	0	0	0	0	0	0	0	0	120360	0	0	0	0	0	0	8628	0	0	25458	0	0	0	0	0	0	0	0	0	0	23296	0	0	0	0	0	21388	11	0
EHA04641_bin.24	0	0	0	0	1	0	0	0	0	0	0	0	0	0	0	0	0	0	0	0	0	0	0	0	0	0	0	10415	0	0	0	0	0	0	0	0	0	0	2641	0	0	0	0	0	0	0	55017	0	0	0	0	2	0	0	0	0	0	0	0	0	0	0	0	0	0	0	0	11484	0	0	0	0	0	1279	0	0	0	0	0	0	0	0	0	0	0	0	0	0	0	0	0	0	0	0	0	0	0	0	0	0	0	2703	0	0	0	0	0	0	650586	0	0	40689	0	0	0	0	0	0	0	0	0	0	7183	0	0	0	0	0	7436	10	0
EHA04641_bin.25	0	7	0	0	0	0	0	0	0	0	0	0	0	0	5	0	0	36	0	0	0	0	12	0	0	0	0	10794	0	0	2	0	0	14	0	0	0	0	1953	3	0	0	0	0	13	0	3890	0	0	0	3	7	0	0	0	0	0	0	0	0	0	0	0	1	0	2	0	2640	0	0	0	0	0	2501	2	0	0	0	0	0	0	0	0	0	0	0	0	0	0	0	0	0	0	0	0	0	0	0	4	0	0	5591	0	0	0	0	0	0	29905	0	0	9788	0	0	0	0	0	0	0	0	0	0	6789	12	1	0	5	0	9742	145	0
EHA04641_bin.4	0	9	0	0	0	0	0	0	0	0	0	0	0	2	41	0	0	0	0	0	0	0	2	0	0	0	1	7234	0	0	0	0	0	0	0	0	0	0	153	0	0	0	0	0	0	0	6468	18	0	0	0	13	0	0	0	0	0	0	0	0	0	0	0	23	0	0	0	44672	2	0	2	0	0	11214	0	0	0	1	0	0	1	0	0	4	0	0	0	0	0	0	0	0	7	0	0	0	0	0	10	0	0	7684	0	0	0	0	0	1	57838	0	0	15369	0	0	0	0	0	0	0	0	0	0	10742	0	0	0	0	0	31624	27	0
EHA04641_bin.6	1	0	0	0	0	0	0	0	0	0	0	0	0	0	2	0	0	3	0	0	0	0	8	0	0	2	0	1639	0	0	0	0	0	0	0	0	0	0	773	0	0	0	0	0	2	0	939	0	0	0	0	0	0	0	0	0	0	0	0	0	0	0	0	8	0	0	0	2200	0	0	0	0	0	546	0	0	0	0	0	0	2	0	0	0	0	0	0	6	0	0	0	0	0	0	0	0	0	0	2	0	0	9069	0	0	0	0	0	2	2033	0	0	15213	0	0	0	0	0	0	0	0	1	0	2021	3	0	0	0	0	6427	7	0
EHA04642_bin.10	2	4	0	0	0	0	0	0	0	0	0	0	0	0	4	0	1	0	0	0	0	0	0	5	0	0	1	13605	0	0	0	0	0	0	0	0	0	0	15001	0	0	0	0	0	0	0	2319	0	0	0	0	0	0	0	0	0	0	0	0	0	0	0	0	4	0	0	0	203868	3	0	0	0	0	3828	0	0	0	7	0	0	0	0	0	1	1	0	0	0	0	0	0	0	0	0	0	0	0	0	5	0	0	7715	0	0	0	0	0	0	4413	0	0	52636	0	0	0	0	0	0	0	0	0	0	10958	0	0	4	2	0	37511	4	0
EHA04642_bin.11	0	0	0	0	4	0	0	0	0	0	0	0	53	0	0	0	0	73	0	0	0	0	0	0	0	8	0	14974	0	0	0	0	0	0	0	0	0	0	5499	0	0	0	0	1	79	0	850	0	0	0	0	7	0	0	0	0	0	0	681	0	0	11	0	0	0	0	0	109116	0	0	0	0	0	5160	0	0	0	0	0	0	0	0	0	0	0	23	0	0	0	0	0	0	0	0	0	0	0	0	0	0	0	1484	0	97	0	0	0	14	20285	0	0	988	0	0	0	0	0	0	0	0	0	0	5594	261	0	0	0	0	5683	2	0
EHA04642_bin.14	0	2	6	0	0	0	0	0	0	0	0	2	1	0	29	0	0	2	0	0	14	5	1	0	0	0	9	28709	0	0	6	0	0	2	0	0	0	0	110	1	0	0	0	0	2	2	31	6	0	0	0	0	0	0	0	0	0	0	0	0	0	0	0	0	0	0	4	238045	6	0	13	0	0	8966	7	0	0	2	0	0	0	1	0	1	23	0	0	1	0	0	0	0	1	0	0	0	0	0	0	0	0	231	0	0	0	0	0	0	102	0	21	81	0	2	0	117	0	0	0	0	0	0	20193	4	0	2	4	0	91037	24	0
EHA04642_bin.15	0	2	0	0	1	0	0	0	0	0	0	0	0	0	0	0	0	0	0	0	2	0	0	0	0	0	1	1680	0	0	0	0	0	0	0	0	0	0	3415	0	0	0	0	0	0	0	18988	0	0	0	0	0	0	0	0	0	0	0	0	0	0	0	0	0	0	0	0	141538	0	0	0	0	0	6230	0	0	0	0	0	0	0	0	0	0	0	0	0	0	0	0	0	0	0	0	0	0	0	0	1	0	0	30496	0	0	0	0	0	0	6555	0	0	2478	0	0	0	0	0	0	0	0	0	0	4113	0	0	2	0	0	34298	2	0
EHA04642_bin.16	0	5	0	0	0	0	0	0	0	0	0	0	0	1	14	0	0	1	0	0	0	0	17	4	0	1	4	4977	0	0	0	0	0	0	0	0	0	0	6992	0	0	0	0	0	2	0	6053	8	0	0	1	2	0	0	0	0	0	0	0	0	0	2	0	35	0	0	0	19038	4	0	0	0	0	6728	0	0	0	1	0	0	5	2	0	2	0	0	0	1	0	0	0	0	22	0	0	0	0	0	3	0	0	4180	0	0	0	0	0	3	14404	0	0	2404	0	0	0	0	0	0	0	0	0	0	3352	0	0	2	2	0	7328	28	0
EHA04642_bin.18	14	84	0	0	22	31	0	0	0	0	1	0	0	139	849	0	4	1156	5	2	8	1	79	20	0	45	261	38502	7	0	237	2	0	46	2	0	2	0	1493	265	19	0	2	0	432	1	19818	6	0	0	20	5	0	0	0	0	17	0	4	192	5	320	0	189	0	20	0	237514	73	0	14	0	0	16866	533	0	8	286	7	0	41	0	0	220	22	11	0	3	0	0	0	0	110	0	0	0	0	0	202	0	15	9451	0	38	0	0	1	9	16067	4	54	36164	0	0	0	0	0	6	0	0	0	0	13055	41	1	50	30	0	8290	419	0
EHA04642_bin.1	0	0	0	0	0	0	0	0	0	0	0	0	0	0	0	0	0	0	0	0	0	0	0	0	0	0	0	2593	0	0	0	0	0	0	0	0	0	0	777	0	0	0	0	0	0	0	1389	0	0	0	0	0	0	0	0	0	0	0	0	0	0	0	0	0	0	0	0	29388	0	0	0	0	0	250	0	0	0	0	0	0	0	0	0	0	0	0	0	0	0	0	0	0	0	0	0	0	0	0	0	0	0	621	0	0	0	0	0	0	2601	0	0	634	0	0	0	0	0	0	0	0	0	0	894	0	0	0	0	0	1668	0	0
EHA04642_bin.21	0	0	0	0	0	0	0	0	0	0	2	0	0	2	1	0	0	0	0	0	0	2	0	0	0	0	0	4614	0	0	0	0	0	0	0	0	0	0	10486	0	0	0	0	0	0	0	2366	6	0	0	0	3	0	0	0	0	0	0	0	0	0	0	0	3	0	0	0	40670	0	0	0	0	0	173	0	0	0	0	0	0	0	0	0	1	0	0	0	0	0	0	0	0	0	0	0	0	0	0	0	0	0	2980	0	0	0	0	0	0	138	0	0	88	0	0	0	0	0	0	0	0	0	0	842	0	0	0	0	0	463	9	0
EHA04642_bin.22	0	0	0	0	3	0	0	0	0	0	0	0	4	0	2	0	0	0	0	0	0	0	1	0	0	0	0	1130	0	0	0	0	0	0	0	0	0	0	4690	0	0	0	0	0	0	0	1545	0	0	0	0	0	0	0	0	0	0	0	0	0	0	0	0	0	0	0	0	42185	0	0	0	0	0	514	0	0	0	0	0	0	1	0	0	0	0	0	0	0	0	0	0	0	0	0	0	0	0	0	2	0	0	629	0	0	0	0	0	0	1318	0	0	100089	0	0	0	0	0	0	0	0	0	0	766	0	0	0	3	0	1107	4	0
EHA04642_bin.24	0	0	0	0	0	0	0	0	0	0	0	0	0	0	2	0	0	0	0	0	0	0	1	0	0	0	0	19701	0	0	0	0	0	0	0	0	0	0	13849	0	0	0	0	0	0	0	10365	0	0	0	0	2	0	0	0	0	0	0	0	0	0	0	0	0	0	0	0	71405	0	0	0	0	0	3297	0	0	0	0	0	0	0	0	0	0	0	0	0	0	0	0	0	0	0	0	0	0	0	0	0	0	0	9649	0	0	0	0	0	0	459	0	0	12640	0	0	0	0	0	0	0	0	0	0	15232	0	0	0	0	0	13822	0	0
EHA04642_bin.25	0	5	0	0	0	0	0	0	0	0	0	0	0	2	26	0	0	1	0	0	2	0	6	1	0	1	7	9234	0	0	2	0	0	0	0	0	0	0	1163	0	0	0	0	0	0	0	34265	10	0	0	0	4	1	0	0	0	0	0	0	0	0	2	0	46	0	0	0	205556	0	0	0	0	0	12327	0	0	0	2	0	0	3	0	0	14	0	1	0	0	0	0	0	0	6	0	0	0	0	0	11	0	0	65386	0	0	0	0	0	1	11383	0	0	26314	0	0	0	0	0	0	0	0	0	0	11097	2	0	0	1	0	70867	14	0
EHA04642_bin.28	0	0	0	0	0	0	0	0	0	0	0	0	0	1	4	0	0	0	0	0	1	0	3	0	0	0	4	3300	0	0	0	0	0	0	0	0	0	0	721	0	0	0	0	0	0	0	1297	2	0	0	0	0	0	0	0	0	0	0	0	0	0	0	0	0	0	0	0	39929	0	0	0	0	0	2011	0	0	0	4	0	0	5	0	0	0	1	0	0	0	0	0	0	0	3	0	0	0	0	0	0	0	0	751	0	0	0	0	0	0	1650	0	0	433	0	0	0	0	0	0	0	0	0	0	2857	0	0	0	0	0	1893	0	0
EHA04642_bin.29	0	1	0	0	0	0	0	0	0	0	0	0	0	0	9	0	0	0	0	0	0	0	0	0	0	0	1	13734	0	0	0	0	0	0	0	0	0	0	1171	2	0	0	0	0	0	0	159641	1	0	0	0	0	0	0	0	0	0	0	0	0	0	0	0	12	0	0	0	127566	1	0	0	0	0	23745	0	0	0	0	0	0	0	0	0	2	0	0	0	0	0	0	0	0	0	0	0	0	0	0	6	0	0	82084	0	0	0	0	0	0	6857	0	0	94805	0	0	0	0	0	0	0	0	0	0	24033	0	0	0	0	0	9507	11	0
EHA04642_bin.2	0	0	2	0	2	0	0	0	0	0	0	0	4	0	0	0	0	2	0	0	0	0	0	0	0	1	0	3706	0	0	0	0	0	0	0	0	0	0	68128	0	0	0	0	6	12	0	85706	0	0	0	0	1	0	0	0	0	0	0	84	0	0	0	0	0	0	0	0	391250	0	0	0	0	0	3093	0	0	0	0	0	0	0	0	0	0	0	0	0	0	0	0	0	0	0	0	0	0	0	0	0	0	0	171431	0	9	0	0	0	5	128431	0	0	18607	0	0	0	0	0	0	0	0	0	0	2623	24	0	0	0	0	85873	0	0
EHA04642_bin.31	0	0	0	0	2	0	0	0	0	0	0	0	0	0	8	0	0	0	0	0	0	0	0	0	0	0	0	2677	0	0	0	0	0	0	0	0	0	0	1485	0	0	0	0	0	0	0	63811	0	0	0	0	0	0	0	0	0	0	0	0	0	0	0	0	1	0	0	0	141854	0	0	0	0	0	2236	0	0	0	6	0	0	0	0	0	0	0	0	0	0	0	0	0	0	0	0	0	0	0	0	1	0	0	5787	0	0	0	0	0	0	1498	0	0	19446	0	0	0	0	0	0	0	0	0	0	19923	0	0	0	0	0	157157	0	0
EHA04642_bin.33	0	2	0	0	0	0	0	0	0	0	0	0	0	0	3	0	0	0	0	0	0	0	0	0	0	0	2	1712	0	0	0	0	0	0	0	0	0	0	686	0	0	0	0	0	0	0	838	0	0	0	0	0	0	0	0	0	0	0	0	0	0	0	0	2	0	0	0	449160	0	0	0	0	0	1477	0	0	0	0	0	0	0	0	0	0	0	0	0	0	0	0	0	0	0	0	0	0	0	0	3	0	0	1142	0	0	0	0	0	0	497	0	2	433	0	0	0	0	0	0	0	0	0	0	3804	0	0	0	0	0	1721	0	0
EHA04642_bin.35	0	0	0	0	0	0	0	0	0	0	0	0	4	0	0	0	0	0	0	0	0	0	0	0	0	0	0	9924	0	0	0	0	0	0	0	0	0	0	677	0	0	0	0	0	0	0	1598	0	0	0	0	0	0	0	0	0	0	0	0	0	0	0	0	0	0	0	0	170174	0	0	0	0	0	1278	0	0	0	0	0	0	0	0	0	0	0	0	0	0	0	0	0	0	0	0	0	0	0	0	0	0	0	11619	0	0	0	0	0	0	7009	0	0	398	0	0	0	0	0	0	0	0	0	0	10336	0	0	0	0	0	62544	0	0
EHA04642_bin.36	0	2	0	0	6	0	0	0	0	0	0	0	0	2	12	0	0	1	0	0	0	0	0	0	0	0	0	6161	0	0	2	0	0	0	0	0	0	0	2490	0	0	0	0	0	0	0	1508	0	0	0	0	1	0	0	0	0	0	0	0	0	0	0	0	1	0	0	0	180017	8	0	2	0	0	3078	0	0	0	2	0	0	3	0	0	25	0	0	0	0	0	0	0	0	1	0	0	0	0	0	11	0	0	38545	0	0	0	0	0	0	13048	0	0	13105	0	0	0	0	0	0	0	0	0	0	4530	0	0	0	0	0	21005	2	0
EHA04642_bin.3	0	0	1	0	814	0	0	0	0	0	0	0	114	14	25	0	0	0	0	0	4	0	11	0	0	2	1	5176	0	0	0	0	0	0	0	0	0	0	5342	1	0	2	0	1	0	0	32069	2	0	0	0	2	8	0	0	0	0	0	7	0	0	3	0	21	0	0	2	89333	1	0	6	0	0	16602	0	0	0	1	0	0	0	0	0	21	0	2	0	0	2	0	0	0	6	0	0	0	0	0	43	0	0	2553	0	0	0	0	4	10	8378	0	0	35247	0	0	0	0	0	0	0	0	10	0	3447	5	0	0	0	0	8891	44	0
EHA04642_bin.43	0	0	1	0	0	0	0	0	0	0	0	0	0	0	0	0	0	0	0	0	0	0	0	0	0	0	0	8979	0	0	0	0	0	0	0	0	0	0	563	0	0	0	0	0	0	0	265	0	0	0	0	0	0	0	0	0	0	0	0	0	0	0	0	0	0	0	0	58637	0	0	0	0	0	6329	0	0	0	0	0	0	0	0	0	0	0	0	0	0	0	0	0	0	0	0	0	0	0	0	0	0	0	1756	0	0	0	0	0	0	1189	0	0	283	0	0	0	0	0	0	0	0	0	0	7086	0	0	0	0	0	20406	0	0
EHA04642_bin.44	0	0	0	0	0	0	0	0	0	0	0	0	0	0	0	0	0	0	0	0	0	0	0	0	0	0	0	958	0	0	0	0	0	0	0	0	0	0	626	0	0	0	0	0	0	0	1345	0	0	0	0	0	0	0	0	0	0	0	0	0	0	0	0	0	0	0	0	80952	0	0	0	0	0	182	0	0	0	0	0	0	0	0	0	0	0	0	0	0	0	0	0	0	0	0	0	0	0	0	0	0	0	574	0	0	0	0	0	0	4243	0	0	138	0	0	0	0	0	0	0	0	0	0	1342	0	0	0	0	0	8193	0	0
EHA04642_bin.5	0	12	0	0	3	0	0	0	0	0	0	0	0	4	4	0	0	21	0	0	0	0	17	0	0	3	0	4497	2	0	0	0	0	0	0	0	0	0	2956	0	0	0	0	0	10	0	10594	0	0	0	0	14	0	0	0	0	0	0	0	0	0	2	0	12	0	0	0	139440	3	0	0	0	0	4393	0	0	0	7	0	0	0	0	0	26	0	2	0	0	0	0	0	0	4	0	0	0	0	0	8	0	0	8509	0	0	0	0	0	1	40384	0	0	3017	0	0	0	0	0	0	0	0	0	0	8436	0	0	2	0	0	34560	5	0
EHA04642_bin.8	0	5	0	2	5	0	0	0	0	0	3	0	2	23	451	0	0	46	2	0	10	0	22	0	0	6	118	9693	4	0	4	0	0	2	0	0	0	0	10400	0	0	0	0	4	17	3	12813	4	0	0	0	0	0	0	0	0	0	0	25	0	0	4	0	9	0	0	2	215617	31	0	20	0	0	14260	2	0	0	88	0	0	158	0	0	4	111	11	0	73	0	0	0	0	24	0	0	0	0	0	27	0	0	20375	0	8	0	0	0	7	8600	0	40	9901	0	0	0	0	0	0	0	0	0	2	2478	10	0	2	15	0	13310	51	0
EHA04643_bin.10	0	0	0	0	3	2	0	0	0	0	0	0	0	0	0	2	0	0	0	2	0	0	0	0	0	0	0	18789	0	0	0	0	0	0	0	0	0	2	4363	4	0	0	6	0	0	0	4926	0	0	0	0	0	0	0	0	0	0	0	0	0	0	0	0	0	0	2	0	22776	0	0	0	0	0	5387	2	0	0	0	4	0	0	0	0	2	0	0	0	0	2	0	0	0	0	0	2	0	0	0	0	0	0	62035	0	0	0	0	0	0	12534	0	0	32607	0	0	0	0	0	0	0	0	0	0	10930	0	0	2	0	0	19173	4	0
EHA04643_bin.12	4	27	0	0	22	0	0	0	0	0	0	0	0	113	559	0	0	0	0	0	0	0	5	2	0	0	290	785	49	0	9	0	0	15	0	0	0	0	343	0	0	0	0	6	0	0	882	38	0	0	43	54	0	0	0	0	0	0	0	0	0	0	0	57	0	0	0	641	61	0	0	0	0	708	0	0	0	234	0	0	232	0	0	211	0	0	0	0	0	0	0	0	63	0	0	0	0	0	348	0	0	1135	0	0	0	0	0	0	463	0	0	482	0	0	0	0	0	0	0	0	2	0	555	0	0	61	6	0	603	182	0
EHA04643_bin.14	0	0	0	0	0	0	0	0	0	0	0	0	0	0	0	0	0	0	0	0	0	0	0	0	0	0	0	13287	0	0	0	0	0	0	0	0	0	0	2516	0	0	0	0	0	0	0	1731	13	0	0	0	6	0	0	0	0	0	0	0	0	0	0	0	2	0	0	0	2571	0	0	0	0	0	3834	0	0	0	0	0	0	0	0	0	0	0	0	0	0	0	0	0	0	0	0	0	0	0	0	0	0	0	2074	0	0	0	0	0	0	5162	0	0	5648	0	0	0	0	0	0	0	0	0	0	19051	0	0	0	0	0	37976	1	0
EHA04643_bin.18	0	91	0	0	41	0	0	0	0	0	0	0	8	65	152	0	0	31	0	0	0	0	94	6	0	3	18	214301	1	0	7	0	0	11	0	0	0	0	1660	0	0	0	0	0	24	0	12163	26	0	0	8	11	0	0	0	0	0	0	0	0	0	60	0	36	0	0	4	2672	2	0	0	0	0	10692	0	0	0	27	0	0	11	0	1	49	0	0	0	0	0	0	0	0	16	0	0	0	0	0	37	0	0	20190	0	0	0	0	0	7	3091	0	0	8378	0	0	0	0	0	0	0	0	0	0	12264	62	1	4	12	0	2687	188	0
EHA04643_bin.19	0	0	0	0	1	0	0	0	0	0	0	0	0	0	0	0	0	0	2	0	0	1	0	1	0	0	0	17973	0	0	0	0	0	0	0	0	0	0	417	0	0	0	0	0	0	0	1362	2	0	0	0	0	0	0	0	0	0	0	0	0	0	0	0	0	0	0	5	973	0	0	1	0	0	3306	0	0	0	0	0	0	0	0	0	0	0	0	0	1	0	0	0	0	0	0	0	0	0	0	1	0	0	3149	0	0	0	0	0	0	536	0	0	616	0	0	0	0	0	0	0	0	0	0	4951	1	0	0	2	0	6665	18	0
EHA04643_bin.20	0	0	0	0	0	0	0	0	0	0	0	0	2	0	1	0	1	0	0	0	0	0	3	0	0	0	0	30566	0	0	0	0	0	0	0	0	0	0	1146	0	0	0	0	0	0	0	2908	1	0	0	0	6	0	0	0	0	0	0	0	1	0	0	0	0	0	0	0	3770	2	0	1	0	0	6373	0	0	0	21	0	0	0	0	0	0	0	0	0	0	0	0	0	0	6	0	0	0	0	0	3	0	0	233	0	1	0	0	0	0	22	0	0	147309	0	0	0	0	0	0	0	0	1	0	28961	0	0	0	1	0	22520	12	0
EHA04643_bin.21	0	107	0	22	50	0	0	0	0	0	4	0	0	80	132	0	0	0	8	0	22	1	2	0	0	0	44	10429	10	0	4	0	0	0	0	0	0	0	13043	4	0	0	0	0	0	0	17202	16	0	0	0	24	0	0	0	0	0	0	0	0	0	0	0	64	0	0	1	10619	10	0	26	0	0	7435	0	0	0	111	0	0	14	0	0	153	0	0	0	9	0	0	0	0	53	0	0	0	0	0	85	0	0	22764	0	0	0	0	1	0	15162	0	16	22337	0	2	0	0	0	0	0	0	0	0	37198	0	0	2	1	0	13091	570	0
EHA04643_bin.22	0	0	0	0	0	0	0	0	0	0	1	0	0	0	0	0	0	0	0	0	0	0	0	0	0	0	0	34519	0	0	0	0	0	0	0	0	0	0	6709	0	0	0	0	0	0	0	1082	15	0	0	0	1	0	0	0	0	0	0	0	0	0	0	0	0	0	0	0	8728	0	0	0	0	0	260	0	0	0	0	0	0	0	0	0	0	0	0	0	0	0	0	0	0	0	0	0	0	0	0	0	0	0	8240	0	0	0	0	0	0	7375	0	0	1518	0	0	0	0	0	0	0	0	0	0	9239	0	0	0	0	0	10468	3	0
EHA04643_bin.24	0	0	0	0	0	0	0	0	0	0	0	0	0	0	0	0	0	0	0	0	0	0	0	0	0	0	0	16631	0	0	0	0	0	0	0	0	0	0	2152	0	0	0	0	2	0	0	4636	0	0	0	0	0	0	0	0	0	0	0	0	0	0	0	0	0	0	0	0	4748	0	0	0	0	0	950	0	0	0	0	0	0	0	0	0	0	0	0	0	0	0	0	0	0	0	0	0	0	0	0	0	0	0	34404	0	0	0	0	0	0	20435	0	0	30742	0	0	0	0	0	0	0	0	0	0	20621	0	0	0	0	0	6311	0	0
EHA04643_bin.26	6	3442	0	42	157	0	1	0	0	0	14	0	0	500	210	0	0	0	17	0	2	1	813	0	0	0	482	29666	10	0	264	0	0	0	0	0	0	0	21803	0	0	0	0	0	0	0	12823	10	0	0	2	0	1	0	0	0	0	0	0	0	0	0	0	252	0	0	0	47984	66	0	3	0	0	6580	0	0	0	2257	0	0	88	0	0	3566	2	0	0	73	0	0	0	0	158	0	0	0	0	0	84	0	0	44982	0	0	0	0	0	0	17618	0	11	23842	0	0	0	0	0	0	0	0	0	0	33837	0	0	0	32	0	40870	6246	0
EHA04643_bin.27	0	0	0	0	0	0	0	0	0	0	0	0	0	0	0	0	0	0	0	0	0	0	0	0	0	0	0	1147	0	0	0	0	0	0	0	0	0	0	14	0	0	0	0	0	0	0	118	0	0	0	0	0	0	0	0	0	0	0	0	0	0	0	0	0	0	0	0	1791	0	0	0	0	0	262	0	0	0	0	0	0	0	0	0	0	0	0	0	0	0	0	0	0	0	0	0	0	0	0	0	0	0	159	0	0	0	0	0	0	150	0	0	51	0	0	0	0	0	0	0	0	0	0	2962	0	0	0	0	0	4109	0	0
EHA04643_bin.28	0	2	0	0	2	0	0	0	0	0	0	0	0	53	439	0	0	0	0	0	0	0	6	0	0	0	1	7935	0	0	2	0	0	0	0	0	0	0	2608	0	0	0	0	0	0	0	9076	4	0	0	0	0	0	0	0	0	0	0	0	0	0	0	0	2	0	0	0	3281	140	0	0	0	0	2151	0	0	0	558	0	0	0	0	0	0	0	0	0	0	0	0	0	0	266	0	0	0	0	0	41	0	0	16380	0	0	0	0	0	0	5462	0	0	125584	0	0	0	0	0	0	0	0	0	0	66005	0	0	0	0	0	5270	14	0
EHA04643_bin.29	0	0	0	0	2	0	0	0	0	0	0	0	0	5	6	0	0	0	0	0	0	0	1	0	0	0	1	30955	0	0	0	0	0	0	0	0	0	0	223	0	0	0	0	0	0	0	604	10	0	0	0	13	0	0	0	0	0	0	0	0	0	0	0	10	0	0	0	730	1	0	1	0	0	11727	0	0	0	0	0	0	0	0	0	138	0	0	0	0	0	0	0	0	0	0	0	0	0	0	0	0	0	2772	0	0	0	0	0	0	919	0	0	8522	0	0	0	0	0	0	0	0	0	0	12684	0	0	0	0	0	2964	7	0
EHA04643_bin.2	2	78	0	2	46	0	0	0	0	0	0	0	8	1724	7040	0	0	33	0	0	5	0	7	8	0	2	1703	3929	41	0	11	0	0	123	0	0	0	0	361	4	0	0	0	0	4	0	6155	39	0	0	10	25	0	0	0	0	0	0	0	0	0	3	0	2025	0	0	0	1878	1306	0	2	0	0	1471	0	0	0	1654	0	0	1920	0	0	3045	13	1	0	33	0	0	0	0	2177	0	0	0	0	0	2856	0	0	2186	0	0	0	0	0	0	1105	0	15	8365	0	1	0	0	0	0	0	0	0	0	8129	0	0	21	1	0	2793	497	0
EHA04643_bin.3	0	0	0	0	0	0	0	0	0	0	0	0	0	2	1	0	0	0	0	0	0	0	0	0	0	0	0	21348	0	0	0	0	0	0	0	0	0	0	1264	0	0	0	0	0	0	0	1216	0	0	0	0	0	0	0	0	0	0	0	0	0	0	0	0	0	0	0	0	1576	0	0	0	0	0	228	0	0	0	2	0	0	0	0	0	0	0	0	0	0	0	0	0	0	2	0	0	0	0	0	0	0	0	343	0	0	0	0	0	0	337	0	0	96	0	0	0	0	0	0	0	0	0	0	58683	0	0	0	0	0	1018	0	0
EHA04643_bin.6	0	0	0	0	0	0	0	0	0	0	0	0	0	9	71	0	0	0	0	0	0	0	0	0	0	0	5	1720	0	0	0	0	0	0	0	0	0	0	0	0	0	0	0	0	0	0	0	0	0	0	0	2	0	0	0	0	0	0	0	0	0	0	0	197	0	0	0	2585	4	0	1	0	0	1129	0	0	0	0	0	0	0	0	0	2	0	0	0	0	0	0	0	0	6	0	0	0	0	0	8	0	0	22	0	0	0	0	0	0	3	0	0	2	0	0	0	0	0	0	0	0	0	0	5680	0	0	0	0	0	3397	0	0
EHA04643_bin.9	0	0	0	0	0	0	0	0	0	0	0	0	0	0	0	0	0	0	0	0	0	0	0	0	0	0	0	6285	0	0	0	0	0	0	0	0	0	0	124693	0	0	0	0	0	0	0	1473198	0	0	0	0	0	0	0	0	0	0	0	0	0	0	0	0	0	0	0	0	908	0	0	0	0	0	710	0	0	0	0	0	0	0	0	0	0	0	0	0	0	0	0	0	0	0	0	0	0	0	0	0	0	0	1736	0	0	0	0	0	0	52411	0	0	289126	0	0	0	0	0	0	0	0	0	0	3528	0	0	0	0	0	481	0	0
EHA04644_bin.11	0	2	0	0	22	0	0	0	0	0	0	0	0	13	19	0	0	0	0	0	0	0	0	0	0	0	6	244	10	0	0	0	0	0	0	0	0	0	13	0	0	0	0	0	0	0	95	26	0	0	0	31	0	0	0	0	0	0	0	0	0	1	0	16	0	0	0	24	16	0	1	0	0	377	0	0	0	17	0	0	0	0	0	22	0	0	0	0	0	0	0	0	7	0	0	0	0	0	29	0	0	47	0	0	0	0	0	0	29	0	0	214	0	0	0	0	0	0	0	0	0	0	641	0	0	5	0	0	221	49	0
EHA04644_bin.13	0	0	0	0	0	0	0	0	0	0	0	0	0	0	0	0	0	0	0	0	0	0	0	0	0	0	0	1480	0	0	0	0	0	0	0	0	0	0	75	0	0	0	0	0	0	0	249	0	0	0	0	0	0	0	0	0	0	0	0	0	0	0	0	0	0	0	0	3603	0	0	0	0	0	938	0	0	0	0	0	0	0	0	0	0	0	0	0	0	0	0	0	0	0	0	0	0	0	0	0	0	0	351	0	0	0	0	0	0	581	0	0	410	0	0	0	0	0	0	0	0	0	0	4796	0	0	0	0	0	1456	0	0
EHA04644_bin.14	0	2	0	0	0	0	0	0	0	0	0	0	0	0	4	0	0	10	0	0	0	0	0	0	0	0	0	26111	0	0	0	0	0	0	0	0	0	0	178	0	0	0	0	0	5	0	1128	7	0	0	0	2	0	0	0	0	0	0	0	0	4	0	0	0	0	0	0	1492	0	0	0	0	0	1869	0	0	0	0	0	0	0	0	0	15	0	0	0	0	0	0	0	0	15	0	0	0	0	0	7	0	0	352	0	0	0	0	0	0	94	0	0	1064	0	0	0	0	0	0	0	0	0	0	9086	0	0	4	0	0	6751	13	0
EHA04644_bin.1	0	41	0	9	4	0	0	0	0	0	0	0	0	51	200	0	0	0	0	0	0	0	23	0	0	0	28	1651	0	0	13	0	0	1	0	0	0	0	1084	2	0	0	0	0	2	0	2036	52	0	0	2	22	0	0	0	0	0	0	1	0	0	1	0	108	0	0	0	958	16	0	4	0	0	1150	0	0	0	23	0	0	11	7	0	43	2	0	0	2	0	0	0	0	31	0	0	0	0	0	157	0	0	2861	0	0	0	0	0	2	2217	2	1	1933	0	0	0	0	0	0	0	0	0	0	3014	0	0	0	0	0	649	173	0
EHA04644_bin.20	0	573	0	4	102	0	0	0	0	0	6	0	26	48	333	2	0	0	14	0	12	18	4	4	0	0	83	399	12	0	5	0	0	0	0	0	0	0	37	3	0	0	0	0	0	9	302	71	0	0	0	33	0	0	0	0	0	0	0	0	10	1	0	47	0	0	0	247	43	0	11	0	0	153	3	0	0	47	0	0	60	0	0	36	11	0	0	20	0	0	0	0	99	0	0	0	0	0	200	0	0	217	0	0	0	0	0	0	60	0	55	521	0	0	0	0	0	0	0	0	5	0	295	0	2	7	0	0	385	157	0
EHA04644_bin.21	151339	17358	7	193	0	2	0	8	0	0	954	0	7	606	140	0	7144	1366818	6037	20	194	0	684	1623	0	168	0	130	14255	0	6735	0	0	228262	0	12	0	156	6561	11571	0	0	8	8	439701	14	40097	10946	0	0	53232	124	9	0	0	0	0	6620	94972	9	14301	262	2	645	0	82	52	721	2531	0	934	0	0	3	1449	11	2	1249205	6	0	393	56	0	6	82	5955	0	47	0	0	17	3	4203	0	30	0	0	0	10070	0	0	847	211	2973	43	0	105	8	845	1	4988	13500	24	3	0	2	0	246	0	2	7	21	140	74	1195	86362	34178	0	555	509798	6
EHA04644_bin.22	2	9	0	6	6	0	0	0	0	0	0	0	8	48	48	0	0	12	2	0	0	0	5	0	0	0	5	327	4	0	4	0	0	3	0	0	0	0	26	2	0	0	0	0	12	0	89	96	0	0	4	34	0	0	0	0	0	0	0	0	0	0	0	28	0	0	2	117	15	0	0	0	0	129	0	0	0	27	0	0	6	0	0	34	0	2	0	0	0	0	0	0	14	0	0	0	0	0	39	0	0	82	0	0	0	0	0	0	122	0	0	94	0	0	0	0	0	0	0	0	0	0	490	0	0	4	5	0	102	90	0
EHA04644_bin.23	1	13	0	1	2	0	0	0	0	0	0	0	0	15	15	0	0	4	0	0	0	0	1	0	0	0	10	27770	2	0	4	0	0	0	0	0	0	0	1019	0	0	0	0	0	2	0	1851	5	0	0	2	5	0	0	0	0	0	0	0	0	0	0	0	0	0	0	0	1589	9	0	1	0	0	1040	0	0	0	5	0	0	10	0	0	0	0	0	0	0	0	0	0	0	7	0	0	0	0	0	8	0	0	1840	0	0	0	0	1	0	1553	0	0	4948	0	0	0	0	0	0	0	0	0	0	43657	0	0	0	3	0	1868	28	0
EHA04644_bin.24	0	6	0	2	0	0	0	0	0	0	0	0	0	6	34	0	0	0	0	0	0	0	2	0	0	0	6	126501	0	0	3	0	0	0	0	0	0	0	2402	0	0	0	0	0	2	0	9772	27	0	0	0	18	0	0	0	0	0	0	0	0	0	0	0	13	0	0	3	8062	9	0	0	0	0	14183	2	0	0	2	0	0	8	0	0	0	0	0	0	0	0	0	0	0	9	0	0	0	0	0	19	0	0	6848	0	0	0	0	0	0	9599	0	0	64627	0	0	0	0	0	0	0	0	0	0	269775	0	0	0	0	0	9148	45	0
EHA04644_bin.27	0	20	0	9	72	0	0	0	0	0	0	0	3	64	61	0	0	0	0	0	0	0	0	2	0	0	15	3905	5	0	6	0	0	0	0	0	0	0	151	0	0	0	0	0	6	0	107	56	0	0	2	26	0	0	0	0	0	0	1	0	0	0	0	12	0	0	0	157	26	0	1	0	0	548	0	0	0	8	0	0	22	0	1	49	4	0	0	4	0	0	0	0	31	0	0	0	0	0	87	0	0	112	0	0	0	0	0	0	206	0	9	181	0	0	0	0	0	0	0	0	0	0	611	0	0	0	0	0	210	94	0
EHA04644_bin.29	0	0	0	0	3	0	0	0	0	0	0	0	0	1	2	0	0	0	0	0	7	0	26	2	0	0	2	645	0	0	0	0	0	0	0	0	0	0	327	6	0	0	0	0	0	0	1042	34	0	0	0	13	0	0	0	0	0	0	0	0	0	3	0	50	0	0	0	754	0	0	1	0	0	254	0	0	0	0	0	0	0	1	0	6	0	0	0	0	0	0	0	0	4	0	0	0	0	0	5	0	0	348	0	0	0	0	0	0	563	0	0	880	0	1	0	0	0	0	0	0	0	0	1617	2	0	4	1	0	109	20	0
EHA04644_bin.2	0	12	0	8	33	0	0	0	0	0	0	0	3	29	75	0	0	13	0	0	0	0	3	0	0	2	8	778	1	0	8	0	0	0	0	0	0	0	173	0	0	0	0	0	3	0	211	2	0	0	0	10	0	0	0	0	0	0	4	0	0	0	0	40	0	0	0	240	11	0	1	0	0	388	0	0	0	50	0	0	2	0	0	113	0	0	0	0	0	0	0	0	15	0	0	0	0	0	98	0	0	276	0	1	0	0	0	1	291	0	2	267	0	0	0	0	0	0	0	0	0	0	467	2	0	0	1	0	211	51	0
EHA04644_bin.3	0	94	0	0	7	0	0	0	0	0	1	0	0	11	17	0	0	1	0	0	0	0	2	0	0	1	13	1234	2	0	2	0	0	0	0	0	0	0	1427	0	0	0	0	0	1	0	1805	19	0	0	0	15	0	0	0	0	0	0	0	0	0	0	0	14	0	0	0	535	5	0	2	0	0	721	0	0	0	11	0	0	4	0	0	17	2	2	0	2	0	0	0	0	10	0	0	0	0	0	10	0	0	2030	0	0	0	0	0	12	2248	0	0	2945	0	0	0	0	0	0	0	0	0	0	1305	0	0	6	0	0	714	60	0
EHA04644_bin.7	0	0	0	2	0	0	0	0	0	0	0	0	0	1	16	0	0	0	0	0	0	0	1	0	0	0	10	50527	0	0	6	0	0	0	0	0	0	0	963	0	0	0	0	0	0	0	8941	3	0	0	0	3	0	0	0	0	0	0	0	0	0	0	0	2	0	0	0	4032	0	0	3	0	0	8657	0	0	0	3	0	0	1	0	0	2	0	0	0	0	0	0	0	0	4	0	0	0	0	0	1	0	0	1861	0	0	0	0	0	0	765	0	0	49394	0	0	0	0	0	0	0	0	0	0	190096	0	0	0	0	0	1438	17	0
EHA04644_bin.8	0	0	0	0	0	0	0	0	0	0	0	0	0	0	6	0	0	0	0	0	0	0	0	0	0	0	1	75	0	0	0	0	0	0	0	0	0	0	2	0	0	0	0	0	2	0	4	0	0	0	0	0	0	0	0	0	0	0	0	0	0	0	0	0	0	0	0	8	0	0	0	0	0	51	0	0	0	1	0	0	0	0	0	0	0	0	0	0	0	0	0	0	0	0	0	0	0	0	0	0	0	12	0	0	0	0	0	0	4	0	0	12	0	0	0	0	0	0	0	0	0	0	10	0	0	0	0	0	12	0	0
EHA04645_bin.10	0	2	0	0	0	0	0	0	0	0	0	0	0	0	0	0	0	0	0	0	0	0	0	0	0	0	0	5430	0	0	0	0	0	0	0	0	0	0	3478	0	0	0	0	0	0	0	13140	0	0	0	0	0	0	0	0	0	0	0	0	0	0	0	0	0	0	0	0	2711	0	0	0	0	0	1409	0	0	0	0	0	0	0	0	0	0	0	0	0	0	0	0	0	0	0	0	0	0	0	0	0	0	0	7715	0	0	0	0	0	0	8318	0	0	3236	0	0	0	0	0	0	0	0	0	0	6905	0	0	0	0	0	4947	0	0
EHA04645_bin.12	0	0	0	0	0	0	0	0	0	0	0	0	0	0	0	0	0	0	0	0	0	0	0	0	0	0	0	6508	0	0	0	0	0	0	0	0	0	0	10048	0	0	0	0	0	0	0	8126	2	0	0	0	0	0	0	0	0	0	0	0	0	0	0	0	0	0	0	0	5953	0	0	0	0	0	8908	0	0	0	0	0	0	0	0	0	2	0	0	0	0	0	0	0	0	0	0	0	0	0	0	0	0	0	5402	0	0	0	0	0	0	105612	0	0	7851	0	0	0	0	0	0	0	0	1	0	4913	0	0	0	0	0	7097	0	0
EHA04645_bin.13	0	0	0	0	0	0	0	0	0	0	0	0	0	0	0	0	0	0	0	0	0	0	4	1	0	1	0	10426	0	0	0	0	0	0	0	0	0	0	75993	0	0	0	0	0	0	0	189	0	0	0	0	0	0	0	0	0	0	0	3	0	0	2	0	0	0	0	0	84	0	0	1	0	0	202	0	0	0	0	0	0	0	0	0	0	0	0	0	0	0	0	0	0	1	0	0	0	0	0	3	0	0	13	0	0	0	0	0	1	19725	0	0	114	0	0	0	0	0	0	0	0	0	0	5249	0	0	0	0	0	3	1	0
EHA04645_bin.16	0	4	0	0	1	0	0	0	0	0	0	0	0	3	3	0	0	0	0	0	0	0	0	0	0	0	3	2457	0	0	0	0	0	0	0	0	0	0	15876	0	0	0	0	0	0	0	4656	0	0	0	0	0	0	0	0	0	0	0	0	0	0	0	0	0	0	0	0	20667	4	0	0	0	0	6050	0	0	0	0	0	0	0	0	0	1	0	0	0	0	0	0	0	0	0	0	0	0	0	0	0	0	0	7615	0	0	0	0	0	0	12123	0	0	2415	0	0	0	0	0	0	0	0	0	0	1002	0	0	0	0	0	2813	8	0
EHA04645_bin.17	0	0	0	0	0	0	0	0	0	0	0	0	0	0	0	0	0	0	0	0	0	0	0	0	0	0	0	4707	0	0	0	0	0	0	0	0	0	0	12666	0	0	0	0	1	0	0	1992	0	0	0	0	0	0	0	0	0	0	0	0	0	0	0	0	0	0	0	0	2960	0	0	0	0	0	1265	0	0	0	0	0	0	0	0	0	0	0	0	0	0	0	0	0	0	0	0	0	0	0	0	0	0	0	29066	0	0	0	0	0	0	9449	0	0	2704	0	0	0	0	0	0	0	0	2	0	5944	0	0	0	0	0	3355	0	0
EHA04645_bin.19	0	1	0	0	0	0	0	0	0	0	0	0	0	1	0	0	0	0	0	0	0	0	0	0	0	0	0	19398	0	0	0	0	0	0	0	0	0	0	46121	0	0	0	0	0	0	0	3458	0	0	0	0	0	0	0	0	0	0	0	0	0	0	0	0	0	0	0	0	22240	0	0	0	0	0	5590	0	0	0	0	0	0	0	0	0	0	0	0	0	0	0	0	0	0	0	0	0	0	0	0	0	0	0	15811	0	0	0	0	0	0	6922	0	0	2490	0	0	0	0	0	0	0	0	0	0	5989	0	0	0	0	0	10457	0	0
EHA04645_bin.1	0	0	0	0	0	0	0	0	0	0	0	0	0	0	0	0	0	0	0	0	0	0	0	0	0	0	0	14711	0	0	0	0	0	0	0	0	0	0	217413	0	0	0	0	0	0	0	2372	0	0	0	0	0	0	0	0	0	0	0	0	0	0	0	0	0	0	0	0	152869	0	0	0	0	0	2452	0	0	0	0	0	0	0	0	0	0	0	0	0	0	0	0	0	0	0	0	0	0	0	0	0	0	0	8381	0	0	0	0	0	0	40262	0	0	3033	0	0	0	0	0	0	0	0	0	0	5220	0	0	0	0	0	28654	0	0
EHA04645_bin.21	0	28	0	0	0	0	0	0	0	0	0	0	0	0	18	0	0	1	0	0	0	0	1	0	0	0	3	15492	0	0	0	0	0	0	0	0	0	0	17293	2	0	0	0	0	0	0	17495	2	0	0	0	4	0	0	0	0	0	0	0	0	0	0	0	17	0	0	0	7814	2	0	1	0	0	5492	0	0	0	0	0	0	1	0	0	2	0	0	0	0	0	0	0	0	0	0	0	0	0	0	4	0	0	42413	0	0	0	0	0	0	40627	0	2	21494	0	0	0	0	0	0	0	0	0	0	11338	0	0	0	0	0	13924	139	0
EHA04645_bin.22	0	2	0	0	0	0	0	0	0	0	0	0	0	0	0	0	0	0	0	0	0	0	0	0	0	0	0	9728	0	0	0	0	0	0	0	0	0	0	75800	0	0	0	0	0	0	0	19902	0	0	0	0	0	0	0	0	0	0	0	0	0	0	0	0	0	0	0	0	17452	0	0	0	0	0	7269	0	0	0	0	0	0	0	0	0	0	0	0	0	0	0	0	0	0	0	0	0	0	0	0	0	0	0	85982	0	0	0	0	0	0	45602	0	0	8469	0	0	0	0	0	0	0	0	0	0	17841	0	0	0	0	0	11511	2	0
EHA04645_bin.24	0	0	0	0	0	0	0	0	0	0	0	0	0	0	1	0	0	0	0	0	0	0	0	0	0	0	0	4236	0	0	0	0	0	0	0	0	0	0	13948	0	0	0	0	0	0	0	9284	0	0	0	0	0	0	0	0	0	0	0	0	0	0	0	0	0	0	0	0	14363	0	0	0	0	0	7210	0	0	0	0	0	0	0	0	0	0	0	0	0	0	0	0	0	0	0	0	0	0	0	0	1	0	0	10347	0	0	0	0	0	0	11675	0	0	3376	0	0	0	0	0	0	0	0	0	0	2562	0	0	0	0	0	3365	2	0
EHA04645_bin.2	0	6	0	0	1	0	0	0	0	0	0	0	1	1	48	0	0	0	0	0	0	0	0	0	0	0	2	38912	0	0	1	0	0	0	0	0	0	0	16984	0	0	0	0	0	0	0	42202	3	0	0	0	13	0	0	0	0	0	0	0	0	0	0	0	24	0	0	0	59481	2	0	0	0	0	35426	0	0	0	1	0	0	2	0	0	15	0	0	0	0	0	0	0	0	19	0	0	0	0	0	10	0	0	65424	0	0	0	0	0	0	55692	0	0	55774	0	0	0	0	0	0	0	0	0	0	58668	0	0	0	0	0	40125	31	0
EHA04645_bin.4	0	0	0	0	1	0	0	0	0	0	0	0	0	0	0	0	0	0	0	0	0	0	0	0	0	0	0	2204	0	0	0	0	0	0	0	0	0	0	7529	0	0	0	0	0	0	0	7481	0	0	0	0	0	0	0	0	0	0	0	0	0	0	0	0	0	0	0	0	8582	0	0	0	0	0	7305	0	0	0	0	0	0	0	0	0	0	0	0	0	0	0	0	0	0	0	0	0	0	0	0	2	0	0	20689	0	0	0	0	0	0	28027	0	0	1456	0	0	0	0	0	0	0	0	0	0	4865	0	0	2	6	0	9761	0	0
EHA04645_bin.8	0	0	0	0	0	0	0	0	0	0	0	0	0	0	0	0	0	0	0	0	0	0	0	0	0	0	0	4195	0	0	0	0	0	0	0	0	0	0	7823	0	0	0	0	0	0	0	1370	0	0	0	0	0	0	0	0	0	0	0	0	0	0	0	0	0	0	0	0	4620	0	0	0	0	0	1468	0	0	0	0	0	0	0	0	0	0	0	0	0	0	0	0	0	0	0	0	0	0	0	0	0	0	0	8943	0	0	0	0	0	0	1571	0	0	788	0	0	0	0	0	0	0	0	0	0	2858	0	0	0	0	0	10111	0	0
EHA04646_bin.10	0	0	0	0	0	0	0	0	0	0	0	0	0	0	0	0	0	0	0	0	0	0	0	0	0	0	0	1563	0	0	0	0	0	0	0	0	0	0	130	0	0	0	0	0	0	0	458	2	0	0	0	0	0	0	0	0	0	0	0	0	0	0	0	0	0	0	0	16347	0	0	0	0	0	1440	0	0	0	0	0	0	0	0	0	0	0	0	0	0	0	0	0	0	0	0	0	0	0	0	0	0	0	306	0	0	0	0	0	0	679	0	0	3273	0	0	0	0	0	0	0	0	0	0	6034	0	0	0	0	0	22106	0	0
EHA04646_bin.11	0	22	0	34	12	0	0	0	0	0	185	0	0	5706	24934	0	1	0	0	0	518	62	2	0	0	0	825	913	38	0	0	0	0	0	0	0	0	0	509	0	0	0	0	0	0	36	134	254	0	0	0	477	0	0	0	0	0	0	1	0	0	0	2	649	0	0	0	111	3173	0	379	0	0	1380	0	0	0	1317	0	0	190	14	0	83	39	1	0	66	0	0	4	0	2719	0	0	8	0	0	956	0	0	94	4	0	2	0	0	0	782	1	69	107	0	0	0	2	0	0	0	0	0	10	32	3	0	0	2	0	61	17	0
EHA04646_bin.12	0	0	0	0	0	0	0	0	0	0	0	0	2	0	0	0	0	0	0	0	0	0	1	0	0	0	0	3652	0	0	0	0	0	0	0	0	0	0	0	0	0	0	0	0	0	0	33	0	0	0	0	0	0	0	0	0	0	0	0	0	0	1	0	0	0	0	0	3005	0	0	0	0	0	144	0	0	0	0	0	0	0	0	0	0	0	0	0	0	0	0	0	0	0	0	0	0	0	0	0	0	0	14	0	0	0	0	0	0	0	0	0	53	0	0	0	0	0	0	0	0	0	0	1810	0	0	0	0	0	11581	0	0
EHA04646_bin.13	0	3	0	0	0	0	0	0	0	0	0	0	0	0	0	0	0	0	0	0	0	0	0	0	0	0	0	10	0	0	0	0	0	0	0	0	0	0	4	0	0	0	0	0	0	2	0	144	0	0	0	211	0	0	0	0	0	0	0	0	0	0	0	0	0	0	0	0	0	0	2	0	0	0	0	0	0	0	0	0	0	2	0	0	7	0	0	0	0	0	0	0	0	0	0	0	0	0	0	0	0	0	0	0	0	0	0	0	0	0	0	0	0	0	0	0	0	0	0	0	0	0	4	0	0	0	0	0	1	0	0
EHA04646_bin.15	0	68	0	8	0	0	0	0	0	0	39	0	0	1182	3591	0	0	0	0	2	497	32	178	0	0	2	165	5947	167	0	3	0	0	0	0	0	10	0	1037	0	0	0	0	0	0	6	596	1173	0	0	0	206	0	0	0	0	0	0	362	0	0	96	0	216	0	0	0	398	666	0	219	0	0	4660	0	0	0	904	2	0	42	2	0	139	61	14	0	92	0	0	0	0	1025	0	0	4	0	0	936	0	0	1009	0	0	0	0	0	127	25733	0	38	654	0	0	0	0	0	0	0	0	0	2	336	243	0	0	8	0	357	8	0
EHA04646_bin.17	0	27	0	0	0	0	0	0	0	0	2	0	0	331	465	0	0	0	0	0	12	2	15	0	0	0	21	475	2	0	2	0	0	0	0	0	0	0	607	0	0	0	0	0	0	1	1320	76	0	0	0	29	0	0	0	0	0	0	0	0	0	0	0	170	0	0	0	666	55	0	3	0	0	321	0	0	0	0	0	0	7	0	0	12	8	0	0	1	0	0	0	0	38	0	0	0	0	0	39	0	0	1274	0	0	0	0	0	2	177	0	3	1976	0	0	0	0	0	0	0	0	0	0	435	1	0	0	0	0	719	33	0
EHA04646_bin.19	0	0	0	0	0	0	0	0	0	0	0	0	0	0	0	0	0	0	0	0	2	0	0	0	0	0	0	8009	0	0	0	0	0	0	0	0	0	0	288	0	0	0	0	0	0	0	23	0	0	0	0	0	0	0	0	0	0	0	0	0	0	0	0	0	0	0	0	11	0	0	0	0	0	206	0	0	0	0	0	0	0	0	0	0	0	0	0	0	0	0	0	0	0	0	0	0	0	0	0	0	0	379	0	0	0	0	0	0	6693	0	0	30896	0	0	0	0	0	0	0	0	0	0	15264	0	0	0	0	0	17	0	0
EHA04646_bin.1	0	0	0	0	0	0	0	0	0	0	0	0	0	0	0	0	0	0	0	0	0	0	0	0	0	0	0	3810	0	0	0	0	0	0	0	0	0	0	1	0	0	0	0	0	0	0	877	0	0	0	0	0	0	0	0	0	0	0	0	0	0	0	0	0	0	0	0	4289	0	0	2	0	0	2816	0	0	0	0	0	0	0	0	0	0	0	0	0	0	0	0	0	0	0	0	0	0	0	0	0	0	0	2443	0	0	0	0	0	0	1102	0	0	359	0	0	0	0	0	0	0	0	0	0	6086	0	0	2	0	0	8672	2	0
EHA04646_bin.21	0	4	0	0	0	0	0	0	0	0	0	0	0	0	6	0	0	0	0	0	8	0	0	0	0	0	0	47	0	0	0	0	0	0	0	0	0	0	87	0	0	0	0	0	0	0	151	32	0	0	0	12	0	0	0	0	0	0	1	0	0	0	0	0	0	0	0	85	0	0	3	0	0	11	0	0	0	0	0	0	0	0	0	1	6	0	0	0	0	0	0	0	0	0	0	0	0	0	0	0	0	314	0	0	0	0	0	0	660	0	0	149	0	0	0	0	0	0	0	0	0	0	67	0	0	0	0	0	34	2	0
EHA04646_bin.22	0	0	0	0	32	0	0	0	0	0	0	0	0	0	0	0	0	0	0	0	0	0	0	0	0	0	0	101673	0	0	0	0	0	0	0	0	0	0	45746	0	0	0	0	0	0	0	113522	2	0	0	0	7	0	0	0	0	0	0	0	0	0	0	0	1	0	0	0	70621	0	0	0	0	0	47089	0	0	0	0	0	0	0	1	0	0	0	0	0	0	0	0	0	0	1	0	0	0	0	0	3	0	0	102721	0	0	0	0	0	0	106515	0	0	112909	0	0	0	0	0	0	0	0	0	0	140731	0	0	0	0	0	75118	7	0
EHA04646_bin.23	0	0	0	0	0	0	0	0	0	0	0	0	0	0	12	0	0	0	0	0	0	0	0	0	0	0	3	13194	0	0	0	0	0	0	0	0	0	0	10203	0	0	0	0	0	0	0	37793	6	0	0	0	0	0	0	0	0	0	0	0	0	0	0	0	12	0	0	0	5876	2	0	0	0	0	5837	0	0	0	0	0	0	0	0	0	0	0	0	0	0	0	0	0	0	4	0	0	0	0	0	4	0	0	32504	0	0	0	0	0	0	32877	0	0	18895	0	0	0	0	0	0	0	0	0	0	9649	0	0	0	0	0	10140	11	0
EHA04646_bin.24	1	2	0	14	0	0	0	0	0	0	0	0	0	2	37	0	0	0	0	0	2	0	0	0	0	0	0	54721	0	0	0	0	0	0	0	0	0	0	9575	0	0	0	0	0	0	0	6219	8	0	0	3	28	0	0	0	0	0	0	0	0	0	0	0	0	0	0	0	12829	1	0	0	0	0	20903	0	0	0	1	0	0	0	2	0	28	0	0	0	1	0	0	0	0	46	0	0	0	0	0	30	0	0	4170	0	0	0	0	0	0	397	0	0	17625	0	0	0	0	0	0	0	0	0	0	9474	0	0	0	2	0	20470	11	0
EHA04646_bin.25	0	2	0	0	0	0	0	0	0	0	0	0	0	0	4	0	0	0	0	0	0	0	1	0	0	0	0	31029	0	0	4	0	0	0	0	0	0	0	26	0	0	0	0	0	0	0	254	11	0	0	0	11	0	0	0	0	0	0	0	0	0	0	0	0	0	0	0	1050	1	0	0	0	0	944	0	0	0	0	0	0	0	0	7	3	0	0	0	1	0	0	0	0	14	0	0	0	0	0	3	0	0	5	0	0	0	0	0	0	0	0	1	423	0	1	0	0	0	0	0	0	0	0	35503	2	2	2	0	0	3050	9	0
EHA04646_bin.26	0	0	0	4	0	0	0	0	0	0	0	0	0	2	12	0	0	0	0	0	0	0	0	0	0	0	0	4660	0	0	2	0	0	0	0	0	0	0	616	0	0	0	0	0	0	0	1234	4	0	0	0	9	0	0	0	0	0	0	0	0	0	0	0	0	0	0	0	11605	2	0	0	0	0	5375	2	0	0	0	0	0	0	0	0	5	0	0	0	0	0	0	0	0	29	0	0	0	0	0	6	0	0	3323	0	0	0	0	0	0	116	0	0	11026	0	0	0	0	0	0	0	0	0	0	4902	0	0	0	0	0	5502	6	0
EHA04646_bin.27	0	0	0	0	0	0	0	0	0	0	0	0	0	0	8	0	0	0	0	0	0	0	0	0	0	0	3	3756	0	0	0	0	0	0	0	0	0	0	364	0	0	0	0	0	0	0	824	1	0	0	0	5	0	0	0	0	0	0	0	0	0	0	0	15	0	0	0	5726	0	0	5	0	0	1336	2	0	0	0	0	0	0	0	0	11	0	0	0	0	0	0	0	0	22	0	0	0	0	0	1	0	0	756	0	0	0	0	0	0	181	0	0	4530	0	0	0	0	0	0	0	0	0	0	1419	0	2	0	0	0	6257	6	0
EHA04646_bin.28	0	36	0	0	0	0	0	0	0	0	0	0	0	43	185	0	0	0	0	0	0	0	12	0	0	0	88	1180	18	0	20	0	0	5	0	0	0	0	2124	0	0	0	0	0	0	0	4082	2	0	0	0	2	0	0	0	0	0	0	0	0	0	2	0	138	0	0	0	5761	58	0	16	0	0	280	1	0	0	50	0	0	85	0	0	107	0	0	0	0	0	0	0	0	39	0	0	0	0	0	80	0	0	3787	0	0	0	0	1	0	2970	0	1	437	0	0	0	0	0	0	0	0	0	0	3459	1	0	0	0	0	4923	30	0
EHA04646_bin.2	0	0	0	0	0	0	0	0	0	0	0	0	0	0	0	0	0	0	0	0	0	0	1	0	0	0	0	15601	0	0	0	0	0	0	0	0	0	0	1	0	0	0	0	0	0	0	558	1	0	0	0	2	0	0	0	0	0	0	0	0	0	0	0	0	0	0	0	236	0	0	0	0	0	420	0	0	0	0	0	0	0	0	0	0	0	0	0	0	0	0	0	0	0	0	0	0	0	0	0	0	0	192	0	0	0	0	0	0	172	0	0	79	0	0	0	0	0	0	0	0	0	0	2762	0	0	0	0	0	659	0	0
EHA04646_bin.4	0	0	0	0	4	0	0	0	0	0	2	0	0	0	0	0	0	0	0	0	6	0	1	0	0	0	0	71	0	0	0	0	0	0	0	0	0	0	39	0	0	0	0	0	0	0	29	16	0	0	0	10	0	0	0	0	0	0	0	0	0	2	0	2	0	0	0	24	1	0	10	0	0	29	0	0	0	0	0	0	1	0	0	0	7	0	0	0	0	0	0	0	4	0	0	0	0	0	0	0	0	28	0	0	0	0	0	2	8	0	0	33	0	0	0	0	0	0	0	0	0	0	25	0	0	0	0	0	76	0	0
EHA04646_bin.6	45	34	0	5	13	0	0	0	0	0	13	0	0	218	1391	0	0	13	10	0	8	4	10	87	0	2	293	2316	12	0	40	0	0	83	0	0	0	0	1037	20	0	0	0	0	3	0	2517	20	0	0	158	12	0	0	0	0	0	0	1	4	0	2	0	117	0	2	27	2778	96	0	25	0	0	2264	21	0	0	135	0	0	34	0	0	192	60	0	0	4	0	0	0	0	459	0	0	0	0	0	212	0	0	2519	0	0	0	0	0	2	3855	0	19	2355	0	0	0	0	0	0	0	0	0	0	3605	7	0	383	145	0	3185	791	0
EHA04646_bin.8	0	23	0	0	2	0	0	0	0	0	0	0	0	29	39	0	0	0	0	0	9	0	1	0	0	0	14	112	2	0	0	0	0	0	0	0	0	0	371	0	0	0	0	0	0	12	178	113	0	0	0	142	0	0	0	0	0	0	0	0	0	0	0	77	0	0	0	113	7	0	2	0	0	189	0	0	0	19	0	0	2	5	0	31	16	0	0	4	0	0	0	0	14	0	0	0	0	0	18	0	0	241	0	0	0	0	0	0	638	0	0	139	0	0	0	0	0	0	0	0	0	0	219	0	0	0	0	0	276	2	0
EHA04647_bin.10	0	0	0	0	0	0	0	0	0	0	0	0	0	0	0	0	0	0	0	0	0	0	0	0	0	0	0	2625	0	0	0	0	0	0	0	0	0	0	3512	0	0	0	0	0	0	0	161338	1	0	0	0	0	0	0	0	0	0	0	0	0	0	0	0	0	0	0	0	28094	0	0	0	0	0	547	0	0	0	0	0	0	0	0	0	0	0	0	0	0	0	0	0	0	2	0	0	0	0	0	0	0	0	20188	0	0	0	0	0	0	11036	0	0	2412	0	0	0	0	0	0	0	0	0	0	4224	0	0	0	0	0	16703	1	0
EHA04647_bin.11	0	0	0	0	1	0	0	0	0	0	0	0	2	0	1	0	1	49	0	0	0	0	0	1	0	0	1	162631	0	0	0	0	0	0	0	0	0	0	572612	0	0	0	0	0	25	0	945235	0	0	0	0	0	1	0	0	0	0	0	0	0	0	4	0	2	0	0	0	488623	0	0	2	0	0	19032	0	2	0	5	0	0	2	2	0	0	1	0	0	2	0	0	0	0	0	0	1	0	0	0	0	0	2	586057	0	3	0	0	0	6	1418457	0	2	602808	0	2	0	0	0	0	0	0	0	0	271270	6	0	0	7	0	162229	0	0
EHA04647_bin.15	4	6	0	0	0	0	0	0	0	0	0	0	0	0	2	0	3	0	2	0	0	0	3	0	0	0	2	9857	0	0	4	0	0	2	0	0	0	0	13645	0	0	0	0	0	0	0	1662961	1	0	0	2	0	0	0	0	0	0	0	0	0	0	3	0	2	0	0	0	25255	0	0	0	0	0	17486	0	0	0	1	0	0	0	0	0	1	1	0	0	0	0	0	0	0	0	0	0	0	0	0	13	0	0	15508	0	0	0	0	0	0	18038	0	0	12297	0	0	0	0	0	0	0	0	0	0	27158	0	0	2	4	0	23884	13	0
EHA04647_bin.17	1	0	0	0	1	0	0	0	0	0	0	0	0	1	11	0	0	2	0	0	2	0	2	0	0	0	9	11613	0	0	0	0	0	0	0	0	0	0	1094	0	0	0	0	0	0	0	183435	0	0	0	0	0	0	0	0	0	0	0	2	0	0	5	0	1	0	0	0	2778	1	0	8	0	0	1688	0	0	0	8	0	0	7	0	0	0	0	0	0	0	0	0	0	0	8	0	0	0	0	0	0	0	0	2653	0	0	0	0	0	5	1744	0	0	123107	0	0	0	0	0	0	0	0	0	0	10075	7	0	0	0	0	3142	2	0
EHA04647_bin.18	0	0	9	0	5	0	0	0	0	0	0	0	0	0	2	0	0	0	0	0	7	0	0	1	0	0	0	10634	0	0	0	0	0	0	0	0	0	0	2454	0	1	0	0	6	0	0	10391	0	0	0	0	0	1	0	0	0	0	0	0	0	0	0	0	0	0	2	0	13770	0	0	2	0	0	55489	0	0	0	0	0	0	0	0	4	0	0	0	2	0	0	0	0	0	2	0	0	0	0	0	0	0	0	9792	0	0	0	0	0	0	2921	0	0	10170	0	25	0	0	0	0	0	0	3	0	25422	4	0	0	0	0	31557	2	0
EHA04647_bin.19	0	0	0	0	0	0	0	0	0	0	0	0	0	0	0	0	0	0	0	0	0	0	0	0	0	0	0	1836	0	0	0	0	0	0	0	0	0	0	122	0	0	0	0	0	0	0	15119	0	0	0	0	0	0	0	0	0	0	0	0	0	0	0	0	0	0	0	0	4005	0	0	0	0	0	119	0	0	0	0	0	0	0	0	0	0	0	0	0	0	0	0	0	0	0	0	0	0	0	0	0	0	0	21656	0	0	0	0	0	0	6553	0	0	130735	0	0	0	0	0	0	0	0	0	0	4274	0	0	0	0	0	27153	0	0
EHA04647_bin.1	0	0	0	0	0	0	0	0	0	0	0	0	0	0	0	0	0	0	0	0	0	0	0	0	0	0	0	4964	0	0	2	0	0	0	0	0	0	0	193	0	0	0	0	0	0	0	848	0	0	0	0	0	0	0	0	0	0	0	0	0	0	0	0	0	0	0	0	2043	0	0	0	0	0	2166	0	0	0	0	0	0	0	0	0	0	0	0	0	0	0	0	0	0	0	0	0	0	0	0	0	0	0	2079	0	0	0	0	0	0	635	0	0	33335	0	0	0	0	0	0	0	0	0	0	4015	0	0	0	0	0	23808	0	0
EHA04647_bin.20	0	0	0	0	0	0	0	0	0	0	0	0	0	0	0	0	0	0	0	0	0	0	0	0	0	0	0	8744	0	0	0	0	0	0	0	0	0	0	8664	0	0	0	0	0	0	0	82	0	0	0	0	0	0	0	0	0	0	0	0	0	0	0	0	0	0	0	0	5650	0	0	0	0	0	0	0	0	0	0	0	0	0	0	0	0	0	0	0	0	0	0	0	0	0	0	0	0	0	0	0	0	0	23968	0	0	0	0	0	0	20	0	0	92	0	0	0	0	0	0	0	0	0	0	6	0	0	0	0	0	1117	9	0
EHA04647_bin.22	0	4	0	0	0	0	0	0	0	0	0	0	0	0	5	0	0	0	0	0	0	0	0	0	0	0	2	9583	0	0	0	0	0	0	0	0	0	0	13525	0	0	0	0	0	0	0	12481	7	0	0	0	6	0	0	0	0	0	0	0	0	0	0	0	2	0	0	0	22943	1	0	0	0	0	2611	0	0	0	0	0	0	0	0	0	0	0	0	0	0	0	0	0	0	8	0	0	0	0	0	0	0	0	6332	0	0	0	0	0	0	190	0	0	4753	0	0	0	0	0	0	0	0	0	0	2724	0	0	0	0	0	2717	20	0
EHA04647_bin.23	0	0	0	0	0	0	0	0	0	0	0	0	0	1	19	0	0	0	0	0	0	0	13	0	0	0	1	20494	0	0	0	0	0	0	0	0	0	0	2581	0	0	0	0	0	0	0	27550	19	0	0	0	2	0	0	0	0	0	0	0	0	0	0	0	0	0	0	0	5529	1	0	5	0	0	7551	0	0	0	2	0	0	4	0	0	3	0	0	0	1	0	0	0	0	6	0	0	0	0	0	2	0	0	4077	0	0	0	0	0	0	9899	0	0	68378	0	0	0	0	0	0	0	0	0	0	32887	2	0	4	0	0	8997	20	0
EHA04647_bin.24	0	0	0	0	1	0	0	0	0	0	0	0	0	2	0	0	0	0	0	0	0	0	0	0	0	0	0	10134	0	0	0	0	0	0	0	0	0	0	267	0	0	0	0	0	0	0	4424	1	0	0	0	1	0	0	0	0	0	0	0	0	0	0	0	0	0	0	0	2953	0	0	0	0	0	427	0	0	0	0	0	0	0	0	0	2	0	0	0	0	0	0	0	0	3	0	0	0	0	0	1	0	0	1223	0	0	0	0	0	0	14392	0	0	2311	0	0	0	0	0	0	0	0	0	0	9475	0	0	0	0	0	2875	1	0
EHA04647_bin.25	0	2	0	0	0	0	0	0	0	0	0	0	0	0	2	0	0	0	0	0	0	0	2	0	0	0	0	4514	0	0	2	0	0	1	0	0	0	0	9960	0	0	0	0	0	1	0	22873	0	0	0	2	0	0	0	0	0	0	0	0	0	0	0	0	4	0	0	0	8532	2	0	0	0	0	5001	0	0	0	1	0	0	0	0	0	0	0	0	0	0	0	0	0	0	0	0	0	0	0	0	0	0	0	2228	1	0	0	0	0	0	8610	0	0	10998	0	0	0	0	0	0	0	0	0	0	3018	0	0	2	2	0	6656	12	0
EHA04647_bin.26	0	0	0	0	0	0	0	0	0	0	0	0	0	0	0	0	0	0	0	0	0	0	0	0	0	0	0	7912	0	0	0	0	0	0	0	0	0	0	6455	0	0	0	0	0	0	0	6434	0	0	0	0	0	0	0	0	0	0	0	0	0	0	0	0	0	0	0	0	5845	0	0	0	0	0	1491	0	0	0	0	0	0	0	0	0	0	0	0	0	0	0	0	0	0	0	0	0	0	0	0	0	0	0	4744	0	0	0	0	0	0	3	0	0	15618	0	0	0	0	0	0	0	0	0	0	8158	0	0	0	0	0	3160	0	0
EHA04647_bin.28	8	5	0	1	30	0	0	0	0	0	0	0	0	63	56	0	0	12	0	0	0	0	2	0	0	0	23	91537	8	0	0	0	0	1	0	0	0	0	47873	0	0	0	0	0	2	0	56344	1	0	0	1	6	0	0	0	0	0	0	0	0	0	1	0	39	0	0	0	105729	5	0	3	0	0	71835	0	0	0	43	0	0	35	0	0	52	1	0	0	0	0	0	0	0	10	0	0	0	0	0	39	0	0	142946	0	0	0	0	0	0	34557	0	0	83369	0	0	0	0	0	0	0	0	0	0	65170	0	0	8	0	0	126498	42	0
EHA04647_bin.30	0	0	0	0	5	0	0	0	0	0	0	0	1	0	0	0	0	0	0	0	0	0	0	0	0	0	0	648	0	0	0	0	0	0	0	0	0	0	3160	0	0	0	0	0	0	0	896	0	0	0	0	0	0	0	0	0	0	0	0	0	0	0	0	0	0	0	0	6158	0	0	0	0	0	200	0	0	0	0	0	0	0	0	0	0	0	0	0	0	0	0	0	0	0	0	0	0	0	0	0	0	0	108	0	0	0	0	0	0	661	0	0	106397	0	0	0	0	0	0	0	0	0	0	107	0	0	0	0	0	1869	2	0
EHA04647_bin.31	32	0	0	6	0	0	0	0	0	0	2	0	1	3	0	0	1	8	8	0	3	0	3	4	0	13	0	982	13	0	2	0	0	0	1	0	0	0	7	0	0	0	0	4	6	0	438	11	0	0	5	4	0	0	0	0	0	7	25	0	23	10	0	2	0	0	0	584	0	0	7	0	0	623	23	1	0	174	0	0	0	0	10	0	1	24	0	1	0	0	0	0	0	0	4	25	0	0	0	0	0	5012	0	0	0	0	0	13	221	1	5	216	0	14	0	0	0	2	0	0	0	0	6673	56	0	0	0	0	1777	25	0
EHA04647_bin.32	0	0	0	0	0	0	0	0	0	0	0	0	0	0	0	0	0	0	0	0	0	0	0	0	0	0	0	2508	0	0	0	0	0	0	0	0	0	0	1620	0	0	0	0	0	0	0	790	0	0	0	2	0	0	0	0	0	0	0	0	0	0	0	0	0	0	0	0	2046	0	0	0	0	0	1889	0	0	0	0	0	0	0	0	0	0	0	0	0	0	0	0	0	0	0	0	0	0	0	0	0	0	0	8803	0	0	0	0	0	0	542	0	0	2273	0	0	0	0	0	0	0	0	0	0	533	0	0	0	4	0	1161	4	0
EHA04647_bin.33	0	7	0	0	0	0	0	0	0	0	0	0	0	15	51	0	2	0	0	0	0	0	1	0	0	0	6	33152	0	0	0	0	0	0	0	0	0	0	454	0	0	0	0	0	0	0	21438	16	0	0	0	6	0	0	0	0	0	0	0	0	0	1	0	64	0	0	0	13490	0	0	0	0	0	22208	0	0	0	3	0	0	5	0	0	12	0	0	0	0	0	0	0	0	2	0	0	0	0	0	6	0	0	6355	0	0	0	0	1	0	54220	0	0	13178	0	0	0	0	0	0	0	0	0	0	22693	0	0	0	2	0	10926	34	0
EHA04647_bin.36	0	0	0	0	0	0	0	0	0	0	0	0	0	0	0	0	0	0	0	0	0	0	0	0	0	0	0	3341	0	0	0	0	0	0	0	0	0	0	56071	0	0	0	0	0	0	0	255	0	0	0	0	0	0	0	0	0	0	0	0	0	0	0	0	0	0	0	0	348	0	0	0	0	0	12433	0	0	0	0	0	0	0	0	0	0	0	0	0	0	0	0	0	0	0	0	0	0	0	0	0	0	0	8498	0	0	0	0	0	0	4828	0	0	2050	0	0	0	0	0	0	0	0	0	0	3800	0	0	0	0	0	1259	0	0
EHA04647_bin.38	16	22	0	0	2	0	0	0	0	0	0	0	2	39	127	0	0	22	6	0	0	0	15	16	0	0	34	36476	0	0	41	0	0	0	0	0	0	0	4910	20	0	0	0	0	9	0	461438	5	0	0	30	9	0	0	0	0	0	0	4	0	0	0	0	266	0	0	0	18614	9	0	0	0	0	23065	2	0	0	1	0	0	18	0	0	73	0	0	0	1	0	0	0	0	27	0	0	0	0	0	25	0	0	20644	0	2	0	0	3	0	16889	0	0	97531	0	1	0	0	0	0	0	0	0	0	29666	4	8	18	57	0	18221	215	0
EHA04647_bin.39	0	7	0	3	0	0	0	0	0	0	0	0	0	9	43	0	0	0	0	0	0	0	5	0	0	0	19	11765	0	0	0	0	0	0	0	0	0	0	2227	0	0	0	0	0	0	0	13374	6	0	0	0	4	0	0	0	0	0	0	0	0	0	0	0	53	0	0	0	9564	6	0	0	0	0	5455	0	0	0	0	0	0	2	3	0	11	0	0	0	0	0	0	0	0	18	0	0	0	0	0	3	0	0	1338	0	0	0	0	0	2	8145	0	0	17686	0	0	0	0	0	0	0	0	0	0	7431	0	0	0	0	0	19866	44	0
EHA04647_bin.3	0	1	0	0	0	0	0	0	0	0	0	0	0	15	16	0	1	0	0	0	0	0	0	0	0	0	3	21385	0	0	0	0	0	0	0	0	0	0	8367	0	0	0	0	0	0	0	17702	23	0	0	0	12	0	0	0	0	0	0	0	0	0	0	0	72	0	0	0	4519	5	0	0	0	0	6538	0	0	0	3	0	0	7	0	0	16	0	0	0	0	0	0	0	0	10	0	0	0	0	0	16	0	0	8994	0	0	0	0	0	1	4919	0	0	15183	0	0	0	0	0	0	0	0	0	0	55297	1	0	0	0	0	4857	13	0
EHA04647_bin.5	0	5	0	0	0	0	0	0	0	0	0	2	1	0	2	0	0	0	0	0	0	0	5	0	0	0	2	3630	0	0	4	0	0	0	0	0	0	2	1600	0	0	2	0	0	0	0	120438	10	0	0	0	2	0	0	0	0	0	0	0	2	0	0	0	22	0	0	0	1441	0	0	0	0	0	28494	0	0	0	3	0	0	0	2	0	3	1	0	2	0	0	0	0	0	11	0	2	0	0	0	1	0	0	155	0	0	0	0	0	0	5712	0	0	51592	0	0	0	0	0	0	2	0	0	0	1481	0	0	0	0	0	9920	23	0
EHA04648_bin.10	0	0	0	0	0	0	0	0	0	0	0	0	0	0	0	0	0	0	0	0	0	0	1	0	0	0	0	3220	0	0	0	0	0	0	0	0	0	0	4177	0	0	0	0	0	0	0	5570	0	0	0	0	0	0	0	0	0	0	0	0	0	0	0	0	0	0	0	2	14348	0	0	0	0	0	5954	0	0	0	2	0	0	0	0	0	0	0	0	0	0	0	0	0	0	0	0	0	0	0	0	10	0	0	19247	0	0	0	0	0	0	9498	0	0	3484	0	0	0	0	0	0	0	0	0	0	6007	0	0	0	0	0	18289	0	0
EHA04648_bin.13	0	0	0	0	0	0	0	0	0	0	0	0	0	0	0	0	0	0	0	0	0	0	0	0	0	0	0	11339	0	0	0	0	0	0	0	0	0	0	2769165	0	0	0	0	0	0	0	54716	0	0	0	0	0	0	0	0	0	0	0	0	0	0	0	0	0	0	0	0	20	0	0	0	0	0	331	0	0	0	0	0	0	0	0	0	0	0	0	0	0	0	0	0	0	0	0	0	0	0	0	0	0	0	23	0	0	0	0	0	0	217245	0	0	17638	0	0	0	0	0	0	0	0	0	0	0	0	0	0	0	0	2	0	0
EHA04648_bin.14	0	0	0	0	0	0	0	0	0	0	0	0	0	5	5	0	0	0	0	0	0	0	0	0	0	0	0	23148	0	0	0	0	0	0	0	0	0	0	32515	0	0	0	0	0	0	0	3687	0	0	0	0	0	0	0	0	0	0	0	0	0	0	0	0	1	0	0	0	62683	0	0	0	0	0	3126	0	0	0	0	0	0	9	0	0	0	0	0	0	0	0	0	0	0	1	0	0	0	0	0	0	0	0	21478	0	0	0	0	0	0	15854	0	0	18748	0	0	0	0	0	0	0	0	0	0	30669	0	0	2	0	0	5739	6	0
EHA04648_bin.15	0	0	0	0	0	0	0	0	0	0	0	0	0	0	0	0	0	0	0	0	0	0	0	0	0	0	0	29332	0	0	0	0	0	0	0	0	0	0	41990	0	0	0	0	0	0	0	872	0	0	0	0	0	0	0	0	0	0	0	0	0	0	0	0	0	0	0	0	46735	0	0	0	0	0	513	0	0	0	0	0	0	0	0	0	0	0	0	0	0	0	0	0	0	0	0	0	0	0	0	0	0	0	7024	0	0	0	0	0	0	78566	0	0	3710	0	0	0	0	0	0	0	0	0	0	14093	0	0	2	0	0	17691	2	0
EHA04648_bin.16	0	3	0	7	0	0	0	0	0	0	0	0	0	0	23	0	1	0	0	0	0	0	0	0	0	0	1	26804	0	0	0	0	0	0	0	0	0	0	24097	0	0	0	0	0	0	0	6130	5	0	0	0	22	0	0	0	0	0	0	0	0	0	0	0	0	0	0	0	25513	3	0	1	0	0	6897	0	0	0	2	0	0	2	0	0	17	0	0	0	0	0	0	0	0	49	0	0	0	0	0	28	0	0	22914	0	0	0	0	0	0	14497	0	0	7785	0	0	0	0	0	0	0	0	0	0	7355	0	0	0	0	0	26366	10	0
EHA04648_bin.1	0	5	0	0	0	0	0	0	0	0	0	0	0	0	1	0	0	0	0	0	1	0	0	0	0	0	0	6518	0	0	0	0	0	0	0	0	0	0	167714	1	0	0	0	0	0	0	3381	0	0	0	1	0	0	0	0	0	0	0	2	0	0	0	0	0	0	0	0	7500	0	0	0	0	0	1758	0	0	0	2	0	0	0	0	0	0	1	0	0	0	0	0	0	0	0	0	0	0	0	0	3	0	0	35991	0	0	0	0	0	0	15325	0	0	4460	0	0	0	0	0	0	0	0	0	0	9705	0	0	4	5	0	8520	15	0
EHA04648_bin.20	2	22	0	6	14	0	0	0	0	0	4	1	0	149	705	0	2	314	2	0	13	0	40	6	0	7	323	5271	4	0	5	0	0	5	0	0	0	0	28299	1	0	0	0	20	89	0	10889	2	0	0	1	4	0	0	0	0	0	0	13	0	2	6	0	9	0	0	8	44788	56	0	22	0	0	12688	0	0	0	146	0	0	215	0	12	57	115	2	0	95	0	0	0	0	103	0	0	0	0	0	110	0	0	15398	0	14	0	0	3	5	8850	0	44	4760	0	12	0	0	0	0	0	0	0	0	1842	8	0	10	3	0	5786	374	0
EHA04648_bin.22	0	0	0	0	0	0	0	0	0	0	0	0	0	0	0	0	0	0	0	0	0	0	0	0	0	0	0	6076	0	0	0	0	0	0	0	0	0	0	48256	0	0	0	0	0	0	0	1979	0	0	0	0	0	0	0	0	0	0	0	0	0	0	0	0	0	0	0	0	44100	0	0	0	0	0	1263	0	0	0	0	0	0	0	0	0	0	0	0	0	0	0	0	0	0	0	0	0	0	0	0	0	0	0	19518	0	0	0	0	0	0	24913	0	0	5874	0	0	0	0	0	0	0	0	0	0	4448	0	0	0	0	0	17551	0	0
EHA04648_bin.24	0	0	0	0	3	0	0	0	0	0	0	0	1	0	2	0	0	0	0	0	0	0	0	0	0	0	1	24541	0	0	0	0	0	0	0	0	0	0	11655	0	0	0	0	4	0	0	12012	0	0	0	0	2	0	0	0	0	0	0	0	0	0	0	0	1	0	0	0	24533	0	0	0	0	0	18609	0	0	0	0	0	0	0	0	0	0	0	0	0	0	0	0	0	0	1	0	0	0	0	0	2	0	0	46680	0	0	0	0	0	0	157506	0	1	21224	0	0	0	0	0	0	0	0	0	0	17752	0	0	0	0	0	17430	6	0
EHA04648_bin.25	1	46	0	3	251	0	0	0	0	0	0	0	2	1120	1785	0	1	1482	2	0	16	1	16	7	0	0	479	14393	0	0	10	0	0	2	2	0	0	0	71051	8	0	0	0	0	462	0	30888	26	0	0	2	29	0	0	0	0	0	0	0	0	0	6	0	827	0	0	2	17505	386	0	19	0	0	17893	0	0	0	1022	0	0	190	0	0	1605	16	0	0	8	0	0	0	0	559	0	0	0	0	0	1439	0	0	148753	0	5	0	0	0	10	413521	1	28	23562	0	0	0	0	0	0	0	0	2	0	33832	8	0	4	19	0	12232	157	0
EHA04648_bin.26	0	0	0	0	0	0	0	0	0	0	0	0	0	2	18	0	0	0	0	0	0	0	0	0	0	0	1	9925	0	0	0	0	0	0	0	0	0	0	23024	0	0	0	0	0	0	0	10710	0	0	0	0	2	0	0	0	0	0	0	0	0	0	0	0	6	0	0	0	4888	0	0	0	0	0	5242	0	0	0	0	0	0	1	0	0	5	0	0	0	0	0	0	0	0	2	0	0	0	0	0	3	0	0	26745	0	0	0	0	0	0	29861	0	0	11585	0	0	0	0	0	0	0	0	0	0	7262	0	0	0	0	0	8838	14	0
EHA04648_bin.27	0	0	0	0	0	0	0	0	0	0	0	0	0	4	1	0	0	0	0	0	0	0	0	0	0	0	3	10798	0	0	0	0	0	0	0	0	0	0	69974	0	0	0	0	0	0	0	46367	0	0	0	0	4	0	0	0	0	0	0	0	0	0	0	0	1	0	0	0	50449	2	0	0	0	0	17277	0	0	0	0	0	0	1	0	0	5	0	0	0	0	0	0	0	0	4	0	0	0	0	0	3	0	0	37753	0	0	0	0	0	0	158792	0	0	24551	0	0	0	0	0	0	0	0	0	0	11701	0	0	0	0	0	33420	7	0
EHA04648_bin.28	0	0	0	0	3	0	0	0	0	0	0	0	0	0	1	0	0	0	0	0	0	0	0	0	0	0	0	4391	0	0	0	0	0	0	0	0	0	0	31689	0	0	0	0	0	0	0	13011	1	0	0	0	2	0	0	0	0	0	0	0	0	0	0	0	0	0	0	0	13834	0	0	0	0	0	7805	0	0	0	0	0	0	1	0	0	0	0	0	0	0	0	0	0	0	0	0	0	0	0	0	2	0	0	9663	0	0	0	0	0	0	33644	0	0	10315	0	0	0	0	0	0	0	0	0	0	2871	0	0	0	0	0	7405	2	0
EHA04648_bin.2	0	0	0	0	0	0	0	0	0	0	0	0	0	0	5	0	0	0	0	0	0	0	3	0	0	0	3	6309	0	0	0	0	0	0	0	0	0	0	5076	0	0	0	0	0	0	0	4214	2	0	0	0	1	0	0	0	0	0	0	0	0	0	0	0	17	0	0	0	15754	1	0	1	0	0	8884	0	0	0	1	0	0	1	0	0	0	2	0	0	1	0	0	0	0	3	0	0	0	0	0	0	0	0	21676	0	1	0	0	0	0	8420	0	1	1943	0	0	0	0	0	0	0	0	0	0	6442	0	0	0	0	0	19289	6	0
EHA04648_bin.3	0	0	0	0	0	0	0	0	0	0	0	0	0	0	0	0	0	0	0	0	0	0	0	0	0	0	0	4657	0	0	1	0	0	0	0	0	0	0	4017	0	0	0	0	0	0	0	3896	0	0	0	0	0	0	0	0	0	0	0	0	0	0	0	0	0	0	0	0	45456	0	0	0	0	0	902	0	0	0	0	0	0	0	0	0	0	0	0	0	0	0	0	0	0	0	0	0	0	0	0	0	0	0	5188	0	0	0	0	0	0	9640	0	0	3760	0	0	0	0	0	0	0	0	0	0	6420	0	0	0	0	0	7798	0	0
EHA04648_bin.4	0	0	0	0	0	0	0	0	0	0	0	0	0	0	0	0	0	0	0	0	0	0	0	0	0	0	0	16596	0	0	0	0	0	0	0	0	0	0	2628	0	0	0	0	0	0	0	4	0	0	0	0	0	0	0	0	0	0	0	0	0	0	0	0	0	0	0	0	2	0	0	0	0	0	134	0	0	0	0	0	0	0	0	0	0	0	0	0	0	0	0	0	0	0	0	0	0	0	0	0	0	0	523	0	0	0	0	0	0	3058	0	0	18622	0	0	0	0	0	0	0	0	0	0	8325	0	0	0	0	0	0	0	0
EHA04648_bin.7	0	6	0	0	0	0	0	0	0	0	0	0	0	0	0	0	0	0	0	0	0	0	14	0	0	0	0	15099	0	0	0	0	0	0	0	0	0	0	48945	0	0	0	0	0	0	0	50680	0	0	0	0	2	0	0	0	0	0	0	0	0	0	2	0	1	0	0	0	13209	0	0	1	0	0	3201	0	0	0	0	0	0	0	0	0	1	5	0	0	0	0	0	0	0	0	0	0	0	0	0	2	0	0	32973	0	0	0	0	0	0	13672	0	0	56337	0	0	0	0	0	0	0	0	0	0	26895	0	0	0	0	0	19353	0	0
EHA04648_bin.9	0	6	0	2	5	0	0	0	0	0	0	0	0	30	32	0	1	59	0	0	1	0	20	3	0	0	9	13300	0	0	12	0	0	21	0	0	0	0	19230	0	0	0	0	0	15	0	7247	2	0	0	1	5	0	0	0	0	0	0	0	0	0	1	0	29	0	2	0	3741	6	0	6	0	0	3537	0	0	0	9	0	0	2	0	0	34	3	0	0	0	0	0	0	0	15	0	0	0	0	0	34	0	0	11398	0	2	0	0	0	1	26557	0	1	8354	0	0	0	0	0	0	0	0	0	0	10839	24	4	14	19	0	5635	148	0
EHA04649_bin.10	0	0	0	0	0	0	0	0	0	0	0	0	0	2	0	0	0	0	0	0	0	0	1	0	0	0	0	7849	0	0	0	0	0	0	0	0	0	0	339	0	0	0	0	2	0	0	2557	0	0	0	0	0	0	0	0	0	0	0	0	0	0	0	0	2	0	0	0	2991	0	0	2	0	0	9747	0	0	0	0	0	0	0	0	0	0	0	0	0	0	0	0	0	0	0	0	0	0	0	0	0	0	0	10362	0	0	0	0	0	0	15124	0	0	3074	0	0	0	0	0	0	0	0	2	0	3473	0	0	0	0	0	19525	0	0
EHA04649_bin.12	0	5	0	1	0	0	0	0	0	0	0	0	0	2	38	0	0	0	0	0	0	0	4	0	0	0	9	17223	0	0	0	0	0	0	0	0	0	0	497	0	0	0	0	0	0	0	6656	9	0	0	0	4	0	0	0	0	0	0	0	0	0	0	0	12	0	0	0	3028	2	0	0	0	0	26544	0	0	0	1	0	0	8	0	0	2	0	0	0	0	0	0	0	0	11	0	0	0	0	0	3	0	0	2579	0	0	0	0	0	0	2798	0	0	9386	0	1	0	0	0	0	0	0	0	0	39979	0	0	0	0	0	3877	22	0
EHA04649_bin.13	0	0	0	0	0	0	0	0	0	0	0	0	0	0	0	0	0	0	0	0	0	0	0	0	0	0	0	3137	0	0	0	0	0	0	0	0	0	0	0	0	0	0	0	0	0	0	0	0	0	0	0	0	0	0	0	0	0	0	0	0	0	0	0	0	0	0	0	4107	0	0	0	0	0	1360	0	0	0	0	0	0	0	0	0	0	0	0	0	0	0	0	0	0	0	0	0	0	0	0	0	0	0	26	0	0	0	0	0	0	8	0	0	8	0	0	0	0	0	0	0	0	0	0	8157	0	0	0	0	0	5481	0	0
EHA04649_bin.16	0	0	0	0	0	0	0	0	0	0	0	0	0	0	0	0	0	0	0	0	0	0	0	0	0	0	0	6081	0	0	0	0	0	0	0	0	0	0	8	0	0	0	0	0	0	0	6249	0	0	0	0	0	0	0	0	0	0	0	0	0	0	0	0	0	0	0	0	208	0	0	0	0	0	1364	0	0	0	0	0	0	0	0	0	0	0	0	0	0	0	0	0	0	0	0	0	0	0	0	0	0	0	47	0	0	0	0	0	0	7	0	0	3876	0	0	0	0	0	0	0	0	0	0	9835	0	0	0	0	0	1523	0	0
EHA04649_bin.19	0	0	0	0	0	0	0	0	0	0	0	0	0	0	0	0	0	0	0	0	0	0	0	0	0	0	0	1177	0	0	0	0	0	0	0	0	0	0	70	0	0	0	0	0	0	0	200	0	0	0	0	0	0	0	0	0	0	0	0	0	0	0	0	0	0	0	0	4303	0	0	0	0	0	777	0	0	0	0	0	0	0	0	0	0	0	0	0	0	0	0	0	0	0	0	0	0	0	0	0	0	0	199	0	0	0	0	0	0	257	0	0	1317	0	0	0	0	0	0	0	0	0	0	3343	0	0	0	0	0	12608	0	0
EHA04649_bin.20	0	1	0	0	1	0	0	0	0	0	0	0	0	0	1	0	0	6	0	0	0	0	0	0	0	0	0	13708	0	0	0	0	0	0	0	0	0	0	1456	0	0	0	0	0	0	0	2842	3	0	0	0	9	0	0	0	0	0	0	0	0	0	1	0	1	0	0	0	3020	0	0	2	0	0	49645	0	0	0	0	0	0	1	0	0	0	0	0	0	0	0	0	0	0	0	0	0	0	0	0	0	0	0	5114	0	0	0	0	0	0	3150	0	0	2693	0	0	0	0	0	0	0	0	0	0	120127	0	0	2	0	0	3216	7	0
EHA04649_bin.22	0	0	0	0	0	0	0	0	0	0	0	0	0	0	4	0	0	0	0	0	0	0	0	0	0	0	0	7250	0	0	0	0	0	0	0	0	0	0	884	0	0	0	0	0	0	0	10553	13	0	0	0	1	0	0	0	0	0	0	0	0	0	0	0	9	0	0	0	19578	0	0	0	0	0	8345	0	0	0	0	0	0	0	0	0	0	0	0	0	0	0	0	0	0	4	0	0	0	0	0	2	0	0	9219	0	0	0	0	0	0	5886	0	0	14221	0	0	0	0	0	0	0	0	0	0	19952	0	0	0	0	0	13880	4	0
EHA04649_bin.23	0	0	0	0	0	0	0	0	0	0	0	0	0	0	0	0	0	0	0	0	0	0	0	0	0	0	0	1126	0	0	0	0	0	0	0	0	0	0	0	0	0	0	0	0	0	0	3	0	0	0	0	0	0	0	0	0	0	0	0	0	0	0	0	0	0	0	0	27	0	0	0	0	0	707	0	0	0	0	0	0	0	0	0	0	0	0	0	0	0	0	0	0	0	0	0	0	0	0	0	0	0	17	0	0	0	0	0	0	0	0	0	2	0	0	0	0	0	0	0	0	0	0	4332	0	0	0	0	0	741	0	0
EHA04649_bin.24	0	0	0	0	0	0	0	0	0	0	0	0	0	0	0	0	0	0	0	0	0	0	0	0	0	0	0	12019	0	0	0	0	0	0	0	0	0	0	397	0	0	0	0	0	0	0	18643	0	0	0	0	0	0	0	0	0	0	0	0	0	0	0	0	0	0	0	0	3046	0	0	0	0	0	5080	0	0	0	0	0	0	0	0	0	0	0	0	0	0	0	0	0	0	0	0	0	0	0	0	0	0	0	4991	0	0	0	0	1	0	725	0	0	2370	0	0	0	0	0	0	0	0	1	0	9274	0	0	0	0	0	23418	0	0
EHA04649_bin.25	1	16	0	0	31	0	0	0	0	0	0	0	0	80	182	0	0	157	0	0	4	2	12	0	0	4	54	8337	0	0	1	0	0	2	0	0	0	0	6802	0	0	0	0	0	49	0	21308	5	0	0	2	8	0	0	0	0	0	0	1	2	0	5	0	151	0	0	1	14357	30	0	4	0	0	6320	0	2	0	65	0	0	24	0	2	131	5	0	0	3	0	0	0	0	57	0	0	0	0	0	110	0	0	11568	0	0	0	0	1	4	11291	0	7	47488	0	1	0	0	0	0	0	0	2	0	26972	7	0	6	4	0	23470	73	0
EHA04649_bin.26	0	0	0	0	0	0	0	0	0	0	0	0	0	2	28	0	0	0	0	0	0	0	1	0	0	0	3	71281	0	0	2	0	0	2	0	0	0	0	1789	0	0	0	0	0	0	0	9041	0	0	0	0	0	0	0	0	0	0	0	0	0	0	0	0	0	0	0	0	6494	2	0	0	0	0	11613	0	0	0	0	0	0	5	0	0	0	0	0	0	0	0	0	0	0	6	0	0	0	0	0	0	0	0	2586	0	2	0	0	0	0	1439	0	0	23701	0	1	0	0	0	0	0	0	0	0	91687	0	0	0	0	0	2412	10	0
EHA04649_bin.27	0	0	0	0	0	0	0	0	0	0	0	0	0	0	18	0	5	3	0	0	0	0	6	0	0	0	17	10969	0	0	0	0	0	3	0	0	0	0	95	0	0	0	0	3	7	1	36	6	0	0	0	21	0	0	0	0	0	0	0	0	0	0	0	0	0	0	0	38	1	0	10	0	0	5783	0	0	0	8	0	0	11	0	1	2	14	0	0	23	0	0	0	0	4	0	0	0	0	0	2	0	0	35	0	0	0	0	1	2	537	2	6	72	0	0	0	0	0	0	0	0	0	0	13700	6	0	0	0	0	465	10	0
EHA04649_bin.28	0	0	0	0	0	0	0	0	0	0	0	0	2	0	0	0	0	0	0	0	0	0	0	0	0	0	0	10631	0	0	0	0	0	0	0	0	0	0	1685	0	0	0	0	0	0	0	45963	1	0	0	0	3	0	0	0	0	0	0	0	0	0	0	0	0	0	0	0	4085	0	0	0	0	0	1241	0	0	0	0	0	0	0	0	0	2	0	0	0	0	0	0	0	0	0	0	0	0	0	0	0	0	0	9353	0	0	0	0	0	0	10385	0	0	15015	0	0	0	0	0	0	0	0	0	0	24063	0	0	0	0	0	5693	3	0
EHA04649_bin.29	0	0	0	0	0	0	0	0	0	0	0	0	0	0	0	0	0	0	0	0	0	0	0	0	0	0	0	18629	0	0	1	0	0	0	0	0	0	0	683	0	0	0	0	0	0	0	3395	0	0	0	0	0	0	0	0	0	0	0	0	0	0	0	0	0	0	0	2	6617	0	0	0	0	0	903	0	0	0	0	0	0	0	0	0	0	0	0	0	0	0	0	0	0	1	0	0	0	0	0	0	0	0	863	0	0	0	0	0	0	1286	0	0	843	0	0	0	0	0	0	0	0	0	0	25125	0	0	0	0	0	3467	0	0
EHA04649_bin.3	0	0	0	0	0	0	0	0	0	0	0	0	0	0	0	0	0	0	0	0	0	0	0	0	0	0	0	20731	0	0	0	0	0	0	0	0	0	0	163	0	0	0	0	0	0	0	307	1	0	0	0	0	0	0	0	0	0	0	0	0	0	0	0	0	0	0	0	428	0	0	0	0	0	8839	0	0	0	0	0	0	0	0	0	0	0	0	0	0	0	0	0	0	0	0	0	0	0	0	0	0	0	1078	0	0	0	0	0	0	283	0	0	343	0	0	0	0	0	0	0	0	0	0	24105	0	0	0	0	0	2867	0	0
EHA04649_bin.6	0	1	0	0	32	0	0	0	0	0	0	0	0	4	15	0	0	0	0	0	0	0	0	0	0	0	4	9201	0	0	0	0	0	0	0	0	0	0	2277	0	0	0	0	0	1	0	1679	2	0	0	0	9	0	0	0	0	0	0	0	0	0	0	0	3	0	0	0	23547	1	0	2	0	0	4052	0	0	0	5	0	0	1	0	0	8	0	0	0	0	0	0	0	0	4	0	0	0	0	0	7	0	0	122691	0	0	0	0	0	3	10793	0	0	14951	0	0	0	0	0	0	0	0	0	0	6872	0	0	0	0	0	16346	16	0
EHA04649_bin.7	0	0	0	0	1	0	0	0	0	0	0	0	0	0	0	0	0	0	0	0	0	1	1	0	0	0	0	1429	0	0	0	0	0	0	0	0	0	0	46	0	0	0	0	0	0	0	83	0	0	0	0	0	0	0	0	0	0	0	0	0	0	0	0	0	0	0	0	641	0	0	0	0	0	565	0	0	0	0	0	0	0	0	0	0	0	0	0	0	0	0	0	0	0	0	0	0	0	0	1	0	0	1428	0	0	0	0	0	0	2	0	0	206	0	0	0	0	0	0	0	0	0	0	5081	0	0	0	2	0	18945	4	0
EHA04649_bin.9	0	0	0	0	0	0	0	0	0	0	0	0	0	0	0	0	0	0	0	0	0	0	0	0	0	0	0	55902	0	0	0	0	0	0	0	0	0	0	20504	0	0	0	0	0	0	0	126021	1	0	0	0	0	0	0	0	0	0	0	0	0	0	0	0	0	0	0	0	44637	0	0	0	0	0	49064	0	0	0	0	0	0	0	0	0	0	0	0	0	0	0	0	0	0	2	0	0	0	0	0	0	0	0	106526	0	0	0	0	0	0	24509	0	0	79301	0	2	0	0	0	0	0	0	0	0	90486	0	0	0	0	0	54113	2	0
EHA04650_bin.12	0	1	0	0	0	0	0	0	0	0	0	0	0	405	1489	0	0	0	0	0	2	0	2	0	0	0	414	19606	7	0	3	0	0	0	0	0	0	0	1108	0	0	0	0	0	0	0	73918	12	0	0	9	11	0	0	0	0	0	0	0	0	0	0	0	388	0	0	0	5092	246	0	0	0	0	3887	0	0	0	362	0	0	341	0	0	596	0	0	0	11	0	0	0	0	458	0	0	0	0	0	592	0	0	2027	0	0	0	0	0	1	825	0	4	76641	0	0	0	0	0	0	0	0	0	0	45120	0	0	0	0	0	3852	12	0
EHA04650_bin.13	0	0	0	0	0	0	0	0	0	0	0	0	0	0	2	0	0	0	0	0	0	0	0	0	0	0	0	12972	0	0	0	0	0	0	0	0	0	0	44	0	0	0	0	0	0	0	40558	0	0	0	0	7	0	0	0	0	0	0	0	0	0	0	0	0	0	0	0	6991	0	0	0	0	0	5431	2	0	0	0	0	0	0	0	0	1	0	0	0	0	0	0	0	0	4	0	0	0	0	0	1	0	0	34	0	0	0	0	0	0	7	0	0	30951	0	0	0	0	0	0	0	0	0	0	21694	0	0	0	0	0	29244	0	0
EHA04650_bin.16	0	0	0	0	0	0	0	0	0	0	0	0	0	0	0	0	0	0	0	0	0	0	0	0	0	0	0	1509	0	0	0	0	0	0	0	0	0	0	21256	0	0	0	0	0	0	0	31113	0	0	0	0	0	0	0	0	0	0	0	0	0	0	0	0	0	0	0	0	19194	0	0	0	0	0	457	0	0	0	0	0	0	0	0	0	0	0	0	0	0	0	0	0	0	0	0	0	0	0	0	0	0	0	21032	0	0	0	0	0	0	7839	0	0	3502	0	0	0	0	0	0	0	0	0	0	15639	0	0	0	0	0	4846	0	0
EHA04650_bin.19	0	0	0	0	0	0	0	0	0	0	0	0	0	0	0	0	0	0	0	0	0	0	0	0	0	0	0	7409	0	0	0	0	0	0	0	0	0	0	101	0	0	0	0	0	2	0	221069	0	0	0	0	0	0	0	0	0	0	0	0	0	0	0	0	0	0	0	0	11833	0	0	0	0	0	22495	0	0	0	0	0	0	0	0	0	0	0	0	0	0	0	0	0	0	0	0	0	0	0	0	0	0	0	9012	0	0	0	0	0	0	1071	0	0	29262	0	0	0	0	0	0	0	0	0	0	9408	0	0	0	0	0	31246	0	0
EHA04650_bin.1	0	0	0	0	0	0	0	0	0	0	0	0	0	0	0	0	0	0	0	0	0	0	0	0	0	0	0	18160	0	0	0	0	0	0	0	0	0	0	658	0	0	0	0	0	0	0	255829	0	0	0	0	0	0	0	0	0	0	0	0	0	0	0	0	4	0	0	0	2073	0	0	0	0	0	3054	0	0	0	0	0	0	0	0	0	0	0	0	0	0	0	0	0	0	0	0	0	0	0	0	0	0	0	25544	0	0	0	0	0	0	879	0	0	11111	0	0	0	0	0	0	0	0	0	0	29461	0	0	0	0	0	13974	0	0
EHA04650_bin.20	0	20	0	0	0	0	0	0	0	0	0	0	0	0	0	0	0	0	0	0	0	0	0	0	0	0	0	7193	0	0	2	0	0	0	0	0	0	0	8883	0	0	0	0	0	0	0	47401	0	0	0	0	0	0	0	0	0	0	0	0	0	0	0	0	0	0	0	0	11514	0	0	0	0	0	6471	0	0	0	0	0	0	2	0	0	0	0	0	0	0	0	0	0	0	0	0	0	0	0	0	0	0	0	2277	0	0	0	0	0	0	18253	0	0	12101	0	0	0	0	0	0	0	0	0	0	4310	2	0	0	8	0	7508	4	0
EHA04650_bin.25	6	17	0	0	202	0	0	0	0	0	0	1	17	36	89	0	0	12	2	0	0	0	1	0	2	0	46	42657	0	0	2	0	0	1	2	0	0	0	2032	0	0	0	0	0	5	0	203888	2	0	0	0	7	0	2	2	0	0	2	2	0	0	0	0	35	0	0	0	29016	49	0	1	0	0	2129	0	0	0	95	0	0	30	0	0	44	10	0	0	0	2	0	0	0	48	0	0	0	2	0	66	0	0	2132	0	0	0	0	0	1	10628	0	0	112378	0	0	0	2	0	0	0	0	0	0	82053	8	2	0	2	2	81991	28	0
EHA04650_bin.29	0	0	0	0	0	0	0	0	0	0	0	0	0	0	0	0	0	0	2	0	0	0	0	0	0	0	0	19127	0	0	0	0	0	0	0	0	0	0	1174	0	0	0	0	0	0	0	280502	1	0	0	0	0	0	0	0	0	0	0	0	0	0	0	0	0	0	0	0	42464	0	0	0	0	0	11377	0	0	0	0	0	0	0	0	0	0	1	0	0	0	0	0	0	0	2	0	0	0	0	0	0	0	0	12165	0	0	0	0	0	0	3873	0	0	51847	0	0	0	0	0	0	0	0	0	0	8099	0	0	0	0	0	18807	2	0
EHA04650_bin.31	0	2	0	0	0	0	0	0	0	0	0	0	0	1	0	0	0	0	0	0	0	0	1	0	0	0	1	16990	0	0	0	0	0	0	0	0	0	0	12448	0	0	0	0	0	0	0	80369	0	0	0	0	4	0	0	0	0	0	0	0	0	0	0	0	0	0	0	0	23815	0	0	0	0	0	2713	0	0	0	0	0	0	0	0	4	0	0	0	0	0	0	0	0	0	0	0	0	0	0	0	0	0	0	9334	0	0	0	0	0	0	226	0	0	16809	0	12	0	0	0	0	0	0	0	0	16935	0	0	0	0	0	6986	8	0
EHA04650_bin.32	0	3	0	0	0	0	0	0	0	0	0	0	0	1	115	0	0	0	0	0	0	0	2	0	0	0	49	12798	0	0	0	0	0	0	0	0	0	0	1268	0	0	0	0	0	0	0	171849	0	0	0	0	4	0	0	0	0	0	0	0	0	0	0	0	11	0	0	0	48245	27	0	0	0	0	13303	0	0	0	0	0	0	3	0	0	4	0	0	0	0	0	0	0	0	11	0	0	0	0	0	0	0	0	39520	0	0	0	0	0	0	5933	0	0	72150	0	0	0	0	0	0	0	0	0	0	16245	0	0	0	0	0	6348	10	0
EHA04650_bin.34	0	3	0	1	0	0	0	0	0	0	0	0	0	0	38	0	0	0	0	0	0	0	1	0	0	0	4	10107	0	0	0	0	0	0	0	0	0	0	794	0	0	0	0	0	0	0	88723	14	0	0	0	2	0	0	0	0	0	0	0	0	0	0	0	25	0	0	0	21095	1	0	0	0	0	26637	0	0	0	6	0	0	2	0	0	7	0	0	0	0	0	0	0	0	6	0	0	0	0	0	6	0	0	18099	0	0	0	0	0	0	5703	0	0	28526	0	0	0	0	0	0	0	0	0	0	7338	0	0	0	0	0	8405	36	0
EHA04650_bin.35	0	0	0	0	9	0	0	0	0	0	0	0	0	4	0	0	0	0	0	0	0	0	0	2	0	0	0	104396	4	0	0	0	0	0	0	0	0	0	23355	0	0	0	0	0	0	0	594626	0	0	0	0	2	0	0	0	0	0	0	0	0	0	0	0	1	0	0	0	165582	0	0	0	0	0	115863	0	0	0	8	0	0	1	0	0	1	0	0	0	0	0	0	0	0	0	0	0	0	0	0	1	0	0	110998	0	0	0	0	0	0	37158	0	0	206600	0	0	0	0	0	0	0	0	0	0	70422	0	0	0	0	0	74602	4	0
EHA04650_bin.36	0	0	0	0	1	0	0	0	0	0	0	0	0	0	0	0	0	2	0	0	0	0	0	0	0	0	1	3906	0	0	0	0	0	0	0	0	0	0	897	0	0	0	0	0	0	0	169142	1	0	0	0	0	0	0	0	0	0	0	0	0	0	0	0	1	0	0	0	6689	0	0	0	0	0	605	0	0	0	0	0	0	0	0	0	0	0	0	0	0	0	0	0	0	0	0	0	0	0	0	0	0	0	5920	0	0	0	0	0	0	1372	0	0	2600	0	0	0	0	0	0	0	0	0	0	3816	0	0	0	0	0	7429	0	0
EHA04650_bin.37	0	0	0	0	0	0	0	0	0	0	0	0	0	0	0	0	0	0	0	0	0	0	0	0	0	0	0	5055	0	0	0	0	0	0	0	0	0	0	474	0	0	0	0	0	0	0	64654	0	0	0	0	0	0	0	0	0	0	0	0	0	0	0	0	0	0	0	0	2491	0	0	0	0	0	190	0	0	0	0	0	0	0	0	0	0	0	0	0	0	0	0	0	0	0	0	0	0	0	0	2	0	0	4781	0	0	0	0	0	0	13122	0	0	9740	0	0	0	0	0	0	0	0	0	0	13235	0	0	0	0	0	2850	2	0
EHA04650_bin.39	0	0	0	0	1	0	0	0	0	0	0	0	0	0	2	0	0	0	0	0	0	0	0	0	0	0	0	10671	0	0	0	0	0	0	0	0	0	0	32795	0	0	0	0	0	0	0	89513	0	0	0	0	0	0	0	0	0	0	0	0	0	0	0	0	0	0	0	0	62319	0	0	0	0	0	14615	0	0	0	0	0	0	0	0	0	0	0	0	0	0	0	0	0	0	0	0	0	0	0	0	0	0	0	8838	0	0	0	0	0	0	4002	0	0	27459	0	0	0	0	0	0	0	0	0	0	35341	0	0	0	0	0	17577	2	0
EHA04650_bin.3	0	2	0	0	0	0	0	0	0	0	0	0	0	0	0	0	0	0	0	0	0	0	0	0	0	0	0	2518	0	0	0	0	0	0	0	0	0	0	71619	0	0	0	0	0	0	0	344017	0	0	0	0	2	0	0	0	0	0	0	0	0	0	0	0	0	0	0	0	150476	0	0	0	0	0	2789	0	0	0	0	0	0	0	0	0	0	0	0	0	0	0	0	0	0	0	0	0	0	0	0	1	0	0	862	0	0	0	0	0	0	348	0	0	1077	0	0	0	0	0	0	0	0	0	0	6815	0	0	0	2	0	590660	5	0
EHA04650_bin.41	0	0	0	0	2	0	0	0	0	0	0	0	0	2	5	0	0	0	0	0	0	0	1	0	0	0	0	22946	0	0	0	0	0	0	0	0	0	0	11562	0	0	0	0	0	0	0	327754	1	0	0	0	0	0	0	0	0	0	0	0	0	0	0	0	0	0	0	0	42973	1	0	2	0	0	121172	0	0	0	2	0	0	1	0	0	6	0	0	0	0	0	0	0	0	0	0	0	0	0	0	5	0	0	113270	0	0	0	0	0	0	37254	0	0	336517	0	0	0	0	0	0	0	0	0	0	90197	0	0	0	0	0	160410	9	0
EHA04650_bin.5	0	3	0	0	0	0	0	0	0	0	0	0	0	1	21	0	0	0	0	0	0	0	0	0	0	0	5	33076	0	0	0	0	0	0	0	0	0	0	914	0	0	0	0	0	0	0	27047	1	0	0	0	0	0	0	0	0	0	0	0	0	0	0	0	1	0	0	0	2930	1	0	0	0	0	10219	0	0	0	0	0	0	3	0	0	3	0	0	0	0	0	0	0	0	7	0	0	0	0	0	1	0	0	1562	0	0	0	0	0	0	529	0	0	22185	0	0	0	0	0	0	0	0	0	0	60449	0	0	0	0	0	1959	17	0
EHA04650_bin.6	0	0	0	0	1	0	0	0	0	0	0	0	0	5	8	0	0	0	0	0	0	0	0	2	0	0	14	3589	0	0	0	0	0	0	0	0	0	0	4405	0	0	0	0	0	0	0	94710	4	0	0	0	13	0	0	0	0	0	0	0	0	0	0	0	4	0	0	2	22927	3	0	0	0	0	2547	0	0	0	1	0	0	4	0	0	2	0	0	0	0	0	0	0	0	0	0	0	0	0	0	5	0	0	10015	0	0	0	0	0	0	8973	0	0	4709	0	0	0	0	0	0	0	0	0	0	10970	0	0	0	0	0	9663	22	0
EHA04650_bin.9	1	7	0	0	0	0	0	0	0	0	0	0	0	10	168	0	0	5	0	0	2	0	13	0	0	0	44	15661	0	0	3	0	0	1	0	0	0	0	2892	0	0	0	0	0	5	0	104016	5	0	0	0	6	0	0	0	0	0	0	0	0	0	7	0	45	0	0	2	1142	17	0	3	0	0	4186	0	0	0	15	0	0	33	0	0	17	2	0	0	1	0	0	0	0	41	0	0	0	0	0	24	0	0	506	0	0	0	0	0	1	1266	0	0	9083	2	0	0	0	0	0	0	0	0	0	28165	22	0	0	2	0	5141	48	0
EHA04651_bin.11	0	0	0	0	2	0	0	0	0	0	0	0	1	0	2	0	0	0	0	0	0	0	0	0	0	0	0	12051	0	0	0	0	0	0	0	0	0	0	814	0	0	0	0	0	0	0	3548	1	0	0	0	0	1	0	0	0	0	0	0	0	0	0	0	0	0	0	0	6466	0	0	0	0	0	4133	0	0	0	0	0	0	0	0	0	0	0	0	0	0	0	0	0	0	0	0	0	0	0	0	0	0	0	2840	0	0	0	0	0	0	2536	0	0	9056	0	0	0	0	0	0	0	0	0	0	20978	0	0	0	2	0	10587	6	0
EHA04651_bin.13	0	0	0	0	0	0	0	0	0	0	0	0	0	0	1	0	0	0	0	0	0	0	0	0	0	0	0	6389	0	0	0	0	0	0	0	0	0	0	13135	0	0	0	0	0	0	0	7633	4	0	0	0	4	0	0	0	0	0	0	0	0	0	0	0	0	0	0	0	10039	0	0	0	0	0	2939	0	0	0	4	0	0	0	0	0	0	0	0	0	0	0	0	0	0	0	0	0	0	0	0	3	0	0	9136	0	0	0	0	0	0	10147	0	0	3790	0	0	0	0	0	0	0	0	0	0	7707	0	0	0	0	0	5142	1	0
EHA04651_bin.14	0	6	0	0	0	0	0	0	0	0	0	0	0	0	10	0	0	0	0	0	0	0	0	0	0	0	0	10280	1	0	0	0	0	0	0	0	0	0	3236	0	0	0	0	0	0	0	3666	0	0	0	0	1	0	0	0	0	0	0	0	0	0	0	0	6	0	0	0	30565	0	0	0	0	0	4130	0	0	0	1	0	0	0	0	0	0	0	0	0	0	0	0	0	0	7	0	0	0	0	0	2	0	0	47509	0	0	0	0	0	0	12589	0	0	23437	0	0	0	0	0	0	0	0	0	0	7463	0	0	0	0	0	24313	6	0
EHA04651_bin.17	0	2	0	0	0	0	0	0	0	0	0	0	0	4	18	0	0	0	0	0	3	0	0	0	0	0	2	3108	0	0	0	0	0	0	0	0	0	0	7726	0	0	0	0	0	0	0	132	0	0	0	2	0	0	0	0	0	0	0	0	0	0	0	0	5	0	0	0	23882	2	0	4	0	0	9643	0	0	0	0	0	0	0	0	0	2	2	0	0	0	0	0	0	0	1	0	0	0	0	0	1	0	0	3981	0	0	0	0	0	0	918	0	0	2236	0	0	0	0	0	0	0	0	0	0	13639	0	0	0	0	0	1015	2	0
EHA04651_bin.18	0	0	0	0	0	0	0	0	0	0	0	0	0	2	0	0	0	0	0	0	0	0	1	0	0	0	0	7936	0	0	0	0	0	0	0	0	0	0	88398	0	0	0	0	0	0	0	29530	0	0	0	0	3	0	0	0	0	0	0	0	0	0	1	0	0	0	0	0	40573	0	0	0	0	0	671	0	0	0	0	0	0	0	0	0	0	0	0	0	0	0	0	0	0	0	0	0	0	0	0	0	0	0	35959	0	0	0	0	0	0	21279	0	0	9077	0	0	0	0	0	0	0	0	0	2	75263	2	0	0	0	0	8582	2	0
EHA04651_bin.21	0	0	0	0	0	0	0	0	0	0	0	0	0	0	0	0	0	0	0	0	0	0	0	0	0	0	0	15965	0	0	0	0	0	0	0	0	0	0	169856	0	0	0	0	0	0	0	21	0	0	0	0	0	0	0	0	0	0	0	0	0	0	0	0	0	0	0	0	111211	0	0	0	0	0	156	0	0	0	0	0	0	0	0	0	0	0	0	0	0	0	0	0	0	0	0	0	0	0	0	0	0	0	10093	0	0	0	0	0	0	1538	0	0	2354	0	0	0	0	0	0	0	0	0	0	6085	0	0	0	0	0	45675	0	0
EHA04651_bin.24	0	0	0	0	0	2	0	0	0	0	0	2	0	0	0	0	0	0	8	0	3	0	0	0	0	0	0	167066	0	0	0	0	0	0	0	4	0	1	441439	0	0	0	0	0	0	0	46847	0	0	0	0	0	0	0	0	0	4	2	0	0	0	0	0	0	0	0	0	16	0	0	0	0	0	339	5	0	0	0	1	0	0	0	0	0	0	0	0	0	0	0	0	1	0	0	0	0	2	0	0	0	0	21	0	0	0	0	0	0	88307	0	0	16527	0	0	0	0	0	0	0	0	0	0	327	0	0	0	0	0	14	0	0
EHA04651_bin.26	0	2	0	0	4	0	0	0	0	0	0	0	0	0	3	0	0	0	0	0	0	0	0	0	0	0	0	3458	0	0	0	0	0	0	0	0	0	0	153	0	0	0	0	0	0	0	983	1	0	0	0	0	0	0	0	0	0	0	0	0	0	0	0	1	0	0	0	12592	2	0	0	0	0	95	0	0	0	1	0	0	3	0	0	1	0	0	0	0	0	0	0	0	0	0	0	0	0	0	8	0	0	1563	0	0	0	0	0	0	363	0	0	210	0	0	0	0	0	0	0	0	0	0	3167	0	0	0	0	0	2958	7	0
EHA04651_bin.28	0	0	0	0	0	0	0	0	0	0	0	0	0	0	1	0	0	0	0	0	0	0	0	0	0	0	0	34420	0	0	0	0	0	0	0	0	0	0	2701	0	0	0	0	0	0	0	23394	0	0	0	0	0	0	0	0	0	0	0	0	0	0	0	0	0	0	0	0	41556	1	0	0	0	0	71663	0	0	0	0	0	0	0	0	0	0	0	0	0	0	0	0	0	0	0	0	0	0	0	0	0	0	0	54859	0	0	0	0	0	0	16534	0	0	41708	0	0	0	0	0	0	0	0	0	0	64580	0	0	0	0	0	51199	6	0
EHA04651_bin.2	0	0	0	0	0	0	0	0	0	0	0	0	0	0	0	0	0	0	0	0	0	0	1	0	0	0	0	12103	0	0	0	0	0	0	0	0	0	0	20815	0	0	0	0	0	0	0	10406	0	0	0	0	0	0	0	0	0	0	0	0	0	0	0	0	0	0	0	0	9078	0	0	0	0	0	4481	0	0	0	0	0	0	0	0	0	0	0	0	0	0	0	0	0	0	0	0	0	0	0	0	2	0	0	5387	0	0	0	0	0	0	22711	0	0	3148	0	0	0	0	0	0	0	0	0	0	3306	0	0	0	0	0	4079	4	0
EHA04651_bin.31	0	0	0	0	0	0	0	0	0	0	0	0	0	1	3	0	0	0	0	0	0	0	0	0	0	0	0	42224	2	0	0	0	0	0	0	0	0	0	13159	0	0	0	0	0	0	0	27524	0	0	0	0	2	0	0	0	0	0	0	0	0	0	0	0	0	0	0	0	70946	0	0	0	0	0	34976	0	0	0	1	0	0	0	0	0	3	0	0	0	0	0	0	0	0	1	0	0	0	0	0	1	0	0	111040	0	0	0	0	0	0	29408	0	0	29189	0	0	0	0	0	0	0	0	0	0	32776	0	0	0	0	0	57276	4	0
EHA04651_bin.34	0	0	0	0	0	0	0	0	0	0	0	0	0	0	0	0	0	0	0	0	0	0	1	0	0	0	0	1533	0	0	0	0	0	0	0	0	0	0	0	0	0	0	0	0	0	0	426	0	0	0	0	0	0	0	0	0	0	0	0	0	0	0	0	0	0	0	0	2071	0	0	0	0	0	720	0	0	0	0	0	0	0	0	0	0	0	0	0	0	0	0	0	0	0	0	0	0	0	0	0	0	0	1905	0	0	0	0	0	0	5068	0	0	161	0	0	0	0	0	0	0	0	0	0	3023	0	0	0	0	0	3356	0	0
EHA04651_bin.4	0	234	0	0	0	0	0	0	0	0	0	0	0	0	0	0	0	0	0	0	0	0	1	0	0	0	0	39218	0	0	0	0	0	0	0	0	0	0	0	0	0	0	0	0	0	0	0	0	0	0	0	42	0	0	0	0	0	0	4	0	0	0	2	0	0	0	0	2	0	0	7	0	0	0	0	0	0	0	0	0	0	0	0	0	0	0	0	0	0	0	0	0	0	0	0	0	0	0	0	0	0	0	0	0	0	0	0	0	0	0	0	0	0	0	0	0	0	0	0	0	0	0	2	0	0	0	0	0	8	31	0
EHA04651_bin.5	0	2	0	0	0	0	0	0	0	0	0	0	2	30	91	0	0	0	0	0	3	0	1	0	0	0	33	138829	0	0	0	0	0	0	0	0	0	0	255287	0	0	0	0	0	0	0	107727	20	0	0	0	6	0	0	0	0	0	0	0	0	0	0	0	4	0	0	0	173283	20	0	0	0	0	1214	0	0	0	53	0	0	11	0	0	29	3	0	0	4	0	0	0	0	50	0	0	0	0	0	54	0	0	276079	0	0	0	0	0	0	376412	0	2	41639	0	0	0	0	0	0	0	0	0	0	74398	3	0	0	0	0	78522	4	0
EHA04651_bin.6	0	0	0	0	0	0	0	0	0	0	0	0	0	0	0	0	0	0	0	0	0	0	0	0	0	0	0	26315	0	0	0	0	0	0	0	0	0	0	304066	0	0	0	0	0	0	0	399	1	0	0	0	12	0	0	0	0	0	0	0	0	0	0	0	0	0	0	0	2614	0	0	0	0	0	671	0	0	0	0	0	0	0	0	0	0	0	0	0	0	0	0	0	0	0	0	0	0	0	0	0	0	0	1379	0	0	0	0	0	0	7443	0	0	465	0	0	0	0	0	0	0	0	0	0	954	0	0	0	0	0	1730	0	0
EHA04651_bin.8	2	0	0	0	0	0	0	0	0	0	0	0	0	1	4	0	0	2	0	0	0	0	23	0	0	0	4	8665	0	0	0	0	0	0	0	0	0	0	6	2	0	0	0	1	0	0	20	0	0	0	0	4	0	0	0	0	0	0	1	0	0	0	0	0	0	0	2	2510	1	0	2	0	0	656	0	0	0	2	0	0	10	0	2325	0	0	0	0	0	0	0	0	0	2	0	0	0	0	0	0	0	0	147	0	0	0	0	0	1	4	0	2	34	0	2392	0	2	0	0	0	0	0	0	16274	0	0	0	0	0	5898	4	0
EHA04652_bin.10	0	0	0	0	0	0	0	0	0	0	0	0	0	0	0	0	0	0	0	0	0	0	0	0	0	0	0	5415	0	0	0	0	0	0	0	0	0	0	4244	0	0	0	0	0	0	0	1452	0	0	0	0	0	0	0	0	0	0	0	0	0	0	0	0	0	0	0	0	44255	0	0	0	0	0	340	0	0	0	0	0	0	0	0	0	0	0	0	0	0	0	0	0	0	0	0	0	0	0	0	0	0	0	39825	0	0	0	0	0	0	3221	0	0	1707	0	0	0	0	0	0	0	0	0	0	12841	0	0	2	0	0	24530	0	0
EHA04652_bin.11	0	0	0	0	0	0	0	0	0	0	0	0	0	0	0	0	0	0	0	0	0	0	0	0	0	0	0	1034	0	0	0	0	0	0	0	0	0	0	172	0	0	0	0	0	0	0	4311	0	0	0	0	0	0	0	0	0	0	0	0	0	0	0	0	0	0	0	0	6050	0	0	0	0	0	497	0	0	0	0	0	0	0	0	0	0	0	0	0	0	0	0	0	0	0	0	0	0	0	0	0	0	0	2901	0	0	0	0	0	0	6921	0	0	1657	0	0	0	0	0	0	0	0	0	0	3332	0	0	0	0	0	2734	0	0
EHA04652_bin.14	0	1	0	0	0	0	0	0	0	0	0	0	0	1	2	0	0	0	0	0	0	0	0	0	0	0	0	14773	0	0	1	0	0	0	0	0	0	0	2475	0	0	0	0	0	0	0	2240	0	0	0	0	1	0	0	0	0	0	0	0	0	0	0	0	0	0	0	0	36167	0	0	0	0	0	8577	0	0	0	0	0	0	0	0	0	0	0	0	0	0	0	0	0	0	0	0	0	0	0	0	0	0	0	5071	0	0	0	0	0	0	2619	0	0	58241	0	0	0	0	0	0	0	0	0	0	7436	0	0	0	0	0	7552	0	0
EHA04652_bin.16	0	0	0	0	0	0	0	0	0	0	0	0	0	0	0	0	0	0	0	0	0	0	0	0	0	0	0	10152	0	0	0	0	0	0	0	0	0	0	1468	0	0	0	0	0	0	0	1493	1	0	0	0	6	0	0	0	0	0	0	0	0	0	0	0	0	0	0	0	21843	0	0	0	0	0	31793	0	0	0	0	0	0	0	0	0	0	0	0	0	0	0	0	0	0	0	0	0	0	0	0	0	0	0	9247	0	0	0	0	0	0	3283	0	0	15683	0	0	0	0	0	0	0	0	0	0	2840	0	0	0	0	0	2519	0	0
EHA04652_bin.19	0	0	0	0	0	0	0	0	0	0	0	0	0	0	0	0	0	0	0	0	0	0	0	0	0	0	0	2620	0	0	0	0	0	0	0	0	0	0	4985	0	0	0	0	0	0	0	7926	0	0	0	0	0	0	0	0	0	0	0	0	0	0	0	0	0	0	0	0	19793	0	0	0	0	0	10576	0	0	0	0	0	0	0	0	0	0	0	0	0	0	0	0	0	0	0	0	0	0	0	0	1	0	0	18854	0	0	0	0	0	0	5242	0	0	3510	0	0	0	0	0	0	0	0	0	0	15269	0	0	0	0	0	28402	2	0
EHA04652_bin.20	0	6	0	0	2	0	0	0	0	0	0	0	0	7	36	0	0	0	0	0	1	0	0	0	0	0	9	8335	0	0	0	0	0	0	0	0	0	0	385	2	0	0	0	0	0	0	5732	20	0	0	0	1	0	0	0	0	0	0	0	0	0	0	0	33	0	0	0	107618	6	0	0	0	0	14458	0	0	0	13	0	0	6	0	0	7	0	0	0	0	0	0	0	0	2	0	0	0	0	0	13	0	0	17016	0	0	0	0	0	0	37294	0	0	7694	0	0	0	0	0	0	0	0	0	0	14713	0	0	2	0	0	23251	57	0
EHA04652_bin.22	0	0	0	0	0	0	0	0	0	0	0	0	0	0	23	0	0	0	0	0	0	0	0	0	0	0	0	20490	0	0	0	0	0	0	0	0	0	0	700	0	0	0	0	2	0	0	1265	5	0	0	0	6	0	0	0	0	0	0	0	0	0	1	0	0	0	0	0	45467	0	0	0	0	0	849	0	0	0	0	0	0	0	0	0	7	1	0	0	0	0	0	0	0	23	0	0	0	0	0	3	0	0	389	0	0	0	0	0	0	80	0	0	2111	0	0	0	0	0	0	0	0	0	0	18288	0	0	2	2	0	60753	5	0
EHA04652_bin.23	0	2	0	0	0	0	0	0	0	0	0	0	1	1	11	0	0	0	0	0	0	0	0	0	0	0	0	11532	0	0	0	0	0	0	0	0	0	0	800	0	0	0	0	0	0	0	25086	1	0	0	0	13	0	0	0	0	0	0	0	0	0	0	0	0	0	0	0	24654	2	0	0	0	0	3713	0	0	0	1	0	0	0	0	0	6	0	0	0	1	0	0	0	0	23	0	0	0	0	0	3	0	0	278	0	0	0	0	0	0	43	0	0	12856	0	0	0	0	0	0	0	0	0	0	6117	0	0	1	0	0	11086	4	0
EHA04652_bin.27	0	0	0	0	0	0	0	0	0	0	0	0	0	0	10	0	0	0	0	0	0	0	0	0	0	0	4	635	0	0	0	0	0	0	0	0	0	0	836	0	0	0	0	0	0	0	50615	0	0	0	2	0	0	0	0	0	0	0	0	0	0	0	0	5	0	0	0	36901	0	0	0	0	0	808	0	0	0	0	0	0	0	0	0	0	0	0	0	0	0	0	0	0	0	0	0	0	0	0	15	0	0	105151	0	0	0	0	0	0	19170	0	0	9005	0	0	0	0	0	0	0	0	0	0	6846	0	0	0	0	0	57985	0	0
EHA04652_bin.28	0	0	0	0	0	0	0	0	0	0	0	0	0	0	0	0	0	0	0	0	0	0	0	0	0	0	0	12147	0	0	0	0	0	0	0	0	0	0	3918	0	0	0	0	0	0	0	2570	0	0	0	0	0	0	0	0	0	0	0	0	0	0	0	0	0	0	0	0	57531	0	0	0	0	0	7793	0	0	0	0	0	0	0	0	0	0	0	0	0	0	0	0	0	0	0	0	0	0	0	0	0	0	0	8499	0	0	0	0	0	0	2667	0	0	2194	0	0	0	0	0	0	0	0	0	0	10605	0	0	0	0	0	34387	0	0
EHA04652_bin.29	0	3	0	0	0	0	0	0	0	0	0	0	0	1	9	0	0	0	0	0	0	0	1	0	0	0	0	9279	0	0	0	0	0	0	0	0	0	0	460	0	0	0	0	0	0	0	39799	1	0	0	0	4	0	0	0	0	0	0	0	0	0	0	0	11	0	0	0	20021	1	0	1	0	0	30810	0	0	0	1	0	0	0	0	0	2	0	0	0	0	0	0	0	0	0	0	0	0	0	0	7	0	0	17014	0	0	0	0	0	0	3205	0	0	19164	0	0	0	0	0	0	0	0	0	0	10566	0	0	0	0	0	7752	20	0
EHA04652_bin.2	0	0	0	0	0	0	0	0	0	0	0	0	0	0	0	0	0	0	0	0	0	0	0	0	0	0	0	2964	0	0	0	0	0	0	0	0	0	0	846	0	0	0	0	0	0	0	1778	0	0	0	0	2	0	0	0	0	0	0	0	0	0	0	0	0	0	0	0	24420	0	0	0	0	0	1768	0	0	0	0	0	0	1	0	0	0	0	0	0	0	0	0	0	0	2	0	0	0	0	0	0	0	0	20286	0	0	0	0	0	0	3591	0	0	10273	0	0	0	0	0	0	0	0	0	0	2370	0	0	0	0	0	13183	0	0
EHA04652_bin.30	0	0	0	0	0	0	0	0	0	0	0	0	0	0	0	0	0	0	0	0	0	0	0	0	0	0	0	8862	0	0	0	0	0	0	0	0	0	0	1364	0	0	0	0	0	0	0	10459	0	0	0	0	0	0	0	0	0	0	0	0	0	0	0	0	0	0	0	0	21683	0	0	0	0	0	17144	0	0	0	0	0	0	0	0	0	0	0	0	0	0	0	0	0	0	0	0	0	0	0	0	0	0	0	5796	0	0	0	0	0	0	2667	0	0	5360	0	0	0	0	0	0	0	0	0	0	4133	0	0	0	0	0	12203	2	0
EHA04652_bin.31	4	2	0	0	0	4	8	6	3	0	0	0	0	0	62	2	0	0	12	4	0	0	0	4	6	0	11	16598	2	0	2	14	0	4	2	4	0	40	13913	0	16	4	6	0	0	0	12896	1	0	0	2	16	0	2	9	3	5	0	0	0	0	0	8	0	2	0	19	54350	0	7	4	10	0	9220	13	0	0	27	2	0	17	0	0	11	0	0	18	0	6	0	0	2	25	10	0	0	4	0	73	0	4	28016	0	0	0	5	0	0	20797	0	0	12432	10	0	0	0	0	2	4	6	0	0	19144	2	1	4	0	2	61989	6	6
EHA04652_bin.32	0	5	0	0	0	0	0	0	0	0	0	0	0	0	16	0	0	0	0	0	0	0	6	0	0	0	9	3619	0	0	1	0	0	0	0	0	0	0	2895	0	0	0	0	0	0	0	4601	0	0	0	0	0	0	0	0	0	0	0	0	0	4	0	0	1	0	0	2	180489	0	0	0	0	0	897	0	0	0	0	0	0	0	0	0	2	0	0	0	0	0	0	0	0	13	0	0	0	0	0	1	0	0	8421	0	0	0	0	0	0	2985	0	3	3677	0	0	0	0	0	0	0	0	0	0	4543	0	0	0	0	0	12404	12	0
EHA04652_bin.33	0	41	0	0	5	0	0	0	0	0	0	0	0	2	5	0	0	0	0	0	0	0	1	0	0	0	0	82083	0	0	0	0	0	3	0	0	0	0	69876	0	0	0	0	0	0	0	202326	8	0	0	2	6	0	0	0	0	0	0	0	0	0	0	0	4	0	0	0	272126	0	0	0	0	0	94123	0	0	0	0	0	0	0	0	0	0	0	0	0	0	0	0	0	0	2	0	0	0	0	0	9	0	0	139321	0	0	0	0	0	0	159777	0	0	191495	0	4	0	0	0	0	0	0	0	0	124768	0	0	2	0	0	137859	83	0
EHA04652_bin.3	0	4	0	0	0	0	0	0	0	0	0	0	0	0	1	0	0	0	0	0	0	0	0	0	0	0	1	8391	0	0	0	0	0	0	0	0	0	0	16533	0	0	0	0	0	0	0	37595	2	0	0	0	9	0	0	0	0	0	0	0	0	0	0	0	2	0	0	0	43538	0	0	0	0	0	8250	0	0	0	0	0	0	0	0	0	3	0	0	0	0	0	0	0	0	3	0	0	0	0	0	2	0	0	25041	0	0	0	0	0	0	12719	0	0	25472	0	0	0	0	0	0	0	0	0	0	14166	0	0	0	0	0	26321	5	0
EHA04652_bin.4	0	0	0	0	0	0	0	0	0	0	0	0	0	0	2	0	0	0	0	0	0	0	0	0	0	0	0	1522	0	0	0	0	0	0	0	0	0	0	29959	0	0	0	0	0	0	0	40011	0	0	0	0	2	0	0	0	0	0	0	0	0	0	0	0	0	0	0	0	127593	0	0	0	0	0	1241	0	0	0	0	0	0	0	0	0	0	0	0	0	0	0	0	0	0	0	0	0	0	0	0	0	0	0	82829	0	0	0	0	0	0	59003	0	0	8279	0	0	0	0	0	0	0	0	0	0	1385	0	0	0	0	0	43725	0	0
EHA04652_bin.7	0	1	0	0	0	0	0	0	0	0	0	0	0	0	0	0	0	0	0	0	0	0	0	0	0	0	0	7081	0	0	0	0	0	0	0	0	0	0	118	0	0	0	0	0	0	0	239	0	0	0	0	0	0	0	0	0	0	0	0	0	0	0	0	0	0	0	0	13562	0	0	0	0	0	2183	0	0	0	0	0	0	0	0	0	1	0	0	0	0	0	0	0	0	0	0	0	0	0	0	0	0	0	10297	0	0	0	0	0	0	337	0	0	180	0	0	0	0	0	0	0	0	0	0	3114	0	0	0	0	0	11315	0	0
EHA04653_bin.11	0	2	0	0	2	0	0	0	0	0	0	0	0	4	3	0	0	0	0	0	0	0	4	0	0	0	0	2553	0	0	0	0	0	0	0	0	0	0	2294	0	0	0	0	0	0	0	298290	0	0	0	0	4	0	0	0	0	0	0	0	0	0	0	0	5	0	0	0	41169	0	0	0	0	0	2864	0	0	0	6	0	0	1	0	0	9	3	0	0	0	0	0	0	0	3	0	0	0	0	0	16	0	0	8831	0	0	0	0	0	0	101951	0	0	34112	0	0	0	0	0	0	0	0	0	0	22126	0	0	0	0	0	20298	1	0
EHA04653_bin.12	0	15	0	1	0	0	0	0	0	0	0	0	0	14	69	0	0	0	2	0	0	0	11	0	0	0	16	3067	0	0	1	0	0	0	0	0	0	0	2664	0	0	0	0	0	0	0	9722	7	0	0	0	6	0	0	0	0	0	0	0	0	0	0	0	104	0	0	0	5840	10	0	0	0	0	34488	0	0	0	5	0	0	8	0	0	19	0	0	0	0	0	0	0	0	12	0	0	0	0	0	10	0	0	4821	0	0	0	0	0	0	7235	0	0	15514	0	0	0	0	0	0	0	0	0	0	39823	0	0	0	7	0	7043	115	0
EHA04653_bin.13	0	0	0	0	0	0	0	0	0	0	0	0	0	0	2	0	0	0	0	0	3	2	4	0	0	0	0	2329	0	0	0	0	0	0	0	0	0	0	2157	0	0	0	0	0	0	0	27576	0	0	0	0	0	0	0	0	0	0	0	2	0	0	8	0	0	0	0	0	8246	0	0	0	0	0	3141	0	0	0	0	0	0	0	0	0	3	0	0	0	1	0	0	0	0	3	0	0	0	0	0	0	0	0	9329	0	0	0	0	0	2	12442	0	4	46842	0	0	0	0	0	0	0	0	0	0	10680	0	0	0	0	0	3382	6	0
EHA04653_bin.18	0	0	0	0	2	0	0	0	0	0	0	0	0	0	4	0	0	0	0	0	0	0	0	0	0	0	0	16087	0	0	0	0	0	0	0	0	0	0	5525	0	0	0	0	0	0	0	13787	0	0	0	2	2	0	0	0	0	0	0	0	0	0	0	0	0	0	0	0	21910	0	0	0	0	0	29713	0	0	0	4	0	0	3	0	0	0	0	0	0	0	0	0	0	0	0	0	0	0	0	0	0	0	0	14888	0	0	0	0	0	0	5747	0	0	39363	0	0	0	0	0	0	0	0	0	0	24823	0	0	0	0	0	4987	12	0
EHA04653_bin.1	0	0	0	0	0	0	0	0	0	0	0	0	0	0	0	0	0	0	0	0	0	0	0	0	0	0	0	1598	0	0	0	0	0	0	0	0	0	0	1808	0	0	0	0	0	0	0	11063	0	0	0	0	0	0	0	0	0	0	0	0	0	0	0	0	0	0	0	0	1487	0	0	0	0	0	1382	0	0	0	0	0	0	0	0	0	0	0	0	0	0	0	0	0	0	0	0	0	0	0	0	0	0	0	7061	0	0	0	0	0	0	15464	0	0	1449	0	0	0	0	0	0	0	0	0	0	2727	0	0	0	0	0	4273	0	0
EHA04653_bin.20	0	0	0	0	1	0	0	0	0	0	0	0	0	0	0	0	0	0	0	0	0	0	0	0	0	0	0	15799	0	0	0	0	0	0	0	0	0	0	5516	0	0	0	0	0	0	0	67793	1	0	0	0	0	0	0	0	0	0	0	0	0	0	0	0	0	0	0	0	78286	0	0	0	0	0	41081	0	0	0	0	0	0	0	2	0	0	0	0	0	0	0	0	0	0	0	0	0	0	0	0	0	0	0	18576	0	0	0	0	0	0	10766	0	0	107156	0	0	0	0	0	0	0	0	0	0	113089	0	0	0	0	0	304737	0	0
EHA04653_bin.21	0	1	0	0	0	0	0	0	0	0	0	0	0	0	0	0	0	0	0	0	0	0	0	0	0	0	0	5142	0	0	0	0	0	0	0	0	0	0	1629	0	0	0	0	0	0	0	147296	0	0	0	0	2	0	0	0	0	0	0	0	0	0	0	0	0	0	0	0	58245	0	0	0	0	0	4280	0	0	0	0	0	0	0	0	0	1	0	0	0	0	0	0	0	0	0	0	0	0	0	0	0	0	0	7916	0	0	0	0	0	0	2845	0	0	14628	0	1	0	0	0	0	0	0	0	0	34879	0	0	0	0	0	99698	0	0
EHA04653_bin.22	0	0	0	0	8	0	0	0	0	0	0	0	2	2	14	0	0	1	2	0	2	0	5	0	0	0	2	4805	0	0	0	0	0	0	0	0	0	0	4858	0	0	0	0	0	1	0	6632	0	0	0	0	6	0	0	0	0	0	0	2	0	0	1	0	1	0	0	0	60327	1	0	1	0	0	74499	0	0	0	6	0	0	6	0	0	2	0	4	0	0	0	0	0	0	2	0	0	0	0	0	6	0	0	5160	0	0	0	0	0	7	7716	0	0	1779	0	0	0	0	0	0	0	0	0	0	9443	3	0	0	0	0	5903	8	0
EHA04653_bin.25	0	3	0	0	1	0	0	0	0	0	0	0	0	4	2	0	0	0	0	0	2	0	0	0	0	0	0	17310	0	0	0	0	0	0	0	0	0	0	57074	0	0	0	0	0	2	0	63104	0	0	0	0	8	0	0	0	0	0	0	0	0	0	0	0	0	0	0	0	66460	0	0	1	0	0	34849	0	0	0	1	0	0	0	0	0	1	0	0	0	0	0	0	0	0	2	0	0	0	0	0	1	0	0	57672	0	0	0	0	0	0	186689	0	0	46940	0	0	0	0	0	0	0	0	0	0	23077	0	0	0	0	0	55446	8	0
EHA04653_bin.26	0	0	0	0	0	0	0	0	0	0	0	0	1	0	0	0	0	0	0	0	0	0	0	0	0	0	0	6162	0	0	0	0	0	0	0	0	0	0	863	0	0	0	0	0	0	0	256	0	0	0	0	0	0	0	0	0	0	0	0	0	0	0	0	0	0	0	0	580	0	0	0	0	0	784	0	0	0	0	0	0	0	0	0	0	0	0	0	0	0	0	0	0	0	0	0	0	0	0	0	0	0	2211	0	0	0	0	0	0	143	0	0	293	0	0	0	0	0	0	0	0	0	0	4982	0	0	0	0	0	18621	0	0
EHA04653_bin.27	15	53	10	10	11	0	0	0	0	0	2	0	13	156	691	0	4	532	10	0	9	2	261	23	0	8	188	4424	21	0	45	0	0	38	0	0	0	0	6481	6	0	0	0	8	180	1	5107	42	0	0	5	16	0	0	0	0	0	2	6	1	10	21	0	502	0	0	18	13496	52	0	20	0	0	2613	6	0	0	117	0	0	97	0	1	128	12	6	0	5	0	0	0	0	260	0	0	1	0	0	215	0	0	3919	0	17	0	0	4	54	6100	1	5	3995	0	0	0	0	0	0	0	0	0	0	3234	19	0	3	32	0	4690	305	0
EHA04653_bin.29	0	8	0	8	0	0	0	0	0	0	0	0	0	0	2	0	0	0	0	0	0	0	0	0	0	0	0	16983	0	0	0	0	0	0	0	0	0	0	10387	0	0	0	0	0	0	0	29638	7	0	0	0	5	0	0	0	0	0	0	0	0	0	0	0	0	0	0	0	12686	0	0	0	0	0	10561	0	0	0	4	0	0	0	0	0	1	0	0	0	0	0	0	0	0	0	0	0	0	0	0	4	0	0	13003	0	0	0	0	0	0	13211	0	0	9802	0	0	0	0	0	0	0	0	0	0	18341	0	0	0	0	0	21067	14	0
EHA04653_bin.4	0	0	0	0	0	0	0	0	0	0	0	0	0	0	0	0	0	0	0	0	0	0	0	0	0	0	0	12447	0	0	0	0	0	0	0	0	0	0	1047	0	0	0	0	0	0	0	1597	2	0	0	0	4	0	0	0	0	0	0	0	0	0	0	0	0	0	0	0	19876	0	0	0	0	0	5162	0	0	0	0	0	0	0	0	0	0	0	0	0	0	0	0	0	0	0	0	0	0	0	0	0	0	0	5467	0	0	0	0	0	0	2786	0	0	884	0	0	0	0	0	0	0	0	0	0	5426	0	0	0	0	0	8991	0	0
EHA04653_bin.5	0	3	0	0	29	0	0	0	0	0	0	0	0	55	77	0	2	34	0	0	1	0	4	2	0	0	22	6104	0	0	2	0	0	1	0	0	0	0	35252	0	0	0	0	0	45	0	7004	8	0	0	0	4	0	0	0	0	0	0	2	0	0	1	0	41	0	0	0	8933	21	0	4	0	0	2340	0	0	0	43	0	0	14	0	0	59	1	0	0	0	0	0	0	0	19	0	0	0	0	0	65	0	2	18644	0	5	0	0	0	1	220813	0	3	17327	0	4	0	0	0	0	0	0	0	0	4979	2	0	0	2	0	8327	35	0
EHA04653_bin.7	0	4	0	0	2	0	0	0	0	0	0	0	0	2	21	0	0	0	0	0	0	0	1	0	0	0	1	8617	0	0	0	0	0	0	0	0	0	0	799	0	0	0	0	0	0	0	11411	15	0	0	0	2	0	0	0	0	0	0	0	0	0	0	0	25	0	0	0	15243	0	0	0	0	0	11596	0	0	0	1	0	0	1	0	0	0	0	0	0	0	0	0	0	0	3	0	0	0	0	0	1	0	0	7713	0	0	0	0	0	0	16380	0	0	16703	0	0	0	0	0	0	0	0	0	0	12522	0	0	0	0	0	18382	20	0
EHA04654_bin.11	0	3	0	0	0	0	0	0	0	0	0	0	0	1	65	2	5	94	0	0	3	0	214	0	0	0	0	17894	0	0	0	0	0	0	0	0	0	0	122	2	0	0	0	0	32	1	1321	4	0	0	6	9	0	0	0	0	0	0	2	1	0	2	0	3	0	0	2	35210	17	0	10	0	0	2476	0	0	0	4	0	0	1	0	0	41	2	0	0	1	0	0	0	0	144	0	0	0	0	0	53	0	0	466	0	1	0	0	0	4	21799	0	5	1546	0	0	0	0	0	0	0	0	0	0	4329	120	0	0	5	0	19902	80	0
EHA04654_bin.14	0	0	0	0	0	0	0	0	0	0	0	0	0	1	0	0	0	0	0	0	2	0	0	0	0	0	0	80747	2	0	0	0	0	0	0	0	0	0	161738	0	0	0	0	0	0	0	154707	18	0	0	0	6	0	0	0	0	0	0	0	0	0	0	0	2	0	0	0	189175	0	0	1	0	0	3	0	0	0	0	0	0	0	0	0	1	0	0	0	0	0	0	0	0	0	0	0	0	0	0	0	0	0	395418	0	0	0	0	0	0	4	0	0	363941	0	0	0	0	0	0	0	0	0	0	69351	0	0	0	0	0	72485	0	0
EHA04654_bin.17	0	0	0	0	0	0	0	0	0	0	0	0	0	0	0	0	0	0	0	0	0	0	0	0	0	0	0	3047	0	0	0	0	0	0	0	0	0	0	484	0	0	0	0	0	0	0	561	0	0	0	0	0	0	0	0	0	0	0	0	0	0	0	0	0	0	0	0	991	0	0	0	0	0	516	0	0	0	0	0	0	0	0	0	0	0	0	0	0	0	0	0	0	0	0	0	0	0	0	0	0	0	2939	0	0	0	0	0	0	903	0	0	897	0	0	0	0	0	0	0	0	0	0	1160	0	0	0	0	0	1989	0	0
EHA04654_bin.19	0	0	0	0	5	0	0	0	0	0	0	0	0	0	2	0	0	0	0	0	0	0	0	0	0	0	0	16605	0	0	0	0	0	0	0	0	0	0	833	0	0	0	0	0	0	0	1779	0	0	0	0	2	0	0	0	0	0	0	0	0	0	0	0	0	0	0	0	33674	2	0	0	0	0	5663	4	0	0	0	0	0	9	0	0	0	0	0	0	0	0	0	0	0	0	0	0	0	0	0	7	0	0	22064	0	0	0	0	0	0	3008	0	2	3806	0	0	0	0	0	0	0	0	0	0	6574	0	0	0	0	0	39867	0	0
EHA04654_bin.21	1	15	0	0	11	5	0	0	0	0	0	0	0	16	69	0	3	15	4	0	0	2	27	4	0	0	11	24820	0	0	15	1	0	0	2	0	0	0	1746	16	0	0	0	0	6	0	12278	1	0	0	0	2	0	0	0	0	0	0	0	9	0	40	0	58	0	2	0	89073	10	0	2	0	0	11470	39	0	0	17	0	0	4	0	0	13	3	0	0	0	0	0	0	0	13	0	0	0	0	0	20	0	0	10838	0	0	0	0	0	2	11478	0	0	22850	0	0	0	0	0	0	0	0	0	0	9421	21	0	0	12	0	11260	12	0
EHA04654_bin.23	0	0	0	0	0	0	0	0	0	0	0	0	0	0	0	0	0	0	0	0	0	0	0	0	0	0	0	18826	0	0	0	0	0	0	0	0	0	0	12936	0	0	0	0	0	0	0	3473	0	0	0	0	0	1	0	0	0	0	0	0	0	0	0	0	0	0	0	0	18826	0	0	1	0	0	2822	0	0	0	0	0	0	0	0	0	0	0	0	0	0	0	0	0	0	0	0	0	0	0	0	0	0	0	10122	0	0	0	0	0	0	12150	0	0	3359	0	0	0	0	0	0	0	0	3	0	13739	0	0	0	0	0	21147	0	0
EHA04654_bin.25	0	0	0	0	0	0	0	0	0	0	0	0	0	0	5	0	0	0	0	0	0	1	0	0	0	0	1	2679	0	0	0	0	0	0	0	0	0	0	7095	0	0	0	0	0	0	0	180	0	0	0	0	0	0	0	0	0	0	0	0	0	0	0	0	1	0	0	0	97956	1	0	0	0	0	8230	0	0	0	1	0	0	0	0	0	0	0	0	0	0	0	0	0	0	0	0	0	0	0	0	1	0	0	3324	0	0	0	0	0	0	758	0	0	2244	0	0	0	0	0	0	0	0	1	0	13527	0	4	0	2	0	2708	2	0
EHA04654_bin.26	0	8	3	0	16	0	0	0	0	0	0	0	38	3	1	0	0	250	0	0	6	0	80	14	0	43	1	1471	1	0	4	0	0	3	0	0	0	0	7562	3	0	0	0	7	62	0	1818	1	0	0	6	24	0	0	0	0	0	0	62	0	0	32	0	7	0	0	0	25911	1	0	2	0	0	252	0	2	0	1	0	0	0	0	0	2	7	38	0	10	0	0	0	0	0	0	0	0	0	0	1	0	0	576	0	18	0	0	6	29	2232	0	0	158771	0	0	0	0	0	0	0	0	0	0	239	36	2	0	6	0	3711	74	0
EHA04654_bin.27	0	0	0	0	0	0	0	0	0	0	0	0	0	0	0	0	0	0	0	0	0	0	0	0	0	0	0	2625	0	0	0	0	0	0	0	0	0	0	6756	0	0	0	0	0	0	0	10021	0	0	0	0	0	0	0	0	0	0	0	0	0	0	0	0	0	0	0	0	16967	0	0	0	0	0	164	0	0	0	0	0	0	0	0	0	0	0	0	0	0	0	0	0	0	0	0	0	0	0	0	0	0	0	13114	0	0	0	0	0	0	4118	0	0	495	0	0	0	0	0	0	0	0	0	0	3058	0	0	0	0	0	21465	3	0
EHA04654_bin.28	0	0	0	0	0	0	0	0	0	0	0	0	0	0	0	0	0	0	0	0	0	0	0	0	0	0	0	9930	0	0	0	0	0	0	0	0	0	0	1745	0	0	0	0	0	0	0	1891	0	0	0	0	0	0	0	0	0	0	0	0	0	0	0	0	0	0	0	0	10265	0	0	0	0	0	3861	0	0	0	0	0	0	0	0	0	0	0	0	0	0	0	0	0	0	0	0	0	0	0	0	0	0	0	8170	0	0	0	0	0	0	1895	0	0	937	0	0	0	0	0	0	0	0	0	0	3111	0	0	0	0	0	7120	0	0
EHA04654_bin.29	0	2	0	0	17	0	0	0	0	0	0	0	0	6	19	0	0	4	0	0	0	0	0	0	0	1	6	8238	0	0	0	0	0	0	0	0	0	0	6508	0	0	0	0	0	0	0	3882	2	0	0	0	0	0	0	0	0	0	0	2	0	0	0	0	7	0	0	0	46937	2	0	2	0	0	4516	0	0	0	6	0	0	2	0	0	23	0	0	0	0	0	0	0	0	6	0	0	0	0	0	23	0	0	53942	0	0	0	0	0	0	18274	0	0	37499	0	0	0	0	0	0	0	0	0	0	6637	1	0	0	0	0	41367	0	2
EHA04654_bin.2	0	0	0	0	0	0	0	0	0	0	0	0	0	0	0	0	0	0	0	0	0	0	0	0	0	0	0	579	0	0	0	0	0	0	0	0	0	0	14	0	0	0	0	0	0	0	2430	0	0	0	0	0	0	0	0	0	0	0	0	0	0	0	0	0	0	0	0	2184	0	0	0	0	0	123	0	0	0	0	0	0	0	0	0	0	0	0	0	0	0	0	0	0	0	0	0	0	0	0	0	0	0	1673	0	0	0	0	0	0	5178	0	0	949	0	0	0	0	0	0	0	0	0	0	2138	0	0	0	0	0	1077	0	0
EHA04654_bin.31	0	0	0	0	0	0	0	0	0	0	0	0	0	1	0	0	0	0	0	0	0	0	0	0	0	0	0	13041	0	0	0	0	0	0	0	0	0	0	3244	0	0	0	0	0	0	0	8130	0	0	0	0	13	0	0	0	0	0	0	0	0	0	0	0	0	0	0	0	13172	0	0	0	0	0	4651	0	0	0	1	0	0	0	0	0	2	2	0	0	0	0	0	0	0	0	0	0	0	0	0	2	0	0	12888	0	0	0	0	0	0	10632	0	0	13030	0	1	0	0	0	0	0	0	0	0	13485	0	2	0	0	0	13877	0	0
EHA04654_bin.5	0	0	0	0	0	0	0	0	0	0	0	0	0	0	1	0	0	0	0	0	0	0	0	0	0	0	0	1444	0	0	0	0	0	0	0	0	0	0	15	0	0	0	0	0	0	0	525	0	0	0	0	0	0	0	0	0	0	0	0	0	0	0	0	0	0	0	0	11189	0	0	0	0	0	1033	0	0	0	0	0	0	0	0	0	2	0	0	0	0	0	0	0	0	0	0	0	0	0	0	0	0	0	2756	0	0	0	0	0	0	395	0	0	331	0	0	0	0	0	0	0	0	0	0	3941	0	0	0	0	0	10346	0	0
EHA04654_bin.6	0	2	0	0	0	2	0	0	0	0	0	0	0	3	225	0	0	1	0	2	0	0	3	2	0	0	60	33191	0	0	13	2	0	0	0	0	0	0	970	13	0	0	2	0	1	0	697	2	0	0	0	0	0	0	0	0	4	0	0	17	0	3	0	1	0	0	6	3174	13	0	0	0	0	28188	32	0	2	51	0	0	0	0	0	29	1	0	0	0	0	0	0	0	14	0	0	0	0	0	3	0	2	22771	0	0	0	0	0	0	1475	0	1	1318	0	0	0	0	0	0	0	0	0	0	7803	1	1	0	1	0	75583	24	0
EHA04654_bin.7	0	10	0	0	7	0	0	0	0	0	0	0	0	14	15	0	0	1	0	0	0	0	0	0	0	2	12	5847	2	0	0	0	0	1	0	0	0	0	9157	0	0	0	0	0	0	0	13361	0	0	0	0	0	0	0	0	0	0	0	0	0	0	0	0	4	0	0	0	100932	4	0	0	0	0	12316	0	2	0	2	0	0	9	0	0	2	0	0	0	0	0	0	0	0	1	0	0	0	0	0	3	0	0	18888	0	0	0	0	1	0	8089	0	0	5346	0	0	0	0	0	0	0	0	0	0	3677	4	0	0	0	0	11171	11	0
EHA04654_bin.8	0	2	0	0	0	0	0	0	0	0	0	0	0	0	0	0	0	0	0	0	0	0	1	0	0	0	0	5806	0	0	0	0	0	0	0	0	0	0	12094	0	0	0	0	0	0	0	9398	0	0	0	0	0	0	0	0	0	0	0	0	0	0	0	0	0	0	0	0	13049	0	0	0	0	0	7114	0	0	0	0	0	0	1	0	0	1	0	0	0	0	0	0	0	0	0	0	0	0	0	0	0	0	0	5146	0	0	0	0	0	0	30299	0	0	6591	0	0	0	0	0	0	0	0	0	0	4959	0	0	0	0	0	8295	0	0
EHA04655_bin.13	0	0	0	0	0	0	0	0	0	0	0	0	0	0	0	0	0	0	0	0	0	0	0	0	0	0	0	9945	0	0	0	0	0	0	0	0	0	0	564	0	0	0	0	0	0	0	1004	0	0	0	0	0	0	0	0	0	0	0	0	0	0	0	0	0	0	0	0	583	0	0	0	0	0	515	0	0	0	0	0	0	0	0	0	0	0	0	0	0	0	0	0	0	0	0	0	0	0	0	0	0	0	1013	0	0	0	0	0	0	6927	0	0	60719	0	0	0	0	0	0	0	0	0	0	34313	0	0	0	0	0	524	0	0
EHA04655_bin.14	0	0	0	0	1	0	0	0	0	0	0	0	0	4	0	0	0	1	0	0	0	0	0	0	0	0	2	15135	0	0	0	0	0	2	0	0	0	0	5182	0	0	0	0	0	1	0	11919	0	0	0	2	0	0	0	0	0	0	0	0	0	0	0	0	1	0	0	0	8780	0	0	0	0	0	43863	0	0	0	5	0	0	1	0	0	0	0	0	0	0	0	0	0	0	0	0	0	0	0	0	3	0	0	27716	0	0	0	0	0	0	7408	0	0	15358	0	0	0	0	0	0	0	0	0	0	10081	0	0	1	1	0	7601	18	0
EHA04655_bin.15	0	0	0	0	0	0	0	0	0	0	0	0	0	0	0	0	0	0	0	0	0	0	0	0	0	0	0	2238	0	0	0	0	0	0	0	0	0	0	191	0	0	0	0	0	0	0	1738	0	0	0	0	0	0	0	0	0	0	0	0	0	0	0	0	0	0	0	0	39646	0	0	0	0	0	195	0	0	0	0	0	0	0	0	0	0	0	0	0	0	0	0	0	0	0	0	0	0	0	0	0	0	0	4886	0	0	0	0	0	0	2876	0	0	221	0	0	0	0	0	0	0	0	0	0	3211	0	0	0	0	0	6729	0	0
EHA04655_bin.19	0	0	0	0	1	0	0	0	0	0	0	0	0	3	3	0	0	0	0	0	0	0	0	0	0	0	0	4717	0	0	0	0	0	2	0	0	0	0	5486	0	0	0	0	0	0	0	10780	0	0	0	0	0	0	0	0	0	0	0	0	0	0	0	0	0	0	0	0	29894	0	0	0	0	0	9538	0	0	0	0	0	0	2	0	0	0	0	0	0	0	0	0	0	0	1	0	0	0	0	0	0	0	0	11539	0	0	0	0	0	0	6104	0	0	3822	0	0	0	0	0	0	0	0	0	0	1546	0	0	0	2	0	4305	12	0
EHA04655_bin.1	0	3	0	0	0	0	0	0	0	0	0	0	0	0	13	0	1	0	0	0	0	0	0	0	0	0	3	4431	0	0	0	0	0	0	0	0	0	0	576	0	0	0	0	0	0	0	4463	3	0	0	0	0	0	0	0	0	0	0	0	0	0	0	0	16	0	0	0	9151	1	0	0	0	0	5922	0	0	0	1	0	0	0	0	0	0	0	0	0	0	0	0	0	0	1	0	0	0	0	0	3	0	0	4459	0	0	0	0	0	0	9263	0	0	9293	0	0	0	0	0	0	0	0	0	0	6998	2	0	0	0	0	11335	5	0
EHA04655_bin.26	0	0	0	0	0	0	0	0	0	0	0	0	0	0	0	0	0	0	0	0	0	0	0	0	0	0	0	388	0	0	0	0	0	0	0	0	0	0	4	0	0	0	0	0	0	0	80	0	0	0	0	0	0	0	0	0	0	0	0	0	0	0	0	0	0	0	0	6718	0	0	0	0	0	222	0	0	0	0	0	0	0	0	0	0	0	0	0	0	0	0	0	0	0	0	0	0	0	0	0	0	0	707	0	0	0	0	0	0	71	0	0	37	0	0	0	0	0	0	0	0	0	0	2290	0	0	0	0	0	551	0	0
EHA04655_bin.27	0	0	0	0	0	0	0	0	0	0	0	0	0	0	0	0	0	0	0	0	0	0	0	0	0	0	0	1296	0	0	0	0	0	0	0	0	0	0	868	0	0	0	0	0	0	0	16460	0	0	0	0	0	0	0	0	0	0	0	0	0	0	0	0	0	0	0	0	750	0	0	0	0	0	334	0	0	0	0	0	0	0	0	0	0	0	0	0	0	0	0	0	0	0	0	0	0	0	0	0	0	0	2621	0	0	0	0	0	0	23653	0	0	2302	0	0	0	0	0	0	0	0	0	0	902	0	0	0	0	0	4281	0	0
EHA04655_bin.2	2	0	0	0	2	0	0	0	0	0	0	0	1	2	1	0	0	0	2	0	0	0	0	0	0	0	0	9432	0	0	2	0	0	0	0	0	0	0	11900	0	0	0	0	0	0	0	8264	0	0	0	0	0	0	0	0	0	0	0	0	0	0	0	0	0	0	0	2	23360	0	0	0	0	0	7007	0	0	0	0	0	0	0	0	0	0	0	0	0	0	0	0	0	0	0	0	0	0	0	0	0	0	0	21172	0	0	0	0	0	0	9091	0	0	10317	0	0	0	0	0	0	0	0	0	0	21733	0	0	0	1	0	67333	0	0
EHA04655_bin.30	0	0	0	0	0	0	0	0	0	0	0	0	0	0	1	0	0	0	0	0	0	0	0	0	0	0	0	11041	0	0	0	0	0	0	0	0	0	0	15	0	0	0	0	0	0	0	9343	0	0	0	0	15	0	0	0	0	0	0	0	0	0	0	0	0	0	0	0	5223	0	0	0	0	0	4246	0	0	0	0	0	0	0	0	0	0	0	0	0	0	0	0	0	0	7	0	0	0	0	0	0	0	0	258	0	0	0	0	0	0	35	0	0	15176	0	0	0	0	0	0	0	0	0	0	14082	0	0	0	0	0	27862	0	0
EHA04655_bin.31	0	0	0	0	1	0	0	0	0	0	0	0	0	0	2	0	0	0	0	0	0	0	0	0	0	0	4	5188	0	0	0	0	0	0	0	0	0	0	2915	0	0	0	0	0	0	0	1304	0	0	0	0	0	0	0	0	0	0	0	0	0	0	0	0	1	0	0	0	93334	0	0	0	0	0	205	0	0	0	0	0	0	0	0	0	0	0	0	0	0	0	0	0	0	0	0	0	0	0	0	1	0	0	1392	0	0	0	0	0	0	1719	0	0	399	0	0	0	0	0	0	0	0	0	0	1437	2	0	0	0	0	1865	0	0
EHA04655_bin.32	0	0	0	0	0	0	0	0	0	0	0	0	0	1	4	0	0	0	0	0	0	0	0	0	0	0	0	27513	0	0	0	0	0	0	0	0	0	0	25105	0	0	0	0	0	0	0	47710	0	0	0	0	4	0	0	0	0	0	0	0	0	0	0	0	3	0	0	0	33646	0	0	0	0	0	63876	0	0	0	2	0	0	0	0	0	1	0	0	0	0	0	0	0	0	0	0	0	0	0	0	1	0	0	49071	0	0	0	0	0	0	32412	0	0	48203	0	0	0	0	0	0	0	0	0	0	74648	0	0	0	0	0	42229	8	0
EHA04655_bin.33	0	2	0	0	0	0	0	0	0	0	0	0	0	0	0	0	0	0	0	0	0	0	0	0	0	0	0	1267	0	0	0	0	0	0	0	0	0	0	8601	0	0	0	0	0	0	0	1304	0	0	0	0	0	0	0	0	0	0	0	0	0	0	0	0	0	0	0	0	2339	0	0	0	0	0	4224	0	0	0	0	0	0	0	0	0	0	0	0	0	0	0	0	0	0	0	0	0	0	0	0	0	0	0	1087	0	0	0	0	0	0	44569	0	0	389	0	0	0	0	0	0	0	0	0	0	877	0	0	0	0	0	28025	8	0
EHA04655_bin.34	0	0	0	0	2	0	0	0	0	0	0	0	0	0	0	0	0	0	0	0	0	0	0	0	0	0	0	2060	0	0	0	0	0	0	0	0	0	0	12834	0	0	0	0	0	0	0	7502	0	0	0	0	0	0	0	0	0	0	0	0	0	0	0	0	0	0	0	0	6994	0	0	0	0	0	4671	0	0	0	0	0	0	1	0	0	0	0	0	0	0	0	0	0	0	0	0	0	0	0	0	2	0	0	4938	0	0	0	0	0	0	24540	0	0	3104	0	1	0	0	0	0	0	0	0	0	674	0	0	0	0	0	1339	2	0
EHA04655_bin.35	0	19	0	2	7	0	0	0	0	0	0	0	5	13	79	0	0	0	2	0	0	0	8	0	0	0	16	3413	0	0	0	0	0	0	0	0	0	0	1166	0	0	0	0	0	0	0	2754	10	0	0	0	3	0	0	0	0	0	0	0	0	0	0	0	89	0	0	0	3918	2	0	0	0	0	8785	0	0	0	7	0	0	14	0	0	21	0	0	0	0	0	0	0	0	12	0	0	0	0	0	18	0	0	3534	0	0	0	0	0	0	3860	0	1	2656	0	0	0	0	0	0	0	0	0	0	3894	0	0	0	3	0	27061	134	0
EHA04655_bin.36	1	23	0	2	261	0	0	0	0	0	3	0	0	266	447	0	2	200	4	0	4	0	69	4	0	2	147	26127	1	0	23	0	0	0	0	0	0	0	9779	4	0	0	0	0	63	0	66367	39	0	0	5	33	0	0	0	0	0	0	12	1	0	4	0	317	0	0	8	29629	99	0	22	0	0	6272	2	0	0	142	0	0	70	4	0	168	9	2	0	13	0	0	0	0	118	0	0	0	0	0	208	0	0	22053	0	0	0	0	0	7	50341	0	8	12878	0	0	0	0	0	0	0	0	0	0	31968	15	0	7	25	0	23805	89	0
EHA04655_bin.38	0	0	0	0	0	0	0	0	0	0	0	0	0	0	2	0	1	1	0	0	0	0	1	0	0	0	0	14076	0	0	0	0	0	0	0	0	0	0	2	0	0	0	0	0	0	0	71	2	0	0	0	9	0	0	0	0	0	0	0	0	0	0	0	4	0	0	0	169	0	0	0	0	0	2530	0	0	0	0	0	0	0	0	0	1	0	0	0	0	0	0	0	0	0	0	0	0	0	0	0	0	0	2	0	0	0	0	1	0	58	0	0	66	0	0	0	0	0	0	0	0	0	0	1687	0	0	0	0	0	1681	1	0
EHA04655_bin.39	0	2	0	0	0	0	0	0	0	0	0	0	0	0	0	0	0	1	0	0	0	0	1	0	0	0	0	14725	0	0	0	0	0	0	0	0	0	0	14	0	0	0	0	0	0	0	166	9	0	0	0	6	0	0	0	0	0	0	0	0	0	0	0	0	0	0	0	133	0	0	0	0	0	1720	0	0	0	0	0	0	0	0	0	0	0	0	0	0	0	0	0	0	0	0	0	0	0	0	0	0	0	61	0	0	0	0	0	0	31	0	0	135	0	0	0	0	0	0	0	0	0	0	5514	0	0	0	0	0	1277	2	0
EHA04655_bin.40	0	0	0	0	0	0	0	0	0	0	0	0	0	0	0	0	0	0	0	0	0	0	2	0	0	0	0	6555	0	0	0	0	0	0	0	0	0	0	0	0	0	0	0	0	0	0	120	0	0	0	0	0	0	0	0	0	0	0	0	0	0	0	0	0	0	0	0	765	0	0	0	0	0	1111	0	0	0	0	0	0	0	0	0	0	0	0	0	0	0	0	0	0	0	0	0	0	0	0	0	0	0	24	0	0	0	0	0	0	32	0	0	8	0	0	0	0	0	0	0	0	0	0	6411	0	0	0	0	0	7772	0	0
EHA04655_bin.42	0	0	0	0	0	0	0	0	0	0	0	0	0	0	2	0	0	0	0	0	0	0	0	0	0	0	0	3766	0	0	0	0	0	0	0	0	0	0	1482	0	0	0	0	0	0	0	24183	0	0	0	0	0	0	0	0	0	0	0	0	0	0	0	0	0	0	0	0	1736	0	0	0	0	0	1222	0	0	0	0	0	0	0	0	0	0	0	0	0	0	0	0	0	0	0	0	0	0	0	0	0	0	0	4889	0	0	0	0	0	0	8550	0	0	15195	0	0	0	0	0	0	0	0	0	0	3004	0	0	0	0	0	1095	0	0
EHA04655_bin.5	0	0	0	0	0	0	0	0	0	0	0	0	0	0	0	0	0	0	0	0	0	0	0	0	0	0	0	747	0	0	0	0	0	0	0	0	0	0	11	0	0	0	0	0	0	0	5366	0	0	0	0	0	0	0	0	0	0	0	0	0	0	0	0	0	0	0	0	1853	0	0	0	0	0	77	0	0	0	0	0	0	0	0	0	0	0	0	0	0	0	0	0	0	0	0	0	0	0	0	0	0	0	3017	0	0	0	0	0	0	15319	0	0	1810	0	0	0	0	0	0	0	0	0	0	3438	2	0	0	0	0	199	0	0
EHA04655_bin.7	0	2	0	0	0	0	0	0	0	0	0	0	0	0	3	0	0	0	0	0	0	0	0	0	0	0	0	4549	0	0	0	0	0	0	0	0	0	0	850	0	0	0	0	0	0	0	24621	0	0	0	0	0	0	0	0	0	0	0	0	0	0	0	0	0	0	0	0	50363	0	0	0	0	0	10110	0	0	0	0	0	0	0	0	0	0	0	0	0	0	0	0	0	0	3	0	0	0	0	0	0	0	0	54047	0	0	0	0	0	0	12732	0	0	5369	0	0	0	0	0	0	0	0	0	0	6081	0	0	0	0	0	11810	8	0
EHA04656_bin.10	0	0	0	0	0	0	0	0	0	0	0	0	0	0	2	0	0	0	0	0	0	0	0	0	0	0	0	200161	0	0	0	0	0	0	0	0	0	0	254	0	0	0	0	0	0	0	928	8	0	0	0	10	0	0	0	0	0	0	0	0	0	0	0	8	0	0	0	475	0	0	3	0	0	1239	0	0	0	0	0	0	0	0	0	2	0	0	0	0	0	0	0	0	2	0	0	0	0	0	5	0	0	320	0	0	0	0	0	0	627	0	0	7556	0	0	0	0	0	0	0	0	0	0	707159	0	0	0	0	0	598	3	0
EHA04656_bin.13	0	0	0	0	0	0	0	0	0	0	0	0	0	0	0	0	0	0	0	0	0	0	0	0	0	0	0	516844	0	0	0	0	0	0	0	0	0	0	1011	0	0	0	0	0	0	0	1411	4	0	0	0	41	0	0	0	0	0	0	0	0	0	0	0	0	0	0	0	984	0	0	0	0	0	1294	0	0	0	0	0	0	0	0	0	0	0	0	0	0	0	0	0	0	0	0	0	0	0	0	0	0	0	1165	0	0	0	0	0	0	1863	0	0	1976	0	3	0	0	0	0	0	0	0	0	2829	0	0	0	0	0	2119	5	0
EHA04656_bin.14	0	0	0	0	0	0	0	0	0	0	0	0	0	0	1	0	0	1	0	0	1	0	6	4	0	3	0	92940	0	0	0	0	0	0	0	0	0	0	734	0	0	0	0	0	0	0	79	3	0	0	0	0	0	0	0	0	0	0	0	0	0	2	0	0	0	0	0	972	0	0	0	0	0	627	0	0	0	0	0	0	0	0	0	0	0	2	0	0	0	0	0	0	0	0	0	0	0	0	0	0	0	936	0	0	0	0	0	1	129	0	0	22	0	0	0	0	0	0	0	0	1	0	357	2	0	0	0	0	495	4	0
EHA04656_bin.15	0	0	0	0	0	0	0	0	0	0	0	0	0	0	0	0	0	0	0	0	1	0	0	4	0	0	0	43338	0	0	0	0	0	0	0	0	0	0	0	3	0	0	0	0	0	0	8	0	0	0	0	2	0	0	0	0	0	0	0	2	0	0	0	0	0	0	1	16	0	0	0	0	0	9902	0	0	0	0	0	0	0	0	0	0	8	0	0	0	0	0	0	0	0	0	0	0	0	0	0	0	0	4	0	0	0	0	0	0	0	0	1	74	0	0	0	0	0	0	0	0	0	0	9344	0	0	2	2	0	9027	2	0
EHA04656_bin.18	0	51	0	44	54	0	0	0	0	0	0	0	0	4	56	0	0	0	0	0	0	1	0	0	0	0	26	398888	6	0	5	0	0	0	0	0	0	0	1741	2	0	0	0	0	0	0	6130	1	0	0	0	5	0	0	0	0	0	0	0	0	0	0	0	16	0	0	0	5323	35	0	3	0	0	37460	0	0	0	15	0	0	38	0	0	3	0	0	0	0	0	0	0	0	4	0	0	0	0	0	71	0	0	4910	0	0	0	0	0	0	7501	0	0	14320	0	0	0	0	0	0	0	0	0	0	10636	0	0	0	0	0	31108	90	0
EHA04656_bin.19	0	0	0	0	2	0	0	0	0	0	0	0	0	0	0	0	0	0	0	0	0	0	0	0	0	0	2	30960	0	0	0	0	0	0	0	0	0	0	1629	0	0	0	0	0	0	0	1978	0	0	0	0	0	0	0	0	0	0	0	0	0	0	0	0	0	0	0	0	4336	0	0	0	0	0	3341	0	0	0	0	0	0	0	0	0	0	0	0	0	0	0	0	0	0	0	0	0	0	0	0	1	0	0	2015	0	0	0	0	0	0	3421	0	0	3479	0	0	0	0	0	0	0	0	0	0	11847	0	0	0	0	0	6066	2	0
EHA04656_bin.21	0	0	0	0	0	0	0	0	0	0	0	0	0	0	0	0	0	0	0	0	0	0	2	0	0	0	0	63858	0	0	0	0	0	0	0	0	0	0	2407	0	0	0	0	0	1	0	260	7	0	0	2	1	0	0	0	0	0	0	4	0	0	1	0	1	0	0	0	2044	0	0	2	0	0	190	0	0	0	0	0	0	0	0	0	0	0	0	0	0	0	0	0	0	0	0	0	0	0	0	1	0	0	9215	0	0	0	0	0	8	2346	0	0	329	0	0	0	0	0	0	0	0	0	0	13402	6	0	0	0	0	12098	2	0
EHA04656_bin.22	0	0	0	0	0	0	0	0	0	0	0	0	0	0	0	0	0	0	0	0	0	0	0	2	0	0	0	93697	0	0	3	0	0	0	0	0	0	0	1241	0	0	0	0	0	0	0	10135	0	0	0	0	0	0	0	0	0	0	0	0	0	0	1	0	1	0	0	0	11768	0	0	1	0	0	14755	0	0	0	0	0	0	0	0	0	0	0	0	0	0	0	0	0	0	0	0	0	0	0	0	0	0	0	7320	0	0	0	0	0	0	8750	0	0	14876	0	0	0	0	0	0	0	0	0	0	16592	0	0	0	0	0	3448	4	0
EHA04656_bin.27	0	10	0	0	0	0	0	0	0	0	0	0	0	7	7	0	0	1	0	0	0	0	0	2	0	0	2	58243	0	0	1	0	0	0	0	0	0	0	2463	0	0	0	0	0	1	0	1193	0	0	0	0	1	0	0	0	0	0	0	0	0	0	0	0	4	0	0	0	10200	7	0	0	0	0	2627	0	0	0	7	0	0	3	0	0	35	5	0	0	2	0	0	0	0	5	0	0	0	0	0	3	0	0	34167	0	0	0	0	0	0	19479	0	0	7892	0	0	0	0	0	0	0	0	0	0	5338	0	0	0	0	0	7801	3	0
EHA04656_bin.28	0	0	0	0	0	0	0	0	0	0	0	0	0	0	2	0	0	0	0	0	0	0	2	0	0	0	2	41051	0	0	0	0	0	0	0	0	0	0	12161	0	0	0	0	0	0	0	5960	0	0	0	0	0	0	0	0	0	0	0	0	0	0	0	0	0	0	0	0	7754	1	0	0	0	0	2433	0	0	0	0	0	0	0	0	0	0	0	0	0	0	0	0	0	0	3	0	0	0	0	0	1	0	0	6352	0	0	0	0	0	0	21	0	0	7647	0	0	0	0	0	0	0	0	0	0	9077	7	0	0	0	0	4477	0	0
EHA04656_bin.29	0	0	0	0	0	0	0	0	0	0	0	0	0	0	2	0	0	0	0	0	0	0	2	0	0	0	1	101131	0	0	0	0	0	0	0	0	0	0	55	2	0	0	0	0	0	0	34	0	0	0	0	0	0	0	0	0	0	0	0	0	0	0	0	1	0	0	0	58	0	0	0	0	0	41159	0	0	0	0	0	0	0	0	0	0	0	0	0	0	0	0	0	0	2	0	0	0	0	0	0	0	0	5482	0	0	0	0	0	0	119	0	0	37	0	0	0	0	0	0	0	0	0	0	3825	0	0	0	0	0	12419	0	0
EHA04656_bin.2	0	10	0	0	0	0	0	0	0	0	0	0	0	14	149	0	0	0	0	0	0	0	10	0	0	0	35	242280	2	0	0	0	0	2	0	0	0	0	23	0	0	0	0	0	0	0	41	7	0	0	0	2	0	0	0	0	0	0	0	2	0	0	0	5	0	0	0	289	9	0	1	0	0	3402	0	0	0	1	0	0	0	0	0	11	0	1	0	0	0	0	0	0	66	0	0	0	0	0	51	0	0	19	0	0	0	0	0	0	169	0	0	445	0	0	0	0	0	0	0	0	0	0	10346	0	0	2	0	0	105	116	0
EHA04656_bin.30	0	0	0	0	0	0	0	0	0	0	0	0	2	0	14	0	1	0	0	0	2	0	1	0	0	0	1	113609	0	0	0	0	0	0	0	0	0	0	34	0	0	0	0	0	0	0	549	7	0	0	0	54	0	0	0	0	0	0	0	0	0	0	0	3	0	0	0	1375	1	0	13	0	0	18355	0	0	0	0	0	0	0	0	0	5	7	0	0	0	0	0	0	0	37	0	0	0	0	0	16	0	0	442	0	0	0	0	0	0	7	0	0	1096	0	0	0	0	0	0	0	0	0	0	929	2	0	0	25	0	1721	7	0
EHA04656_bin.31	0	4	0	0	0	0	0	0	0	0	0	0	0	6	9	0	0	0	0	0	0	0	0	0	0	0	2	107266	0	0	0	0	0	0	0	0	0	0	37	0	0	0	0	0	0	0	32669	3	0	0	2	0	0	0	0	0	0	0	0	0	0	0	0	3	0	0	0	2034	1	0	0	0	0	2679	0	0	0	3	0	0	0	0	0	4	0	0	0	0	0	0	0	0	1	0	0	0	0	0	0	0	0	5172	0	0	0	0	0	0	1567	0	0	2536	0	0	0	0	0	0	0	0	0	0	3678	0	0	6	0	0	2412	3	0
EHA04656_bin.33	0	21	0	0	20	0	0	0	0	0	0	0	1	102	25	0	0	1	0	0	0	0	0	0	0	0	22	346970	0	0	0	0	0	0	0	0	0	0	3071	0	0	0	0	2	5	0	4476	63	0	0	4	16	0	0	0	0	0	0	0	0	0	0	0	8	0	0	0	6557	7	0	0	0	0	21844	0	0	0	27	0	0	3	0	0	25	0	0	0	0	0	0	0	0	6	0	0	0	0	0	13	0	0	4680	0	0	0	0	0	0	5047	0	0	18193	0	0	0	0	0	0	0	0	0	0	314789	0	0	0	2	0	107952	22	0
EHA04656_bin.34	0	0	0	0	0	0	0	0	0	0	0	0	0	0	0	0	0	0	0	0	0	0	0	0	0	0	0	53864	0	0	0	0	0	0	0	0	0	0	84	0	0	0	0	0	0	0	6677	0	0	0	0	0	0	0	0	0	0	0	0	0	0	0	0	0	0	0	0	215	0	0	0	0	0	3150	0	0	0	0	0	0	0	0	0	0	0	0	0	0	0	0	0	0	0	0	0	0	0	0	0	0	0	65	0	0	0	0	0	0	75	0	0	3859	0	0	0	0	0	0	0	0	0	0	15025	0	0	0	0	0	2116	0	0
EHA04656_bin.35	0	0	0	2	0	0	0	0	0	0	0	0	0	0	12	0	0	0	0	0	0	0	2	0	0	0	0	150212	0	0	0	0	0	0	0	0	0	0	304	0	0	0	0	0	0	0	397	4	0	0	4	18	0	0	0	0	0	0	0	0	0	0	0	6	0	0	0	843	10	0	0	0	0	6170	0	0	0	0	0	0	1	0	0	15	0	0	0	0	0	0	0	0	42	0	0	0	0	0	15	0	0	354	0	0	0	0	0	0	590	0	0	1367	0	0	0	0	0	0	0	0	0	0	1158	0	0	0	0	0	2605	23	0
EHA04656_bin.36	0	0	0	1	0	0	0	0	0	0	0	0	0	0	43	0	3	0	0	0	0	0	4	0	0	0	0	138995	0	0	0	0	0	0	0	0	0	0	33	0	0	0	0	0	0	0	172	5	0	0	0	17	0	0	0	0	0	0	0	0	0	0	0	0	0	0	0	420	6	0	4	0	0	1253	2	0	0	2	0	0	0	0	0	9	0	0	0	3	0	0	0	0	59	0	0	0	0	0	20	0	0	58	0	0	0	0	0	0	5	0	0	384	0	0	0	0	0	0	0	0	0	0	1416	0	1	0	0	0	1255	4	0
EHA04656_bin.37	0	0	0	0	0	0	0	0	0	0	0	0	0	0	16	0	0	0	0	0	0	0	0	0	0	0	0	104262	0	0	0	0	0	0	0	0	0	0	163	0	0	0	0	0	0	0	379	11	0	0	0	4	0	0	0	0	0	0	0	0	0	0	0	0	0	0	0	1494	7	0	0	0	0	2052	0	0	0	1	0	0	3	0	0	5	0	0	0	0	0	0	0	0	20	0	0	0	0	0	11	0	0	57	0	0	0	0	0	0	424	0	0	294	0	0	0	0	0	0	0	0	0	0	3263	1	0	0	0	0	3478	3	0
EHA04656_bin.3	0	0	0	0	0	0	0	0	0	0	0	0	0	0	0	0	0	0	0	0	0	0	0	0	0	0	0	129213	0	0	0	0	0	0	0	0	0	0	1559	0	0	0	0	0	0	0	2	0	0	0	0	0	0	0	0	0	0	0	0	0	0	0	0	0	0	0	0	4	0	0	0	0	0	183	0	0	0	0	0	0	0	0	0	0	0	0	0	0	0	0	0	0	0	0	0	0	0	0	0	0	0	602	0	0	0	0	0	0	5960	0	0	35470	0	0	0	0	0	0	0	0	0	0	18227	0	0	0	0	0	0	0	0
EHA04656_bin.40	0	0	0	0	0	0	0	0	0	0	0	0	0	0	0	0	0	0	0	0	0	0	2	0	0	0	0	44907	0	0	0	0	0	0	0	0	0	0	47360	0	0	0	0	0	0	0	1287	0	0	0	0	0	0	0	0	0	0	0	0	0	0	0	0	0	0	0	0	3416	0	0	0	0	0	15584	0	0	0	0	0	0	0	0	0	0	0	0	0	0	0	0	0	0	0	0	0	0	0	0	0	0	0	3516	0	0	0	0	0	0	3374	0	0	84	0	0	0	0	0	0	0	0	0	0	80125	0	0	2	0	0	133	0	0
EHA04656_bin.42	0	0	0	0	0	0	0	0	0	0	0	0	0	2	13	0	0	0	0	0	0	0	0	0	0	0	9	59433	0	0	2	0	0	0	0	0	0	0	392	0	0	0	0	0	0	0	5064	2	0	0	0	0	0	0	0	0	0	0	0	0	0	0	0	0	0	0	0	4189	0	0	2	0	0	4933	0	0	0	0	0	0	6	0	0	3	0	0	0	0	0	0	0	0	3	0	0	0	0	0	1	0	0	428	0	0	0	0	0	0	181	0	0	17173	0	0	0	0	0	0	0	0	0	0	62330	0	0	0	0	0	2088	12	0
EHA04656_bin.43	0	0	0	0	0	0	0	0	0	0	0	0	0	0	0	0	0	0	0	0	0	0	0	0	0	0	0	22673	0	0	0	0	0	0	0	0	0	0	219	0	0	0	0	0	0	0	834	0	0	0	0	2	0	0	0	0	0	0	0	0	0	0	0	0	0	0	0	1460	0	0	0	0	0	145	0	0	0	0	0	0	0	0	0	0	0	0	0	0	0	0	1	0	0	0	0	0	0	0	0	0	0	243	0	0	0	0	0	0	142	0	0	141	0	0	0	0	0	0	0	0	0	0	10612	0	0	0	0	0	632	0	0
EHA04656_bin.44	0	0	0	0	0	0	0	0	0	0	0	0	0	0	0	0	0	0	0	0	0	0	0	0	0	0	0	33041	0	0	0	0	0	0	0	0	0	0	1045	0	0	0	0	0	0	0	1539	0	0	0	0	0	0	0	0	0	0	0	0	0	0	0	0	0	0	0	0	2172	0	0	0	0	0	3779	0	0	0	0	0	0	0	0	0	0	0	0	0	0	0	0	0	0	0	0	0	0	0	0	0	0	0	981	0	0	0	0	0	0	660	0	0	1027	0	0	0	0	0	0	0	0	0	0	2344	0	0	0	0	0	1532	2	0
EHA04656_bin.4	0	0	0	0	0	0	0	0	0	0	0	0	0	0	1	0	0	0	0	0	0	0	1	0	0	0	0	16599	0	0	0	0	0	0	0	0	0	0	3175	0	0	0	0	0	0	0	4134	0	0	0	0	0	0	0	0	0	0	0	0	0	0	0	0	0	0	0	0	4424	0	0	0	0	0	6308	0	0	0	0	0	0	0	0	0	2	0	0	0	0	0	0	0	0	0	0	0	0	0	0	0	0	0	1375	0	0	0	0	0	0	11724	0	0	1323	0	0	0	0	0	0	0	0	0	0	2705	0	0	0	0	0	3574	6	0
EHA04656_bin.7	0	0	0	0	0	0	0	0	0	0	0	0	0	1	0	0	0	0	0	0	0	0	0	0	0	1	0	41904	0	0	0	0	0	0	0	0	0	0	63	0	0	0	0	0	0	0	13113	0	0	0	0	6	0	0	0	0	0	0	0	0	0	0	0	1	0	0	0	4492	0	0	0	0	0	421	0	0	0	0	0	0	0	0	0	0	0	0	0	0	0	0	0	0	0	0	0	0	0	0	0	0	0	283	0	0	0	0	0	0	3628	0	0	11355	0	0	0	0	0	0	0	0	0	0	11787	2	0	0	0	0	13666	6	0
EHA04656_bin.9	0	0	0	0	0	0	0	0	0	0	0	0	0	4	4	0	0	0	0	0	0	0	0	0	0	0	0	247402	0	0	2	0	0	0	0	0	0	0	551	0	0	0	0	0	0	0	2997	11	0	0	0	0	0	0	0	0	0	0	0	0	0	0	0	3	0	0	0	535	0	0	0	0	0	9932	0	0	0	0	0	0	0	0	0	9	0	0	0	0	0	0	0	0	0	0	0	0	0	0	1	0	0	844	0	0	0	0	0	0	1226	0	0	1469	0	0	0	0	0	0	0	0	0	0	1832	0	0	0	0	0	9069	4	0
EHA04657_bin.10	0	0	0	0	0	0	0	0	0	0	0	0	2	25	1	0	0	0	0	0	0	0	0	0	0	0	0	5348	0	0	0	0	0	1	0	0	0	0	8572	0	0	0	0	0	0	0	12539	2	0	0	0	0	0	0	0	0	0	0	0	0	0	0	0	8	0	2	0	76323	1	0	0	0	0	42464	2	4	0	8	0	0	4	0	0	11	0	0	0	0	0	0	0	0	1	0	0	0	0	0	0	0	0	73524	0	0	0	0	0	0	42200	0	0	2549	0	0	0	0	0	0	0	0	0	0	9076	0	0	0	0	0	15203	12	0
EHA04657_bin.11	0	0	0	0	0	0	0	0	0	0	0	0	0	0	0	0	0	0	0	0	0	0	0	0	0	0	0	11355	0	0	0	0	0	0	0	0	0	0	5702	0	0	0	0	2	0	0	24277	0	0	0	0	0	0	0	0	0	0	0	0	0	0	0	0	0	0	0	0	72736	0	0	0	0	0	295	0	0	0	0	0	0	0	0	0	0	0	0	0	0	0	0	0	0	0	0	0	0	0	0	0	0	0	13804	0	0	0	0	0	0	88544	0	0	11695	0	0	0	0	0	0	0	0	0	0	4638	0	0	0	0	0	3093	0	0
EHA04657_bin.13	0	3	0	0	4	0	0	0	0	0	0	0	3	41	1	0	0	0	0	0	0	0	0	0	0	0	0	9699	13	0	0	0	0	0	0	0	0	0	2701	0	0	0	0	0	0	0	10841	43	0	0	0	9	0	0	0	0	0	0	0	0	0	0	0	41	0	0	0	5954	17	0	0	0	0	3807	0	0	0	0	0	0	1	0	0	5	0	0	0	0	0	0	0	0	13	0	0	0	0	0	60	0	0	8103	0	0	0	0	0	0	8243	0	0	10133	0	0	0	0	0	0	0	0	0	0	9609	0	0	0	0	0	7303	4	0
EHA04657_bin.14	0	38	0	0	1	0	0	0	0	0	0	0	0	80	372	0	0	13	2	0	1	0	200	2	0	0	126	386589	9	0	21	0	0	23	0	0	0	0	1239	0	0	0	0	4	3	0	2298	18	0	0	2	50	4	0	0	0	0	0	2	0	0	4	0	70	0	0	0	1123	25	0	5	0	0	26122	0	0	0	18	0	0	83	1	0	22	8	0	0	0	0	0	0	0	152	0	0	0	0	0	33	0	0	983	0	2	0	0	0	34	1464	0	2	2603	0	6	0	0	0	0	0	0	1	0	82883	13	0	14	2	0	1860	78	0
EHA04657_bin.17	1	5	2	0	0	0	0	0	0	0	1	0	0	6	7	0	0	9	2	0	1	0	4	6	0	0	4	23833	0	0	6	0	0	11	0	0	0	0	121	0	0	0	0	0	0	0	16243	3	0	0	3	4	0	0	0	0	0	0	0	0	0	0	0	23	0	0	0	641	0	0	8	0	0	1095	0	0	0	0	0	0	0	0	0	0	9	0	0	6	0	0	0	0	4	0	0	0	0	0	3	0	0	7436	0	0	0	0	2	3	342	0	9	3139	0	0	0	0	0	0	0	0	1	0	33915	2	0	4	9	0	4660	79	0
EHA04657_bin.19	0	8	0	0	0	0	0	0	0	0	0	0	0	2	3	0	0	1	1	0	1	0	1	7	0	0	1	36158	0	0	2	0	0	0	2	0	0	0	20	0	0	0	0	0	0	0	10	2	0	0	4	2	0	0	0	0	0	0	0	2	0	0	0	0	0	0	3	17	1	0	0	0	0	10410	0	0	0	0	0	0	1	0	0	1	8	0	0	1	0	0	0	0	2	0	0	0	0	0	0	0	0	11	0	0	0	0	0	0	3	0	0	354	0	0	0	0	0	0	0	0	0	0	15828	1	0	0	4	0	34728	3	0
EHA04657_bin.1	0	2	0	0	0	0	0	0	0	0	0	0	0	8	13	0	0	0	0	0	0	0	0	0	0	0	2	202	0	0	0	0	0	0	0	0	0	0	0	0	0	0	0	0	0	0	0	0	0	0	0	2	0	0	0	0	0	0	0	0	0	0	0	2	0	0	0	50	2	0	0	0	0	133	0	0	0	6	0	0	8	0	0	3	0	0	0	0	0	0	0	0	11	0	0	0	0	0	3	0	0	4	0	0	0	0	0	0	2	0	0	8	0	0	0	0	0	0	0	0	0	0	160	0	0	0	0	0	44	0	0
EHA04657_bin.20	0	0	0	0	0	0	0	0	0	0	0	0	1	0	0	0	0	0	0	0	0	0	0	0	0	0	0	4131	0	0	0	0	0	0	0	0	0	0	3195	0	0	0	0	0	0	0	1730	0	0	0	0	0	0	0	0	0	0	0	0	0	0	0	0	0	0	0	0	9286	0	0	0	0	0	2420	0	0	0	0	0	0	0	0	0	0	0	0	0	0	0	0	0	0	0	0	0	0	0	0	0	0	0	6533	0	0	0	0	0	0	4724	0	0	6162	0	0	0	0	0	0	0	0	0	0	18437	0	0	0	0	0	35732	0	0
EHA04657_bin.21	0	13	0	3	11	0	0	0	0	0	0	0	0	5	12	0	0	0	0	0	0	0	0	0	0	0	0	2168	2	0	2	0	0	0	0	0	0	0	587	0	0	0	0	0	0	0	1393	8	0	0	0	8	0	0	0	0	0	0	0	0	0	0	0	3	0	0	0	968	1	0	0	0	0	10337	0	0	0	0	0	0	0	0	0	8	0	0	0	0	0	0	0	0	1	0	0	0	0	0	7	0	0	2164	0	0	0	0	0	0	695	0	0	3671	0	0	0	0	0	0	0	0	0	0	4582	0	0	0	0	0	694	19	0
EHA04657_bin.22	0	28	0	0	0	17	0	0	0	0	3	0	0	19	831	0	3	142	0	7	13	0	43	14	0	122	220	5988	0	0	211	2	0	4	0	0	4	0	413	153	17	0	14	0	71	0	439	7	4	0	0	0	0	0	0	0	19	0	10	153	0	257	0	47	0	15	0	933	55	0	13	0	0	2760	354	1	0	232	1	0	21	0	0	173	25	33	0	6	0	0	0	0	111	0	0	0	0	0	56	0	2	1771	0	12	0	0	0	27	1158	4	29	584	2	0	0	0	0	3	2	0	0	0	37740	150	0	2	9	0	2480	30	0
EHA04657_bin.23	0	2	0	0	1	0	0	0	0	0	0	0	0	0	0	0	1	0	2	0	0	0	0	0	0	0	0	18939	0	0	0	0	0	0	0	0	1	0	274	0	0	0	0	3	0	0	31445	1	0	0	0	0	0	0	0	0	0	0	0	0	0	0	0	1	0	0	0	3062	0	0	0	0	0	6809	0	0	0	0	0	0	0	0	0	0	0	0	0	0	0	0	0	0	1	0	0	0	0	0	0	0	0	7142	0	0	0	0	0	0	551	0	0	4450	0	0	0	0	0	0	0	0	2	0	15617	0	0	0	0	0	35485	0	0
EHA04657_bin.24	0	17721	0	11	931	0	0	0	0	0	0	0	0	7951	10758	0	0	0	2	0	35	31	29	0	0	0	4612	11287	253	0	181	0	0	0	0	0	0	0	5314	0	0	0	0	0	0	2	5432	238	0	0	4	100	1	0	0	0	0	0	0	0	0	2	0	8905	0	0	0	4677	3640	0	61	0	0	1923	0	0	0	608	0	0	4125	2	0	1057	68	0	0	23	0	0	0	0	3567	0	0	0	0	0	504	0	0	7610	0	0	0	4	0	0	16765	0	61	10990	0	0	0	0	0	0	0	0	0	3	6891	0	0	0	53	0	4669	874	0
EHA04657_bin.25	0	0	0	0	0	0	0	0	0	0	0	0	3	0	0	0	0	0	2	0	0	0	7	2	0	1	0	4965	0	0	4	0	0	0	0	0	0	0	51	2	0	0	0	0	0	0	20	1	0	0	6	0	0	0	0	0	0	0	2	0	0	0	0	1	0	0	0	57	0	0	0	0	0	1162	0	0	0	1	0	0	0	0	0	0	0	2	0	0	0	0	0	0	0	0	0	0	0	0	1	0	0	18	0	0	0	0	0	2	28	0	0	17	0	0	0	0	0	0	0	0	0	0	367	1	0	0	19	0	15511	13	0
EHA04657_bin.29	0	1	0	2	0	0	0	0	0	0	0	0	0	1	41	0	0	2	2	0	1	0	42	0	0	0	0	36138	1	0	0	0	0	2	0	0	0	0	73	1	0	0	0	0	0	0	241	4	0	0	0	8	0	0	0	0	0	0	0	0	0	0	0	11	0	0	0	1442	8	0	4	0	0	10339	0	0	0	0	0	0	2	0	0	16	3	2	0	0	0	0	0	0	61	0	0	0	0	0	11	0	0	80	0	0	0	0	0	0	14	0	4	743	0	0	0	0	0	0	0	0	0	0	12564	11	0	4	9	0	77922	36	0
EHA04657_bin.30	0	1	0	0	0	0	0	0	0	0	0	0	0	0	39	0	0	0	0	0	0	0	1	0	0	0	0	90029	0	0	0	0	0	0	0	0	0	0	738	1	0	0	0	0	0	0	473	5	0	0	0	13	0	0	0	0	0	0	0	0	0	0	0	0	0	0	0	938	1	0	3	0	0	6497	0	0	0	0	0	0	2	0	0	21	0	0	0	0	0	0	0	0	57	0	0	0	0	0	28	0	0	417	0	0	0	0	0	0	35	0	1	877	0	0	0	0	0	0	0	0	0	0	3024	0	0	2	0	0	10198	5	0
EHA04657_bin.31	0	0	0	0	0	0	0	0	0	0	0	0	0	0	6	0	0	0	0	0	0	0	0	0	0	0	0	23629	0	0	0	0	0	0	0	0	0	0	6	0	0	0	0	0	0	0	422	2	0	0	0	1	0	0	0	0	0	0	0	0	0	0	0	0	0	0	0	803	0	0	0	0	0	431	0	0	0	0	0	0	0	0	0	0	0	0	0	0	0	0	0	0	2	0	0	0	0	0	0	0	0	24	0	0	0	0	0	0	0	0	0	123	0	0	0	0	0	0	0	0	0	0	4425	0	0	0	0	0	2428	4	0
EHA04657_bin.32	0	6	0	0	20	0	0	0	0	0	2	0	0	68	160	0	1	7	0	0	2	0	4	1	0	0	64	51496	0	0	0	0	0	0	0	0	0	0	11072	0	0	0	0	0	1	0	42753	15	0	0	4	14	0	0	0	0	0	0	0	0	0	0	0	107	0	0	2	24333	44	0	9	0	0	23182	0	0	0	93	0	0	34	0	0	157	0	0	0	0	0	0	0	0	52	0	0	0	0	0	126	0	0	31175	0	0	0	0	0	1	60660	0	4	73883	0	0	0	0	0	0	0	0	0	0	63525	1	0	0	0	0	80234	31	0
EHA04657_bin.34	1	159	1	0	329	0	0	0	0	0	0	0	2	518	920	0	6	563	5	0	11	4	28	14	0	1	388	2459	1	0	10	0	0	8	0	0	0	0	843	6	0	0	0	3	140	2	5120	14	0	0	4	37	0	0	0	0	0	0	0	0	0	11	0	703	0	0	8	1200	363	0	19	0	0	1937	0	0	0	420	0	0	184	0	4	1036	16	0	0	8	0	0	0	0	319	0	0	0	0	0	738	0	0	4525	0	1	1	2	0	8	2608	0	9	18514	0	5	0	0	0	0	0	0	2	0	5998	38	0	4	14	0	1521	199	0
EHA04657_bin.35	0	0	0	0	0	0	0	0	0	0	0	0	0	0	1	0	0	0	0	0	0	0	0	0	0	0	6	27853	0	0	0	0	0	0	0	0	0	0	3207	0	0	0	0	0	0	0	3503	0	0	0	0	0	0	0	0	0	0	0	0	0	0	0	0	0	0	0	0	13745	1	0	0	0	0	3707	0	0	0	0	0	0	2	0	0	2	0	0	0	0	0	0	0	0	1	0	0	0	0	0	0	0	0	6797	0	0	0	0	0	0	2021	0	0	23275	0	0	0	0	0	0	0	0	0	0	79189	0	0	0	0	0	1580	13	0
EHA04657_bin.36	0	0	0	0	0	0	0	0	0	0	0	0	0	0	7	0	0	0	0	0	0	0	0	0	0	0	0	13014	0	0	0	0	0	0	0	0	0	0	514	0	0	0	0	0	0	0	2815	6	0	0	0	26	0	0	0	0	0	0	0	0	0	0	0	0	0	0	0	8544	1	0	0	0	0	5051	0	0	0	0	0	0	0	0	0	4	0	0	0	0	0	0	0	0	16	0	0	0	0	0	42	0	0	7878	0	0	0	0	0	0	339	0	0	3204	0	0	0	0	0	0	0	0	0	2	4286	0	0	0	0	0	17917	5	0
EHA04657_bin.37	0	0	0	0	0	0	0	0	0	0	0	0	0	0	3	0	0	0	0	0	0	0	0	0	0	0	0	50345	0	0	0	0	0	0	0	0	0	0	26063	0	0	0	0	0	0	0	104221	2	0	0	0	4	0	0	0	0	0	0	0	0	0	0	0	1	0	0	0	42773	0	0	0	0	0	111423	0	0	0	1	0	0	1	0	2	0	0	0	0	0	0	0	0	0	1	0	0	0	0	0	2	0	0	104950	0	0	0	0	0	0	36044	0	0	129120	0	0	0	0	0	0	0	0	0	0	121576	0	0	0	0	0	76536	3	0
EHA04657_bin.38	0	0	0	0	0	0	0	0	0	0	0	0	0	0	3	0	0	0	0	0	0	0	0	0	0	0	0	42556	2	0	0	0	0	0	0	0	0	0	10872	0	0	0	0	0	0	0	75385	2	0	0	0	0	0	0	0	0	0	0	0	0	0	0	0	4	0	0	0	72132	0	0	0	0	0	140958	0	0	0	0	0	0	0	0	0	3	0	0	0	0	0	0	0	0	2	0	0	0	0	0	2	0	0	111047	0	0	0	0	0	0	32417	0	0	128552	0	0	0	0	0	0	0	0	0	0	153205	0	0	0	0	0	89749	11	0
EHA04657_bin.39	0	96	0	7	7	0	0	0	0	0	0	0	3	27	314	0	0	0	4	0	0	0	2	0	0	0	98	70345	0	0	1	0	0	0	0	0	0	0	139	2	0	0	0	0	0	0	1496	53	0	0	0	23	0	0	0	0	0	0	0	0	0	0	0	307	0	0	0	1856	24	0	0	0	0	22174	0	0	0	12	0	0	36	0	0	71	0	0	0	0	0	0	0	0	62	0	0	0	0	0	94	0	0	2338	0	0	0	0	0	0	343	0	0	10814	0	0	0	0	0	0	0	0	0	0	32252	0	0	0	0	0	3027	385	0
EHA04657_bin.40	0	0	0	0	0	0	0	0	0	0	0	0	0	0	0	0	0	0	0	0	0	0	0	0	0	0	0	2206	0	0	0	0	0	0	0	0	0	0	682	0	0	0	0	0	0	0	4288	0	0	0	0	0	0	0	0	0	0	0	0	0	0	0	0	0	0	0	0	4271	0	0	0	0	0	209	0	0	0	0	0	0	0	0	0	0	0	0	0	0	0	0	0	0	0	0	0	0	0	0	0	0	0	8811	0	0	0	0	0	0	1000	0	0	419	0	0	0	0	0	0	0	0	0	0	4117	0	0	0	0	0	3752	2	0
EHA04657_bin.5	0	0	0	0	0	0	0	0	0	0	0	0	0	0	0	0	0	0	0	0	0	0	0	0	0	0	0	5246	0	0	0	0	0	0	0	0	0	0	125	0	0	0	0	0	0	0	193	0	0	0	0	0	0	0	0	0	0	0	0	0	0	0	0	0	0	0	0	12011	0	0	0	0	0	4159	0	0	0	0	0	0	0	0	0	0	0	0	0	0	0	0	0	0	0	0	0	0	0	0	0	0	0	934	0	0	0	0	0	0	723	0	0	317	0	0	0	0	0	0	0	0	0	0	22544	0	0	0	0	0	9547	0	0
EHA04657_bin.6	0	0	0	0	0	0	0	0	0	0	0	0	0	0	0	0	0	0	0	0	0	0	0	0	0	0	0	2384	0	0	0	0	0	0	0	0	0	0	556	0	0	0	0	0	0	0	1016	0	0	0	0	0	0	0	0	0	0	0	0	0	0	0	0	0	0	0	0	2789	0	0	0	0	0	278	0	0	0	0	0	0	0	0	0	0	0	0	0	0	0	0	0	0	0	0	0	0	0	0	0	0	0	5746	0	0	0	0	0	0	276	0	0	497	0	0	0	0	0	0	0	0	0	0	7388	0	0	0	0	0	1297	0	0
EHA04657_bin.7	6	5768	4	17	3713	0	0	0	2	0	241	0	0	7924	45224	0	3	0	52	0	3111	51	1318	2	0	7	16986	1511	860	0	100	0	0	0	0	0	0	0	2226	8	0	0	0	0	0	60	1684	256	0	0	4	42	1	0	0	0	0	0	324	0	2	282	8	3769	0	0	0	2669	16541	0	1631	0	0	1209	0	0	0	19927	4	0	15792	2	2	8970	2000	16	0	1698	0	0	0	0	23288	0	0	25	0	0	16127	0	0	15554	4	0	11	0	0	249	597	2	2014	5582	0	5	0	30	0	0	0	0	4	11	1739	286	4	0	32	0	2993	872	0
EHA04657_bin.8	0	0	0	0	0	0	0	0	0	0	0	0	0	0	0	0	0	0	0	0	0	0	0	0	0	0	0	5630	0	0	0	0	0	0	0	0	0	0	389	0	0	0	0	0	0	0	2541	1	0	0	0	0	0	0	0	0	0	0	0	0	0	0	0	0	0	0	0	2157	0	0	0	0	0	670	0	0	0	0	0	0	0	0	0	0	0	0	0	0	0	0	0	0	1	0	0	0	0	0	0	0	0	3860	0	0	0	0	0	0	497	0	0	379	0	0	0	0	0	0	0	0	0	0	9092	0	0	0	0	0	19543	0	0
EHA04658_bin.13	0	0	0	0	0	0	0	0	0	0	0	0	0	0	0	0	0	0	0	0	0	0	0	0	0	0	0	2205	0	0	2	0	0	0	0	0	0	0	218280	0	0	0	1	0	0	0	1213	2	0	0	0	2	0	0	0	0	0	0	0	0	0	0	0	0	0	0	0	10444	0	0	0	0	0	743	0	0	0	0	0	0	0	0	0	0	0	0	0	0	0	0	0	0	0	0	0	0	0	0	0	0	0	1089	0	0	0	0	0	0	2050	0	0	1184	0	0	0	0	0	0	0	0	0	0	3403	0	0	0	0	0	11842	33	0
EHA04658_bin.17	0	0	0	0	0	0	0	0	0	0	0	0	1	0	0	0	0	0	0	0	0	0	0	0	0	0	0	5609	0	0	0	0	0	0	0	0	0	0	111368	0	0	0	0	0	0	0	246	0	0	0	0	0	0	0	0	0	0	0	0	0	0	0	0	0	0	0	0	1199	0	0	0	0	0	3407	0	0	0	0	0	0	0	0	0	0	0	0	0	0	0	0	0	0	0	0	0	0	0	0	0	0	0	12893	0	0	0	0	0	0	17491	0	0	820	0	0	0	0	0	0	0	0	0	0	5779	0	0	0	0	0	15964	0	0
EHA04658_bin.19	3	4	7	4	4	0	0	0	0	0	9	0	2	45	26	0	7	232	1	0	12	3	43	10	0	514	6	1846	1	0	10	0	0	8	0	0	1	0	350811	2	0	0	0	2	75	0	1381	6	0	0	8	9	0	0	0	0	0	0	39	0	4	59	0	239	0	0	9	900	10	0	22	0	0	1261	0	5	0	428	0	0	26	1	1	50	13	173	0	8	0	0	0	0	26	0	0	4	0	0	296	0	0	1995	0	76	1	0	9	41	579783	0	10	1540	0	9	0	0	0	0	0	0	1	0	2219	326	4	13	34	0	1278	109	0
EHA04658_bin.1	0	0	0	0	0	0	0	0	0	0	0	0	0	0	0	0	0	0	0	0	0	0	0	0	0	0	0	3568	0	0	0	0	0	0	0	0	0	0	99768	0	0	0	0	0	0	0	1549	0	0	0	0	0	0	0	0	0	0	0	0	0	0	0	0	0	0	0	0	25562	0	0	0	0	0	8802	0	0	0	0	0	0	0	0	0	0	0	0	0	0	0	0	0	0	0	0	0	0	0	0	0	0	0	3441	0	0	0	0	0	0	3584	0	0	1832	0	0	0	0	0	0	0	0	0	0	13313	0	0	0	0	0	2343	0	0
EHA04658_bin.20	0	0	0	0	0	0	0	0	0	0	0	0	0	4	0	0	0	0	0	0	0	0	0	0	0	0	0	3629	0	0	0	0	0	0	0	0	0	0	62686	0	0	0	0	0	0	0	4826	0	0	0	0	0	0	0	0	0	0	0	0	0	0	0	0	2	0	0	0	8028	0	0	0	0	0	3022	0	0	0	0	0	0	0	0	0	2	0	0	0	0	0	0	0	0	0	0	0	0	0	0	0	0	0	14080	0	0	0	0	0	0	6370	0	0	12397	0	0	0	0	0	0	0	0	0	0	2694	0	0	0	0	0	32097	6	0
EHA04658_bin.21	0	0	0	0	1	0	0	0	0	0	0	0	0	0	0	0	0	0	0	0	0	0	0	0	0	0	0	2416	0	0	0	0	0	0	0	0	0	0	38882	0	0	0	0	0	0	0	9462	0	0	0	0	2	0	0	0	0	0	0	0	0	0	0	0	0	0	0	0	80370	0	0	0	0	0	8722	0	0	0	0	0	0	0	0	0	3	0	0	0	0	0	0	0	0	1	0	0	0	0	0	1	0	0	59487	0	0	0	0	0	0	59303	0	0	2436	0	0	0	0	0	0	0	0	0	0	1658	0	0	0	0	0	13190	2	0
EHA04658_bin.22	0	3	0	0	2	0	0	0	0	0	0	0	0	4	18	0	0	0	0	0	0	0	0	0	0	0	3	2090	0	0	0	0	0	0	0	0	0	0	29701	0	0	0	0	0	0	0	4586	0	0	0	0	0	0	0	0	0	0	0	0	0	0	0	0	0	0	0	0	16297	0	0	0	0	0	4326	0	0	0	2	0	0	1	0	0	0	0	0	0	0	0	0	0	0	2	0	0	0	0	0	2	0	0	5930	0	0	0	0	0	0	4027	0	0	1587	0	0	0	0	0	0	0	0	0	0	806	0	0	0	0	0	2792	6	0
EHA04658_bin.23	0	1732	0	29	521	1	1	0	0	0	5	0	1	752	1966	0	0	0	26	0	79	2	85	2	0	0	1293	22925	143	0	107	0	0	0	1	0	2	0	249872	6	0	0	0	0	0	3	65046	83	0	0	1	41	1	0	0	2	0	0	0	0	0	427	4	710	0	0	2	75960	1091	0	82	0	0	7805	0	0	0	3933	0	0	1100	2	0	734	44	2	0	138	0	0	0	0	2411	0	0	0	0	0	1106	0	0	121909	0	0	2	0	0	39	36582	0	187	145008	0	3	0	2	0	0	0	0	8	0	10498	4	0	0	94	0	208406	1517	0
EHA04658_bin.28	0	0	0	0	0	0	0	0	0	0	0	0	0	0	0	0	0	0	0	0	0	0	0	0	0	0	0	12806	0	0	3	0	0	0	0	0	0	0	325962	0	0	0	0	0	0	0	13184	0	0	0	0	0	0	0	0	0	0	0	0	0	0	0	0	2	0	0	0	23585	0	0	0	0	0	12003	0	0	0	0	0	0	0	0	0	0	0	0	0	0	0	0	0	0	0	0	0	0	0	0	0	0	0	10764	0	0	0	0	0	0	31996	0	0	15973	0	0	0	0	0	0	0	0	0	0	8306	0	0	0	0	0	11781	4	0
EHA04658_bin.29	0	37	0	12	195	0	0	0	0	0	4	0	2	847	950	0	4	34	12	0	7	2	17	31	0	3	364	3340	9	0	14	0	0	2	0	0	0	0	156724	2	0	0	0	0	12	0	3749	17	0	0	2	12	0	0	0	0	0	0	6	4	0	9	0	570	0	0	23	2977	182	0	35	0	0	2430	9	0	0	496	2	0	133	0	3	765	65	1	0	21	0	0	0	0	316	0	0	0	0	0	697	0	0	4105	0	3	0	0	0	3	5205	0	20	4572	0	6	0	0	0	0	0	0	0	0	2500	13	1	3	53	0	4867	212	0
EHA04658_bin.31	0	0	0	0	0	0	0	0	0	0	0	0	0	0	0	0	0	0	0	0	0	0	0	0	0	0	0	22658	0	0	0	0	0	0	0	0	0	0	333216	0	0	0	0	0	0	0	7507	0	0	0	0	0	0	0	0	0	0	0	0	0	0	0	0	0	0	0	0	22928	0	0	0	0	0	11014	0	0	0	0	0	0	0	0	0	0	0	0	0	0	0	0	0	0	0	0	0	0	0	0	0	0	0	9079	0	0	0	0	0	0	6208	0	0	17782	0	0	0	0	0	0	0	0	0	0	36964	0	0	0	0	0	6272	0	0
EHA04658_bin.34	0	14	0	0	4	0	0	0	0	0	0	0	0	0	6	0	0	0	0	0	1	0	0	0	0	3	0	39593	0	0	0	0	0	0	0	0	0	0	312590	0	0	0	0	0	4	0	143101	9	0	0	0	2	0	0	0	0	0	0	0	0	0	0	0	0	0	0	0	150639	0	0	0	0	0	36934	0	0	0	6	0	0	1	0	0	3	0	2	0	0	0	0	0	0	0	0	0	0	0	0	0	0	0	34203	0	0	0	0	0	3	44308	0	0	64796	0	0	0	0	0	0	0	0	0	0	72173	0	0	0	0	0	46610	5	0
EHA04658_bin.36	0	0	0	0	9	0	0	0	0	0	0	0	0	9	2	0	0	0	0	0	0	0	0	2	0	0	0	46238	0	0	0	0	0	0	0	0	0	0	716845	0	0	0	0	0	0	0	100320	2	0	0	0	0	0	0	0	0	0	0	0	0	0	0	0	2	0	0	0	182350	10	0	0	0	0	70150	0	0	0	1	0	0	2	0	0	0	0	0	0	0	0	0	0	0	2	0	0	0	0	0	2	0	0	166249	0	0	0	0	0	0	40415	0	0	111872	0	4	0	0	0	0	0	0	0	0	58197	0	0	0	0	0	45301	16	0
EHA04658_bin.38	0	4	0	0	1	0	0	0	0	0	0	0	0	0	0	0	0	0	0	0	0	0	0	0	0	0	0	10971	0	0	0	0	0	0	0	0	0	0	254971	2	0	0	0	2	0	0	38280	2	0	0	0	6	0	0	0	0	0	0	0	0	0	0	0	0	0	0	0	10726	0	0	0	0	0	14388	0	0	0	0	0	0	0	0	0	2	0	0	0	0	0	0	0	0	0	0	0	0	0	0	0	0	0	16919	0	0	0	0	0	0	8379	0	0	28122	0	0	0	0	0	0	0	0	0	0	8348	0	0	0	0	0	14292	2	0
EHA04658_bin.40	0	0	0	0	0	0	0	0	0	0	0	0	1	0	0	0	0	0	0	0	0	0	0	0	0	0	0	7822	0	0	0	0	0	0	0	0	0	0	894821	0	0	0	0	0	0	0	1665	0	0	0	0	0	0	0	0	0	0	0	0	0	0	0	0	0	0	0	0	3180	0	0	0	0	0	22533	0	0	0	0	0	0	0	0	0	0	0	0	0	0	0	0	0	0	0	0	0	0	0	0	0	0	0	22940	0	0	0	0	2	0	7919	0	0	3807	0	0	0	0	0	0	0	0	0	0	10100	0	0	0	0	0	4335	0	0
EHA04658_bin.41	0	1	0	0	0	0	0	0	0	0	0	0	1	0	3	0	0	0	0	0	0	0	0	0	0	0	1	6185	0	0	0	0	0	0	0	0	0	0	37762	0	0	0	0	0	0	0	7398	1	0	0	0	2	0	0	0	0	0	0	0	0	0	0	0	4	0	0	0	2821	0	0	0	0	0	3030	0	0	0	0	0	0	1	0	0	2	0	0	0	0	0	0	0	0	1	0	0	0	0	0	4	0	0	22720	0	0	0	0	0	0	25140	0	0	9373	0	0	0	0	0	0	0	0	0	0	4296	0	0	0	0	0	5913	10	0
EHA04658_bin.42	0	7	0	1	3	0	0	0	0	0	0	0	0	6	27	0	0	0	0	0	2	0	4	0	0	0	3	8523	0	0	0	0	0	0	0	0	0	0	204543	4	0	0	0	0	0	0	3936	10	0	0	0	0	0	0	0	0	0	0	0	0	0	0	0	21	0	0	0	7621	1	0	0	0	0	7301	0	0	0	0	0	0	3	0	0	5	0	0	0	0	0	0	0	0	5	0	0	0	0	0	8	0	0	11463	0	0	0	0	0	0	3158	0	0	3085	0	0	0	0	0	0	0	0	0	0	19581	0	0	0	0	0	2391	46	0
EHA04658_bin.46	4	0	0	0	2	1	0	2	2	0	0	0	0	4	2	0	0	0	0	1	0	0	0	0	3	0	0	23930	4	2	1	0	0	0	2	2	0	0	107463	0	0	2	1	6	0	0	60180	0	0	0	0	11	0	0	2	0	0	0	0	0	0	0	0	0	2	0	0	65658	0	5	0	0	0	33430	8	0	0	1	2	0	0	0	0	4	0	0	0	0	0	0	1	4	0	2	2	1	4	0	0	2	0	57899	0	0	0	8	0	0	129129	0	0	51286	0	0	5	0	2	0	0	2	0	0	31966	0	1	0	0	0	49807	5	1
EHA04658_bin.6	0	0	0	0	0	0	0	0	0	0	0	0	0	0	0	0	0	0	0	0	0	0	0	0	0	0	0	4874	0	0	0	0	0	0	0	0	0	0	996494	0	0	0	0	0	0	0	6015	3	0	0	0	2	0	0	0	0	0	0	0	0	0	0	0	0	0	0	0	18347	0	0	1	0	0	946	0	0	0	0	0	0	0	0	0	0	0	0	0	0	0	0	0	0	0	0	0	0	0	0	0	0	0	18524	0	0	0	0	0	0	10774	0	0	6675	0	0	0	0	0	0	0	0	0	0	5387	0	0	0	0	0	19840	0	0
EHA04658_bin.8	0	0	0	2	0	0	0	0	0	0	0	0	0	16	14	0	0	0	0	0	0	0	0	0	0	0	4	21135	0	0	0	0	0	2	0	0	0	0	77693	0	0	0	0	0	0	0	9671	5	0	0	0	12	0	0	0	0	0	0	0	0	0	0	0	0	0	0	0	50250	2	0	0	0	0	4477	0	0	0	0	0	0	0	0	0	8	0	0	0	0	0	0	0	0	31	0	0	0	0	0	17	0	0	54878	0	0	0	0	0	0	38574	0	0	7947	0	0	0	0	0	0	0	0	0	0	10361	1	0	4	17	0	39441	10	0
EHA04659_bin.10	0	0	0	0	0	0	0	0	0	0	0	0	0	0	2	0	0	0	0	0	0	2	0	0	0	0	0	2804	0	0	0	0	0	0	0	0	0	0	120	0	0	0	0	0	0	0	97	0	0	0	0	0	0	0	0	0	0	0	0	0	0	0	0	0	0	0	0	726	0	0	0	0	0	765	0	0	0	0	0	0	0	0	0	0	0	0	0	0	0	0	0	0	0	0	0	0	0	0	0	0	0	329	0	0	0	0	0	0	133	0	0	1227	0	0	0	0	0	0	0	0	0	0	322	0	0	0	0	0	1234	0	0
EHA04659_bin.12	0	0	2	2	126	0	0	0	0	0	0	0	32	19	77	0	0	0	0	0	3	0	8	0	0	1	46	14090	0	0	0	0	0	0	0	0	0	0	16630	0	0	0	0	2	0	0	23558	12	0	0	0	23	1	0	0	0	0	0	8	0	0	12	0	64	0	0	0	12905	25	0	4	0	0	3013	0	0	0	46	0	0	52	0	0	23	4	1	0	2	0	0	0	0	42	0	0	0	0	0	31	0	0	18454	0	0	0	0	4	3	6578	0	0	37238	0	0	0	0	0	0	0	0	4	0	13952	7	0	0	1	0	10356	18	0
EHA04659_bin.16	0	2	0	0	0	0	0	0	0	0	0	0	0	0	64	0	0	0	0	0	0	0	0	0	0	0	0	22458	0	0	0	0	0	0	0	0	0	0	2344	0	0	0	0	0	0	0	4550	4	0	0	0	5	0	0	0	0	0	0	0	0	0	0	0	0	0	0	0	43940	4	0	0	0	0	6907	0	0	0	1	0	0	0	0	0	9	0	0	0	0	0	0	0	0	45	0	0	0	0	0	1	0	0	3398	0	0	0	0	0	0	2302	0	1	4699	0	0	0	0	0	0	0	0	0	0	7476	8	0	0	0	0	14554	2	0
EHA04659_bin.17	0	0	0	0	0	0	0	0	0	0	0	0	0	0	0	0	0	0	0	0	0	0	0	0	0	0	0	17858	0	0	0	0	0	0	0	0	0	0	782	0	0	0	0	0	0	0	1826	0	0	0	0	0	0	0	0	0	0	0	0	0	0	0	0	0	0	0	0	17091	0	0	0	0	0	659	0	0	0	0	0	0	0	0	0	0	0	0	0	0	0	0	0	0	0	0	0	0	0	0	0	0	0	3587	0	0	0	0	0	0	2257	0	0	30484	0	0	0	0	0	0	0	0	0	0	5585	0	0	0	0	0	30871	0	0
EHA04659_bin.18	0	0	0	0	0	0	0	0	0	0	0	0	0	0	0	0	0	0	0	0	0	0	0	0	0	0	0	4867	0	0	0	0	0	0	0	0	0	0	262	0	0	0	0	0	0	0	1064	0	0	0	0	0	0	0	0	0	0	0	0	0	0	0	0	0	0	0	0	2380	0	0	0	0	0	1973	0	0	0	0	0	0	0	0	0	0	0	0	0	0	0	0	0	0	0	0	0	0	0	0	0	0	0	2330	0	0	0	0	0	0	5904	0	0	4057	0	0	0	0	0	0	0	0	2	0	1320	0	0	0	0	0	5090	0	0
EHA04659_bin.1	0	0	0	2	0	0	0	0	0	0	0	0	0	23	14	0	0	0	2	0	0	0	7	2	0	0	0	870992	0	0	0	0	0	0	0	0	0	0	802	2	0	0	0	0	0	0	2672	15	0	0	2	2	0	0	0	0	0	0	0	0	0	0	0	15	0	0	5	2172	1	0	7	0	0	52819	0	0	0	5	0	0	3	0	0	9	0	0	0	0	0	0	0	0	24	0	0	0	0	0	5	0	0	1576	0	0	0	0	0	0	1734	0	0	4570	0	0	0	0	0	0	0	0	0	0	2039583	1	0	0	0	0	32830	9	0
EHA04659_bin.20	0	53	0	0	9	0	0	0	0	0	0	0	0	0	3	0	0	0	0	0	4	0	2	0	0	0	3	12826	0	0	0	0	0	0	0	0	0	0	48108	0	0	0	0	0	0	0	6111	0	0	0	0	2	0	0	0	0	0	0	0	0	0	0	0	2	0	0	6	23776	16	0	6	0	0	5102	0	0	0	1	0	0	0	0	2	1	5	0	0	0	0	0	0	0	18	0	0	0	0	0	6	0	0	28600	0	0	0	0	0	0	147573	0	1	16559	0	0	0	0	0	0	0	0	0	0	10909	0	0	2	0	0	12750	11	0
EHA04659_bin.22	0	0	0	0	0	0	0	0	0	0	0	0	0	0	3	0	0	0	0	0	0	0	0	0	0	0	0	48946	0	0	0	0	0	0	0	0	0	0	1697	0	0	0	0	0	0	0	4082	0	0	0	0	1	0	0	0	0	0	0	0	0	0	0	0	0	0	0	0	5001	0	0	0	0	0	3697	0	0	0	0	0	0	0	0	0	0	0	0	0	0	0	0	0	0	0	0	0	0	0	0	3	0	0	4912	0	0	0	0	0	0	3020	0	0	7469	0	0	0	0	0	0	0	0	0	0	15684	0	0	0	0	0	7991	0	0
EHA04659_bin.23	0	0	0	0	2	0	0	0	0	0	0	0	0	0	0	0	0	0	0	0	0	0	0	0	0	0	0	6080	0	0	0	0	0	0	0	0	0	0	22	0	0	0	0	0	0	0	4183	0	0	0	0	0	0	0	0	0	0	0	0	0	0	0	0	0	0	0	0	7297	0	0	0	0	0	4417	0	0	0	0	0	0	0	0	0	0	0	0	0	0	0	0	0	0	0	0	0	0	0	0	0	0	0	2309	0	0	0	0	0	0	2409	0	0	2267	0	0	0	0	0	0	0	0	0	0	22113	1	0	0	0	0	10004	0	0
EHA04659_bin.24	0	33	0	0	2	0	0	0	0	1	0	0	0	1	1	0	0	0	0	0	0	0	3	0	0	0	0	124987	0	0	0	0	0	0	0	0	0	0	64046	0	0	0	0	1	0	0	114089	1	0	0	0	2	0	0	0	0	0	0	0	0	0	0	0	0	0	0	0	137687	0	0	0	0	0	79929	0	0	0	1	0	0	0	0	0	9	0	0	0	0	0	0	0	0	0	0	0	0	0	0	5	0	0	124675	0	0	0	0	0	0	108990	0	0	113105	0	0	0	0	0	0	0	0	0	0	123716	2	0	0	0	0	118828	14	0
EHA04659_bin.26	0	5	0	0	2	0	0	0	0	0	0	0	0	1	8	0	0	0	0	0	0	0	0	0	0	10	2	68276	2	0	2	0	0	0	0	0	0	0	18794	2	0	0	0	0	0	0	69595	0	0	0	0	2	1	0	0	0	0	0	0	0	0	2	0	0	0	0	0	95299	0	0	0	0	0	59699	2	0	0	0	0	0	0	0	0	1	0	4	0	0	0	0	0	0	2	0	0	0	0	0	4	0	0	65296	0	0	0	0	0	1	37892	0	0	70972	0	0	0	0	0	0	0	0	0	0	69385	0	0	4	0	0	72022	16	0
EHA04659_bin.2	0	0	0	0	0	0	0	0	0	0	0	0	0	1	1	0	0	0	0	0	1	0	3	0	0	0	0	24397	0	0	0	0	0	0	0	0	0	0	321	0	0	0	0	0	0	0	24196	0	0	0	0	2	0	0	0	0	0	0	0	0	0	0	0	0	0	0	0	8593	0	0	0	0	0	790	0	0	0	0	0	0	0	0	0	0	0	0	0	0	0	0	0	0	0	0	0	0	0	0	0	0	0	840	0	0	0	0	0	0	3759	0	0	20128	0	0	0	0	0	0	0	0	0	0	21105	9	0	0	0	0	25038	0	0
EHA04659_bin.3	0	0	0	0	0	0	0	0	0	0	0	0	0	0	0	0	0	0	0	0	0	0	0	0	0	0	0	3896	0	0	0	0	0	0	0	0	0	0	342	0	0	0	0	0	0	0	7520	0	0	0	0	0	0	0	0	0	0	0	0	0	0	0	0	0	0	0	0	932	0	0	0	0	0	598	0	0	0	0	0	0	0	0	0	0	0	0	0	0	0	0	0	0	0	0	0	0	0	0	0	0	0	4514	0	0	0	0	0	0	3023	0	0	1979	0	0	0	0	0	0	0	0	0	0	4316	0	0	0	0	0	2969	0	0
EHA04659_bin.4	0	38	0	0	5	0	0	0	0	0	0	0	0	8	20	0	0	5	0	0	0	0	0	0	0	0	0	5807	0	0	0	0	0	1	0	0	0	0	12958	2	0	0	0	0	0	0	84353	6	0	0	0	0	0	0	0	0	0	0	0	0	0	0	0	32	0	0	0	34606	3	0	0	0	0	3708	0	0	0	5	0	0	1	0	0	20	0	0	0	0	0	0	0	0	16	0	0	0	0	0	19	0	0	8019	0	0	0	0	0	0	132728	0	1	20514	0	0	0	0	0	0	0	0	0	0	24261	0	0	0	0	0	28431	9	0
EHA04659_bin.8	0	0	0	0	0	0	0	0	0	0	0	0	0	0	0	0	0	0	0	0	0	0	0	0	0	0	0	4892	0	0	0	0	0	0	0	0	0	0	8552	0	0	0	0	0	0	0	18412	2	0	0	0	0	0	0	0	0	0	0	0	0	0	0	0	0	0	0	0	18284	1	0	0	0	0	1410	0	0	0	0	0	0	0	0	0	0	0	0	0	0	0	0	0	0	0	0	0	0	0	0	0	0	0	65176	0	0	0	0	0	0	591	0	0	464	0	0	0	0	0	0	0	0	0	0	17208	0	0	0	0	0	72766	0	0
EHA04660_bin.10	0	18	0	0	0	0	0	0	0	0	0	0	0	0	0	0	0	0	0	0	0	0	4	0	0	0	0	119	0	0	0	0	0	0	0	0	0	0	100	0	0	0	0	0	0	0	36	2	0	0	0	0	0	0	0	0	0	0	0	0	0	0	0	2	0	0	0	112	0	0	0	0	0	4	0	0	0	0	0	0	0	5	0	0	0	0	0	0	0	0	0	0	0	0	0	0	0	0	0	0	0	1314	0	0	0	0	0	0	91	0	0	205	0	0	0	0	0	0	0	0	0	0	42	0	0	0	0	0	18	0	0
EHA04660_bin.11	26	58	0	0	0	0	0	0	0	0	0	0	0	0	4	0	25	0	0	0	0	0	0	10	0	0	0	0	52	0	58	0	0	0	1	0	0	0	0	0	0	0	0	0	0	0	0	0	0	0	0	0	0	0	0	0	0	6	0	0	6	0	0	10	0	16	2	0	0	0	0	0	0	0	2	0	0	0	0	0	0	0	0	7	0	0	0	0	0	0	0	0	0	0	22	0	0	0	1	0	0	0	0	0	0	0	0	0	0	0	0	0	0	0	0	0	0	0	0	0	0	0	0	0	0	136	0	0	0	0	0
EHA04660_bin.12	0	7	1	0	136	0	0	0	0	0	1	0	14	101	140	0	0	29	0	0	2	0	3	6	0	0	53	9601	2	0	2	0	0	0	0	0	0	0	3364	3	2	0	0	0	24	1	6197	33	0	0	0	4	0	2	0	0	0	0	2	0	0	2	0	43	0	0	4	28797	28	0	8	0	0	5073	2	0	0	132	0	0	21	0	0	154	11	1	0	1	0	0	0	0	59	0	1	0	0	0	110	0	0	232289	0	13	2	0	0	2	13543	0	6	22907	0	0	0	0	0	0	0	0	0	0	11827	5	0	2	4	0	22523	29	0
EHA04660_bin.14	0	0	0	0	0	0	0	0	0	0	0	0	0	0	0	0	0	0	0	0	0	0	0	0	0	0	0	0	0	0	0	0	0	0	0	0	0	0	0	0	0	0	0	0	0	0	0	0	0	0	0	0	0	0	0	0	0	0	0	0	0	0	0	0	0	0	0	10	0	0	0	0	0	0	0	0	0	0	0	0	0	0	0	0	0	0	0	0	0	0	0	0	0	0	0	0	0	0	0	0	0	2	0	0	0	0	0	0	0	0	0	0	0	0	0	0	0	0	0	0	0	0	0	0	0	0	0	0	3	0	0
EHA04660_bin.16	0	0	0	0	0	0	0	0	0	0	0	0	1	0	0	0	0	0	0	0	0	0	0	0	0	0	0	2853	0	0	0	0	0	0	0	0	0	0	1623	0	0	0	0	16	0	0	4081	0	0	0	0	0	9	0	0	0	0	0	0	0	0	0	0	2	0	0	0	3087	0	0	0	0	0	2424	0	0	0	0	0	0	0	0	0	0	0	0	0	0	0	0	0	0	0	0	0	0	0	0	0	0	0	4269	0	0	0	0	0	0	6660	0	0	3053	0	0	0	0	0	0	0	0	8	0	2754	0	0	0	0	0	2330	0	0
EHA04660_bin.19	0	17	0	1	37	0	0	0	0	0	0	0	0	63	265	0	0	0	0	0	20	0	39	0	0	0	58	9	30	0	0	0	0	0	0	0	0	0	21	0	0	0	0	0	0	2	4	3	0	0	0	11	0	0	0	0	0	0	0	0	0	4	0	110	0	0	0	56	29	0	11	0	0	23	0	0	0	0	0	0	115	0	0	39	9	2	0	7	0	0	0	0	158	0	0	0	0	0	100	0	0	10	0	0	0	0	0	4	3	0	5	14	0	0	0	2	0	0	0	0	0	0	1	20	0	0	0	0	29	28	0
EHA04660_bin.1	0	0	0	0	0	0	0	0	0	0	0	0	0	0	1	0	0	0	0	0	0	0	0	0	0	0	0	2738	0	0	2	0	0	0	0	0	0	0	13379	0	0	0	0	0	0	0	16310	0	0	0	0	0	0	0	0	0	0	0	0	0	0	0	0	0	0	0	0	17466	0	0	0	0	0	8018	0	0	0	0	0	0	0	0	0	0	0	0	0	0	0	0	0	0	2	0	0	0	0	0	0	0	0	54929	0	0	0	0	0	0	9367	0	0	1322	0	0	0	0	0	0	0	0	0	0	4963	0	0	0	2	0	12725	0	0
EHA04660_bin.21	0	633	0	4	475	0	0	0	0	0	6	0	0	491	1682	0	0	0	0	0	50	2	895	0	0	0	509	40417	14	0	22	0	0	0	0	0	0	0	30530	0	0	0	0	0	0	6	13195	47	0	0	2	47	2	0	0	0	0	0	3	0	0	0	1	466	0	0	0	41046	389	0	62	0	0	4275	0	0	0	216	0	2	444	0	0	457	26	0	0	7	0	0	0	0	949	0	0	0	0	0	519	0	0	43802	0	0	1	0	0	0	62351	0	19	19602	0	0	0	0	0	0	0	0	2	0	23646	0	0	0	8	0	35312	515	0
EHA04660_bin.23	0	75	0	4	35	0	0	0	0	0	0	0	17	19	18	0	0	0	0	0	1	0	5	8	0	0	3	134	4	0	2	0	0	0	0	0	0	0	54	1	0	0	0	0	0	0	53	26	0	0	0	39	0	0	0	0	0	0	0	0	0	0	0	12	0	0	0	399	0	0	2	0	0	117	0	0	0	0	0	0	0	0	0	4	2	0	0	3	0	0	0	0	3	0	0	0	0	0	19	0	0	408	0	0	0	0	0	0	367	0	2	105	0	12	0	0	0	0	0	0	0	0	259	0	0	0	0	0	107	32	0
EHA04660_bin.24	0	2	0	2	3	0	0	0	0	0	0	0	0	16	5	0	0	0	0	0	4	3	0	0	0	0	3	23212	0	0	0	0	0	0	0	0	0	0	8099	0	0	0	0	0	0	1	22916	560	0	0	0	479	0	0	0	0	0	0	0	0	0	0	0	39	0	0	0	14083	6	0	18	0	0	2082	0	0	0	0	0	0	0	1	0	0	1	0	0	1	0	0	0	0	1	0	0	0	0	0	0	0	0	30607	0	0	0	0	0	0	10531	0	3	22010	0	0	0	0	0	0	0	0	0	0	58404	0	0	0	0	0	20368	0	0
EHA04660_bin.25	0	208	0	0	0	0	0	0	0	0	0	0	0	42	82	0	0	0	0	0	2	0	1	0	0	0	13	383	9	0	9	0	0	0	0	0	0	0	167	0	0	0	0	0	0	1	42	14	0	0	0	9	0	0	0	0	0	0	0	0	0	0	2	7	0	0	0	146	8	0	6	0	0	217	0	0	0	39	0	0	5	11	0	8	23	2	0	7	0	0	0	0	6	0	0	0	0	0	42	0	0	21	0	0	0	0	0	1	102	0	0	57	0	0	0	0	0	0	0	0	0	0	89	4	0	0	0	0	306	8	0
EHA04660_bin.26	0	0	0	0	3	0	0	2	0	2	1	0	0	8	14	0	0	0	0	0	4	3	0	0	0	0	0	55	14	0	0	0	0	0	0	0	0	0	163	0	0	0	0	0	0	11	46	26	0	0	0	39	0	0	0	0	0	0	0	0	0	0	0	0	0	0	0	55	2	0	4	0	0	18	0	0	0	0	0	0	0	4	0	2	1	0	0	3	0	0	0	0	2	0	0	0	0	0	0	0	0	76	4	0	0	0	0	0	118	1	2	136	0	0	0	0	0	0	0	0	0	0	30	0	0	0	0	0	95	3	0
EHA04660_bin.27	0	0	0	0	0	0	0	0	0	0	0	0	0	6	14	0	0	0	0	0	13	3	0	0	0	0	1	5298	5	0	0	0	0	0	0	0	0	0	495	0	0	0	0	0	0	2	26	28	0	0	0	19	0	0	0	0	0	0	0	0	0	0	0	0	0	0	0	30	0	0	0	0	0	32	0	0	0	0	0	0	0	4	0	2	5	0	0	1	0	0	2	0	8	0	0	0	0	0	0	0	0	8	0	0	0	0	0	0	3876	0	0	7	0	0	0	0	0	0	0	0	0	0	0	0	0	0	0	0	12	0	0
EHA04660_bin.28	0	9	0	0	0	0	0	0	0	0	0	0	0	4	16	0	0	0	0	0	32	0	0	0	0	0	11	179	3	0	0	0	0	0	0	0	0	0	96	0	0	0	0	0	0	2	49	10	0	0	0	20	0	0	0	0	0	0	0	0	0	0	0	4	0	0	0	101	4	0	11	0	0	134	0	0	0	5	0	0	14	2	0	4	0	0	0	1	0	0	0	0	14	0	0	0	0	0	0	0	0	191	0	0	0	0	0	0	172	0	0	29	0	0	0	0	0	0	0	0	0	0	60	0	0	0	0	0	48	0	0
EHA04660_bin.29	0	2	0	0	11	0	0	0	0	0	0	0	3	1	0	0	0	0	0	0	0	0	0	0	0	0	2	5611	0	0	0	0	0	0	0	0	0	0	3447	0	0	0	0	0	0	0	13500	0	0	0	0	2	0	0	0	0	0	0	0	0	0	0	0	0	0	0	0	11113	0	0	2	0	0	7818	0	0	0	0	0	0	1	0	0	1	0	0	0	0	0	0	0	0	0	0	0	0	0	0	0	0	0	28874	0	0	0	0	0	0	10854	0	0	12397	0	0	0	0	0	0	0	0	1	0	7084	0	0	0	0	0	6993	4	0
EHA04660_bin.2	0	0	0	0	0	0	0	0	0	0	0	0	4	2	0	0	0	0	0	0	0	0	0	0	0	0	0	4248	0	0	0	0	0	0	0	0	0	0	14017	0	0	0	0	0	0	0	3203	2	0	0	0	0	0	0	0	0	0	0	0	0	0	0	0	0	0	0	0	42989	0	0	0	0	0	24266	0	0	0	0	0	0	0	0	0	0	0	0	0	0	0	0	0	0	0	0	0	0	0	0	0	0	0	145348	0	0	0	0	0	0	14607	0	0	4698	0	0	0	0	0	0	0	0	0	0	5372	0	0	0	0	0	23634	0	0
EHA04660_bin.31	0	2	0	0	15	0	0	0	0	0	0	0	0	0	5	0	0	0	0	0	0	0	0	0	0	0	0	677	0	0	0	0	0	0	0	0	0	0	1666	0	0	0	0	0	0	0	252	4	0	0	0	9	0	0	0	0	0	0	0	0	0	0	0	0	0	0	0	1570	0	0	0	0	0	265	0	0	0	0	0	0	0	0	0	0	0	0	0	0	0	0	0	0	4	0	0	0	0	0	1	0	0	3136	0	0	0	0	0	0	35	0	0	950	0	0	0	0	0	0	0	0	0	0	1307	0	0	0	0	0	914	0	0
EHA04660_bin.3	0	17	0	0	1	0	0	0	0	2	26	0	0	0	0	0	11	0	1	0	5	2	3	0	0	0	2	8	0	0	0	0	0	0	0	0	0	0	267	0	2	0	0	13	0	5	84	16	0	0	0	7	1	0	0	0	0	0	0	0	0	0	0	0	0	4	7	235	0	0	84	0	0	12	2	2	0	0	0	0	27	19	155866	0	0	0	0	2	0	0	10	0	0	0	0	1	0	0	19	0	0	61	0	0	0	0	0	0	110	0	15	38	0	162751	0	6	0	0	0	0	4	4	12	0	0	72	0	0	90	2	0
EHA04660_bin.4	0	0	0	0	0	0	0	0	0	0	0	0	0	0	0	0	0	0	0	0	0	0	0	0	0	0	0	7442	0	0	0	0	0	0	0	0	0	0	12892	0	0	0	0	0	0	0	1995	0	0	0	0	0	0	0	0	0	0	0	0	0	0	0	0	0	0	0	0	2391	0	0	0	0	0	4205	0	0	0	0	0	0	0	0	0	0	0	0	0	0	0	0	0	0	0	0	0	0	0	0	0	0	0	63796	0	0	0	0	0	0	9902	0	0	2473	0	0	0	0	0	0	0	0	4	0	8407	0	0	0	0	0	10418	0	0
EHA04660_bin.5	4	473	8	4	113	2	5	0	0	0	14	2	2	600	1988	0	1	44	7	2	177	4	335	7	0	6	640	10630	11	2	17	0	0	2	2	2	1	4	21451	4	2	2	1	6	18	4	11134	65	0	0	5	41	0	4	0	2	0	8	29	0	4	84	2	1037	0	0	1	254397	832	4	147	2	0	19625	8	0	4	762	6	0	567	0	3	422	236	4	8	149	5	0	1	9	1458	4	0	1	2	0	433	0	1	212444	2	1	3	6	0	101	51108	2	205	66783	2	17	0	6	0	0	3	1	0	2	158985	102	2	9	4	0	12430	191	0
EHA04660_bin.6	0	0	0	0	1	0	0	0	0	0	0	0	0	0	0	0	0	0	0	0	0	0	0	0	0	0	0	0	0	0	0	0	0	0	0	0	0	0	2	0	0	0	0	0	0	0	8	1	0	0	0	4	0	0	0	0	0	0	0	0	0	0	0	0	0	0	0	6	0	0	0	0	0	5	0	0	0	0	0	0	0	0	0	0	0	0	0	1	0	0	0	0	0	0	0	0	0	0	0	0	0	11	0	0	0	0	0	0	2	0	3	3	0	0	0	0	0	0	0	0	0	0	0	0	0	0	0	0	3	6	0
EHA04660_bin.7	0	0	0	0	0	0	0	0	0	0	0	0	0	0	0	0	0	0	0	0	0	0	0	0	0	0	0	2048	0	0	0	0	0	0	0	0	0	0	4276	0	0	0	0	0	0	0	947	0	0	0	0	0	0	0	0	0	0	0	0	0	0	0	0	0	0	0	0	11069	0	0	0	0	0	352	0	0	0	0	0	0	0	0	0	0	0	0	0	0	0	0	0	0	0	0	0	0	0	0	0	0	0	2724	0	0	0	0	0	0	3944	0	0	1355	0	0	0	0	0	0	0	0	0	0	5415	0	0	0	0	0	13355	0	0
EHA04660_bin.8	0	1	0	0	0	0	0	0	0	0	0	0	0	1	7	0	0	0	0	0	0	0	0	0	0	0	4	18	0	0	0	0	0	0	0	0	0	0	22	2	0	0	0	0	0	0	90	0	0	0	0	5	2	0	0	0	0	0	0	0	0	0	0	0	0	0	0	45	1	0	0	0	0	32	0	0	0	2	0	0	0	0	0	0	0	0	0	0	0	0	0	0	2	0	0	0	0	0	0	0	0	357	0	0	0	0	0	0	29	0	0	34	0	0	0	0	0	0	0	0	0	0	10	0	0	0	0	0	20	10	0
EHA04660_bin.9	0	0	0	0	15	0	0	0	0	0	0	0	1	67	52	0	0	4	0	0	4	0	3	0	0	0	0	39	2	0	1	0	0	0	0	0	0	0	13	0	0	1	0	14	2	0	17	35	0	0	0	20	9	0	0	0	0	0	0	0	0	0	0	76	0	0	0	30	7	0	37	0	0	4	0	1	0	8	0	0	0	1	13	29	4	2	0	0	0	0	0	0	4	0	0	0	2	0	40	0	0	16	0	0	6	2	0	0	13474	2	2	12	0	3	0	0	0	0	0	0	8	3	3	41	0	0	4	1	32	2	1
EHA04661_bin.11	0	0	62	0	0	0	0	0	0	0	0	0	1	0	0	0	0	0	0	0	0	0	7	0	0	1	0	20660	0	0	2	0	0	0	0	0	0	0	1379	0	0	0	0	0	2	0	242	2	0	0	0	4	9	0	0	0	0	0	18	0	0	4	0	0	0	0	0	4559	0	0	0	0	0	35422	0	36	0	0	0	0	0	0	0	0	0	0	0	0	0	0	0	0	0	0	0	0	0	0	0	0	0	37699	0	0	0	0	55	6	2297	0	0	13016	0	0	0	0	0	0	0	0	2	0	664	3	0	0	0	0	1616	7	0
EHA04661_bin.12	0	2	0	0	0	0	0	0	0	0	0	0	0	1	44	0	0	0	0	0	0	0	0	0	0	0	0	59785	0	0	2	0	0	0	0	0	0	0	468	0	0	0	0	0	0	0	1248	37	0	0	0	8	0	0	0	0	0	0	0	0	0	0	0	145	0	0	0	1659	5	0	1	0	0	9434	0	0	0	0	0	0	20	0	0	1	0	0	0	0	0	0	0	0	13	0	0	0	0	0	0	0	0	741	0	0	0	0	0	0	1042	0	0	2464	0	0	0	0	0	0	0	0	0	0	250296	0	0	0	0	0	1719	8	0
EHA04661_bin.14	0	13	0	0	0	0	0	0	0	0	0	0	2	20	5	0	0	0	0	0	0	0	1	0	0	0	1	7789	18	0	0	0	0	0	0	0	0	0	4851	0	0	0	0	0	0	0	155358	0	0	0	0	4	0	0	0	0	0	0	0	0	0	0	0	6	0	0	2	46865	15	0	0	0	0	5685	0	0	0	3	0	0	0	0	0	3	0	0	0	0	0	0	0	0	5	0	0	0	0	0	7	0	0	9933	0	0	0	0	0	0	80970	0	0	26465	0	0	0	0	0	0	0	0	0	0	33443	0	0	0	0	0	25010	1	0
EHA04661_bin.16	0	454	0	59	19	0	0	0	0	0	0	0	0	106	301	0	0	0	0	0	0	0	28	0	0	0	90	1699	114	0	5	0	0	0	0	0	0	0	2064	2	0	0	0	0	0	0	2791	48	0	0	0	51	0	0	0	0	0	0	0	0	0	1	0	44	0	0	0	1105	27	0	1	0	0	784	0	0	0	86	0	0	45	0	0	70	16	0	0	0	0	0	4	0	55	0	0	0	0	0	166	0	0	838	0	0	0	0	0	0	1558	0	0	1355	0	0	0	0	0	0	0	0	0	0	1263	2	0	0	0	0	463	2934	0
EHA04661_bin.17	0	0	0	0	0	0	0	0	0	0	0	0	0	0	0	0	0	0	0	0	0	0	0	0	0	0	0	1816	0	0	0	0	0	0	0	0	0	0	189	0	0	0	0	0	0	0	677	1	0	0	0	0	0	0	0	0	0	0	0	0	0	0	0	0	0	0	0	1126	0	0	0	0	0	2361	0	0	0	0	0	0	0	0	0	0	0	0	0	0	0	0	0	0	0	0	0	0	0	0	0	0	0	853	0	0	0	0	0	0	191	0	0	5797	0	0	0	0	0	0	0	0	0	0	12101	0	0	0	0	0	48902	0	0
EHA04661_bin.18	1	134	0	0	18	0	0	0	0	0	0	0	0	40	16	0	0	0	0	0	0	0	2	0	0	0	22	13733	0	0	6	0	0	0	0	0	0	0	3852	0	0	0	0	0	0	0	24530	2	0	0	0	4	0	0	0	0	0	0	0	0	0	0	0	20	0	0	0	13209	1	0	0	0	0	10906	0	0	0	123	0	0	0	0	1	254	0	0	0	0	0	0	0	0	11	0	0	0	0	0	6	0	0	8777	0	0	0	0	0	0	5603	0	0	17233	0	0	0	0	0	0	0	0	0	0	23819	0	0	0	0	0	20718	48	0
EHA04661_bin.19	0	4	0	0	7	0	0	0	0	0	0	0	0	2	9	0	0	1	0	0	0	0	0	0	0	0	2	7966	0	0	0	0	0	0	0	0	0	0	4402	0	0	0	0	0	0	0	179371	0	0	0	0	2	0	0	0	0	0	0	0	0	2	0	0	1	0	0	0	51209	0	0	0	0	0	3849	0	0	0	0	0	0	2	0	0	30	0	0	0	0	0	0	0	0	0	0	0	0	0	0	5	0	0	14102	0	0	0	0	0	0	3847	0	0	24269	0	0	0	0	0	0	0	0	0	0	47163	1	0	0	0	0	83144	2	0
EHA04661_bin.20	0	0	0	0	1	0	0	0	0	0	0	0	0	0	0	0	0	0	0	0	0	0	0	0	0	0	0	6718	0	0	0	0	0	0	0	0	0	0	108	0	0	0	0	0	0	0	706	0	0	0	0	0	0	0	0	0	0	0	0	0	0	0	0	0	0	0	0	10091	0	0	0	0	0	984	0	0	0	0	0	0	0	0	0	0	0	0	0	0	0	0	0	0	0	0	0	0	0	0	0	0	0	3290	0	0	0	0	1	0	689	0	0	40226	0	0	0	0	0	0	0	0	0	0	38035	0	0	0	0	0	18381	0	0
EHA04661_bin.22	0	0	0	0	0	0	0	0	0	0	0	0	0	0	2	0	0	0	0	0	0	0	0	0	0	0	0	10565	0	0	0	0	0	0	0	0	0	0	2949	0	0	0	0	0	0	0	5092	0	0	0	0	0	0	0	0	0	0	0	0	0	0	0	0	0	0	0	0	5058	0	0	0	0	0	4431	0	0	0	0	0	0	0	0	0	0	0	0	0	0	0	0	0	0	0	0	0	0	0	0	0	0	0	9793	0	0	0	0	0	0	6747	0	0	3253	0	0	0	0	0	0	0	0	0	0	14606	0	0	0	0	0	7046	0	0
EHA04661_bin.23	0	0	0	0	0	0	0	0	0	0	0	0	0	0	0	0	0	0	0	0	0	0	0	0	0	0	0	1876	0	0	0	0	0	0	0	0	0	0	16	0	0	0	0	0	0	0	1178	0	0	0	0	0	0	0	0	0	0	0	0	0	0	0	0	0	0	0	0	1119	0	0	0	0	0	769	0	0	0	0	0	0	0	0	0	0	0	0	0	0	0	0	0	0	0	0	0	0	0	0	0	0	0	7792	0	0	0	0	0	0	1018	0	0	1637	0	0	0	0	0	0	0	0	0	0	1381	0	0	0	0	0	2134	6	0
EHA04661_bin.24	0	6	0	0	0	0	0	0	0	0	0	0	0	0	41	0	0	2	0	0	2	0	4	2	0	0	0	77570	0	0	0	0	0	0	0	0	0	0	10583	0	0	0	0	0	2	0	3224	7	0	0	0	26	0	0	0	0	0	0	0	0	0	0	0	15	0	0	0	13616	9	0	4	0	0	7376	2	0	0	1	0	0	2	0	0	28	0	0	0	0	0	0	0	0	102	0	0	0	0	0	23	0	0	25207	0	0	0	0	0	0	32300	0	0	5393	0	0	0	0	0	0	0	0	0	3	14691	7	0	4	0	0	53282	11	0
EHA04661_bin.25	0	3	0	0	0	0	0	0	0	0	0	0	0	1	5	0	0	3	0	0	0	0	7	0	0	0	3	3914	0	0	0	0	0	0	0	0	0	0	10	0	0	0	0	0	2	0	4	0	0	0	0	2	0	0	0	0	0	0	0	0	0	0	0	2	0	0	2	3212	0	0	0	0	0	593	0	0	0	1	0	0	0	0	2363	0	1	1	0	0	0	0	0	0	0	0	0	0	0	0	0	0	0	2	0	0	0	0	0	2	10	0	1	14	0	2481	0	0	0	0	0	0	0	0	5474	0	0	1	0	0	9869	2	0
EHA04661_bin.27	0	0	0	0	0	0	0	0	0	0	0	0	0	0	0	0	0	0	0	0	0	0	0	0	0	0	0	3962	0	0	0	0	0	0	0	0	0	0	2858	0	0	0	0	0	0	0	16959	0	0	0	0	0	0	0	0	0	0	0	0	0	0	0	0	0	0	0	0	9488	0	0	0	0	0	418	0	0	0	0	0	0	0	0	0	0	0	0	0	0	0	0	0	0	0	0	0	0	0	0	0	0	0	40335	0	0	0	0	0	0	1414	0	0	1475	0	0	0	0	0	0	0	0	0	0	4591	0	0	0	0	0	7601	0	0
EHA04661_bin.28	0	0	0	0	0	0	0	0	0	0	0	0	0	0	0	0	0	0	0	0	0	0	0	0	0	0	0	15074	0	0	0	0	0	0	0	0	0	0	1734	0	0	0	0	0	1	0	2335	0	0	0	0	0	0	0	0	0	0	0	0	0	0	0	0	0	0	0	0	5413	0	0	0	0	0	1924	0	0	0	0	0	0	0	0	0	0	0	0	0	0	0	0	0	0	0	0	0	0	0	0	0	0	0	19018	0	0	0	0	0	0	19128	0	0	16718	0	0	0	0	0	0	0	0	0	0	26554	0	0	0	0	0	5699	0	0
EHA04661_bin.29	0	31	0	0	0	0	0	0	0	0	0	0	0	1	2	0	0	0	0	0	0	0	0	0	0	0	0	88756	0	0	0	0	0	0	0	0	0	0	10956	0	0	0	0	0	0	0	45875	1	0	0	0	2	0	0	0	0	0	0	0	0	0	0	0	0	0	0	2	30768	0	0	0	0	0	46966	0	0	0	0	0	0	0	0	0	0	0	1	0	0	0	0	0	0	1	0	0	0	0	0	1	0	0	29383	0	0	0	0	0	0	12331	0	0	44523	0	0	0	0	0	0	0	0	0	0	508848	0	0	0	0	0	66726	10	0
EHA04661_bin.30	23	93	0	0	0	0	0	0	0	0	23	0	0	18	89	0	4	0	8	0	212	4	0	0	0	0	10	8021	1	0	2	0	0	0	0	0	0	0	653	10	0	0	0	0	0	10	5004	12	0	0	24	2	0	0	0	0	0	0	0	0	0	16	0	13	0	0	0	14229	6	0	144	0	0	18971	1	0	0	24	0	0	0	0	0	20	97	0	0	136	0	0	0	0	39	0	0	0	0	0	8	0	0	47227	0	0	2	0	0	0	2586	0	155	58265	0	0	0	0	0	0	0	0	0	0	5318	0	0	104	3	0	5402	249	0
EHA04661_bin.31	2	16	0	6	20	0	0	0	0	0	0	0	4	252	325	0	1	5	4	0	0	0	15	2	0	0	125	3061	1	0	7	0	0	0	0	0	0	0	4178	0	0	0	0	0	4	0	18354	3	0	0	0	4	0	0	0	0	0	0	0	0	0	0	0	177	0	0	0	16226	76	0	2	0	0	1545	0	0	0	350	0	0	65	0	1	265	10	0	0	2	0	0	0	0	110	0	0	0	0	0	235	0	0	62696	0	0	0	2	0	0	7410	0	5	5648	0	0	0	0	0	0	0	2	0	0	5488	3	0	0	4	0	11025	66	0
EHA04661_bin.32	0	0	0	0	0	0	0	0	0	0	0	0	0	0	1	0	0	0	0	0	3	4	0	0	0	0	0	13501	0	0	0	0	0	0	0	0	0	0	11980	0	0	0	0	0	0	0	8231	6	0	0	0	6	0	0	0	0	0	0	0	0	0	0	0	0	0	0	0	18294	1	0	0	0	0	6089	0	0	0	0	0	0	2	2	0	0	0	0	0	0	0	0	0	0	0	0	0	0	0	0	16	0	0	26745	0	0	0	0	0	0	26885	0	1	5819	0	0	0	0	0	0	0	0	0	0	12530	0	0	0	0	0	18761	6	0
EHA04661_bin.5	0	0	0	0	0	0	0	0	0	0	0	0	0	0	0	0	0	0	0	0	0	0	0	0	0	0	0	116	0	0	0	0	0	0	0	0	0	0	0	0	0	0	0	0	0	0	6	0	0	0	0	0	0	0	0	0	0	0	0	0	0	0	0	0	0	0	0	4786	0	0	0	0	0	599	0	0	0	0	0	0	0	0	0	0	2	0	0	0	0	0	0	0	0	0	0	0	0	0	0	0	0	49	0	0	0	0	0	0	5	0	0	3	0	0	0	0	0	0	0	0	0	0	9	0	0	0	0	0	61	0	0
EHA04661_bin.7	0	1	0	0	0	0	0	0	0	0	0	0	0	2	19	0	1	0	0	0	0	0	2	0	0	0	6	124043	0	0	3	0	0	0	0	0	0	0	296	0	0	0	0	0	0	0	2019	55	0	0	0	23	0	0	0	0	0	0	0	0	0	0	0	22	0	0	0	872	4	0	3	0	0	86193	0	0	0	1	0	0	2	0	0	2	0	0	0	0	0	0	0	0	4	0	0	0	0	0	2	0	0	921	0	0	0	0	0	2	551	0	0	49063	0	0	0	0	0	0	0	0	0	0	67646	0	0	0	0	0	4888	13	0
EHA04661_bin.8	0	0	0	0	0	0	0	0	0	0	0	0	0	0	0	0	0	0	0	0	0	0	0	0	0	0	0	6897	0	0	0	0	0	0	0	0	0	0	2174	0	0	0	0	0	0	0	2699	0	0	0	0	0	0	0	0	0	0	0	0	0	0	0	0	0	0	0	0	12424	0	0	0	0	0	2885	0	0	0	0	0	0	0	0	0	0	0	0	0	0	0	0	0	0	0	0	0	0	0	0	0	0	0	42515	0	0	0	0	0	0	9265	0	0	51814	0	0	0	0	0	0	0	0	0	0	7154	0	0	0	0	0	17133	2	0
EHA04661_bin.9	0	0	0	0	4	0	0	0	0	0	0	0	2	0	0	0	0	0	0	0	0	0	7	0	0	0	0	16888	0	0	0	0	0	0	0	0	0	0	170360	0	0	0	0	0	0	0	1639	40	0	0	2	15	0	0	0	0	0	0	0	0	0	3	0	0	0	0	0	53596	0	0	0	0	0	10171	0	0	0	3	0	0	2	0	5	0	0	2	0	0	0	0	0	0	2	0	0	0	0	0	1	0	0	540362	0	0	0	0	0	1	197	0	0	195142	0	5	0	0	0	0	0	0	0	0	221646	5	0	0	0	0	119888	0	0
EHA04662_bin.17	0	19	0	19	31	0	0	0	0	0	1	0	0	119	336	0	0	0	0	0	66	1	3	0	0	0	143	248	37	0	10	0	0	0	0	0	0	0	657	0	0	0	0	0	0	4	859	5	0	0	0	9	0	0	0	0	0	0	0	0	4	0	0	17	0	0	0	1089	51	0	89	0	0	999	0	0	0	44	0	0	194	0	0	33	38	0	0	4	0	0	0	0	118	0	0	2	0	0	168	0	0	1703	0	0	0	0	0	0	192	0	20	1660	0	0	0	0	0	0	0	0	0	2	867	0	0	0	0	0	1956	0	0
EHA04662_bin.1	0	0	0	0	0	0	0	0	0	0	0	0	0	0	0	0	0	0	0	0	0	0	0	0	0	0	0	2107	0	0	0	0	0	0	0	0	0	0	98164	0	0	0	0	0	0	0	12549	0	0	0	0	0	0	0	0	0	0	0	0	0	0	0	0	0	0	0	0	17921	0	0	0	0	0	285	0	0	0	0	0	0	0	0	0	0	0	0	0	0	0	0	0	0	0	0	0	0	0	0	0	0	0	15383	0	0	0	0	0	0	7793	0	0	3473	0	0	0	0	0	0	0	0	0	0	20924	0	0	0	0	0	4426	0	0
EHA04662_bin.20	0	0	0	0	0	0	0	0	0	0	0	0	0	6	4	0	0	0	0	0	3	0	0	0	0	0	9	6662	0	0	0	0	0	0	0	0	0	0	5064	0	0	0	0	0	0	9	4	5	0	0	0	9	0	0	0	0	0	0	0	0	0	0	0	4	0	0	0	4	7	0	0	0	0	1323	0	0	0	11	0	0	0	0	0	0	0	0	0	10	0	0	0	0	2	0	0	0	0	0	34	0	0	11	0	0	0	0	0	0	609	0	0	4	0	0	0	0	0	0	0	0	0	0	0	0	0	0	0	0	3	0	0
EHA04662_bin.22	4	2	0	0	0	0	0	0	0	0	0	0	0	0	4	0	4	2	4	0	0	0	3	6	0	0	0	15565	0	0	6	0	0	0	0	0	0	0	86518	0	0	0	0	0	0	0	4243	2	0	0	10	0	0	0	0	0	0	0	0	0	0	8	0	0	0	0	2	23471	0	0	0	0	0	4594	0	0	0	0	0	0	0	0	0	0	0	0	0	0	0	0	0	0	1	0	0	0	0	0	3	0	0	9592	0	0	0	0	0	0	17653	0	0	3485	0	0	0	0	0	0	0	0	0	0	9795	2	0	0	10	0	6047	17	0
EHA04662_bin.26	0	0	0	0	0	0	0	0	0	0	0	0	0	0	0	0	0	0	0	0	0	0	0	0	0	0	0	6295	0	0	0	0	0	0	0	0	0	0	43854	0	0	0	0	0	0	0	14197	0	0	0	0	0	0	0	0	0	0	0	0	0	0	0	0	1	0	0	0	8234	0	0	0	0	0	7661	0	0	0	0	0	0	0	0	0	0	0	0	0	0	0	0	0	0	0	0	0	0	0	0	0	0	0	12525	0	0	0	0	0	0	10924	0	0	16909	0	0	0	0	0	0	0	0	0	0	6729	0	0	0	0	0	9319	1	0
EHA04662_bin.28	0	0	0	0	0	0	0	0	0	0	0	0	0	3	8	0	0	0	0	0	0	0	0	0	0	0	0	6117	0	0	0	0	0	0	0	0	0	0	15785	0	0	0	0	0	0	0	7168	0	0	0	0	0	0	0	0	0	0	0	0	0	0	1	0	8	0	0	0	2994	1	0	0	0	0	3047	0	0	0	0	0	0	0	0	0	1	0	0	0	0	0	0	0	0	0	0	0	0	0	0	2	0	0	15698	0	0	0	0	0	0	17584	0	0	7701	0	0	0	0	0	0	0	0	0	0	4798	0	0	0	0	0	5013	10	0
EHA04662_bin.6	0	10	0	0	24	0	0	0	0	0	0	0	0	14	70	0	2	0	0	0	5	0	6	0	0	0	9	4511	0	0	1	0	0	0	0	0	0	0	4166	0	0	0	0	0	0	0	5052	3	0	0	0	17	0	0	0	0	0	0	0	0	0	1	0	20	0	0	0	3984	12	0	0	0	0	6220	2	0	0	19	0	0	3	0	0	83	0	0	0	0	0	0	0	0	10	0	0	0	0	0	84	0	0	3372	0	0	0	0	0	0	6658	0	3	7026	0	0	0	0	0	0	0	0	0	0	12167	1	0	0	1	0	4579	11	0
EHA04662_bin.8	0	16	5	0	9	0	0	0	0	0	2	0	0	871	1705	0	0	0	0	0	46	2	54	0	0	0	413	244	31	0	2	0	0	0	0	0	0	0	142	2	0	0	0	0	0	0	13	19	0	0	0	22	0	0	0	0	0	0	51	0	0	26	0	38	0	0	0	69	670	0	23	0	0	665	0	0	0	2035	0	0	151	0	0	143	46	0	0	21	0	0	0	0	1821	0	0	0	0	0	535	0	0	48	0	0	0	0	0	41	356	0	18	27	0	0	0	0	0	0	0	0	0	0	7	45	0	0	0	0	71	23	0
EHA04663_bin.10	0	0	0	0	0	0	0	0	0	0	0	0	0	0	0	0	0	0	0	0	0	0	0	0	0	0	0	4401	0	0	0	0	0	0	0	0	0	0	11204	2	0	0	0	0	0	0	2176	0	0	0	2	0	0	0	0	0	0	0	0	0	0	0	0	0	0	0	0	4462	0	0	0	0	0	4371	0	0	0	0	0	0	0	0	0	0	0	0	0	0	0	0	0	0	0	0	0	0	0	0	0	0	0	13584	0	0	0	0	0	0	2908	0	0	14639	0	0	0	0	0	0	0	0	2	0	8876	0	0	0	2	0	7223	0	0
EHA04663_bin.11	0	0	0	2	0	0	0	0	0	0	0	0	0	0	0	0	3	2	0	0	0	0	1	0	0	0	0	18018	0	0	0	0	0	0	0	0	0	0	14314	0	0	0	0	0	0	0	7748	2	0	0	0	5	0	0	0	0	0	0	0	0	0	0	0	0	0	0	0	10422	0	0	0	0	0	3057	0	0	0	0	0	0	0	0	0	0	0	0	0	0	0	0	0	0	0	0	0	0	0	0	1	0	0	8250	0	0	0	0	0	0	81	0	0	10383	0	0	0	0	0	0	0	0	0	0	11564	0	0	0	0	0	5336	0	0
EHA04663_bin.12	0	0	0	0	0	0	0	0	0	0	0	0	2	0	0	0	0	0	0	0	0	0	0	0	0	0	0	151	0	0	0	0	0	0	0	0	0	0	2	0	0	0	0	0	0	0	17	0	0	0	0	0	0	0	0	0	0	0	0	0	0	0	0	0	0	0	0	3847	0	0	0	0	0	573	0	0	0	0	0	0	0	0	0	0	0	0	0	0	0	0	0	0	0	0	0	0	0	0	0	0	0	33	0	0	0	0	0	0	39	0	0	4	0	0	0	0	0	0	0	0	0	0	71	0	0	0	0	0	171	3	0
EHA04663_bin.16	0	0	0	0	0	0	0	0	0	0	0	0	1	5	6	0	0	5	0	0	3	0	4	2	0	3	4	8631	0	0	0	0	0	0	0	0	0	0	15271	0	0	0	0	4	4	0	968	0	0	0	0	3	0	0	0	0	0	2	11	0	0	2	0	1	0	0	0	60128	1	0	0	0	0	442	0	0	0	1	0	0	5	0	0	2	0	0	0	0	0	0	0	0	0	0	0	0	0	0	0	0	0	66908	0	4	0	0	0	10	10497	0	0	2544	0	0	0	0	0	0	0	0	0	0	23970	9	0	0	0	0	27858	11	0
EHA04663_bin.17	0	2	0	0	0	0	0	0	0	0	0	0	0	0	6	0	0	0	0	0	0	0	0	0	0	0	2	6588	0	0	0	0	0	0	0	0	0	0	5798	0	0	0	0	0	0	0	9128	0	0	0	0	0	0	0	0	0	0	0	0	0	0	0	0	0	0	0	0	24904	0	0	0	0	0	7626	0	0	0	0	0	0	0	0	0	0	0	0	0	0	0	0	0	0	1	0	0	0	0	0	0	0	0	30456	0	0	0	0	0	0	16234	0	0	12747	0	0	0	0	0	0	0	0	0	0	11699	0	0	0	0	0	42022	0	0
EHA04663_bin.18	0	0	0	0	0	0	0	0	0	0	0	0	0	0	0	0	0	0	0	0	0	0	0	0	0	0	0	39110	0	0	2	0	0	0	0	0	0	0	11394	0	0	0	0	1	0	0	3219	0	0	0	0	0	1	0	0	0	0	0	0	0	0	0	0	0	0	0	0	6836	0	0	0	0	0	2959	0	0	0	0	0	0	0	0	0	0	0	0	0	0	0	0	0	0	0	0	0	0	0	0	0	0	0	9658	0	0	0	0	0	0	16775	0	0	2969	0	0	0	0	0	0	0	0	0	0	21393	0	0	0	0	0	364511	4	0
EHA04663_bin.19	2	6	0	0	0	0	0	0	0	0	0	0	0	0	0	0	0	0	0	0	0	0	0	0	0	0	6	16272	2	0	8	0	0	0	0	0	0	0	17791	2	0	0	0	0	0	0	1081	2	0	0	0	2	0	0	0	0	0	0	0	0	2	0	0	0	0	0	0	361	0	0	0	0	0	11926	2	0	0	0	0	0	0	0	0	6	0	0	0	0	0	0	0	0	0	0	0	0	0	0	0	0	0	245	0	0	0	0	0	0	7265	0	0	1345	0	0	0	0	0	0	0	0	0	0	3586	0	0	2	0	0	1210	2	0
EHA04663_bin.1	0	4	0	1	0	0	0	0	0	0	0	0	0	18	7	0	1	0	0	0	0	0	0	2	0	0	0	22094	0	0	0	0	0	1	0	0	0	0	9250	2	0	0	0	0	0	0	17230	5	0	0	0	3	0	0	0	0	0	0	0	0	0	0	0	6	0	0	0	13514	7	0	0	0	0	13259	0	0	0	4	0	0	1	1	1	21	0	0	0	0	0	0	0	0	4	0	0	0	0	0	27	0	0	23887	0	0	0	0	0	0	51473	0	0	25844	0	2	0	0	0	0	0	0	0	0	19987	0	0	0	0	0	27433	140	0
EHA04663_bin.20	0	108	0	13	16	0	0	0	0	0	21	0	0	310	209	0	0	0	0	0	302	3	39	2	0	0	45	10502	25	0	13	0	0	0	0	0	0	0	6075	4	0	0	0	0	0	11	688	65	0	0	0	22	0	0	0	0	0	0	16	0	0	15	0	287	0	0	0	2138	51	0	62	0	0	4572	0	0	0	206	0	0	23	0	0	66	132	1	0	61	0	0	0	0	181	0	0	22	0	0	267	0	0	13625	0	0	2	0	0	23	15376	0	69	3954	0	0	0	0	0	0	0	0	0	0	6374	4	0	0	29	0	3134	280	0
EHA04663_bin.22	0	0	0	0	0	0	0	0	0	0	0	0	0	0	0	0	0	0	0	0	0	0	0	0	0	0	0	37495	0	0	0	0	0	0	0	0	0	0	13399	0	0	0	0	0	0	0	10988	2	0	0	0	0	0	0	0	0	0	0	0	0	0	0	0	0	0	0	0	11127	0	0	0	0	0	20949	0	0	0	0	0	0	0	0	0	0	0	0	0	0	0	0	0	0	0	0	0	0	0	0	0	0	0	21520	0	0	0	0	0	0	15957	0	0	12215	0	0	0	0	0	0	0	0	0	0	87671	0	0	0	0	0	12400	0	0
EHA04663_bin.24	0	0	0	0	0	0	0	0	0	0	0	0	0	0	0	0	0	0	0	0	0	0	0	0	0	0	0	2511	0	0	0	0	0	0	0	0	0	0	24715	0	0	0	0	0	0	0	9956	0	0	0	0	0	0	0	0	0	0	0	0	0	0	1	0	0	0	0	0	20255	0	0	0	0	0	792	0	0	0	0	0	0	0	0	0	0	0	0	0	0	0	0	0	0	0	0	0	0	0	0	0	0	0	33597	0	0	0	0	0	0	13194	0	0	2055	0	0	0	0	0	0	0	0	0	0	3063	0	0	0	0	0	12704	0	0
EHA04663_bin.25	0	0	0	0	0	0	0	0	0	0	0	0	0	0	0	0	0	0	0	0	0	0	0	0	0	0	0	5852	0	0	0	0	0	0	0	0	0	0	397	0	0	0	0	0	0	0	1206	0	0	0	0	0	0	0	0	0	0	0	0	0	0	0	0	0	0	0	0	23902	0	0	0	0	0	3687	0	0	0	0	0	0	0	0	0	0	0	0	0	0	0	0	0	0	0	0	0	0	0	0	0	0	0	4135	0	0	0	0	0	0	1389	0	0	1027	0	0	0	0	0	0	0	0	0	0	12163	0	0	0	0	0	42171	0	0
EHA04663_bin.26	0	2	59	3	0	0	0	0	0	0	0	0	3	11	50	0	0	4	0	0	0	0	157	2	0	2	4	20492	2	0	2	0	0	0	0	0	2	0	2456	0	0	0	0	0	0	0	1965	1	0	0	4	14	52	0	0	0	0	0	6	0	0	19	0	14	0	0	0	5215	20	0	7	0	0	2948	0	11	0	0	0	0	5	0	0	26	0	5	0	0	0	0	0	0	70	0	0	0	0	0	21	0	0	1680	0	3	0	0	93	45	453	0	3	56510	0	0	0	0	0	0	0	0	64	0	6175	29	6	2	3	0	7818	46	0
EHA04663_bin.27	0	2	0	0	0	0	0	0	0	1	0	0	1	0	12	0	0	0	0	0	0	2	0	0	0	0	0	26320	0	0	0	0	0	0	0	0	0	0	3336	0	0	0	0	0	0	0	8821	3	0	0	2	23	0	0	0	0	0	0	0	0	0	0	0	1	0	0	0	28603	19	0	4	0	0	18711	0	0	0	0	0	0	0	0	0	15	1	0	0	0	0	0	0	0	47	0	0	0	0	0	26	0	0	3720	0	0	0	0	0	0	198	0	0	10228	0	0	0	0	0	0	0	0	0	0	6196	0	0	0	3	0	24004	13	0
EHA04663_bin.28	0	4	0	2	0	0	0	0	0	0	0	0	0	2	37	0	0	0	0	0	0	0	1	0	0	0	12	16923	0	0	0	0	0	0	0	0	0	0	1214	0	0	0	0	0	0	0	19553	8	0	0	0	0	0	0	0	0	0	0	0	0	0	0	0	46	0	0	0	111727	1	0	0	0	0	13919	0	0	0	3	0	0	3	0	0	5	0	0	0	0	0	0	0	0	13	0	0	0	0	0	15	0	0	33423	0	0	0	0	0	0	15146	0	0	27383	0	0	0	0	0	0	0	0	0	0	24415	0	0	0	0	0	61218	82	0
EHA04663_bin.29	0	10	0	0	7	0	0	0	0	0	0	0	0	4	23	0	0	0	0	0	0	0	0	0	0	0	0	29325	0	0	0	0	0	0	0	0	0	0	12707	0	0	0	0	0	0	0	33336	1	0	0	0	6	0	0	0	0	0	0	0	0	0	0	0	4	0	0	0	41491	2	0	1	0	0	38277	0	0	0	6	0	0	0	0	0	6	2	0	0	0	0	0	0	0	1	0	0	0	0	0	5	0	0	41306	0	0	0	0	0	0	37556	0	0	65838	0	0	0	0	0	0	0	0	0	0	30434	0	0	0	0	0	59474	22	0
EHA04663_bin.2	0	0	0	0	0	0	0	0	0	0	0	0	0	0	0	0	0	0	0	0	0	0	3	0	0	0	0	7048	0	0	0	0	0	0	0	0	0	0	3219	0	0	0	0	0	0	0	4277	0	0	0	0	0	0	0	0	0	0	0	1	0	0	0	0	1	0	0	0	5524	0	0	2	0	0	4170	0	0	0	0	0	0	0	0	0	0	0	0	0	1	0	0	0	0	1	0	0	0	0	0	0	0	0	10264	0	0	0	0	1	1	24396	0	1	7245	0	0	0	0	0	0	0	0	0	0	4347	0	0	0	0	0	9232	0	0
EHA04663_bin.30	3	19	2	0	0	4	2	0	0	0	0	18	0	0	0	0	2	0	11	3	18	0	11	19	0	0	4	26335	25	0	70	0	0	60	0	0	0	0	4436	61	0	2	0	0	0	6	33402	1	0	0	0	1	0	0	0	0	2	28	19	19	30	14	0	41	0	22	184	37827	0	0	111	0	0	99073	185	0	5	1	0	0	0	0	0	2	0	0	0	0	0	0	2	8	0	0	33	12	0	0	1	0	7	55339	0	0	0	0	0	8	27741	2	0	44283	0	0	0	0	0	2	0	0	0	0	72972	6	4	14	38	0	45336	174	0
EHA04663_bin.31	2	0	0	0	0	0	0	0	0	0	0	0	0	0	6	0	2	0	0	0	2	2	1	0	0	0	0	23884	0	0	0	0	0	0	0	0	2	0	290	0	0	0	0	0	0	0	168	2	0	0	2	46	0	0	0	0	0	0	0	0	0	0	0	0	0	0	0	421	0	0	4	0	0	48791	0	0	0	1	0	0	0	0	0	5	6	0	0	2	0	0	0	0	25	0	0	0	0	0	2	0	0	87	0	0	0	0	0	0	15	0	3	419	0	0	0	0	0	0	0	0	0	0	377	0	0	2	6	0	1058	18	0
EHA04663_bin.32	0	1	0	0	0	0	0	0	0	0	0	0	0	1	26	0	0	0	0	0	0	0	0	0	0	0	10	25812	0	0	0	0	0	0	0	0	0	0	2331	0	0	0	0	0	0	0	327296	3	0	0	0	2	0	0	0	0	0	0	0	0	0	0	0	17	0	0	0	10864	1	0	0	0	0	13010	0	0	0	0	0	0	1	0	0	2	0	0	0	0	0	0	0	0	5	0	0	0	0	0	11	0	0	15318	0	0	0	0	0	0	7934	0	0	55105	0	0	0	0	0	0	0	0	0	0	20604	0	0	0	0	0	9433	20	0
EHA04663_bin.6	0	2	0	0	0	0	0	0	0	0	0	0	0	0	0	0	0	0	0	0	0	0	0	0	0	0	0	17845	0	0	13	0	0	0	0	0	0	0	325	4	0	0	0	0	0	0	77	0	0	0	0	0	0	0	0	0	0	0	0	0	0	0	0	0	0	2	14	31	0	0	0	0	0	4007	8	0	0	0	0	0	0	0	0	0	0	0	0	0	0	0	0	0	0	0	0	8	0	0	0	0	0	29	0	0	0	0	1	0	20	0	0	92	0	0	0	0	0	0	0	0	0	0	325	0	0	2	0	0	87	8	0
EHA04663_bin.7	0	147	0	0	105	0	0	0	0	0	20	0	0	81	667	0	0	0	0	0	81	2	211	0	0	1	175	110131	2	0	8	0	0	0	0	0	0	0	627	0	0	0	0	0	0	1	398	9	0	0	0	4	0	0	0	0	0	0	5	0	0	25	0	282	0	0	0	897	257	0	96	0	0	1174	0	0	0	45	0	0	198	0	0	118	11	0	0	24	0	0	0	0	552	0	0	0	0	0	36	0	0	27477	0	0	0	0	0	19	441	0	23	695	0	2	0	0	0	0	0	0	0	0	14545	30	2	2	8	0	3643	72	0
EHA04664_bin.12	0	18	0	0	0	0	0	0	0	0	0	0	0	0	0	0	0	0	0	0	4	0	0	0	0	0	0	4463	0	0	6	0	0	0	0	0	0	0	370	0	0	0	0	0	0	0	6784	2	0	0	0	0	0	0	0	0	0	0	0	0	0	0	0	0	0	0	0	5962	4	0	2	0	0	1191	0	0	0	0	0	0	0	0	0	0	40	0	0	0	0	0	0	0	5	0	0	0	0	0	0	0	0	34125	0	0	0	0	0	0	13431	0	0	167544	0	0	0	0	0	0	0	0	0	0	6312	0	0	0	0	0	42765	22	0
EHA04664_bin.13	0	0	0	0	0	0	0	0	0	0	0	0	0	0	0	0	0	0	0	0	0	0	0	0	0	0	0	7988	0	0	0	0	0	0	0	0	0	0	177	0	0	0	0	0	0	0	348	3	0	0	0	2	0	0	0	0	0	0	0	0	0	0	0	0	0	0	0	9720	0	0	0	0	0	352	0	0	0	0	0	0	0	0	0	0	0	0	0	0	0	0	0	0	0	0	0	0	0	0	0	0	0	25596	0	0	0	0	0	0	6715	0	0	128	0	0	0	0	0	0	0	0	0	0	1611	0	0	0	0	0	3661	5	0
EHA04664_bin.14	0	0	3	0	0	0	0	0	0	0	1	0	0	38	276	0	0	0	0	0	1	13	20	1	0	0	187	10943	0	0	0	0	0	0	0	0	0	0	27085	0	0	0	0	0	0	0	215	2	0	0	0	0	0	0	0	0	0	0	20	0	0	7	0	182	0	0	0	89	86	0	8	0	0	382	0	2	0	125	0	0	111	0	0	44	11	2	0	12	0	0	0	0	98	0	0	0	0	0	84	0	0	104	0	2	0	0	0	9	35409	0	16	193	0	0	0	0	0	0	0	0	0	0	5516	1	0	0	2	0	58	75	0
EHA04664_bin.15	0	2	0	4	0	0	0	0	0	0	0	0	0	1	4	0	0	0	0	0	0	0	0	0	0	0	7	18432	2	0	0	0	0	0	0	0	0	0	5714	0	0	0	0	0	0	0	11755	0	0	0	0	0	0	0	0	0	0	0	0	0	0	0	0	0	0	0	0	18049	5	0	0	0	0	11376	0	0	0	2	0	0	7	0	0	3	0	0	0	0	0	0	0	0	2	0	0	0	0	0	6	0	0	11734	0	0	0	0	0	0	5823	0	0	8485	0	0	0	0	0	0	0	0	0	0	6795	0	0	0	0	0	15704	12	0
EHA04664_bin.16	0	0	0	0	0	0	0	0	0	0	0	0	0	0	0	0	1	2	0	0	0	0	1	1	0	0	0	43994	0	0	0	0	0	0	0	0	0	0	2992	0	0	0	0	0	0	0	343	1	0	0	2	2	0	0	0	0	0	0	0	2	0	0	0	0	0	0	0	1277	0	0	0	0	0	14633	0	0	0	1	0	0	0	0	0	1	3	0	0	0	0	0	0	0	2	0	0	0	0	0	0	0	0	2540	0	0	0	0	0	0	44	0	0	1292	0	0	0	0	0	0	0	0	0	0	16257	0	0	0	0	0	39454	0	0
EHA04664_bin.18	0	6	0	2	0	0	0	0	0	0	0	0	0	1	32	0	0	0	0	0	0	0	2	0	0	0	8	171577	0	0	1	0	0	0	0	0	0	0	1182	0	0	0	0	0	0	0	4264	112	0	0	0	43	2	0	0	0	0	0	0	0	0	0	0	50	0	0	0	1662	4	0	0	0	0	115065	0	0	0	8	0	0	10	0	0	11	0	0	0	0	0	0	0	0	20	0	0	0	0	0	8	0	0	1412	0	0	0	0	0	0	1082	0	0	109477	0	0	0	0	0	0	0	0	0	0	54081	2	0	0	0	0	11233	17	0
EHA04664_bin.19	0	4	0	0	0	0	0	0	0	0	0	0	0	1	3	0	3	0	0	0	0	0	0	2	0	0	3	10284	0	0	0	0	0	0	0	0	0	0	47861	0	0	0	0	0	1	0	1298	2	0	0	0	4	2	0	0	0	0	0	0	0	0	2	0	5	0	0	0	32760	1	0	0	0	0	1882	0	0	0	5	0	0	1	0	0	0	2	0	0	0	0	0	0	0	1	0	0	0	0	0	8	0	0	3010	0	0	0	0	0	0	517	0	0	34544	0	0	0	0	0	0	0	0	1	0	5107	2	0	4	2	0	31996	9	0
EHA04664_bin.1	0	0	0	0	0	0	0	0	0	0	0	0	0	0	0	0	0	0	0	0	0	0	0	0	0	0	0	2278	0	0	0	0	0	0	0	0	0	0	4405	0	0	0	0	0	0	0	14357	0	0	0	0	0	0	0	0	0	0	0	0	0	0	0	0	0	0	0	0	17143	0	0	0	0	0	98	0	0	0	0	0	0	0	0	0	0	0	0	0	0	0	0	0	0	0	0	0	0	0	0	1	0	0	12202	0	0	0	0	0	0	8363	0	0	190	0	0	0	0	0	0	0	0	0	0	8316	0	0	0	0	0	14203	0	0
EHA04664_bin.20	0	10	0	1	0	0	0	0	0	0	0	0	0	1	29	0	0	3	0	0	0	0	12	0	0	0	1	11644	2	0	0	0	0	0	0	0	0	0	2074	0	0	0	0	0	0	0	41133	1	0	0	0	0	0	0	0	0	0	0	0	0	0	0	0	19	0	0	0	90175	6	0	1	0	0	15103	0	0	0	7	0	0	0	0	0	3	0	1	0	0	0	0	0	0	2	0	0	0	0	0	13	0	0	82935	1	0	0	0	0	0	16165	0	0	13893	0	0	0	0	0	0	0	0	0	0	13894	0	0	0	4	0	32017	21	0
EHA04664_bin.22	0	0	0	0	0	0	0	0	0	0	0	0	0	6	0	0	0	0	0	0	0	0	0	0	0	0	0	14301	0	0	0	0	0	0	0	0	0	0	1654	0	0	0	0	0	0	0	4036	1	0	0	0	0	0	0	0	0	0	0	0	0	0	0	0	0	0	0	0	2859	0	0	0	0	0	3628	0	0	0	0	0	0	0	0	0	0	0	0	0	0	0	0	0	0	0	0	0	0	0	0	0	0	0	3534	0	0	0	0	0	0	20813	0	0	26279	0	0	0	0	0	0	0	0	0	0	8310	0	0	0	0	0	12311	2	0
EHA04664_bin.24	0	3	0	5	0	0	0	0	0	0	0	0	1	0	4	0	0	0	0	0	0	0	2	0	0	0	4	10761	0	0	0	0	0	0	0	0	0	0	544	0	0	0	0	0	0	0	8647	0	0	0	0	2	0	0	0	0	0	0	0	0	0	0	0	5	0	0	0	5869	2	0	0	0	0	16971	0	0	0	0	0	0	1	0	0	0	0	0	0	0	0	0	0	0	1	0	0	0	0	0	0	0	0	3432	0	0	0	0	0	0	1684	0	0	6287	0	0	0	0	0	0	0	0	0	0	19505	0	0	0	0	0	22360	13	0
EHA04664_bin.25	0	0	0	0	0	0	0	0	0	0	0	0	0	0	0	0	0	0	0	0	0	0	0	0	0	0	0	5086	0	0	0	0	0	0	0	0	0	0	166	0	0	0	0	1	0	0	245	0	0	0	0	0	0	0	0	0	0	0	0	0	0	0	0	0	0	0	0	920	0	0	0	0	0	1174	0	0	0	0	0	0	0	0	0	0	0	0	0	0	0	0	0	0	0	0	0	0	0	0	0	0	0	821	0	0	0	0	0	0	249	0	0	81	0	0	0	0	0	0	0	0	0	0	29203	0	0	0	0	0	2871	0	0
EHA04664_bin.28	0	0	0	0	0	0	0	0	0	0	0	0	1	0	0	0	0	0	0	0	0	0	0	0	0	0	0	2213	0	0	0	0	0	0	0	0	0	0	578	0	0	0	0	0	0	0	193	0	0	0	0	0	0	0	0	0	0	0	0	0	0	0	0	0	0	0	0	1429	0	0	0	0	0	1238	0	0	0	0	0	0	0	0	0	0	0	0	0	0	0	0	0	0	0	0	0	0	0	0	0	0	0	1798	0	0	0	0	0	0	1490	0	0	119	0	0	0	0	0	0	0	0	0	0	2367	0	0	2	0	0	2826	0	0
EHA04664_bin.31	0	11	0	0	329	0	0	0	0	0	0	0	55	4	24	0	0	0	0	0	2	0	15	0	0	4	2	10629	0	0	4	0	0	0	0	0	0	0	2235	0	0	0	0	0	0	0	10904	2	0	0	0	2	0	0	0	0	0	0	4	0	0	2	0	33	0	0	0	42436	3	0	1	0	0	8152	0	0	0	0	0	0	2	0	1	6	1	4	0	0	0	0	0	0	1	0	0	0	0	0	12	0	0	41989	0	0	0	0	2	14	2651	0	0	87466	0	1	0	0	0	0	0	0	4	0	34033	29	0	0	0	0	4078	53	0
EHA04664_bin.32	0	5	0	0	25	0	0	0	0	0	0	0	5	3	19	0	0	18	2	0	1	0	2	2	0	0	4	7292	0	0	0	0	0	0	0	0	0	0	7753	0	0	0	0	0	2	0	16077	0	0	0	0	2	0	0	0	0	0	0	4	0	0	0	0	39	0	0	5	4196	2	0	1	0	0	1745	0	0	0	14	0	0	5	0	0	5	1	2	0	0	0	0	0	0	6	0	0	0	0	0	34	0	0	9593	0	0	0	0	1	0	2507	0	4	20688	0	0	0	0	0	0	0	0	0	0	10936	2	0	1	0	0	6526	34	0
EHA04664_bin.3	0	0	0	0	0	0	0	0	0	0	0	0	0	0	0	0	0	0	0	0	0	0	0	0	0	0	0	8153	0	0	0	0	0	0	0	0	0	0	96	0	0	0	0	0	0	0	399	0	0	0	0	0	0	0	0	0	0	0	0	0	0	0	0	0	0	0	0	744	0	0	0	0	0	6129	0	0	0	0	0	0	0	0	0	0	0	0	0	0	0	0	0	0	0	0	0	0	0	0	0	0	0	1406	0	0	0	0	0	0	326	0	0	2859	0	0	0	0	0	0	0	0	0	0	16864	0	0	0	0	0	35991	9	0
EHA04664_bin.5	0	1	2	1	4	0	0	0	0	0	0	0	2	8	24	0	0	0	0	0	1	0	0	1	0	0	4	26885	2	0	3	0	0	2	0	0	0	0	20521	0	0	0	0	0	2	0	38363	0	0	0	0	4	0	0	0	0	0	0	0	0	0	1	0	3	0	0	2	29690	8	0	3	0	0	41866	0	0	0	3	0	0	14	0	1	18	0	0	0	0	0	0	0	0	25	0	0	0	0	0	7	0	0	60063	0	0	0	0	0	0	9544	0	4	63015	0	0	0	0	0	0	0	0	0	0	39240	0	0	3	0	1	33687	17	0
EHA04664_bin.6	0	0	0	0	0	0	0	0	0	0	0	0	0	0	1	0	0	0	0	0	0	0	4	0	0	0	0	2862	0	0	0	0	0	0	0	0	0	0	6128	0	0	0	0	0	0	0	3115	1	0	0	0	0	0	0	0	0	0	0	0	0	0	0	0	0	0	0	0	6537	0	0	0	0	0	4868	0	0	0	0	0	0	0	0	0	0	0	0	0	0	0	0	0	0	1	0	0	0	0	0	0	0	0	2122	0	0	0	0	0	0	5372	0	0	1724	0	0	0	0	0	0	0	0	0	0	2920	0	0	0	0	0	6939	0	0
EHA04664_bin.9	0	0	0	0	0	0	0	0	0	0	0	0	0	2	0	0	0	0	0	0	0	0	0	0	0	0	0	7475	0	0	0	0	0	0	0	0	0	2	2310	0	0	0	0	0	0	0	2016	0	0	0	0	0	0	0	0	0	0	0	0	0	0	0	0	1	0	0	0	10787	0	0	0	0	0	2250	0	0	0	0	0	0	0	0	0	0	0	0	0	0	0	0	0	0	0	0	0	0	0	0	0	0	0	35475	0	0	0	0	0	0	7764	0	0	36147	0	0	0	0	0	0	0	0	0	0	5456	0	0	0	2	0	11999	0	0
EHA04665_bin.10	0	2	0	0	532	0	0	0	0	0	0	0	60	7	16	0	0	0	0	0	0	0	2	0	0	0	7	10575	0	0	0	0	0	0	0	0	0	0	962	0	0	0	0	5	0	0	13057	0	0	0	0	5	4	0	0	0	0	0	7	0	0	1	0	9	0	0	0	5565	16	0	0	0	0	12488	0	0	0	7	0	0	0	0	0	11	0	0	0	0	0	0	0	0	7	0	0	0	0	0	31	0	0	1573	0	0	0	0	0	2	1104	0	0	82526	0	0	0	0	0	0	0	0	4	0	14179	1	0	0	0	0	3861	31	0
EHA04665_bin.11	0	21	0	0	0	0	0	0	0	0	0	0	0	0	3	0	4	4	0	0	3	0	11	0	0	0	0	4775	0	0	0	0	0	1	0	0	0	0	7849	0	0	0	0	0	0	0	40934	0	0	0	8	2	0	0	0	0	0	0	2	0	0	0	0	0	0	0	0	11796	0	0	4	0	0	1102	0	0	0	0	0	0	0	0	0	0	0	0	0	3	0	0	0	0	0	0	0	0	0	0	0	0	0	37065	0	0	0	0	0	3	28654	0	0	71394	0	0	0	0	0	0	0	0	0	0	11505	3	0	2	3	0	25423	8	0
EHA04665_bin.12	0	5	0	0	0	0	0	0	0	0	0	0	0	15	23	0	0	2	0	0	0	0	8	2	0	0	1	11407	0	0	3	0	0	0	0	0	0	0	4400	3	0	0	0	0	5	0	2431	3	0	0	0	0	0	0	0	0	0	0	0	0	0	6	0	6	0	0	0	2671	11	0	3	0	0	8605	0	0	0	14	0	0	3	0	0	5	2	0	0	2	0	0	0	0	3	0	0	0	0	0	27	0	0	3745	0	0	0	0	1	2	6977	0	1	239102	0	0	0	0	0	0	0	0	0	2	1884	1	0	2	12	0	4017	121	0
EHA04665_bin.13	0	0	0	0	0	0	0	0	0	0	0	0	0	0	0	0	0	0	0	0	0	0	0	0	0	0	0	4737	0	0	0	0	0	0	0	0	0	0	113210	0	0	0	0	0	0	0	2732811	0	0	0	0	0	0	0	0	0	0	0	0	0	0	0	0	0	0	0	0	84	0	0	0	0	0	353	0	0	0	0	0	0	0	0	0	0	0	0	0	0	0	0	0	0	0	0	0	0	0	0	0	0	0	52	0	0	0	0	0	0	60074	0	0	2551187	0	0	0	0	0	0	0	0	0	0	1637	0	0	0	0	0	139	0	0
EHA04665_bin.14	1	4	0	0	0	0	0	0	0	0	0	0	0	7	21	0	0	38	0	0	1	0	12	6	0	4	13	16984	4	0	8	0	0	9	0	0	0	0	1010	8	0	0	0	0	2	0	8544	1	0	0	0	11	0	0	0	0	0	0	2	0	0	9	0	19	0	0	6	4142	10	0	5	0	0	4914	0	0	0	8	0	0	10	0	0	5	30	3	0	7	0	0	0	0	7	0	0	0	0	0	6	0	0	2707	0	5	0	0	1	4	1642	0	8	112910	0	3	0	0	0	0	0	0	0	0	23676	6	1	9	3	0	30138	81	0
EHA04665_bin.1	0	2	0	0	0	0	0	0	0	0	0	0	0	5	7	0	0	0	0	0	0	0	0	0	0	0	1	23862	0	0	2	0	0	0	0	0	0	0	1293	0	0	0	0	0	0	0	27437	15	0	0	0	9	0	0	0	0	0	0	0	0	0	0	0	16	0	0	0	9236	0	0	0	0	0	11373	0	0	0	3	0	0	1	0	0	9	0	0	0	0	0	0	0	0	5	0	0	0	0	0	1	0	0	5176	0	0	0	0	0	0	3084	0	0	412186	0	0	0	0	0	0	0	0	0	0	42524	0	0	0	0	0	6573	10	0
EHA04665_bin.20	0	329	0	11	10	0	0	0	0	0	0	0	0	4	12	0	0	2	0	0	0	0	8	0	0	2	5	5456	61	0	0	0	0	4	0	0	0	0	1358	0	0	0	0	0	2	0	2981	6	0	0	0	4	1	0	0	0	0	0	0	0	0	2	0	3	0	0	0	8139	1	0	0	0	0	1848	0	0	0	0	0	0	0	0	0	3	8	0	0	0	0	0	0	0	7	0	0	0	0	0	23	0	0	2136	0	0	0	0	0	0	2791	0	0	430381	0	0	0	0	0	0	0	0	0	0	29118	4	0	0	0	0	104393	329	0
EHA04665_bin.21	0	0	0	0	0	0	0	0	0	0	0	0	0	2	21	0	0	0	0	0	0	0	0	0	0	0	5	44228	0	0	0	0	0	0	0	0	0	0	986	0	0	0	0	0	0	0	8832	4	0	0	0	0	0	0	0	0	0	0	0	0	0	0	0	0	0	0	0	4274	3	0	0	0	0	7151	0	0	0	0	0	0	6	0	0	0	0	0	0	0	0	0	0	0	4	0	0	0	0	0	0	0	0	2127	0	0	0	0	0	0	575	0	0	71798	0	0	0	0	0	0	0	0	0	0	137760	0	0	0	0	0	1553	9	0
EHA04665_bin.23	0	86	0	19	466	0	0	0	0	0	8	0	0	1224	2237	0	0	1402	6	0	4	0	58	17	0	2	759	5061	15	0	16	0	0	5	0	0	3	0	1480	8	0	0	0	2	437	1	16119	5	0	0	3	25	0	0	0	0	0	0	7	0	0	27	0	1236	0	2	17	47753	554	0	5	0	0	6978	11	0	0	1225	0	0	293	0	0	1985	41	2	0	3	0	0	0	0	531	0	0	0	0	0	1694	0	0	32685	0	0	0	0	0	19	3372	3	8	718498	0	3	0	0	0	0	0	0	0	0	28177	19	0	3	24	0	92719	189	0
EHA04665_bin.25	0	0	0	0	1	0	0	0	0	0	0	0	2	0	3	0	0	0	0	0	0	0	0	0	0	0	1	1988	0	0	0	0	0	0	0	0	0	0	1092	0	0	0	0	0	0	0	66699	0	0	0	0	2	0	0	0	0	0	0	0	0	0	1	0	1	0	0	0	13974	0	0	0	0	0	3502	0	0	0	0	0	0	0	0	0	0	0	0	0	0	0	0	0	0	0	0	0	0	0	0	0	0	0	1403	0	0	0	0	0	0	4162	0	0	161576	0	0	0	0	0	0	0	0	0	0	8871	0	0	0	0	0	2921	0	0
EHA04665_bin.27	0	5	0	0	0	0	0	0	0	0	0	0	0	1	2	0	0	0	0	0	0	0	2	0	0	0	0	3879	0	0	0	0	0	0	0	0	0	0	1350	0	0	0	0	0	0	0	48688	3	0	0	0	0	0	0	0	0	0	0	0	0	0	0	0	13	0	0	0	1585	3	0	0	0	0	23432	0	0	0	1	0	0	0	0	0	1	0	0	0	0	0	0	0	0	0	0	0	0	0	0	1	0	0	71	0	0	0	0	0	0	4542	0	0	94799	0	0	0	0	0	0	0	0	0	0	1861	0	0	0	0	0	10452	13	0
EHA04665_bin.29	0	28	1	0	22	0	0	0	0	2	0	0	4	94	154	0	0	8	4	0	0	0	7	7	0	1	51	21951	3	0	6	0	0	0	0	0	0	0	6657	4	0	0	0	2	5	0	4330	8	0	0	2	1	1	0	0	0	0	0	0	0	0	0	0	64	0	0	2	9311	42	0	7	0	0	5983	0	0	0	82	0	0	29	0	0	101	14	0	0	2	0	0	0	0	55	0	0	0	0	0	95	0	0	124790	0	1	0	0	2	0	10553	0	15	942427	0	0	0	0	0	0	0	0	0	0	22471	2	0	2	18	0	18995	45	0
EHA04665_bin.2	0	0	0	0	0	0	0	0	0	0	0	0	0	0	0	0	0	0	0	0	0	0	0	0	0	0	0	7662	0	0	0	0	0	0	0	0	0	0	4852	0	0	0	0	0	0	0	5740	0	0	0	0	0	0	0	0	0	0	0	0	0	0	0	0	0	0	0	0	10778	0	0	0	0	0	5665	0	0	0	0	0	0	0	0	0	0	0	0	0	0	0	0	0	0	0	0	0	0	0	0	0	0	0	14806	0	0	0	0	0	0	3928	0	0	152592	0	0	0	0	0	0	0	0	0	0	38607	0	0	0	0	0	20510	6	0
EHA04665_bin.34	0	3	0	0	0	0	0	0	0	0	0	0	0	1	12	0	0	0	0	0	0	0	0	0	0	0	5	71099	2	0	0	0	0	0	0	0	0	0	4693	0	0	0	0	0	0	0	50895	4	0	0	0	3	0	0	0	0	0	0	0	0	0	0	0	10	0	0	0	18542	1	0	0	0	0	46569	0	0	0	0	0	0	0	0	0	7	0	0	0	0	0	0	0	0	9	0	0	0	0	0	9	0	0	78466	0	0	0	0	0	0	17764	0	0	676862	0	0	0	0	0	0	0	0	0	0	91214	2	0	0	0	0	39139	33	0
EHA04665_bin.36	0	0	0	0	35	0	0	0	0	0	0	0	2	0	5	0	0	0	0	0	0	0	0	0	0	0	0	23330	0	0	0	0	0	0	0	0	0	0	19800	0	0	0	0	0	0	0	37683	2	0	0	0	0	0	0	0	0	0	0	1	0	0	0	0	1	0	0	0	17416	0	0	0	0	0	79	0	0	0	2	0	0	0	0	0	0	0	2	0	0	0	0	0	0	0	0	0	0	0	0	0	0	0	8118	0	0	0	0	0	0	29246	0	0	236647	0	0	0	0	0	0	0	0	5	0	9189	0	0	0	0	0	220160	11	0
EHA04665_bin.37	0	0	0	0	0	0	0	0	0	0	0	0	0	0	1	0	0	0	0	0	0	0	0	0	0	0	0	14652	0	0	0	0	0	0	0	0	0	0	1150	0	0	0	0	0	0	0	2224	0	0	0	0	0	0	0	0	0	0	0	0	0	0	0	0	0	0	0	0	3668	0	0	0	0	0	1157	0	0	0	0	0	0	0	0	0	0	0	0	0	0	0	0	0	0	0	0	0	0	0	0	0	0	0	20701	0	0	0	0	0	0	15159	0	0	210807	0	0	0	0	0	0	0	0	0	0	16725	0	0	0	0	0	6531	0	0
EHA04665_bin.38	0	0	0	0	3	0	0	0	0	0	0	0	0	0	0	0	0	0	0	0	0	0	0	0	0	0	0	26344	0	0	0	0	0	0	0	0	0	0	3188	0	0	0	0	0	0	0	14684	1	0	0	0	0	0	0	0	0	0	0	0	0	0	0	0	0	0	0	0	45177	0	0	0	0	0	44598	0	0	0	0	0	0	0	0	0	1	0	0	0	0	0	0	0	0	3	0	0	0	0	0	0	0	0	95939	0	0	0	0	0	0	5899	0	0	287718	0	0	0	0	0	0	0	0	0	0	14455	0	0	0	0	0	15337	4	0
EHA04665_bin.39	0	2	0	2	0	0	0	0	0	0	0	0	0	0	1	0	0	0	0	0	0	0	0	0	0	0	0	8707	0	0	0	0	0	0	0	0	0	0	1618	0	0	0	0	0	0	0	8271	0	0	0	0	3	0	0	0	0	0	0	0	0	0	0	0	0	0	0	0	1610	0	0	0	0	0	1960	0	0	0	0	0	0	0	0	0	0	0	0	0	0	0	0	0	0	0	0	0	0	0	0	0	0	0	3820	0	0	0	0	0	0	18386	0	0	80361	0	0	0	0	0	0	0	0	0	0	5474	0	0	0	0	0	9660	2	0
EHA04665_bin.3	0	0	0	0	0	0	0	0	0	0	0	0	0	0	0	0	0	0	0	0	0	0	0	0	0	0	0	9919	0	0	0	0	0	0	0	0	0	0	903	0	0	0	0	0	0	0	4086	0	0	0	0	0	0	0	0	0	0	0	0	0	0	0	0	0	0	0	0	1877	0	0	0	0	0	361	0	0	0	0	0	0	0	0	0	0	0	0	0	0	0	0	0	0	0	0	0	0	0	0	0	0	0	16034	0	0	0	0	0	0	5210	0	0	1161733	0	0	0	0	0	0	0	0	0	0	174342	0	0	0	0	0	3337	0	0
EHA04665_bin.40	0	0	0	0	0	0	0	0	0	0	0	0	0	0	0	0	0	0	0	0	0	0	0	0	0	0	0	3033	0	0	0	0	0	5	0	0	0	0	409	0	0	0	0	0	0	0	4575	0	0	0	0	0	0	0	0	0	0	0	0	0	0	0	0	0	0	0	0	4717	0	0	0	0	0	622	0	0	0	0	0	0	0	0	0	0	0	0	0	0	0	0	0	0	0	0	0	0	0	0	0	0	0	1410	0	0	0	0	0	0	562	0	0	42248	0	0	0	0	0	0	0	0	0	0	3432	0	0	0	0	0	2171	0	0
EHA04665_bin.45	0	0	0	0	0	0	0	0	0	0	0	0	0	0	0	0	0	0	0	0	0	0	0	0	0	0	0	18674	0	0	0	0	0	0	0	0	0	0	1353	0	0	0	0	0	0	0	10693	0	0	0	0	0	0	0	0	0	0	0	0	0	0	0	0	0	0	0	0	2777	0	0	0	0	0	1228	0	0	0	0	0	0	0	0	0	0	0	0	0	0	0	0	0	0	0	0	0	0	0	0	2	0	0	3968	0	0	0	0	0	0	7344	0	0	86004	0	0	0	0	0	0	0	0	0	0	14909	0	0	0	0	0	3781	2	0
EHA04665_bin.6	0	0	0	0	10	0	0	0	0	0	0	0	0	11	12	0	0	0	0	0	0	0	1	0	0	0	1	8114	0	0	0	0	0	0	0	0	0	0	3517	0	0	0	0	0	0	0	1965	0	0	0	0	0	0	0	0	0	0	0	0	0	0	0	0	4	0	0	0	35331	0	0	0	0	0	2990	0	0	0	14	0	0	0	0	0	5	0	0	0	0	0	0	0	0	7	0	0	0	0	0	17	0	0	46219	0	0	0	0	0	0	17110	0	0	113828	0	0	0	0	0	0	0	0	0	0	6497	0	0	0	0	2	31305	0	0
EHA04665_bin.7	0	0	0	0	0	0	0	0	0	0	0	0	0	0	0	0	0	0	0	0	0	0	1	0	0	0	0	27976	0	0	0	0	0	0	0	0	0	0	525	0	0	0	0	0	0	0	4625	1	0	0	2	9	0	0	0	0	0	0	0	0	0	0	0	0	0	0	0	3466	3	0	3	0	0	6315	0	0	0	25	0	0	0	0	0	1	0	0	0	0	0	0	0	0	14	0	0	0	0	0	4	0	0	252	0	0	0	0	0	0	30	0	0	311197	0	0	0	0	0	0	0	0	0	0	28598	0	0	1	0	0	21216	9	0
EHA04665_bin.9	0	0	0	0	0	0	0	0	0	0	0	0	0	0	0	0	0	0	0	0	0	0	0	0	0	0	0	1037	0	0	1	0	0	2	0	0	0	0	1511	0	0	0	0	0	0	0	25347	4	0	0	0	0	0	0	0	0	0	0	0	0	0	0	0	1	0	0	0	485	0	0	0	0	0	426	0	0	0	0	0	0	0	0	0	0	0	0	0	0	0	0	0	0	0	0	0	0	0	0	0	0	0	26291	0	0	0	0	0	0	14071	0	0	100070	0	0	0	0	0	0	0	0	0	0	2244	0	0	0	0	0	6971	0	0
EHA04666_bin.11	0	0	0	0	0	0	0	0	0	0	0	0	0	0	1	0	0	0	0	0	0	0	0	0	0	0	0	6838	0	0	0	0	0	0	0	0	0	0	1679	0	0	0	0	0	0	0	3116	4	0	0	0	4	0	0	0	0	0	0	0	0	0	0	0	4	0	0	0	916	1	0	0	0	0	920	0	0	0	0	0	0	0	0	0	3	0	0	0	0	0	0	0	0	5	0	0	0	0	0	1	0	0	723	0	0	0	0	0	0	379	0	0	14886	0	0	0	0	0	0	0	0	0	0	12333	0	0	0	0	0	678	2	0
EHA04666_bin.14	0	0	0	0	0	0	0	0	0	0	0	0	0	0	0	0	0	0	0	0	0	0	0	0	0	0	0	5407	0	0	0	0	0	0	0	0	0	0	2656	0	0	0	0	0	0	0	13484	0	0	0	0	0	0	0	0	0	0	0	0	0	0	0	0	0	0	0	0	10094	0	0	0	0	0	2242	0	0	0	0	0	0	0	0	0	0	0	0	0	0	0	0	0	0	0	0	0	0	0	0	0	0	0	43262	0	0	0	0	0	0	8912	0	0	24474	0	0	0	0	0	0	0	0	0	0	5146	0	0	0	0	0	28103	0	0
EHA04666_bin.17	2	4	0	0	0	0	0	0	0	0	0	0	0	4	35	0	3	2	0	0	0	0	2	0	0	0	2	31136	0	0	0	0	0	1	2	0	0	0	38965	0	0	0	0	0	0	0	29736	2	0	0	3	2	0	0	0	0	0	0	0	0	0	3	0	1	0	0	0	45467	0	0	1	0	0	19767	0	0	0	2	0	0	1	1	0	4	4	0	0	0	0	0	0	0	0	0	0	0	0	0	15	0	0	34936	0	0	0	0	0	0	38948	0	0	38885	0	0	0	0	0	0	0	0	0	0	24294	0	0	0	10	0	60671	4	0
EHA04666_bin.18	0	0	0	0	0	0	0	0	0	0	0	0	0	0	0	0	0	0	0	0	0	0	0	0	0	0	0	931	0	0	0	0	0	0	0	0	0	0	1409	0	0	0	0	0	0	0	15195	0	0	0	0	0	0	0	0	0	0	0	0	0	0	0	0	0	0	0	0	2144	0	0	0	0	0	1178	0	0	0	0	0	0	0	0	0	0	0	0	0	0	0	0	0	0	0	0	0	0	0	0	0	0	0	56566	0	0	0	0	0	0	3708	0	0	181	0	0	0	0	0	0	0	0	0	0	17497	0	0	0	0	0	3492	2	0
EHA04666_bin.20	44	329	1	14	742	0	0	0	0	0	11	0	6	1991	4083	0	3	3909	26	0	8	22	233	112	0	60	1170	44427	29	0	171	0	0	443	0	0	2	0	22372	21	0	0	0	11	1263	5	125146	46	0	0	206	39	3	0	0	0	0	0	14	3	0	49	0	2583	0	12	26	71191	877	0	60	0	0	83512	64	0	0	1574	0	0	672	2	9	2348	191	18	0	13	0	0	0	0	992	0	0	0	0	0	2271	0	0	144638	0	33	2	0	2	42	38584	1	70	2900161	0	0	0	0	0	0	0	0	3	2	70270	136	12	257	418	0	76496	2883	0
EHA04666_bin.22	7	5	0	0	330	0	0	0	0	0	0	0	88	82	93	0	0	4	2	0	4	0	15	8	0	5	30	4295	0	0	0	0	0	4	0	0	0	0	12746	10	0	0	0	7	2	0	109495	8	0	0	39	25	5	0	0	0	0	0	5	0	4	4	0	199	0	0	0	1868	76	0	9	0	0	622	3	1	0	41	0	0	15	0	1	176	14	7	0	6	0	0	0	0	23	0	0	0	0	0	317	0	0	2039	0	1	0	0	5	15	16292	0	1	490880	0	3	0	0	0	0	0	0	4	0	507	26	4	91	12	0	5576	67	0
EHA04666_bin.24	0	0	0	0	0	0	0	0	0	0	0	0	0	0	4	0	0	0	0	0	0	0	0	0	0	0	0	25734	0	0	0	0	0	0	0	0	0	0	302	0	0	0	0	0	0	0	23147	0	0	0	0	7	0	0	0	0	0	0	0	0	0	0	0	0	0	0	0	21471	0	0	0	0	0	9956	0	0	0	0	0	0	0	0	0	4	0	0	0	0	0	0	0	0	14	0	0	1	0	0	2	0	0	1979	0	0	0	0	0	0	862	0	0	52740	0	0	0	0	0	0	0	0	0	0	31644	0	0	0	1	0	81678	2	0
EHA04666_bin.25	0	6	0	2	0	0	0	0	0	0	0	0	0	0	9	0	1	0	0	0	0	0	0	0	0	0	6	29668	0	0	0	0	0	0	0	0	0	0	5628	0	0	0	0	0	0	0	42787	3	0	0	0	1	0	0	0	0	0	0	0	0	0	0	0	13	0	0	0	13986	1	0	1	0	0	28549	0	0	0	0	0	0	0	0	0	1	0	0	0	0	0	0	0	0	0	0	0	0	0	0	7	0	0	15642	0	0	0	0	0	0	17121	0	0	76927	0	0	0	0	0	0	0	0	0	0	28608	0	0	0	0	0	21505	17	0
EHA04666_bin.26	0	0	0	1	0	0	0	0	0	0	0	0	0	0	4	0	0	0	0	0	0	0	2	0	0	0	0	33628	0	0	0	0	0	0	0	0	0	0	7905	0	0	0	0	0	0	0	14497	0	0	0	0	8	0	0	0	0	0	0	0	0	0	0	0	0	0	0	0	19246	6	0	0	0	0	9245	0	0	0	0	0	0	0	0	2	11	0	0	0	0	0	0	0	0	18	0	0	0	0	0	20	0	0	11189	0	0	0	0	0	0	748	0	0	36233	0	0	0	0	0	0	0	0	0	0	14972	0	0	0	0	0	42067	4	0
EHA04666_bin.7	0	5	0	0	2	0	0	0	0	0	0	0	0	4	7	0	0	20	0	0	0	0	7	0	0	2	2	15481	2	0	0	0	0	0	0	0	0	0	12846	0	0	0	0	0	6	0	57232	86	0	0	2	197	1	0	0	0	0	0	0	0	0	3	0	7	0	0	0	31937	2	0	14	0	0	11505	0	0	0	3	0	0	1	0	0	8	0	0	0	4	0	0	0	0	1	0	0	0	0	0	7	0	0	40364	0	1	0	0	0	0	23127	0	0	31536	0	0	0	0	0	0	0	0	0	0	29249	0	0	0	0	0	20831	3	0
EHA04666_bin.9	0	0	0	0	0	0	0	0	0	0	0	0	0	2	12	0	0	30	2	0	4	0	8	0	0	0	10	9052	0	0	0	0	0	0	0	0	0	0	6682	0	0	0	0	0	13	0	12644	4	0	0	0	1	0	0	0	0	0	0	0	0	0	2	0	12	0	0	2	18569	1	0	0	0	0	6908	8	0	0	2	0	0	2	0	0	4	2	0	0	0	0	0	0	0	4	0	0	0	0	0	9	0	0	28003	0	0	0	0	0	0	9639	0	2	13606	0	0	0	0	0	0	0	0	0	0	12411	0	0	0	2	0	27942	2	0
EHA04667_bin.12	0	0	0	0	0	0	0	0	0	0	0	0	0	0	0	0	0	0	0	0	0	0	2	0	0	0	0	3963	0	0	0	0	0	0	0	0	0	0	852	0	0	0	0	0	0	0	226	0	0	0	0	0	0	0	0	0	0	0	0	0	0	0	0	0	0	0	0	444	0	0	0	0	0	490	0	0	0	0	0	0	0	0	0	1	0	0	0	0	0	0	0	0	0	0	0	0	0	0	0	0	0	5274	0	0	0	0	0	0	422	0	0	3115	0	0	0	0	0	0	0	0	0	0	1230	0	0	0	0	0	3959	0	0
EHA04667_bin.13	0	0	0	0	1	0	0	0	0	0	0	0	0	0	2	0	0	2	0	0	0	0	0	0	0	0	0	11134	0	0	4	0	0	1	0	0	0	0	32499	0	0	0	0	0	2	0	3605	0	0	0	0	0	0	0	0	0	0	0	0	0	0	2	0	1	0	0	2	69845	1	0	0	0	0	3037	0	0	0	1	0	0	0	0	0	0	0	0	0	0	0	0	0	0	0	0	0	0	0	0	0	0	0	10637	0	1	0	0	0	0	47694	0	0	8676	0	0	0	0	0	0	0	0	0	0	15833	0	0	0	2	0	21614	0	0
EHA04667_bin.17	0	0	1	3	1	0	0	0	0	0	0	0	3	0	0	0	0	0	0	0	0	0	1	0	0	0	0	43382	0	0	0	0	0	0	0	0	0	0	2478	0	0	0	0	0	0	0	19327	0	0	0	2	1	0	0	0	0	0	0	0	0	0	2	0	0	0	0	0	25906	0	0	1	0	0	58167	0	0	0	0	0	0	0	0	0	0	0	0	0	0	0	0	0	0	0	0	0	0	0	0	1	0	0	32242	0	0	0	0	1	0	3830	0	0	52347	0	0	0	0	0	0	0	0	0	0	253212	0	0	2	0	0	10661	0	0
EHA04667_bin.19	0	0	0	0	0	0	0	0	0	0	0	0	0	0	0	0	0	0	0	0	0	0	0	0	0	0	0	14509	0	0	0	0	0	0	0	0	0	0	5431	0	0	0	0	0	0	0	20444	1	0	0	0	0	0	0	0	0	0	0	0	0	0	0	0	0	0	0	0	10188	0	0	0	0	0	1780	0	0	0	0	0	0	0	0	0	0	0	0	0	0	0	0	0	0	0	0	0	0	0	0	0	0	0	2454	0	0	0	0	0	0	22608	0	2	17780	0	0	0	0	0	0	0	0	0	0	7128	0	0	0	0	0	4544	0	0
EHA04667_bin.1	0	30	1	4	0	0	0	0	0	0	3	0	0	48	23	0	0	0	0	0	16	1	0	0	0	0	10	3050482	0	0	0	0	0	0	0	0	0	0	613733	0	0	0	0	6	0	1	159	8	0	0	0	25	0	0	0	0	0	0	0	0	0	0	0	327	0	0	0	271	4	0	11	0	0	318	0	4	0	4	0	0	1	0	0	108	9	0	0	7	0	0	0	0	136	0	0	0	0	0	45	0	0	514	0	0	1	0	1	0	4434258	0	9	313	0	2	0	0	0	0	0	0	1	0	96	0	0	0	0	0	123	3	0
EHA04667_bin.21	0	0	0	1	2	0	0	0	0	0	0	0	0	483	10067	0	1	11	2	0	0	0	9	2	0	1	2116	13572	9	0	41	0	0	27	0	0	0	0	3288	0	0	0	0	0	3	0	2120	5	0	0	0	2	0	0	0	0	0	0	0	0	0	0	0	10	0	0	0	5754	849	0	0	0	0	4730	0	0	0	265	0	0	2519	0	2	678	1	0	0	1	0	0	0	0	2910	0	2	0	0	0	1035	0	0	19987	0	1	0	0	0	6	2355	0	0	7599	0	0	0	0	0	0	0	0	0	0	11892	4	0	1	0	0	4799	246	0
EHA04667_bin.24	0	3	0	0	0	0	0	1	0	0	6	0	0	13	6	0	0	0	0	0	0	0	1	0	0	0	1	7764	0	0	0	0	0	0	0	0	0	0	88	0	0	0	0	2	0	0	95	78	0	0	0	38	0	0	0	0	0	0	0	0	0	0	0	2	0	0	0	2460	1	0	6	0	0	3227	0	0	0	7	0	0	0	0	0	14	0	0	0	0	0	0	3	0	1	0	0	0	0	0	4	0	0	1116	0	0	0	0	0	1	785	0	3	30014	0	0	0	0	0	0	0	0	0	0	5598	0	0	0	0	0	26702	7	0
EHA04667_bin.27	0	23	3	0	21	0	0	0	0	0	0	0	1	0	10	0	0	0	0	0	10	0	64	4	0	5	4	30115	0	0	171	0	0	0	0	0	0	0	48919	2	0	0	0	0	0	1	111336	8	0	0	2	2	0	0	0	0	0	0	7	0	0	5	0	2	0	0	0	20389	4	0	2	0	0	6225	0	1	0	14	0	0	15	0	5	1	1	1	0	0	0	0	0	0	7	0	0	0	0	0	9	0	0	63164	0	8	0	0	0	8	14559	0	2	143255	0	0	0	0	0	0	0	0	0	0	57799	6	2	0	5	0	38975	6	0
EHA04667_bin.28	0	0	0	2	0	0	0	0	0	0	4	0	0	0	23	0	2	0	0	0	0	0	0	0	0	0	0	9748	0	0	0	0	0	0	0	0	0	0	562	0	0	0	0	0	0	0	925	1	0	0	0	7	0	0	0	0	0	0	0	0	0	0	0	0	0	0	0	1933	5	0	0	0	0	2096	0	0	0	0	0	0	0	0	0	18	0	0	0	0	0	0	0	0	36	0	0	0	0	0	7	0	0	1087	0	0	0	0	0	0	146	0	0	3297	0	0	0	0	0	0	0	0	0	0	2523	7	0	0	0	0	3741	4	0
EHA04667_bin.29	0	8	0	0	0	0	0	0	0	0	0	0	1	0	9	0	0	0	0	0	0	0	0	0	0	0	2	20039	0	0	2	0	0	0	0	0	0	0	3124	0	0	0	0	0	0	0	33158	0	0	0	0	2	0	0	0	0	0	0	0	0	0	0	0	10	0	0	0	9769	0	0	0	0	0	13185	0	0	0	0	0	0	0	2	0	2	0	0	0	0	0	0	0	0	1	0	0	0	0	0	0	0	0	10341	0	0	0	0	0	0	5313	0	0	55728	0	0	0	0	0	0	0	0	0	0	19776	0	0	0	0	0	11911	12	0
EHA04667_bin.2	2	3	0	0	3	0	0	0	0	0	0	0	0	2	17	0	0	83	0	0	0	0	18	0	0	0	5	13534	0	0	2	0	0	4	0	0	0	0	8480	0	0	0	0	0	36	0	20371	1	0	0	0	0	0	0	0	0	0	0	2	0	0	0	0	5	0	0	2	13604	7	0	2	0	0	24607	0	0	0	8	0	0	7	0	0	25	0	0	0	1	0	0	0	0	11	0	0	0	0	0	10	0	0	16102	0	0	0	0	0	2	18339	0	2	40352	0	0	0	0	0	0	0	0	0	0	30673	1	0	0	0	0	20907	7	0
EHA04667_bin.31	0	0	0	0	0	0	0	0	0	0	0	0	0	3	0	0	0	0	0	0	0	0	0	0	0	0	1	25752	0	0	0	0	0	0	0	0	0	0	5496	0	0	0	0	0	0	0	32972	4	0	0	0	0	0	0	0	0	0	0	0	0	0	0	0	2	0	0	0	22467	0	0	0	0	0	31973	0	0	0	2	0	0	3	0	0	4	0	0	0	0	0	0	0	0	0	0	0	0	0	0	3	0	0	16311	0	0	0	0	0	0	8684	0	0	22714	0	1	0	0	0	0	0	0	0	0	78134	0	0	0	0	0	28353	14	0
EHA04667_bin.32	0	5	0	0	0	0	0	0	0	0	0	0	0	2	22	0	0	0	0	0	0	0	0	0	0	0	4	4227	0	0	0	0	0	0	0	0	0	0	23	0	0	0	0	0	0	0	3148	9	0	0	0	0	0	0	0	0	0	0	0	0	0	0	0	20	0	0	0	7554	1	0	0	0	0	6817	0	0	0	2	0	0	5	0	0	2	0	0	0	0	0	0	0	0	10	0	0	0	0	0	5	0	0	3015	0	0	0	0	0	0	8378	0	0	8917	0	0	0	0	0	0	0	0	0	0	7916	0	0	0	0	0	11661	19	0
EHA04667_bin.33	0	3	0	0	1	0	0	0	0	0	0	0	0	0	15	0	0	0	0	0	0	0	0	0	0	0	2	11680	0	0	0	0	0	0	0	0	0	0	190	0	0	0	0	0	0	0	745	5	0	0	0	0	0	0	0	0	0	0	0	0	0	0	0	16	0	0	0	428	2	0	2	0	0	29000	0	0	0	1	0	0	1	0	0	4	0	0	0	0	0	0	0	0	7	0	0	0	0	0	7	0	0	500	0	0	0	0	0	0	368	0	0	3937	0	2	0	0	0	0	0	0	0	2	41656	3	0	0	0	0	1687	59	0
EHA04667_bin.34	0	0	0	0	0	0	0	0	0	0	0	0	0	0	0	0	0	0	0	0	0	0	0	0	0	0	0	14930	0	0	0	0	0	0	0	0	0	0	9573	0	0	0	0	0	0	0	2280	0	0	0	0	0	0	0	0	0	0	0	0	0	0	0	0	0	0	0	0	9174	0	0	0	0	0	1887	0	0	0	0	0	0	0	0	0	0	0	0	0	0	0	0	0	0	0	0	0	0	0	0	0	0	0	12360	0	0	0	0	0	0	6112	0	0	2184	0	0	0	0	0	0	0	0	0	0	17549	0	0	0	0	0	11073	0	0
EHA04667_bin.35	0	0	0	0	0	0	0	0	0	0	0	0	0	0	0	0	0	0	0	0	0	0	0	0	0	0	0	7930	0	0	0	0	0	0	0	0	0	0	11173	0	0	0	0	0	0	0	4216	2	0	0	0	1	0	0	0	0	0	0	0	0	0	0	0	0	0	0	0	12487	0	0	0	0	0	2384	0	0	0	0	0	0	0	0	0	0	0	0	0	0	0	0	0	0	0	0	0	0	0	0	0	0	0	142113	0	0	0	0	0	0	13088	0	0	4576	0	0	0	0	0	0	0	0	0	0	10583	0	0	0	0	0	11623	0	0
EHA04667_bin.36	0	0	0	0	0	0	0	0	0	0	0	0	0	0	0	0	0	0	0	0	0	0	0	0	0	0	0	2132	0	0	0	0	0	0	0	0	0	0	444	0	0	0	0	0	0	0	12998	0	0	0	0	0	0	0	0	0	0	0	0	0	0	0	0	0	0	0	0	4969	0	0	0	0	0	480	0	0	0	0	0	0	0	0	0	0	0	0	0	0	0	0	0	0	0	0	0	0	0	0	0	0	0	17397	0	0	0	0	0	0	98	0	0	1782	0	0	0	0	0	0	0	0	0	0	22615	0	0	0	0	0	3944	0	0
EHA04667_bin.37	0	5	3	0	14	0	0	0	0	0	3	0	0	7	159	0	0	0	0	0	4	12	9	0	0	0	60	2271	0	0	0	0	0	0	0	0	0	0	2104	0	0	0	0	0	0	0	15161	0	0	0	0	0	0	0	0	0	0	0	11	0	0	4	0	2	0	0	0	5104	49	0	6	0	0	1828	0	0	0	11	0	0	74	0	0	12	79	4	0	29	0	0	0	0	63	0	0	0	0	0	31	0	0	5511	0	0	0	0	2	4	10859	0	48	27803	0	0	0	0	0	0	0	0	1	0	6201	3	0	0	11	0	2037	114	0
EHA04667_bin.3	21	38	0	1	15	0	0	0	0	0	0	0	2	457	2904	0	0	44	0	0	0	0	10	0	0	0	653	95115	59	0	142	0	0	23	0	0	0	0	10266	0	0	0	0	0	26	0	57164	0	0	0	2	4	0	0	0	0	0	0	0	0	0	0	0	3908	0	0	0	28606	715	0	0	0	0	31259	0	0	0	717	0	0	274	0	0	1073	5	0	0	0	0	0	0	0	688	0	0	0	0	0	1820	0	0	19284	0	0	0	0	0	0	15330	0	8	25925	0	0	0	0	0	0	0	0	0	0	51670	0	0	24	1	0	50553	626	0
EHA04667_bin.4	0	7	0	0	0	0	0	0	0	0	0	0	0	9	12	0	0	0	0	0	0	0	1	0	0	0	0	69996	0	0	0	0	0	0	0	0	0	0	268	0	0	0	0	0	0	0	1610	34	0	0	0	17	0	0	0	0	0	0	0	0	0	0	0	20	0	0	0	518	2	0	0	0	0	62015	0	0	0	4	0	0	0	2	0	8	0	0	0	0	0	0	0	0	14	0	0	0	0	0	2	0	0	256	0	0	0	0	0	0	736	0	0	33005	0	0	0	0	0	0	0	0	0	0	26714	0	0	0	0	0	3499	13	0
EHA04667_bin.5	0	0	0	0	0	0	0	0	0	0	0	0	2	0	0	0	0	0	0	0	0	0	0	0	0	0	0	1051	0	0	0	0	0	0	0	0	0	0	99	0	0	0	0	0	0	0	668	0	0	0	0	0	0	0	0	0	0	0	0	0	0	0	0	0	0	0	0	8181	0	0	0	0	0	955	0	0	0	0	0	0	0	0	0	0	0	0	0	0	0	0	0	0	0	0	0	0	0	0	0	0	0	1740	0	0	0	0	0	0	161	0	0	1976	0	0	0	0	0	0	0	0	0	0	4792	0	0	0	0	0	14034	2	0
EHA04667_bin.8	0	2	0	0	0	0	0	0	0	0	0	0	1	6	19	0	0	0	0	0	0	0	7	0	0	0	3	25003	0	0	0	0	0	0	0	0	0	0	2287	4	0	0	0	0	0	0	15134	27	0	0	0	10	0	0	0	0	0	0	0	0	0	1	0	11	0	0	0	7358	4	0	0	0	0	7365	0	0	0	0	0	0	1	0	0	5	0	0	0	0	0	0	0	0	6	0	0	0	0	0	5	0	0	5127	0	0	0	0	0	0	4068	0	0	44702	0	0	0	0	0	0	0	0	0	0	56263	0	0	0	0	0	10641	8	0
EHA04668_bin.11	0	0	0	0	0	0	0	0	0	0	0	0	0	0	0	0	0	0	0	0	0	0	0	0	0	0	0	11188	0	0	0	0	0	0	0	0	0	0	11046	0	0	0	0	0	0	0	7133	1	0	0	0	0	0	0	0	0	0	0	0	0	0	0	0	1	0	0	0	11770	0	0	0	0	0	9808	0	0	0	0	0	0	0	0	2	2	0	0	0	0	0	0	0	0	0	0	0	0	0	0	1	0	0	12549	0	0	0	0	0	0	21360	0	0	23079	0	0	0	0	0	0	0	0	0	0	4427	0	0	0	0	0	12808	2	0
EHA04668_bin.13	2	4	0	0	36	0	0	0	0	0	0	0	1	6	24	0	0	0	0	0	0	0	92	1	0	0	13	13838	0	0	5	0	0	0	0	0	0	0	2563	0	0	0	0	0	0	0	2034	0	0	0	1	0	0	0	0	0	0	0	0	0	0	2	0	45	0	0	0	10261	7	0	0	0	0	9733	0	0	0	11	0	0	7	0	0	43	0	0	0	0	0	0	0	0	3	0	0	0	0	0	14	0	0	29241	0	0	0	0	0	0	2868	0	0	945	0	0	0	0	0	0	0	0	1	0	6424	61	0	4	6	0	7338	120	0
EHA04668_bin.15	0	0	0	0	0	0	0	0	0	0	0	0	0	0	0	0	0	0	0	0	0	0	7	0	0	0	0	4243	0	0	0	0	0	0	0	0	0	0	8365	0	0	0	0	0	0	0	134	0	0	0	0	0	0	0	0	0	0	0	2	0	0	1	0	0	0	0	0	178	0	0	2	0	0	141	0	0	0	0	0	0	0	0	0	0	0	0	0	1	0	0	0	0	0	0	0	0	0	0	0	0	0	156	0	0	0	0	0	0	31183	0	0	189	0	0	0	0	0	0	0	0	0	0	2566	0	0	0	0	0	101	0	0
EHA04668_bin.16	0	0	0	0	0	0	0	0	0	0	0	0	0	0	0	0	0	0	0	0	0	0	0	0	0	0	0	3868	0	0	0	0	0	0	0	0	0	0	804	0	0	0	0	0	0	0	12533	0	0	0	0	0	0	0	0	0	0	0	0	0	0	0	0	0	0	0	0	5904	0	0	0	0	0	1351	0	0	0	0	0	0	0	0	0	0	0	0	0	0	0	0	0	0	0	0	0	0	0	0	0	0	0	21155	0	0	0	0	0	0	29324	0	0	96601	0	0	0	0	0	0	0	0	0	0	6137	0	0	0	0	0	31243	1	0
EHA04668_bin.17	0	0	0	0	2	0	0	0	0	0	0	0	0	0	0	0	0	0	0	0	0	0	0	0	0	0	0	2831	0	0	0	0	0	0	0	0	0	0	112	0	0	0	0	0	0	0	26133	0	0	0	0	0	0	0	0	0	0	0	0	0	0	0	0	0	0	0	0	44337	0	0	0	0	0	1777	0	0	0	0	0	0	0	0	0	0	0	0	0	0	0	0	0	0	0	0	0	0	0	0	0	0	0	1708	0	0	0	0	0	0	1344	0	0	6566	0	0	0	0	0	0	0	0	0	0	10481	0	0	0	0	0	72448	0	0
EHA04668_bin.18	0	5	0	0	3	0	0	0	0	0	0	0	0	2	18	0	0	0	0	0	0	0	2	0	0	0	0	28015	0	0	1	0	0	0	0	0	0	0	1711	0	0	0	0	0	0	0	68604	4	0	0	0	4	0	0	0	0	0	0	0	0	0	0	0	5	0	0	0	43242	6	0	1	0	0	101009	0	0	0	0	0	0	0	0	0	2	0	0	0	0	0	0	0	0	3	0	0	0	0	0	8	0	0	28936	0	0	0	0	0	0	209397	0	0	35575	0	0	0	0	0	0	0	0	0	0	27731	0	0	0	0	0	7861	13	0
EHA04668_bin.19	0	0	0	0	0	0	0	0	0	0	0	0	0	0	0	0	0	0	0	0	0	0	0	0	0	0	0	3222	0	0	0	0	0	0	0	0	0	0	3292	0	0	0	0	0	0	0	1720	0	0	0	0	0	0	0	0	0	0	0	0	0	0	0	0	0	0	0	0	78606	0	0	0	0	0	181	0	0	0	0	0	0	0	0	0	0	0	0	0	0	0	0	0	0	0	0	0	0	0	0	0	0	0	3373	0	0	0	0	0	0	1468	0	0	134	0	0	0	0	0	0	0	0	0	0	888	0	0	0	0	0	2789	4	0
EHA04668_bin.1	0	0	0	0	0	0	0	0	0	0	0	0	0	0	0	0	0	0	0	0	0	0	0	0	0	0	0	10307	0	0	0	0	0	0	0	0	0	0	3529	0	0	0	0	0	0	0	1165	0	0	0	0	0	0	0	0	0	0	0	0	0	0	0	0	0	0	0	0	3534	0	0	0	0	0	2786	0	0	0	0	0	0	0	0	0	0	0	0	0	0	0	0	0	0	0	0	0	0	0	0	0	0	0	2303	0	0	0	0	0	0	32392	0	0	31612	0	0	0	0	0	0	0	0	0	0	10899	0	0	0	0	0	1663	0	0
EHA04668_bin.20	0	0	0	0	2	0	0	0	0	0	0	0	0	0	1	0	0	0	0	0	0	0	0	0	0	0	0	7793	0	0	0	0	0	0	0	0	0	0	1089	0	0	0	0	0	0	0	1451	0	0	0	0	0	0	0	0	0	0	0	0	0	0	0	0	0	0	0	0	3250	0	0	0	0	0	1892	0	0	0	0	0	0	0	0	0	0	0	0	0	0	0	0	0	0	0	0	0	0	0	0	0	0	0	2192	0	0	0	0	0	0	5089	0	0	1592	0	0	0	0	0	0	0	0	0	0	11752	0	0	0	0	0	4349	0	0
EHA04668_bin.22	0	0	0	0	1	0	0	0	0	0	0	0	0	2	2	0	0	4	0	0	0	0	0	0	0	0	2	13039	0	0	0	0	0	0	0	0	0	0	304	0	0	0	0	0	0	0	5407	2	0	0	0	0	0	0	0	0	0	0	0	0	0	0	0	3	0	0	4	7914	0	0	1	0	0	48456	0	0	0	2	0	0	1	0	0	2	1	0	0	1	0	0	0	0	0	0	0	0	0	0	0	0	0	78452	0	0	0	0	0	0	1092	0	0	41872	0	0	0	0	0	0	0	0	0	0	8004	0	0	0	0	0	10696	4	0
EHA04668_bin.2	0	4	0	0	1	0	0	0	0	0	0	0	0	3	1	0	0	0	0	0	0	2	0	0	0	0	2	3302	0	0	0	0	0	0	0	0	0	0	4771	0	0	0	0	0	0	0	12140	7	0	0	0	9	0	0	0	0	0	0	0	0	0	0	0	0	0	0	0	15153	0	0	0	0	0	3364	0	0	0	0	0	0	0	0	0	5	0	0	0	2	0	0	0	0	0	0	0	0	0	0	5	0	0	6632	0	0	0	0	0	0	6894	0	5	1703	0	0	0	0	0	0	0	0	0	0	5961	0	0	0	0	0	6718	1	0
EHA04668_bin.7	0	0	0	0	0	0	0	0	0	0	0	0	0	0	0	0	0	0	0	0	0	0	0	0	0	0	0	6487	0	0	0	0	0	0	0	0	0	0	1268	0	0	0	0	0	0	0	1670	0	0	0	0	0	0	0	0	0	0	0	0	0	0	0	0	0	0	0	0	7991	0	0	0	0	0	2543	0	0	0	0	0	0	0	0	0	0	0	0	0	0	0	0	0	0	0	0	0	0	0	0	0	0	0	6133	0	0	0	0	0	0	4621	0	0	850	0	0	0	0	0	0	0	0	0	0	2323	0	0	0	0	0	3593	0	0
EHA04669_bin.11	0	0	0	0	0	0	0	0	0	0	0	0	0	0	0	0	0	0	0	0	0	0	0	0	0	0	0	1886	0	0	0	0	0	0	0	0	0	0	3036	0	0	0	0	0	0	0	79	0	0	0	0	0	0	0	0	0	0	0	0	0	0	0	0	0	0	0	0	12913	0	0	0	0	0	5059	0	0	0	0	0	0	0	0	0	0	0	0	0	0	0	0	0	0	0	0	0	0	0	0	0	0	0	2492	0	0	0	0	0	0	218	0	0	1252	0	0	0	0	0	0	0	0	1	0	35053	0	0	0	0	0	520	0	0
EHA04669_bin.13	0	0	0	0	1	0	0	0	0	0	0	0	0	0	0	0	0	3	0	0	0	0	0	0	0	0	0	1698	0	0	0	0	0	0	0	0	0	0	1024	0	0	0	0	0	10	0	106771	0	0	0	0	2	0	0	0	0	0	0	0	0	0	1	0	0	0	0	0	14105	0	0	0	0	0	2531	0	0	0	0	0	0	0	0	0	6	0	0	0	0	0	0	0	0	0	0	0	0	0	0	6	0	0	5457	0	0	0	0	0	1	96993	0	0	14500	0	0	0	0	0	0	0	0	0	0	189453	1	0	0	0	0	7886	3	0
EHA04669_bin.15	0	0	0	0	0	0	0	0	0	0	0	0	0	0	0	0	0	0	0	0	0	0	0	0	0	0	0	2598	0	0	0	0	0	0	0	0	0	0	1424	0	0	0	0	0	0	0	52	0	0	0	0	0	0	0	0	0	0	0	0	0	0	0	0	0	0	0	0	19398	0	0	0	0	0	771	0	0	0	0	0	0	0	0	0	0	0	0	0	0	0	0	0	0	0	0	0	0	0	0	0	0	0	26506	0	0	0	0	0	0	659	0	0	603	0	0	0	0	0	0	0	0	0	0	25932	0	0	0	0	0	10749	0	0
EHA04669_bin.17	0	8	0	0	1	0	0	0	0	0	0	0	0	2	22	0	0	3	0	0	0	0	2	0	0	0	5	10219	0	0	3	0	0	0	0	0	0	0	7274	0	0	0	0	0	0	0	6464	4	0	0	0	6	0	0	0	0	0	0	0	0	0	1	0	22	0	0	0	6397	0	0	0	0	0	1937	0	0	0	0	0	0	1	0	0	4	0	0	0	0	0	0	0	0	10	0	0	0	0	0	5	0	0	5937	0	0	0	0	1	0	437	0	0	7799	0	0	0	0	0	0	0	0	0	0	26881	0	0	0	0	0	4861	11	0
EHA04669_bin.19	0	0	0	0	0	0	0	0	0	0	0	0	0	0	0	0	0	0	0	0	0	0	0	0	0	0	0	7011	0	0	0	0	0	0	0	0	0	0	5	0	0	0	0	0	0	0	106	0	0	0	0	0	0	0	0	0	0	0	0	0	0	0	0	0	0	0	0	281	0	0	0	0	0	226	0	0	0	0	0	0	0	0	0	0	0	0	0	0	0	0	0	0	0	0	0	0	0	0	0	0	0	136	0	0	0	0	0	0	10	0	0	76	0	0	0	0	0	0	0	0	0	0	36154	0	0	0	0	0	2495	0	0
EHA04669_bin.1	0	3	0	0	6	0	0	0	0	0	0	0	0	232	0	0	0	0	0	0	0	0	7	0	0	0	0	15227	0	0	0	0	0	0	0	0	0	0	35	0	0	0	0	0	0	0	257	0	0	0	0	2	0	0	0	0	0	0	0	0	0	0	0	0	0	0	0	35	0	0	0	0	0	255	0	0	0	74	0	0	0	0	0	90	0	0	0	2	0	0	0	0	0	0	0	0	0	0	43	0	0	21280	0	0	0	0	0	0	28	0	0	666	0	4	0	0	0	0	0	0	0	0	189147	0	0	0	0	0	21291	12	0
EHA04669_bin.20	0	5	0	0	1	0	0	0	0	0	0	0	0	3	1	0	1	28	0	0	0	0	28	0	0	0	0	41440	0	0	0	0	0	0	0	0	0	0	879	0	0	0	0	0	14	0	1785	8	0	0	0	1	1	0	0	0	0	0	1	0	0	6	0	12	0	0	0	4371	3	0	0	0	0	14543	0	1	0	0	0	0	2	0	0	3	12	1	0	0	0	0	0	0	2	0	0	0	0	0	4	0	0	2718	0	0	0	0	1	12	1023	0	0	771	0	0	0	0	0	0	0	0	0	0	149793	16	0	4	2	0	3583	4	0
EHA04669_bin.21	0	6	0	0	0	0	0	0	0	0	0	0	0	4	7	0	0	1	0	0	0	0	1	3	0	0	2	23000	0	0	0	0	0	3	0	0	0	0	18	2	0	0	0	0	0	0	126	0	0	0	0	0	0	0	0	0	0	0	0	0	0	0	0	15	0	0	0	92	0	0	0	0	0	8668	0	0	0	29	0	0	0	0	0	1	1	0	0	0	0	0	0	0	2	0	0	0	0	0	13	0	0	37	0	0	0	0	1	0	0	0	0	592	0	0	0	0	0	0	0	0	0	0	39638	0	0	2	1	0	6912	25	0
EHA04669_bin.22	0	0	0	0	0	0	0	0	0	0	0	0	0	0	3	0	0	0	0	0	0	0	0	0	0	0	0	308	0	0	0	0	0	0	0	0	0	0	69	0	0	0	0	0	0	0	241	0	0	0	0	0	0	0	0	0	0	0	0	0	0	0	0	0	0	0	0	431	0	0	0	0	0	26020	0	0	0	2	0	0	0	0	0	5	0	0	0	0	0	0	0	0	1	0	0	0	0	0	1	0	0	1404	0	0	0	0	0	0	58	0	0	540	0	0	0	0	0	0	0	0	0	0	132248	0	0	0	0	0	933	0	0
EHA04669_bin.29	0	0	0	0	0	0	0	0	0	0	0	0	0	0	4	0	0	0	0	0	0	0	0	0	0	0	4	18440	0	0	0	0	0	0	0	0	0	0	357	0	0	0	0	0	0	0	1866	0	0	0	0	0	0	0	0	0	0	0	0	0	0	0	0	0	0	0	2	1341	0	0	0	0	0	386	0	0	0	0	0	0	0	0	0	0	0	0	0	0	0	0	0	0	4	0	0	0	0	0	0	0	0	888	0	0	0	0	0	0	340	0	0	232	0	0	0	0	0	0	0	0	0	0	268439	0	0	0	0	0	1356	2	0
EHA04669_bin.2	0	0	0	0	1	0	0	0	0	0	0	0	0	0	0	0	0	0	0	0	2	0	0	0	0	0	0	51577	0	0	0	0	0	0	0	0	0	0	66043	0	0	0	0	0	0	0	2064	0	0	0	0	1	0	0	0	0	0	0	2	0	0	0	0	0	0	0	0	143896	0	0	0	0	0	3767	0	0	0	0	0	0	0	0	0	0	0	0	0	0	0	0	0	0	0	0	0	0	0	0	0	0	0	29851	0	0	0	0	0	0	9939	0	0	11682	0	0	0	0	0	0	0	0	0	0	95473	0	0	0	0	0	84308	2	0
EHA04669_bin.34	0	35	0	3	1	0	0	0	0	0	0	0	6	9	175	0	0	0	0	0	0	0	9	0	0	0	31	153593	0	0	2	0	0	0	0	0	0	0	91	0	0	0	0	0	0	0	1094	70	0	0	0	13	0	0	0	0	0	0	0	0	0	0	0	123	0	0	0	1788	13	0	5	0	0	68804	0	0	0	14	0	0	20	0	0	21	0	2	0	0	0	0	0	0	20	0	0	0	0	0	44	0	0	2231	0	0	0	0	0	2	262	0	1	28702	0	0	0	0	0	0	0	0	0	0	84841	0	0	0	0	0	4517	174	0
EHA04669_bin.36	0	0	0	0	0	0	0	0	0	0	0	0	0	0	0	0	0	0	0	0	0	0	0	0	0	0	0	13561	0	0	0	0	0	0	0	0	0	0	967	0	0	0	0	0	0	0	798	0	0	0	0	0	0	0	0	0	0	0	0	0	0	0	0	0	0	0	0	1394	0	0	0	0	0	2700	0	0	0	0	0	0	0	0	0	0	0	0	0	0	0	0	0	0	0	0	0	0	0	0	0	0	0	4346	0	0	0	0	0	0	1641	0	0	1072	0	0	0	0	0	0	0	0	0	0	582771	0	0	0	0	0	2510	0	0
EHA04669_bin.38	0	0	0	0	0	0	0	0	0	0	0	0	1	0	20	0	0	0	0	0	0	0	0	0	0	0	2	43321	0	0	4	0	0	0	0	0	0	0	1070	0	0	0	0	0	0	0	6617	0	0	0	0	4	0	0	0	0	0	0	0	0	0	0	0	0	0	0	0	3335	1	0	0	0	0	5857	0	0	0	0	0	0	3	0	0	1	0	0	0	0	0	0	0	0	2	0	0	0	0	0	5	0	0	1685	0	0	0	0	0	0	660	0	0	34102	0	0	0	0	0	0	0	0	0	0	182960	0	0	0	0	0	1836	11	0
EHA04669_bin.39	0	11	0	1	0	0	0	0	0	0	0	0	0	1	22	0	0	0	0	0	0	0	0	0	0	0	3	75695	0	0	0	0	0	0	0	0	0	0	388	0	0	0	0	0	0	0	5351	15	0	0	2	8	0	0	0	0	0	0	0	0	0	0	0	12	0	0	0	2334	2	0	0	0	0	81097	0	0	0	1	0	0	1	0	0	3	0	0	0	0	0	0	0	0	8	0	0	0	0	0	9	0	0	1959	0	0	0	0	0	0	932	0	0	25426	0	0	0	0	0	0	0	0	0	0	106854	0	0	0	0	0	12409	17	0
EHA04669_bin.3	0	0	0	0	0	0	0	0	0	0	0	0	0	1	0	0	0	0	0	0	0	0	0	0	0	0	0	2752	0	0	0	0	0	0	0	0	0	0	139	0	0	0	0	0	0	0	151	0	0	0	0	0	0	0	0	0	0	0	0	0	0	0	0	0	0	0	0	428	0	0	0	0	0	1287	0	0	0	0	0	0	0	0	0	0	0	0	0	0	0	0	0	0	0	0	0	0	0	0	0	0	0	630	0	0	0	0	0	0	498	0	0	82	0	0	0	0	0	0	0	0	0	0	44481	4	0	0	2	0	638	2	0
EHA04669_bin.40	0	3	0	0	0	0	0	0	0	0	1	0	0	0	2	0	0	0	10	0	1	1	0	0	0	0	0	25164	0	0	0	0	0	0	0	0	0	0	1015	0	0	0	0	0	0	0	2407	1	0	0	0	0	0	0	0	0	0	0	0	0	0	0	0	4	0	0	0	6113	0	0	0	0	0	12383	0	0	0	0	0	0	0	0	0	0	0	0	0	0	0	0	0	0	0	0	0	0	0	0	8	0	0	4314	0	0	0	0	0	0	1929	0	2	2729	0	0	0	0	0	0	0	0	0	0	55520	0	0	0	0	0	9047	7	0
EHA04669_bin.42	0	0	0	0	0	0	0	0	0	0	0	0	0	0	1	0	0	0	0	0	0	0	0	0	0	0	0	11914	0	0	0	0	0	0	0	0	0	0	1921	0	0	0	0	0	0	0	1324	0	0	0	0	0	0	0	0	0	0	0	0	0	0	0	0	0	0	0	0	13944	0	0	0	0	0	4654	0	0	0	0	0	0	0	0	0	0	0	0	0	0	0	0	0	0	0	0	0	0	0	0	2	0	0	13579	0	0	0	0	0	0	7082	0	0	1815	0	0	0	0	0	0	0	0	0	0	93885	0	0	0	0	0	17221	1	0
EHA04669_bin.7	0	0	0	0	0	0	0	0	0	0	0	0	0	8	2	0	0	0	0	0	0	0	0	0	0	0	1	3516	0	0	1	0	0	0	0	0	0	0	6812	0	0	0	0	0	0	0	3813	2	0	0	0	2	0	0	0	0	0	0	0	0	0	0	0	2	0	0	0	18023	0	0	0	0	0	27247	0	0	0	0	0	0	0	0	0	2	0	0	0	0	0	0	0	0	0	0	0	0	0	0	0	0	0	4002	0	0	0	0	0	0	15022	0	0	1219	0	0	0	0	0	0	0	0	0	0	72473	0	0	0	0	0	3530	17	0
EHA04670_bin.10	0	0	0	0	0	0	0	0	0	0	0	0	0	0	0	0	0	0	0	0	0	0	0	0	0	0	0	4368	0	0	0	0	0	0	0	0	0	0	7945	0	0	0	0	0	0	0	3610	1	0	0	0	0	0	0	0	0	0	0	0	0	0	0	0	0	0	0	0	6859	0	0	0	0	0	6266	0	0	0	0	0	0	0	0	0	0	0	0	0	0	0	0	0	0	0	0	0	0	0	0	0	0	0	3143	0	0	0	0	0	0	11793	0	0	1652	0	0	0	0	0	0	0	0	0	0	2755	0	0	0	0	0	6907	0	0
EHA04670_bin.11	0	0	0	0	0	0	0	0	0	0	0	0	0	2	7	0	0	0	0	0	0	0	0	0	0	0	0	5085	0	0	0	0	0	0	0	0	0	0	23032	0	0	0	0	0	0	0	18101	4	0	0	0	0	0	0	0	0	0	0	0	0	0	0	0	1	0	0	0	154908	0	0	0	0	0	17480	0	0	0	2	0	0	0	0	0	1	0	0	0	0	0	0	0	0	1	0	0	0	0	0	2	0	0	122307	0	0	0	0	0	0	104246	0	0	4459	0	2	0	0	0	0	0	0	0	0	3512	0	0	0	0	0	26313	0	0
EHA04670_bin.12	8	12	1	1	0	0	2	0	0	0	0	0	2	342	27	0	0	302	4	0	1	0	78	19	0	5	45	1432	0	0	10	0	0	0	0	0	0	0	967	11	0	0	0	3	93	0	626	15	0	0	44	8	0	0	0	0	0	0	4	0	0	7	0	22	0	0	0	3448	6	0	1	0	0	1250	0	0	0	12	0	0	4	0	3	9	1	2	0	0	0	0	0	0	5	0	0	0	0	0	10	0	0	1590	0	0	0	0	0	3	1572	0	1	466	0	0	0	0	0	0	0	0	0	2	1748	7	6	10	47	0	4472	126	0
EHA04670_bin.14	0	146	2	7	958	0	0	0	0	0	1	0	4	2802	4219	0	4	1003	2	0	9	0	57	18	0	3	1297	45652	32	0	37	0	0	5	0	0	0	0	21076	3	0	0	0	6	334	0	32919	52	0	0	0	41	0	0	0	0	0	0	0	0	0	13	0	1855	0	0	11	30044	943	0	29	0	0	33524	4	0	0	2313	0	0	613	0	7	2845	51	4	0	12	0	0	0	0	1236	0	0	0	0	0	2787	0	0	36797	0	0	0	0	0	10	77250	1	18	39563	0	8	0	0	0	0	0	0	4	0	72605	13	2	5	19	0	42050	504	0
EHA04670_bin.15	0	0	0	0	0	0	0	0	0	0	0	0	0	0	2	0	0	0	0	0	0	0	0	0	0	0	0	5663	0	0	0	0	0	0	0	0	0	0	1313	0	0	0	0	0	0	0	17801	2	0	0	0	2	0	0	0	0	0	0	0	0	0	0	0	0	0	0	0	6755	0	0	0	0	0	2460	0	0	0	0	0	0	0	0	0	0	0	0	0	0	0	0	0	0	0	0	0	0	0	0	1	0	0	8540	0	0	0	0	0	0	38841	0	0	22500	0	0	0	0	0	0	0	0	0	0	8040	0	0	0	0	0	15344	2	0
EHA04670_bin.3	0	2	0	0	10	0	0	0	0	0	0	0	0	52	165	0	0	120	2	0	0	2	5	0	0	0	48	14212	0	0	1	0	0	0	0	0	0	0	897	0	0	0	0	0	37	0	3668	0	0	0	0	0	0	0	0	0	0	0	0	0	0	0	0	115	0	0	0	14341	39	0	1	0	0	2537	0	0	0	55	0	0	21	0	0	125	5	0	0	3	0	0	0	0	64	0	0	0	0	0	92	0	0	3792	0	0	0	0	0	4	2431	0	2	11801	0	0	0	0	0	0	0	0	1	0	74686	1	0	0	0	0	28494	15	0
EHA04670_bin.4	0	0	0	0	0	0	0	0	0	0	0	0	0	0	0	0	0	0	0	0	0	0	0	0	0	0	0	4720	0	0	0	0	0	0	0	0	0	0	7023	0	0	0	0	0	0	0	2460	0	0	0	0	0	0	0	0	0	0	0	8	0	0	0	0	1	0	0	0	5865	0	0	0	0	0	4101	0	0	0	0	0	0	1	0	0	0	0	0	0	0	0	0	0	0	0	0	0	0	0	0	0	0	0	1650	0	0	0	0	0	0	1905	0	0	2409	0	0	0	0	0	0	0	0	0	0	1170	0	0	0	0	0	1669	6	0
EHA04670_bin.5	0	0	0	0	0	0	0	0	0	0	0	0	0	0	0	0	0	0	0	0	0	0	0	0	0	0	0	1385	0	0	2	0	0	0	0	0	0	0	9745	0	0	0	0	0	0	0	8561	0	0	0	0	0	0	0	0	0	0	0	0	0	0	0	0	0	0	0	0	13214	0	0	0	0	0	216	0	0	0	0	0	0	0	0	0	0	0	0	0	0	0	0	0	0	0	0	0	0	0	0	0	0	0	23228	0	0	0	0	0	0	6265	0	0	334	0	0	0	0	0	0	0	0	0	0	2143	0	0	0	0	0	10681	1	0
EHA04670_bin.7	0	4	0	0	16	0	0	0	0	0	0	0	0	24	17	0	0	5	0	0	0	0	0	0	0	0	5	17444	0	0	0	0	0	0	0	0	0	0	16109	0	0	0	0	0	7	0	48818	43	0	0	4	109	0	0	0	0	0	0	0	0	0	1	0	11	0	0	4	45628	10	0	4	0	0	11759	0	0	0	18	0	0	4	0	0	13	0	1	0	0	0	0	0	0	2	0	0	0	0	0	20	0	0	31305	0	0	0	0	0	0	28565	0	0	27100	0	0	0	0	0	0	0	0	0	0	28906	2	0	1	4	0	24462	4	0
EHA04671_bin.11	0	0	0	0	0	0	0	0	0	0	0	0	0	0	0	0	0	0	0	0	0	0	0	0	0	0	0	14432	0	0	0	0	0	0	0	0	0	0	8956	0	0	0	0	0	0	0	811	4	0	0	0	2	0	0	0	0	0	0	0	0	0	0	0	0	0	0	0	2751	0	0	0	0	0	1574	0	0	0	0	0	0	0	0	0	0	0	0	0	0	0	0	0	0	0	0	0	0	0	0	0	0	0	21286	0	0	0	0	0	0	2604	0	0	1282	0	0	0	0	0	0	0	0	0	0	3906	0	0	0	0	0	100597	0	0
EHA04671_bin.12	0	0	0	0	0	0	0	0	0	0	0	0	0	0	0	0	0	0	0	0	0	0	0	0	0	0	0	3096	0	0	0	0	0	0	0	0	0	0	133	0	0	0	0	0	0	0	1555	0	0	0	0	2	0	0	0	0	0	0	0	0	0	0	0	0	0	0	0	2399	0	0	0	0	0	4557	0	0	0	0	0	0	0	0	0	0	0	0	0	0	0	0	0	0	0	0	0	0	0	0	0	0	0	5337	0	0	0	0	0	0	7778	0	0	2068	0	0	0	0	0	0	0	0	0	0	2280	0	0	0	0	0	39474	0	0
EHA04671_bin.15	2	2	0	0	0	0	0	0	0	0	0	0	0	2	1	0	0	0	1	0	0	0	0	2	0	0	0	5142	0	0	5	0	0	5	0	0	0	0	8803	0	0	0	0	0	0	0	5191	1	0	0	1	0	0	0	0	0	0	0	0	0	0	2	0	4	0	0	0	12124	0	0	0	0	0	7775	1	0	0	0	0	0	2	0	0	2	0	0	0	0	0	0	0	0	4	0	0	0	0	0	2	0	0	8202	0	0	0	0	1	0	11403	0	1	7646	0	0	0	0	0	0	0	0	0	0	4740	0	0	2	5	0	31247	38	0
EHA04671_bin.17	5	2	0	0	0	0	0	0	0	0	0	0	3	0	3	0	1	0	2	0	6	2	7	10	0	0	0	2677	0	0	3	0	0	1	0	0	0	0	1	4	0	0	0	0	0	0	98	3	0	0	12	0	0	0	0	0	0	0	0	0	0	0	0	0	0	0	0	155	2	0	4	0	0	628	1	0	0	2	0	0	0	0	0	1	1	0	0	5	0	0	0	0	1	0	0	0	0	0	2	0	0	102	0	0	0	0	0	0	204	0	6	11	0	2	0	0	0	0	0	0	0	0	747	7	0	1	9	0	272083	29	0
EHA04671_bin.1	0	0	0	0	0	0	0	0	0	0	0	0	0	0	0	0	0	0	0	0	0	0	0	0	0	0	0	3642	0	0	0	0	0	0	0	0	0	0	53	0	0	0	0	0	0	0	389	1	0	0	2	0	0	0	0	0	0	0	0	0	0	0	0	0	0	0	0	12029	0	0	0	0	0	1609	0	0	0	0	0	0	0	0	0	0	0	0	0	0	0	0	0	0	0	0	0	0	0	0	0	0	0	268	0	0	0	0	0	0	59	0	0	213	0	0	0	0	0	0	0	0	0	0	2247	0	0	0	0	0	65200	2	0
EHA04671_bin.25	0	32	3043	30	7	0	0	2	0	0	48	2	10	386	1498	0	3	25	2	0	238	59	1116	10	0	88	1029	13829	0	0	0	0	0	11	0	0	0	0	18210	1	0	0	0	6	13	2	21011	283	0	0	17	23	2668	0	0	0	0	0	1515	0	1	642	0	1727	0	0	14	32316	500	0	533	0	0	830	0	702	0	939	0	0	818	4	1	335	254	68	0	102	0	0	0	0	809	0	0	0	0	0	633	0	1	19706	2	50	0	0	3075	748	45306	0	228	15987	0	6	0	0	0	0	0	0	2484	2	16006	466	0	3	70	0	136770	548	0
EHA04671_bin.26	0	0	0	0	0	0	0	0	0	0	0	0	0	0	0	0	0	0	0	0	0	0	7	0	0	0	0	11254	0	0	2	0	0	0	0	0	0	0	1167	0	0	0	0	0	0	0	2757	7	0	0	0	1	0	0	0	0	0	0	0	0	0	2	0	3	0	0	0	2043	1	0	0	0	0	3200	0	0	0	0	0	0	0	0	0	0	0	0	0	0	0	0	0	0	0	0	0	0	0	0	0	0	0	1313	0	0	0	0	0	0	1433	0	0	8082	0	0	0	0	0	0	0	0	0	0	19544	0	0	0	0	0	447241	2	0
EHA04671_bin.28	0	0	0	0	0	0	0	0	0	0	0	0	0	0	0	0	0	0	0	0	0	0	0	0	0	0	0	10478	0	0	0	0	0	0	0	0	0	0	3814	0	0	0	0	0	0	0	2121	0	0	0	0	0	0	0	0	0	0	0	0	0	0	0	0	0	0	0	0	2380	0	0	0	0	0	2538	0	0	0	0	0	0	0	0	0	0	0	0	0	0	0	0	0	0	0	0	0	0	0	0	0	0	0	5119	0	0	0	0	0	0	10101	0	0	3046	0	0	0	0	0	0	0	0	0	0	10239	0	0	0	0	0	129484	0	0
EHA04671_bin.29	0	0	0	0	0	0	0	0	0	0	0	0	0	0	0	0	0	0	0	0	0	0	0	0	0	0	0	3155	0	0	0	0	0	0	0	0	0	0	8514	0	0	0	0	0	0	0	2874	5	0	0	0	10	0	0	0	0	0	0	0	0	0	0	0	7	0	0	0	12724	0	0	0	0	0	1874	0	0	0	0	0	0	0	0	0	0	0	0	0	0	0	0	0	0	0	0	0	0	0	0	4	0	0	5928	0	0	0	0	0	0	2626	0	0	4002	0	0	0	13	0	0	0	0	0	0	2264	0	0	0	0	0	60221	4	0
EHA04671_bin.2	0	3	0	0	3	0	0	0	0	0	0	0	0	0	4	0	0	0	0	0	0	0	1	0	0	0	2	27640	0	0	0	0	0	0	0	0	0	0	5138	0	0	2	0	0	0	0	20346	2	0	0	0	4	0	0	0	0	0	0	0	0	0	0	0	30	0	0	6	106518	1	0	0	0	0	61225	0	0	0	1	0	0	9	0	2	1	0	0	0	1	0	0	0	0	0	0	0	0	0	0	1	0	0	16610	0	0	0	0	0	0	13559	0	0	214217	0	0	0	0	0	0	0	0	0	0	114667	0	0	0	0	0	1887036	8	0
EHA04671_bin.31	0	0	0	0	0	0	0	0	0	0	0	0	0	0	0	0	0	1	0	0	0	0	0	0	0	0	0	6827	0	0	0	0	0	0	0	0	0	0	2	0	0	0	0	1	0	0	106	0	0	0	0	0	0	0	0	0	0	0	0	0	0	0	0	2	0	0	0	7789	0	0	0	0	0	705	0	0	0	0	0	0	0	0	0	0	0	0	0	0	0	0	0	0	0	0	0	0	0	0	0	0	0	153	0	0	0	0	0	0	122	0	1	59	0	0	0	0	0	0	0	0	0	0	3250	0	0	0	0	0	84829	0	0
EHA04671_bin.34	0	7	0	0	0	0	0	0	0	0	0	0	0	0	0	0	0	0	0	0	0	0	0	0	0	0	0	1573	0	0	0	0	0	0	0	0	0	0	2569	0	0	0	0	0	0	0	2892	0	0	0	0	2	0	0	0	0	0	0	0	0	0	0	0	0	0	0	0	6037	2	0	0	0	0	7928	0	0	0	0	0	0	0	0	0	0	0	0	0	0	0	0	0	0	0	0	0	0	0	0	1	0	0	2363	0	0	0	0	0	0	11999	0	0	1160	0	0	0	0	0	0	0	0	0	0	2238	0	0	0	0	0	172573	6	0
EHA04671_bin.37	0	0	0	0	0	0	0	0	0	0	0	0	0	0	0	0	0	0	0	0	0	0	0	0	0	0	0	2687	0	0	0	0	0	0	0	0	0	0	2728	0	0	0	0	0	0	0	1607	0	0	0	0	0	0	0	0	0	0	0	0	0	0	0	0	0	0	0	0	11720	0	0	0	0	0	2310	0	0	0	0	0	0	0	0	0	0	0	0	0	0	0	0	0	0	0	0	0	0	0	0	0	0	0	3166	0	0	0	0	0	0	2315	0	0	4929	0	0	0	0	0	0	0	0	1	0	10464	0	0	0	0	0	450878	0	0
EHA04671_bin.38	0	0	0	0	0	0	0	0	0	0	0	0	0	1	0	0	0	0	0	0	0	0	0	0	0	0	0	4484	0	0	0	0	0	0	0	0	0	0	1342	0	0	0	0	0	0	0	3637	0	0	0	0	0	0	0	0	0	0	0	0	0	0	0	0	0	0	0	0	30715	0	0	0	0	0	1793	0	0	0	0	0	0	0	0	0	0	0	0	0	0	0	0	0	0	0	0	0	0	0	0	2	0	0	34237	0	0	0	0	0	0	5689	0	0	19832	0	0	0	0	0	0	0	0	0	0	2895	0	0	0	0	0	50972	0	0
EHA04671_bin.40	0	5	0	0	0	1	0	1	1	0	0	0	0	0	11	2	0	0	0	2	0	0	0	0	0	0	5	10905	0	0	0	2	0	0	0	0	0	0	5207	0	2	0	1	0	0	0	20801	1	0	0	0	0	0	0	0	0	0	0	0	0	0	0	0	9	0	0	0	8880	1	0	0	0	0	11507	2	0	0	0	0	0	0	0	0	2	0	0	0	0	0	0	0	8	3	0	0	0	0	0	1	0	0	3296	0	0	0	0	0	0	15204	0	0	11713	0	0	0	0	0	2	0	0	0	0	9314	0	0	0	0	0	57496	14	0
EHA04671_bin.41	0	0	0	0	0	0	0	0	0	0	0	0	0	0	0	0	0	0	0	0	0	0	0	0	0	0	0	8501	0	0	0	0	0	0	0	0	0	0	265	0	0	0	0	0	0	0	1019	0	0	0	0	0	0	0	0	0	0	0	0	0	0	0	0	0	0	0	0	9696	0	0	0	0	0	867	0	0	0	0	0	0	0	0	0	0	0	0	0	0	0	0	0	0	0	0	0	0	0	0	0	0	0	11308	0	0	0	0	0	0	1127	0	0	14483	0	0	0	0	0	0	0	0	0	0	3717	0	0	0	0	0	60608	0	0
EHA04671_bin.42	0	0	0	0	0	0	0	0	0	0	0	0	0	0	0	0	0	0	0	0	0	0	0	0	0	0	0	2148	0	0	0	0	0	0	0	0	0	0	47	0	0	0	0	0	0	0	5212	0	0	0	0	0	0	0	0	0	0	0	0	0	0	0	0	0	0	0	0	27194	0	0	0	0	0	762	0	0	0	0	0	0	0	0	0	0	0	0	0	0	0	0	0	0	0	0	0	0	0	0	0	0	0	3292	0	0	0	0	0	0	391	0	0	114365	0	0	0	0	0	0	0	0	0	0	12599	0	0	0	0	0	73950	0	0
EHA04671_bin.43	0	3	0	2	4	0	0	0	0	0	0	0	0	1	8	0	0	0	0	0	2	0	0	0	0	0	1	11434	0	0	0	0	0	0	0	0	0	0	4884	0	0	0	0	0	0	0	24193	4	0	0	0	1	0	0	0	0	0	0	0	0	0	0	0	0	0	0	0	16861	0	0	0	0	0	32417	0	0	0	0	0	0	7	0	0	0	0	0	0	0	0	0	0	0	1	0	0	0	0	0	1	0	0	10574	0	0	0	0	0	0	8022	0	0	11636	0	1	0	0	0	0	0	0	0	0	53059	0	0	0	0	0	119490	10	0
EHA04671_bin.44	0	0	0	0	0	0	0	0	0	0	0	0	0	0	0	0	0	0	0	0	0	0	0	0	0	0	0	3363	0	0	0	0	0	0	0	0	0	0	1890	0	0	0	0	0	0	0	1306	0	0	0	0	0	0	0	0	0	0	0	0	0	0	0	0	0	0	0	0	8665	0	0	0	0	0	2448	0	0	0	0	0	0	0	0	0	0	0	0	0	0	0	0	0	0	0	0	0	0	0	0	0	0	0	8338	0	0	0	0	0	0	8219	0	0	418	0	0	0	0	0	0	0	0	0	0	5372	0	0	0	0	0	23910	0	0
EHA04671_bin.46	0	0	0	0	0	0	0	0	0	0	0	0	0	0	0	0	0	0	0	0	0	0	0	0	0	0	0	16969	0	0	0	0	0	0	0	0	0	0	22178	0	0	0	0	0	0	0	5695	0	0	0	0	0	0	0	0	0	0	0	0	0	0	0	0	0	0	0	0	19888	0	0	0	0	0	706	0	0	0	0	0	0	0	0	0	0	0	0	0	0	0	0	0	0	0	0	0	0	0	0	0	0	0	9442	0	0	0	0	0	0	47406	0	0	5847	0	0	0	0	0	0	0	0	0	0	6994	0	0	0	0	0	65242	0	0
EHA04671_bin.49	4	6164	10	26	1032	4	4	0	0	4	105	2	153	5763	42746	0	5	536	21	4	1642	38	429	6	0	40	15341	49277	453	0	220	1	0	59	1	0	0	0	62695	80	1	0	7	0	460	39	66197	232	0	0	22	179	0	0	0	0	5	5	1744	49	4	292	2	2609	0	7	17	98547	16392	0	975	0	0	23007	196	1	0	12710	4	0	15193	5	4	12483	1738	210	0	1313	0	0	2	0	21332	0	2	13	0	0	12600	0	2	100935	10	600	18	0	1	240	55362	6	1526	74422	0	4	0	12	0	0	2	0	9	4	59700	1474	2	22	65	0	211226	1072	0
EHA04671_bin.4	0	30	0	0	53	0	0	0	0	0	0	0	6	153	1915	0	0	1	0	0	0	0	0	0	0	0	880	14868	0	0	0	0	0	0	0	0	0	0	10010	0	0	0	0	4	1	0	19894	17	0	0	2	8	1	0	0	0	0	0	0	0	0	6	0	24	0	0	6	29061	13	0	0	0	0	54616	0	0	0	72	0	0	468	0	0	13	0	0	0	0	0	0	0	0	275	0	0	0	0	0	8	0	0	25836	0	0	0	0	0	0	18238	0	0	32888	0	0	0	0	0	0	0	0	0	0	34717	0	0	57	0	0	505071	29	0
EHA04671_bin.50	0	0	0	0	0	0	0	0	0	0	0	0	0	0	0	0	0	0	0	0	0	0	0	0	0	0	0	4434	0	0	0	0	0	0	0	0	0	0	222	0	0	0	0	0	0	0	915	0	0	0	0	0	0	0	0	0	0	0	0	0	0	0	0	0	0	0	0	16015	0	0	0	0	0	3246	0	0	0	0	0	0	0	0	0	0	0	0	0	0	0	0	0	0	0	0	0	0	0	0	0	0	0	2586	0	0	0	0	0	0	463	0	0	1202	0	0	0	0	0	0	0	0	0	0	8762	0	0	0	0	0	53525	0	0
EHA04671_bin.5	0	0	0	0	0	0	0	0	0	0	0	0	0	0	0	0	0	0	0	0	0	0	0	0	0	0	0	3989	0	0	0	0	0	0	0	0	0	0	5583	0	0	0	0	0	0	0	191	0	0	0	0	0	0	0	0	0	0	0	0	0	0	0	0	0	0	0	0	6132	0	0	0	0	0	154	0	0	0	0	0	0	0	0	0	0	0	0	0	0	0	0	0	0	0	0	0	0	0	0	0	0	0	900	0	0	0	0	0	0	12983	0	0	41521	0	0	0	0	0	0	0	0	0	0	6100	0	0	0	0	0	82899	0	0
EHA04671_bin.6	0	0	0	0	0	0	0	0	0	0	0	0	0	0	0	0	0	0	0	0	0	0	0	0	0	0	0	29855	0	0	2	0	0	0	0	0	0	0	385	0	0	0	0	0	0	0	411	0	0	0	0	0	0	0	0	0	0	0	0	0	0	0	0	0	0	0	0	973	0	0	0	0	0	24581	0	0	0	0	0	0	0	0	0	1	0	0	0	0	0	0	0	0	0	0	0	0	0	0	0	0	0	24451	0	0	0	0	0	0	357	0	0	450	0	0	0	0	0	0	0	0	0	0	9198	0	0	0	0	0	174703	4	0
EHA04671_bin.7	0	0	0	0	0	0	0	0	0	0	0	0	0	0	0	0	0	0	0	0	0	0	0	0	0	0	0	10523	0	0	0	0	0	0	0	0	0	0	319	0	0	0	0	0	0	0	130	0	0	0	0	0	0	0	0	0	0	0	0	0	0	0	0	0	0	0	0	25992	0	0	0	0	0	7252	0	0	0	0	0	0	0	0	0	0	0	0	0	0	0	0	0	0	0	0	0	0	0	0	0	0	0	1696	0	0	0	0	0	0	196	0	0	631	0	0	0	0	0	0	0	0	0	0	6373	0	0	0	0	0	70800	0	0
EHA04671_bin.8	0	0	0	0	0	0	0	0	0	0	0	0	0	0	0	0	0	0	0	0	0	0	0	0	0	0	0	673	0	0	0	0	0	0	0	0	0	0	2	0	0	0	0	0	0	0	47	0	0	0	2	0	0	0	0	0	0	0	0	0	0	0	0	0	0	0	0	1284	0	0	0	0	0	1356	0	0	0	0	0	0	0	0	0	0	0	0	0	0	0	0	0	0	0	0	0	0	0	0	0	0	0	22332	0	0	0	0	0	0	346	0	0	652	0	0	0	0	0	0	0	0	0	0	247	0	0	0	4	0	50544	0	0
EHA04671_bin.9	0	0	0	0	0	0	0	0	0	0	0	0	0	0	0	0	0	0	0	0	0	0	0	0	0	0	0	14303	0	0	0	0	0	0	0	0	0	0	32034	0	0	0	0	0	0	0	4480	0	0	0	0	0	0	0	0	0	0	0	0	0	0	0	0	0	0	0	0	54043	0	0	0	0	0	2792	0	0	0	0	0	0	0	0	0	0	0	0	0	0	0	0	0	0	0	0	0	0	0	0	0	0	0	38323	0	0	0	0	0	0	342200	0	0	7092	0	0	0	0	0	0	0	0	0	0	11607	0	0	0	0	0	211160	0	0
EHA04672_bin.10	0	0	0	0	0	0	0	0	0	0	0	0	0	0	0	0	0	0	0	0	0	0	0	0	0	0	0	4343	0	0	0	0	0	0	0	0	0	0	5781	0	0	0	0	0	0	0	1078	0	0	0	0	0	0	0	0	0	0	0	0	0	0	0	0	0	0	0	0	1005	0	0	0	0	0	2938	0	0	0	0	0	0	0	0	0	0	0	0	0	0	0	0	0	0	0	0	0	0	0	0	0	0	0	110432	0	0	0	0	0	0	3090	0	0	1256	0	0	0	0	0	0	0	0	0	0	5579	0	0	0	0	0	5161	8	0
EHA04672_bin.11	0	0	0	0	0	0	0	0	0	0	0	0	0	0	0	0	0	0	0	0	0	0	0	0	0	0	0	4985	0	0	0	0	0	0	0	0	0	0	26158	0	0	0	0	0	0	0	29917	0	0	0	0	0	0	0	0	0	0	0	0	0	0	0	0	0	0	0	0	33989	0	0	0	0	0	9869	0	0	0	0	0	0	0	0	0	0	0	0	0	0	0	0	0	0	0	0	0	0	0	0	0	0	0	120959	0	0	0	0	0	0	59176	0	0	12251	0	0	0	0	0	0	0	0	0	0	8217	0	0	0	0	0	7865	1	0
EHA04672_bin.13	0	0	0	0	0	0	0	0	0	0	0	0	0	0	0	0	0	0	0	0	0	0	0	0	0	0	0	1508	0	0	0	0	0	0	0	0	0	0	973	0	0	0	0	0	0	0	2772	0	0	0	0	0	0	0	0	0	0	0	0	0	0	0	0	0	0	0	0	27156	0	0	0	0	0	183	0	0	0	0	0	0	0	0	0	0	0	0	0	0	0	0	0	0	0	0	0	0	0	0	0	0	0	189974	0	0	0	0	0	0	536	0	0	1102	0	0	0	0	0	0	0	0	0	0	3152	0	0	0	0	0	4943	2	0
EHA04672_bin.16	7	29	0	0	0	0	0	0	0	0	0	0	0	10	54	0	0	0	71	0	0	8	0	0	0	0	6	21596	17	0	5	0	0	39	0	0	0	0	517	0	0	0	0	0	0	2	1351	18	0	0	20	4	0	0	0	0	0	0	0	1	0	0	0	20	0	0	0	7063	12	0	0	0	0	3361	0	0	0	30	0	0	0	0	0	31	8	0	0	58	0	0	0	0	14	0	0	0	0	0	56	0	0	88176	4	0	0	0	0	0	954	0	2	986	0	0	0	0	0	0	0	0	0	0	7350	0	0	29	0	0	4781	82	0
EHA04672_bin.18	0	0	0	0	0	0	0	0	0	0	0	0	0	1	0	0	0	0	0	0	0	0	0	0	0	0	0	3683	0	0	0	0	0	0	0	0	0	0	15522	0	0	0	0	0	0	0	15173	1	0	0	0	0	0	0	0	0	0	0	0	0	0	0	0	0	0	0	0	20330	0	0	0	0	0	1386	0	0	0	0	0	0	0	0	0	0	0	0	0	0	0	0	0	0	1	0	0	0	0	0	0	0	0	1440666	0	0	0	0	0	0	10452	0	0	1099	0	0	0	0	0	0	0	0	0	0	9168	0	0	0	0	0	16909	0	0
EHA04672_bin.19	0	0	0	0	0	0	0	0	0	0	0	0	0	0	0	0	0	0	0	0	0	0	0	0	0	0	0	287	0	0	0	0	0	0	0	0	0	0	168	0	0	0	0	0	0	0	163	11	0	0	0	0	0	0	0	0	0	0	0	0	0	0	0	0	0	0	0	373	0	0	0	0	0	93	0	0	0	0	0	0	0	0	0	0	0	0	0	0	0	0	0	0	0	0	0	0	0	0	0	0	0	61949	0	0	0	0	0	0	124	0	0	182	0	0	0	0	0	0	0	0	0	0	146	0	0	0	0	0	224	0	0
EHA04672_bin.1	0	0	0	0	0	0	0	0	0	0	0	0	0	0	0	0	0	0	0	0	0	0	0	0	0	0	0	1156	0	0	0	0	0	0	0	0	0	0	18112	0	0	0	0	0	0	0	14485	0	0	0	0	0	0	0	0	0	0	0	0	0	0	0	0	0	0	0	0	14515	0	0	0	0	0	351	0	0	0	0	0	0	0	0	0	0	0	0	0	0	0	0	0	0	0	0	0	0	0	0	0	0	0	37443	0	0	0	0	0	0	5645	0	0	3291	0	0	0	0	0	0	0	0	0	0	17190	0	0	0	0	0	3106	0	0
EHA04672_bin.20	0	4	0	0	2	0	0	0	0	0	0	0	0	2	0	0	0	0	0	0	0	0	0	0	0	0	0	3763	0	0	0	0	0	0	0	0	0	0	1975	0	0	0	0	0	0	0	4698	8	0	0	0	11	0	0	0	0	0	0	0	0	0	1	0	0	0	0	0	85819	0	0	0	0	0	7023	0	0	0	4	0	0	0	0	0	0	0	0	0	0	0	0	0	0	1	0	0	0	0	0	3	0	0	824338	0	0	0	0	0	2	2979	0	0	6237	0	0	0	0	0	0	0	0	0	0	18407	0	0	0	0	0	363744	1	0
EHA04672_bin.21	0	2002	0	48	11	0	0	2	0	1	7	4	0	531	151	0	0	0	0	0	32	0	51	0	0	0	32	6583	2232	0	19	0	0	0	0	0	0	0	24022	0	0	0	0	0	0	3	17656	162	0	0	0	10	0	0	0	0	0	0	3	0	0	0	0	60	0	0	0	11998	17	0	281	0	0	2474	0	0	0	258	0	0	36	12	0	175	41	0	0	12	0	0	0	0	362	0	0	0	0	0	1385	0	0	545894	0	0	0	0	0	0	2322	0	3	45771	0	0	0	0	0	0	0	0	2	1	13155	2	0	0	0	0	17385	417	0
EHA04672_bin.23	0	0	0	0	0	0	0	0	0	0	0	0	0	0	0	0	0	0	0	0	0	0	0	0	0	0	0	1259	0	0	0	0	0	0	0	0	0	0	0	0	0	0	0	0	0	0	77	0	0	0	0	0	0	0	0	0	0	0	0	0	0	0	0	0	0	0	0	1829	0	0	0	0	0	2264	0	0	0	0	0	0	0	0	0	0	0	0	0	0	0	0	0	0	0	0	0	0	0	0	0	0	0	389541	0	0	0	0	0	0	547	0	0	1011	0	0	0	0	0	0	0	0	0	0	885	0	0	0	0	0	26719	0	0
EHA04672_bin.24	0	2	4	0	33	0	0	0	0	0	0	0	0	0	0	0	0	0	0	0	0	0	0	0	0	0	0	5397	0	0	4	0	0	0	0	0	0	0	1988	4	0	0	0	267	0	0	621	4	0	0	0	2	0	0	0	0	0	0	0	4	0	5	0	0	0	0	0	30788	0	0	0	0	0	1173	7	50	0	0	0	0	0	0	5	2	0	0	0	0	0	0	0	0	1	0	0	0	0	0	0	0	0	169270	0	0	0	0	0	0	17328	0	0	11938	0	6	0	0	0	0	0	0	13	0	1542	0	0	0	0	0	2113	0	0
EHA04672_bin.25	0	0	0	0	0	0	0	0	0	0	0	0	0	0	0	0	0	0	0	0	0	0	0	0	0	0	0	7097	0	0	0	0	0	0	0	0	0	0	7141	0	0	0	0	0	0	0	51	0	0	0	0	0	0	0	0	0	0	0	0	0	0	0	0	0	0	0	0	3081	0	0	0	0	0	21	0	0	0	0	0	0	0	0	0	0	0	0	0	0	0	0	0	0	0	0	0	0	0	0	0	0	0	32123	0	0	0	0	0	0	10	0	0	150	0	0	0	0	0	0	0	0	0	0	54	0	0	0	0	0	653	6	0
EHA04672_bin.27	0	3	0	0	0	0	0	0	0	0	0	0	0	0	0	0	0	0	1	0	0	0	0	0	0	0	0	9624	1	0	0	0	0	0	0	0	0	0	15769	1	0	0	0	0	0	0	14584	0	0	0	0	0	0	0	0	0	0	0	0	0	0	0	0	3	0	0	0	29096	0	0	0	0	0	5116	0	0	0	0	0	0	0	0	0	0	0	0	0	0	0	0	0	0	0	0	0	0	0	0	0	0	0	34504	0	0	0	0	0	0	11042	0	0	7179	0	0	0	0	0	0	0	0	0	0	8009	0	0	0	0	0	11080	0	0
EHA04672_bin.29	0	0	0	0	44	0	0	0	0	0	0	0	0	4	15	0	0	0	0	0	0	0	0	0	0	0	13	6343	0	0	0	0	0	0	0	0	0	0	1532	0	0	0	0	0	0	0	16156	0	0	0	0	0	0	0	0	0	0	0	0	0	0	0	0	19	0	0	0	17890	23	0	0	0	0	6294	0	0	0	14	0	0	6	0	0	48	0	0	0	0	0	0	0	0	2	0	0	0	0	0	1	0	0	394209	0	0	0	0	0	0	5558	0	0	105176	0	0	0	0	0	0	0	0	0	0	26433	0	0	0	0	0	35404	2	0
EHA04672_bin.2	0	0	0	0	0	0	0	0	0	0	0	0	0	0	6	0	0	18	2	0	0	0	11	0	0	0	6	19308	0	0	0	0	0	0	0	0	0	0	4420	0	0	0	0	0	4	0	15848	0	0	0	0	0	0	0	0	0	0	0	2	0	0	0	0	6	0	0	0	25322	2	0	1	0	0	11766	0	0	0	1	0	0	7	0	0	1	10	1	0	4	0	0	0	0	3	0	0	0	0	0	4	0	0	108841	0	0	0	0	0	0	8907	0	1	8232	0	0	0	0	0	0	0	0	0	0	9341	6	0	0	0	0	22956	12	0
EHA04672_bin.33	23	94	1	0	10	0	0	0	0	0	0	0	0	120	496	0	9	230	10	0	0	3	118	6	0	0	115	3731	51	0	59	0	0	45	0	0	0	0	2191	3	0	0	0	1	64	0	5572	13	0	0	0	24	0	0	0	0	0	0	13	0	0	16	0	144	0	0	6	1349	24	0	4	0	0	1036	0	0	0	58	0	0	147	0	0	53	33	0	0	2	0	0	0	0	135	0	2	0	0	0	88	0	0	135768	0	43	0	0	2	13	12388	0	5	13164	0	0	0	0	0	0	0	0	0	0	3019	25	4	39	27	0	10753	169	0
EHA04672_bin.34	0	1	0	0	0	0	0	0	0	0	0	0	0	2	9	0	0	1	0	0	1	0	0	0	0	0	0	18757	0	0	0	0	0	0	0	0	0	0	3140	0	0	0	0	0	0	0	26765	3	0	0	0	0	2	0	0	0	0	0	0	0	0	0	0	1	0	0	0	18406	0	0	0	0	0	5431	0	0	0	2	0	0	1	0	0	0	0	0	0	0	0	0	0	0	4	0	0	0	0	0	6	0	0	236453	0	0	0	0	0	2	70801	0	0	59974	0	0	0	0	0	0	0	0	0	0	20034	1	0	0	0	0	8661	2	0
EHA04672_bin.35	0	3	0	0	2	0	0	0	0	0	0	0	0	2	14	0	0	0	0	0	0	0	1	0	0	0	5	23650	0	0	0	0	0	0	0	0	0	0	10939	2	0	0	0	1	0	0	24935	5	0	0	0	3	0	0	0	0	0	0	0	0	0	0	0	18	0	0	0	13243	2	0	0	0	0	9063	0	0	0	0	0	0	0	0	0	2	0	0	0	0	0	0	0	0	6	0	0	0	0	0	2	0	0	323090	0	0	0	0	0	0	32042	0	0	25703	0	0	0	0	0	0	0	0	0	0	18828	0	0	0	0	0	12498	31	0
EHA04672_bin.36	76	60191	2	1089	752	0	0	10	0	0	36	2	0	12974	10386	0	0	0	135	0	273	12	119	0	0	0	12837	23030	1575	0	4457	0	0	0	0	0	0	0	32736	0	0	0	0	0	0	9	58977	30	0	0	21	23	6	0	0	0	0	0	9	8	0	8	2	5286	0	0	4	52507	3055	0	165	0	0	14023	0	0	0	37524	0	0	4612	8	0	69690	650	0	0	188	0	0	2	0	5739	0	0	3	0	0	4141	0	0	1339636	0	0	0	0	0	13	45788	0	650	48200	0	0	0	0	0	0	0	0	0	3	94242	4	0	0	801	0	42700	127845	0
EHA04672_bin.37	0	0	0	0	0	0	0	0	0	0	0	0	0	10	6	0	0	0	0	0	0	0	0	0	0	0	0	7549	0	0	0	0	0	0	0	0	0	0	13697	6	0	0	0	0	0	0	3048	0	0	0	0	0	0	0	0	0	0	0	0	4	0	0	0	0	0	0	0	10100	0	0	0	0	0	2498	0	0	0	17	0	0	8	0	0	49	17	0	0	0	0	0	0	0	0	0	0	0	0	0	2	0	0	658738	0	0	0	0	0	0	6929	0	2	7882	0	0	0	0	0	0	0	0	0	0	15296	0	0	0	22	0	8150	0	0
EHA04672_bin.38	0	0	0	0	0	0	0	0	0	0	0	0	0	0	0	0	0	0	0	0	0	0	0	0	0	0	0	14244	0	0	0	0	0	0	0	0	0	0	2090	0	0	0	0	0	0	0	1901	0	0	0	0	0	0	0	0	0	0	0	0	0	0	0	0	0	0	0	0	4960	0	0	0	0	0	3872	0	0	0	0	0	0	0	0	0	0	0	0	0	0	0	0	0	0	0	0	0	0	0	0	0	0	0	453248	0	0	0	0	0	0	1650	0	0	69215	0	0	0	0	0	0	0	0	1	0	13479	0	0	0	0	0	9653	0	0
EHA04672_bin.39	0	0	0	0	0	0	0	0	0	0	0	0	0	0	0	0	0	0	0	0	0	0	0	0	0	0	0	3642	0	0	0	0	0	0	0	0	0	0	1841	0	0	0	0	0	0	0	13965	0	0	0	0	0	0	0	0	0	0	0	0	0	0	0	0	0	0	0	0	4759	0	0	0	0	0	1121	0	0	0	0	0	0	0	0	0	0	0	0	0	0	0	0	0	0	0	0	0	0	0	0	0	0	0	84822	0	0	0	0	0	0	1552	0	0	2069	0	0	0	0	0	0	0	0	0	0	24693	0	0	0	0	0	3640	0	0
EHA04672_bin.40	0	3	0	0	0	0	0	0	0	0	0	0	0	0	16	0	0	0	0	0	0	0	0	0	0	0	0	14387	0	0	2	0	0	0	0	0	0	0	223993	0	0	0	0	0	0	0	7476	0	0	0	0	24	0	0	0	0	0	0	0	0	0	0	0	0	0	0	0	15232	6	0	0	0	0	7294	0	0	0	1	0	0	0	0	0	8	0	0	0	0	0	0	0	0	10	0	0	0	0	0	5	0	0	260402	0	0	0	0	0	0	9479	0	0	11907	0	0	0	0	0	0	0	0	0	0	5286	0	0	0	2	0	22701	0	0
EHA04672_bin.41	0	2	0	3	0	0	0	0	0	0	0	0	0	0	6	0	0	0	0	0	0	0	0	0	0	0	0	10418	0	0	0	0	0	0	0	0	0	0	1901	0	0	0	0	0	0	0	3175	0	0	0	0	1	0	0	0	0	0	0	0	0	0	0	0	0	0	0	0	15278	0	0	0	0	0	3138	0	0	0	0	0	0	0	0	0	3	0	0	0	0	0	0	0	0	20	0	0	0	0	0	11	0	0	79102	0	0	0	0	0	0	289	0	0	20839	0	0	0	0	0	0	0	0	0	0	4008	0	0	0	0	0	14396	4	0
EHA04672_bin.43	0	0	0	0	0	0	0	0	0	0	0	0	0	0	2	0	0	0	0	0	0	0	0	0	0	0	0	23851	0	0	0	0	0	0	0	0	0	0	1760	0	0	0	0	0	0	0	6693	0	0	0	0	0	0	0	0	0	0	0	0	0	0	0	0	0	0	0	0	9845	0	0	0	0	0	91521	0	0	0	0	0	0	0	0	0	0	0	0	0	0	0	0	0	0	0	0	0	0	0	0	0	0	0	523735	0	0	0	0	0	0	2271	0	0	14274	0	0	0	0	0	0	0	0	0	0	21121	0	0	0	0	0	11429	8	0
EHA04672_bin.45	0	3	0	0	0	0	0	0	0	0	0	0	0	2	0	0	0	0	0	0	0	0	0	0	0	0	0	28336	0	0	2	0	0	0	0	0	0	0	4972	0	0	0	0	2	0	0	31504	0	0	0	0	2	0	0	0	0	0	0	0	0	0	0	0	10	0	0	0	137695	1	0	0	0	0	11465	0	0	0	0	0	0	1	0	0	0	0	0	0	0	0	0	0	0	0	0	0	0	0	0	1	0	0	208096	0	0	0	0	0	0	10299	0	0	15955	0	0	0	0	0	0	0	0	0	0	39518	0	0	0	0	0	12459	10	0
EHA04672_bin.46	0	0	0	0	0	0	0	0	0	0	0	0	0	0	0	0	0	0	0	0	0	0	0	0	0	0	0	23750	0	0	0	0	0	0	0	0	0	0	19597	0	0	0	0	0	0	0	44626	0	0	0	0	1	0	0	0	0	0	0	0	0	0	0	0	0	0	0	0	46196	0	0	0	0	0	29983	0	0	0	0	0	0	0	0	0	0	0	0	0	0	0	0	0	0	0	0	0	0	0	0	0	0	0	274086	0	0	0	0	0	0	66812	0	0	41544	0	0	0	0	0	0	0	0	0	0	23193	0	0	0	0	0	25625	4	0
EHA04672_bin.49	0	0	0	0	0	0	0	0	0	0	0	0	0	0	0	0	0	0	0	0	0	0	0	0	0	0	0	4636	0	0	0	0	0	0	0	0	0	0	3187	0	0	0	0	0	0	0	269	0	0	0	0	0	0	0	0	0	0	0	0	0	0	0	0	0	0	0	0	1781	0	0	0	0	0	1793	0	0	0	0	0	0	0	0	0	0	0	0	0	0	0	0	0	0	0	0	0	0	0	0	0	0	0	78465	0	0	0	0	0	0	650	0	0	2074	0	0	0	0	0	0	0	0	0	0	1407	0	0	0	0	0	809	0	0
EHA04672_bin.4	0	2	0	0	0	2	0	0	0	0	0	0	0	0	0	0	0	0	0	0	12	0	4	0	0	0	0	2496	0	0	0	0	0	0	0	0	0	0	1970	0	0	0	0	0	0	0	43759	0	0	0	0	0	0	0	0	0	0	0	2	0	0	5	0	0	0	0	0	8679	3	0	5	0	0	2906	0	0	0	0	0	0	0	0	0	1	0	0	0	3	0	0	0	0	1	0	0	0	0	0	0	0	0	41393	0	0	0	0	0	2	13593	0	0	91125	0	0	0	0	0	0	0	0	0	0	19907	0	0	0	0	0	5100	4	0
EHA04672_bin.7	0	18322	0	36	5466	0	1	2	0	0	0	0	0	54	102	0	0	0	0	0	2	0	1060	0	0	0	107	4082	873	0	558	0	0	0	0	0	0	0	8545	90	0	0	0	0	0	0	5517	3	0	0	21	19	19	0	0	0	0	0	0	0	0	1	0	65	0	2	0	9954	25	0	45	0	0	2174	0	0	0	34	0	0	23	12	2	58	10	0	0	1	0	0	0	0	121	0	0	0	0	0	76	0	0	134467	0	0	0	0	0	18	3353	0	1009	6106	0	2	0	0	0	1	0	0	50	0	8375	0	2	0	2	0	11041	19762	0
EHA04672_bin.8	0	1	0	0	0	0	0	0	0	0	0	0	0	0	2	0	0	0	0	0	0	0	6	0	0	0	0	5701	0	0	3	0	0	0	0	0	0	0	0	0	0	0	0	0	0	0	818	0	0	0	0	0	0	0	0	0	2	0	0	0	0	0	0	3	0	0	0	8237	1	0	3	0	0	2549	0	0	0	0	0	0	0	0	0	0	2	0	0	0	0	0	0	0	0	0	0	0	0	0	1	0	0	194973	0	0	0	0	0	0	387	0	0	1656	0	0	0	0	0	0	0	0	1	0	1751	2	0	0	0	0	15440	0	0
EHA04673_bin.12	0	0	0	0	0	0	0	0	0	0	0	0	0	0	1	0	0	0	0	0	0	0	0	2	0	0	0	2230	0	0	0	0	0	0	0	0	0	0	5696	0	0	0	0	0	0	0	1817	2	0	0	0	0	0	0	0	0	0	0	0	0	0	0	0	1	0	0	0	35323	0	0	0	0	0	262	0	0	0	0	0	0	0	0	0	0	0	0	0	0	0	0	0	0	0	0	0	0	0	0	0	0	0	5217	0	0	0	0	0	0	512	0	0	539	0	0	0	0	0	0	0	0	0	0	3091	0	0	0	0	0	7186	0	0
EHA04673_bin.16	0	0	0	0	0	0	0	0	0	0	0	0	0	0	5	0	0	0	0	0	0	0	0	0	0	0	0	1214	0	0	0	0	0	0	0	0	0	0	11811	0	0	0	0	0	0	0	4223	3	0	0	0	0	0	0	0	0	0	0	1	0	0	0	0	0	0	2	0	16640	0	0	0	0	0	12669	0	0	0	0	0	0	9	0	0	0	0	0	0	0	0	0	0	0	8	0	0	0	0	0	0	0	0	9576	0	0	0	0	0	0	9289	0	0	8279	0	0	0	0	0	0	0	0	0	0	2391	0	0	0	0	0	2840	8	0
EHA04673_bin.17	0	0	0	0	0	0	0	0	0	0	0	0	0	0	0	0	0	0	0	0	0	0	0	0	0	0	0	7700	0	0	0	0	0	0	0	0	0	0	4768	0	0	0	0	0	0	0	355	0	0	0	0	0	0	0	0	0	0	0	0	0	0	0	0	0	0	0	0	43220	0	0	0	0	0	178	0	0	0	0	0	0	0	0	0	0	0	0	0	0	0	0	0	0	0	0	0	0	0	0	0	0	0	58420	0	0	0	0	0	0	1957	0	0	1591	0	0	0	0	0	0	0	0	0	0	19347	0	0	0	0	0	19557	0	0
EHA04673_bin.1	0	0	0	0	0	0	0	0	0	0	0	0	0	0	3	0	0	0	0	0	0	0	0	0	0	0	0	1307	0	0	2	0	0	0	0	0	0	0	5518	0	0	0	0	0	0	0	7494	0	0	0	0	1	0	0	0	0	0	0	0	0	0	0	0	2	0	0	0	6672	0	0	0	0	0	5204	0	0	0	0	0	0	0	0	0	0	0	0	0	0	0	0	0	0	0	0	0	0	0	0	1	0	0	19442	0	0	0	0	0	0	15654	0	0	1906	0	0	0	0	0	0	0	0	0	0	4690	0	0	0	0	0	8632	0	0
EHA04673_bin.20	0	2	0	0	4	0	0	0	0	0	0	0	2	4	1	0	0	0	0	0	0	0	0	0	0	1	0	9473	0	0	0	0	0	0	0	0	0	0	1783	0	0	0	0	0	0	0	16156	2	0	0	0	0	0	0	0	0	0	0	0	0	0	0	0	2	0	0	0	10868	0	0	0	0	0	4772	0	0	0	1	0	0	0	0	0	3	0	0	0	0	0	0	0	0	0	0	0	0	0	0	1	0	0	57969	0	0	0	0	0	0	15595	0	0	268227	0	0	0	0	0	0	0	0	0	0	14082	0	0	0	0	0	71736	8	0
EHA04673_bin.22	5	13	0	19	0	0	0	0	0	0	3	0	0	11	39	0	0	799	1	0	0	0	407	2	0	8	9	9198	6	0	6	0	0	8	0	0	4	1	1524	2	0	0	0	0	241	0	14273	7	0	0	0	11	0	0	0	0	0	3	4	0	7	11	0	43	0	0	4	14509	4	0	7	0	0	21655	4	0	0	26	0	0	6	0	0	6	20	1	0	3	0	0	0	0	12	0	0	1	0	0	10	0	0	10191	2	13	0	0	0	16	4039	1	8	9671	0	0	0	0	0	0	0	0	0	0	8935	130	6	2	37	0	27525	235	0
EHA04673_bin.23	0	0	0	1	5	0	0	0	0	0	0	0	0	3	9	0	0	0	0	0	0	0	0	0	0	0	2	7394	0	0	0	0	0	0	0	0	0	0	79539	0	0	0	0	0	0	0	11676	3	0	0	0	17	0	0	0	0	0	0	0	0	0	0	0	3	0	0	0	12057	2	0	0	0	0	4878	0	0	0	8	0	0	3	0	0	2	0	0	0	0	0	0	0	0	1	0	0	0	0	0	30	0	0	11765	0	0	0	0	0	0	16992	0	0	7917	0	0	0	0	0	0	0	0	0	0	10503	0	0	0	0	0	8485	8	0
EHA04673_bin.25	0	5	0	0	1	0	0	0	0	0	0	0	0	2	51	0	0	1	0	0	9	1	10	2	0	0	2	14549	0	0	4	0	0	0	0	0	0	0	431378	0	0	0	0	0	0	1	6719	4	0	0	1	45	0	0	0	0	0	0	0	0	0	3	0	4	0	0	2	13005	24	0	6	0	0	7667	4	0	0	6	0	1	3	0	0	33	17	0	0	6	0	0	0	0	126	0	0	2	0	0	62	0	0	58766	0	6	4	0	0	0	16999	0	5	8983	0	0	0	0	0	0	0	0	0	0	4915	13	0	0	13	0	23081	51	0
EHA04673_bin.26	0	2	0	0	0	0	0	0	0	0	0	0	0	0	0	0	0	0	0	0	0	0	0	0	0	0	0	6788	0	0	0	0	0	0	0	0	0	0	12907	0	0	0	0	0	0	0	2891	4	0	0	0	4	0	0	0	0	0	0	0	0	0	0	0	0	0	0	0	17319	0	0	0	0	0	865	0	0	0	0	0	0	0	0	0	0	0	0	0	0	0	0	0	0	0	0	0	0	0	0	0	0	0	3159	0	0	0	0	0	0	371	0	0	787	0	0	0	0	0	0	0	0	0	0	956	0	0	0	0	0	383	14	0
EHA04673_bin.27	0	0	0	0	0	0	0	0	0	0	0	0	0	0	0	0	0	0	0	0	0	0	0	0	0	0	0	838	0	0	0	0	0	0	0	0	0	0	101590	0	0	0	0	0	0	0	5754	0	0	0	0	0	0	0	0	0	0	0	0	0	0	0	0	0	0	0	0	37604	0	0	0	0	0	609	0	0	0	0	0	0	0	0	0	0	0	0	0	0	0	0	0	0	0	0	0	0	0	0	0	0	0	6656	0	0	0	0	0	0	3065	0	0	4203	0	0	0	0	0	0	0	0	0	0	8904	0	0	0	0	0	4957	0	0
EHA04673_bin.28	0	0	0	0	0	0	0	0	0	0	0	0	0	0	0	0	0	0	0	0	2	0	0	1	0	0	0	6845	0	0	0	0	0	0	0	0	0	0	29448	0	0	0	0	0	0	0	3734	0	0	0	0	0	0	0	0	0	0	0	0	0	0	0	0	0	0	0	0	10756	0	0	0	0	0	2410	0	0	0	0	0	0	0	0	2	0	0	0	0	0	0	0	0	0	0	0	0	0	0	0	0	0	0	39601	0	0	0	0	0	0	5874	0	0	5479	0	0	0	0	0	0	0	0	0	0	11315	0	0	0	0	0	11360	0	0
EHA04673_bin.29	0	0	0	0	0	0	0	0	0	0	0	0	0	5	0	0	0	0	0	0	0	0	0	0	0	0	0	2570	0	0	0	0	0	0	0	0	0	0	2255	0	0	0	0	0	0	0	41	0	0	0	0	0	0	0	0	0	0	0	0	0	0	0	0	0	0	0	0	464	0	0	0	0	0	782	0	0	0	0	0	0	0	0	0	0	0	0	0	0	0	0	0	0	3	0	0	0	0	0	0	0	0	11502	0	0	0	0	0	0	258	0	0	1711	0	0	0	0	0	0	0	0	0	0	703	0	0	0	0	0	1218	0	0
EHA04673_bin.30	0	0	0	0	0	0	0	0	0	0	0	0	0	0	0	0	0	0	0	0	0	0	0	0	0	0	0	1883	0	0	0	0	0	0	0	0	0	0	3657	0	0	0	0	0	0	0	530	0	0	0	0	0	0	0	0	0	0	0	0	0	0	0	0	0	0	0	0	26619	0	0	0	0	0	6191	0	0	0	0	0	0	0	0	0	0	0	0	0	0	0	0	0	0	0	0	0	0	0	0	0	0	0	1462	0	0	0	0	0	0	16171	0	0	21522	0	0	0	0	0	0	0	0	0	0	5816	0	0	0	0	0	7791	0	0
EHA04673_bin.32	0	0	0	0	0	0	0	0	0	0	0	0	0	0	0	0	0	0	0	0	0	0	0	0	0	0	0	3387	0	0	0	0	0	0	0	0	0	0	18070	0	0	0	0	0	0	0	1646	0	0	0	2	0	0	0	0	0	0	0	0	0	0	0	0	0	0	0	0	32618	0	0	0	0	0	911	0	0	0	0	0	0	0	0	0	0	0	0	0	0	0	0	0	0	0	0	0	0	0	0	0	0	0	7682	0	0	0	0	0	0	39180	0	0	4084	0	0	0	0	0	0	0	0	0	0	1873	0	0	0	0	0	13101	0	0
EHA04673_bin.33	0	7	0	0	0	0	0	0	0	0	0	0	0	3	32	0	0	0	0	0	0	0	0	0	0	0	7	1246	0	0	4	0	0	0	0	0	0	0	1256	0	0	0	0	0	0	0	4640	0	0	0	0	2	0	0	0	0	0	0	0	0	0	0	0	35	0	0	0	2984	4	0	0	0	0	21633	0	0	0	7	0	0	6	0	0	6	0	2	0	0	0	0	0	0	4	0	0	0	0	0	17	0	0	4917	0	0	0	0	0	0	7914	0	0	8959	0	0	0	0	0	0	0	0	0	0	17330	0	0	0	1	0	4305	63	0
EHA04673_bin.34	0	2	0	0	0	0	0	0	0	0	0	0	0	6	18	0	0	0	0	0	0	0	0	0	0	0	0	7817	0	0	0	0	0	0	0	0	0	0	4094	0	0	0	0	0	0	0	7204	4	0	0	0	3	0	0	0	0	0	0	0	0	0	0	0	9	0	0	0	9895	1	0	0	0	0	6577	0	0	0	1	0	0	4	0	0	2	0	0	0	0	0	0	0	0	8	0	0	0	0	0	2	0	0	26686	0	0	0	0	0	0	7620	0	1	15133	0	0	0	0	0	0	0	0	0	0	12220	0	0	0	0	0	8837	18	0
EHA04673_bin.35	0	0	0	0	0	0	0	0	0	0	0	0	0	47	6	0	0	0	0	0	0	0	1	0	0	0	0	9509	0	0	0	0	0	0	0	0	0	0	15286	0	0	0	0	0	0	0	21439	0	0	0	0	2	0	0	0	0	0	0	0	0	0	0	0	59	0	0	0	29173	0	0	0	0	0	16041	0	0	0	10	0	0	1	0	0	55	0	0	0	0	0	0	0	0	0	0	0	0	0	0	81	0	0	17453	0	0	0	0	0	0	8329	0	0	5264	0	0	0	0	0	0	0	0	0	0	2204	0	0	0	0	0	4942	3	0
EHA04673_bin.37	0	0	0	0	0	0	0	0	0	0	0	0	0	0	0	0	0	0	0	0	0	0	0	0	0	0	0	3366	0	0	0	0	0	0	0	0	0	0	2188	0	0	0	0	0	0	0	1487	0	0	0	0	0	0	0	0	0	0	0	0	0	0	0	0	0	0	0	0	5307	0	0	0	0	0	3643	0	0	0	0	0	0	0	0	0	0	0	0	0	0	0	0	0	0	0	0	0	0	0	0	0	0	0	3396	0	0	0	0	0	0	8302	0	0	6015	0	0	0	0	0	0	0	0	0	0	5896	0	0	0	0	0	8515	0	0
EHA04673_bin.3	0	0	0	0	88	0	0	0	0	0	0	0	1	5	17	0	0	1	0	0	0	0	2	2	0	0	1	42612	0	0	0	0	0	1	0	0	0	0	6098	0	0	0	0	1	0	0	9645	1	0	0	0	2	0	0	0	0	0	0	0	0	0	0	0	8	0	0	0	16869	0	0	1	0	0	103212	0	0	0	9	0	0	5	0	0	5	0	0	0	0	0	0	0	0	6	0	0	0	0	0	3	0	0	154684	0	0	0	0	0	0	6075	0	2	17626	0	0	0	0	0	0	0	0	0	0	17179	0	0	0	0	0	24359	2	0
EHA04673_bin.4	0	0	0	0	0	0	0	0	0	0	0	0	0	0	0	0	0	0	0	0	0	0	0	0	0	0	0	117	0	0	0	0	0	0	0	0	0	0	643	0	0	0	0	0	0	0	1853	0	0	0	0	3	0	0	0	0	0	0	0	0	0	0	0	0	0	0	0	160	0	0	0	0	0	1794	0	0	0	0	0	0	0	0	0	0	0	0	0	0	0	0	0	0	0	0	0	0	0	0	0	0	0	434	0	0	0	0	0	0	694	0	0	140	0	0	0	0	0	0	0	0	0	0	49	0	0	0	0	0	3660	0	0
EHA04673_bin.7	97287	9256	1665	54	9	4	0	6	0	0	550	10	22	295	67	12	38252	608835	33637	36	467	2	1116	805	0	2865	15	1254	10451	0	9170	0	0	162633	0	15	0	84	9173	10615	0	0	6	35	200896	19	387686	14124	0	4	215638	273	1590	0	0	0	0	2585	39679	29	10540	1486	3	428	2	45	54	8017	2410	0	6831	0	0	31	859	651	0	542790	10	0	927	40	3	8	104	3883	0	23	0	0	58	2	1957	0	42	4	0	0	15665	0	2	8929	966	28660	205	0	2334	452	10811	0	16790	103631	108	0	0	4	0	98	0	4	1586	54	1523	579	967	179658	26864	2	5402	260444	2
EHA04673_bin.8	0	0	0	0	1	0	0	0	0	0	0	0	0	7	9	0	0	0	0	0	0	0	0	0	0	0	0	4433	0	0	0	0	0	0	0	0	0	0	163228	0	0	0	0	0	2	0	2502	0	0	0	0	0	0	0	0	0	0	0	0	0	0	0	0	0	0	0	2	8528	0	0	0	0	0	1434	0	0	0	3	0	0	0	0	0	0	0	0	0	0	0	0	0	0	1	0	0	0	0	0	1	0	0	16166	0	0	0	0	0	0	218411	0	0	6004	0	0	0	0	0	0	0	0	0	0	1935	0	0	16	0	0	7446	0	0
EHA04673_bin.9	0	0	0	0	0	0	0	0	0	0	0	0	0	0	0	0	0	0	0	0	0	0	0	0	0	0	0	2947	0	0	0	0	0	0	0	0	0	0	23401	0	0	0	0	0	0	0	270	0	0	0	0	0	0	0	0	0	0	0	0	0	0	0	0	0	0	0	0	221959	0	0	0	0	0	164	0	0	0	0	0	0	0	0	0	0	0	0	0	0	0	0	0	0	0	0	0	0	0	0	0	0	0	24824	0	0	0	0	0	0	125985	0	0	2569	0	0	0	0	0	0	0	0	0	0	4679	0	0	0	0	0	175255	0	0
EHA04674_bin.11	0	0	0	0	0	0	0	0	0	0	0	0	0	0	0	0	0	0	0	0	0	0	0	0	0	0	0	4627	0	0	0	0	0	0	0	0	0	0	429	0	0	0	0	0	0	0	10862	0	0	0	0	0	0	0	0	0	0	0	0	0	0	0	0	0	0	0	0	3619	0	0	0	0	0	2692	0	0	0	0	0	0	0	0	0	0	0	0	0	0	0	0	0	0	0	0	0	0	0	0	0	0	0	3816	0	0	0	0	0	0	11540	0	0	9101	0	0	0	0	0	0	0	0	0	0	1877	0	0	0	0	0	7186	0	0
EHA04674_bin.12	0	2	0	3	0	0	0	0	0	0	0	0	0	0	19	0	0	0	0	0	0	0	1	0	0	0	1	18279	0	0	0	0	0	0	0	0	0	0	51789	0	0	0	0	0	0	0	27788	1	0	0	0	23	0	0	0	0	0	0	0	0	0	1	0	0	0	0	0	14957	1	0	3	0	0	10812	0	0	0	0	0	0	0	0	0	7	1	0	0	0	0	0	0	0	19	0	0	0	0	0	5	0	0	23385	0	0	0	0	0	1	6910	0	0	16452	0	0	0	0	0	0	0	0	0	0	5855	0	0	0	0	0	27344	10	0
EHA04674_bin.13	0	0	0	0	0	0	0	0	0	0	0	0	0	0	6	0	0	0	0	0	0	0	0	0	0	0	0	39550	0	0	0	0	0	0	0	0	0	0	2951	0	0	0	0	0	0	0	43220	2	0	0	0	2	1	0	0	0	0	0	0	0	0	0	0	1	0	0	0	13886	0	0	0	0	0	35347	0	0	0	0	0	0	0	0	0	0	0	0	0	0	0	0	0	0	5	0	0	0	0	0	0	0	0	6118	0	0	0	0	0	0	2444	0	0	37504	0	0	0	0	0	0	0	0	0	0	115021	0	0	0	0	0	3072	21	0
EHA04674_bin.14	1	0	0	0	0	4	0	0	0	0	0	0	0	0	0	2	0	0	0	2	0	0	0	2	2	0	0	8091	0	0	0	2	0	0	2	4	0	10	253	10	0	0	6	0	0	0	531	2	2	0	0	4	0	0	2	2	2	2	0	0	0	0	0	0	0	6	18	7755	0	0	0	2	0	9026	5	0	0	0	6	0	0	0	0	0	1	0	0	0	1	0	0	0	0	0	0	0	1	0	0	0	0	9853	0	0	0	2	0	0	543	0	0	1036	0	0	4	0	0	2	4	0	0	0	3574	2	0	0	0	0	6316	0	0
EHA04674_bin.16	0	0	0	0	0	0	0	0	0	0	0	0	0	0	1	0	0	0	0	0	1	0	0	0	0	0	0	1117	0	0	0	0	0	0	0	0	0	0	528	0	0	0	0	0	0	0	921	0	0	0	0	0	0	0	0	0	0	0	0	0	0	0	0	0	0	0	0	1352	0	0	0	0	0	288	0	0	0	1	0	0	0	0	0	0	0	0	0	0	0	0	0	0	0	0	0	0	0	0	0	0	0	589	0	0	0	0	0	0	375	0	0	11450	0	0	0	0	0	0	0	0	0	0	1698	0	0	0	0	0	2347	0	0
EHA04674_bin.1	0	2	0	0	0	0	0	0	0	0	0	0	0	0	0	0	0	0	0	0	0	0	0	0	0	0	0	5677	0	0	0	0	0	0	0	0	0	0	136	0	0	0	0	0	0	0	39037	0	0	0	0	2	0	0	0	0	0	0	0	0	0	0	0	1	0	0	0	10648	0	0	0	0	0	19182	0	0	0	0	0	0	0	0	0	0	0	0	0	0	0	0	0	0	0	0	0	0	0	0	0	0	0	49964	0	0	0	0	0	0	930	0	0	10352	0	0	0	0	0	0	0	0	0	0	9699	0	0	0	2	0	46293	0	0
EHA04674_bin.20	0	214	4	16	0	0	0	0	0	0	127	2	0	4377	34930	0	0	0	0	0	219	235	131	26	0	5	12157	8913	0	0	0	0	0	0	0	0	0	0	7734	2	0	0	0	0	0	8	150368	41	0	0	4	6	3	0	0	0	0	0	246	0	0	83	0	6538	0	0	22	30595	10591	0	438	0	0	15324	0	1	0	9710	0	2	11775	4	2	4316	1182	8	0	649	0	0	0	0	11183	0	0	0	0	0	5462	0	0	59758	1	4	0	0	7	131	44798	0	1151	305747	0	2	0	0	0	0	0	0	8	0	64517	49	4	0	212	0	11536	2110	0
EHA04674_bin.23	0	0	0	0	0	0	0	0	0	0	0	0	0	0	0	0	0	0	0	0	0	0	0	0	0	0	0	2816	0	0	0	0	0	0	0	0	0	0	3826	0	0	0	0	0	0	0	226290	0	0	0	0	0	0	0	0	0	0	0	0	0	0	0	0	0	0	0	0	2239	0	0	0	0	0	1750	0	0	0	0	0	0	0	0	0	0	0	0	0	0	0	0	0	0	0	0	0	0	0	0	0	0	0	6676	0	0	0	0	0	0	18898	0	0	2834	0	0	0	0	0	0	0	0	0	0	4394	0	0	0	0	0	7094	0	0
EHA04674_bin.24	57	73	1	7	265	0	0	0	0	0	12	0	2	358	1111	0	22	756	9	0	19	4	163	13	0	24	406	31538	25	0	56	0	0	24	8	0	1	0	35734	5	0	0	0	7	274	0	152849	67	0	0	11	83	0	0	0	0	0	0	22	2	21	26	0	644	0	0	7	102128	213	0	15	0	0	30217	42	4	0	511	0	0	282	0	6	433	29	12	0	8	0	0	0	0	435	0	0	13	0	0	596	0	0	128246	2	45	0	0	0	27	130255	3	19	148088	0	9	0	5	0	1	0	0	4	0	57432	63	0	20	41	0	46415	291	0
EHA04674_bin.25	0	0	0	0	0	0	0	0	0	0	0	0	0	0	0	0	0	0	0	0	0	0	0	0	0	0	0	6418	0	0	0	0	0	0	0	0	0	0	7352	0	0	0	0	0	0	0	2682	0	0	0	0	0	0	0	0	0	0	0	0	0	0	0	0	0	0	0	0	2343	0	0	0	0	0	5199	0	0	0	0	0	0	0	0	0	0	0	0	0	0	0	0	0	0	0	0	0	0	0	0	0	0	0	16904	0	0	0	0	0	0	22746	0	0	6329	0	0	0	0	0	0	0	0	0	0	7647	0	0	0	0	0	11740	0	0
EHA04674_bin.26	0	9	0	0	0	0	0	0	0	0	0	0	2	6	50	0	0	0	0	0	0	0	2	0	0	0	4	11811	0	0	0	0	0	0	0	0	0	0	266	0	0	0	0	0	0	0	21030	12	0	0	0	3	0	0	0	0	0	0	0	0	0	0	0	29	0	0	0	63445	1	0	0	0	0	6967	0	0	0	2	0	0	4	0	0	2	0	0	0	0	0	0	0	0	12	0	0	0	0	0	6	0	0	21355	0	0	0	0	0	0	7548	0	0	19436	0	0	0	0	0	0	0	0	1	0	12541	0	0	0	0	0	23269	37	0
EHA04674_bin.27	2	20	0	0	16	0	0	0	0	0	0	0	0	9	14	0	0	12	0	0	0	0	6	0	0	0	3	3587	0	0	0	0	0	5	0	0	0	0	705	2	0	0	0	0	13	0	103283	0	0	0	3	0	0	0	0	0	0	0	0	0	0	1	0	8	0	0	0	19971	5	0	3	0	0	2395	5	0	0	14	0	0	8	0	0	26	0	1	0	0	0	0	0	0	3	0	0	0	0	0	9	0	0	4623	0	0	0	0	0	5	2242	0	1	37668	0	0	0	0	0	0	0	0	0	0	27720	4	0	2	6	0	35479	51	0
EHA04674_bin.28	0	0	0	0	0	0	0	0	0	0	0	0	0	0	0	0	0	0	0	0	0	0	0	0	0	0	0	10282	0	0	0	0	0	0	0	0	0	0	18001	0	0	0	0	0	0	0	7861	0	0	0	0	0	0	0	0	0	0	0	0	0	0	0	0	0	0	0	0	13592	0	0	0	0	0	2726	0	0	0	0	0	0	0	0	0	0	0	0	0	0	0	0	0	0	0	0	0	0	0	0	0	0	0	120444	0	0	0	0	0	0	6320	0	0	14532	0	0	0	0	0	0	0	0	0	0	18469	0	0	0	0	0	11295	0	0
EHA04674_bin.29	0	0	0	0	2	0	0	0	0	0	0	0	1	0	0	0	0	0	0	0	0	0	0	0	0	0	0	15621	0	0	0	0	0	2	0	0	0	0	43576	0	0	0	0	0	0	0	94958	0	0	0	0	0	0	0	0	0	0	0	0	0	0	0	0	0	0	0	4	16036	0	0	0	0	0	19101	0	0	0	0	0	0	0	0	0	0	0	0	0	2	0	0	0	0	2	0	0	0	0	0	0	0	0	28557	0	0	0	0	0	0	13537	0	0	71398	0	0	0	0	0	0	0	0	0	0	17205	0	0	2	1	0	20665	15	0
EHA04674_bin.2	1	51	1	6	2	0	0	0	0	0	0	0	1	10	106	0	0	186	0	0	2	0	17	2	0	1	27	1894	2	0	7	0	0	42	0	0	0	0	4057	0	0	0	0	0	60	0	67032	8	0	0	2	10	0	0	0	0	0	0	2	0	0	15	0	77	0	0	2	3308	5	0	4	0	0	3329	0	0	0	16	0	0	20	0	0	40	11	1	0	2	0	0	0	0	29	0	0	0	0	0	30	0	0	2059	0	16	0	0	1	2	1963	0	0	81946	0	0	0	0	0	0	0	0	1	0	1383	7	1	1	9	0	5995	41	0
EHA04674_bin.30	0	1	0	0	1	0	0	0	0	0	0	0	0	0	2	0	0	0	0	0	0	0	0	0	0	0	2	19058	0	0	0	0	0	0	0	0	0	0	2727	0	0	0	0	0	0	0	14295	0	0	0	0	5	0	0	0	0	0	0	0	0	0	0	0	0	0	0	0	4040	1	0	0	0	0	3105	0	0	0	0	0	0	0	0	0	0	0	0	0	0	0	0	0	0	2	0	0	0	0	0	0	0	0	13002	0	0	0	0	0	0	37017	0	0	16598	0	0	0	0	0	0	0	0	0	0	17886	0	0	0	0	0	12470	1	0
EHA04674_bin.31	0	5	0	0	0	0	0	0	0	0	0	0	0	2	1	0	0	0	0	0	0	0	1	0	0	0	1	9492	2	0	0	0	0	0	0	0	0	0	4964	0	0	0	0	4	0	0	42824	0	0	0	0	1	0	0	0	0	0	0	0	0	0	0	0	0	0	0	0	16247	0	0	0	0	0	10600	0	0	0	0	0	0	0	0	0	0	0	0	0	0	0	0	0	0	1	0	0	0	0	0	0	0	0	11537	0	0	0	0	0	0	18401	0	0	20696	0	0	0	0	0	0	0	0	0	0	11431	0	0	0	0	0	16801	15	0
EHA04674_bin.32	0	6	0	0	0	0	0	0	0	0	0	0	0	4	19	0	0	0	0	0	0	0	2	0	0	0	7	9792	0	0	2	0	0	0	0	0	0	0	2431	0	0	0	0	0	0	0	32493	9	0	0	0	3	2	0	0	0	0	0	2	0	0	0	0	10	0	0	0	17618	0	0	0	0	0	17588	0	0	0	1	0	0	7	0	0	1	0	0	0	0	0	0	0	0	5	0	0	0	0	0	4	0	0	12464	0	0	0	0	0	0	6865	0	0	32560	0	0	0	0	0	0	0	0	0	0	7224	1	0	0	0	0	4858	15	0
EHA04674_bin.35	0	0	0	0	0	0	0	0	0	0	0	0	0	0	2	0	0	0	0	0	0	0	0	0	0	0	0	52221	0	0	0	0	0	0	0	0	0	0	30336	0	0	0	0	0	0	0	86987	0	0	0	0	2	0	0	0	0	0	0	0	0	0	0	0	0	0	0	0	81317	0	0	0	0	0	135809	0	0	0	0	0	0	0	0	0	0	0	0	0	0	0	0	0	0	0	0	0	0	0	0	0	0	0	63003	0	0	0	0	0	0	36057	0	0	55032	0	0	0	0	0	0	0	0	0	0	180812	0	0	0	0	0	54174	4	0
EHA04674_bin.37	0	21	0	0	0	0	0	0	0	0	0	0	2	7	55	0	0	0	0	0	0	0	1	0	0	0	32	10022	0	0	0	0	0	0	0	0	0	0	1466	0	0	0	0	0	0	0	13086	1	0	0	0	2	0	0	0	0	0	0	0	0	0	0	0	32	0	0	0	6816	11	0	0	0	0	6177	0	0	0	1	0	0	3	0	0	15	3	0	0	0	0	0	0	0	25	0	0	0	0	0	7	0	0	923	0	0	0	0	0	0	8077	0	0	11519	0	0	0	0	0	0	0	0	0	0	6730	2	0	0	0	0	11056	24	0
EHA04674_bin.3	0	0	0	0	0	0	0	0	0	0	0	0	0	0	1	0	0	0	0	0	4	0	0	0	0	0	0	5821	0	0	0	0	0	0	2	0	0	0	4661	0	0	0	0	1	0	0	90017	0	0	0	0	0	0	0	0	0	0	0	0	0	0	0	0	1	0	0	0	34199	0	0	0	0	0	5270	0	2	0	0	2	0	0	0	0	0	0	0	0	0	1	0	0	0	0	0	0	0	0	0	0	0	0	44056	0	0	0	0	0	0	3381	0	0	37696	0	0	0	0	0	0	0	0	0	0	103168	0	0	0	0	0	15577	0	0
EHA04674_bin.4	0	8	0	0	24	0	0	0	0	0	0	0	0	42	55	0	1	6	0	0	1	2	4	2	0	1	19	29360	0	0	0	0	0	1	0	0	0	0	8562	0	0	0	0	0	0	0	18263	9	0	0	0	3	1	0	0	0	0	0	3	0	0	3	0	31	0	0	0	20795	8	0	3	0	0	6240	0	0	0	58	0	0	16	0	0	54	4	0	0	1	0	0	0	0	18	0	0	0	0	0	45	0	0	16501	0	3	0	0	0	0	925399	0	3	67301	0	0	0	0	0	0	0	0	0	0	19226	4	0	2	8	0	13665	18	0
EHA04674_bin.5	0	0	0	0	0	0	0	0	0	0	0	0	0	1	6	0	1	0	0	0	1	0	0	0	0	0	3	2385	0	0	0	0	0	0	0	0	0	0	5987	0	0	0	0	0	0	0	14383	0	0	0	0	1	0	0	0	0	0	0	0	0	0	0	0	3	0	0	0	13657	1	0	0	0	0	8097	0	0	0	3	0	0	2	0	0	3	0	0	0	0	0	0	0	0	3	0	0	0	0	0	8	0	0	25107	0	0	0	0	0	0	7593	0	0	3074	0	0	0	0	0	0	0	0	0	0	7455	0	0	0	4	0	14325	4	0
EHA04674_bin.7	0	0	0	0	0	0	0	0	0	0	0	0	0	0	0	0	0	0	0	0	0	0	0	0	0	0	0	3794	0	0	0	0	0	0	0	0	0	0	1090	0	0	0	0	0	0	0	7683	0	0	0	0	0	0	0	0	0	0	0	0	0	0	0	0	0	0	0	0	1940	0	0	0	0	0	1370	0	0	0	0	0	0	0	0	0	0	0	0	0	0	0	0	0	0	0	0	0	0	0	0	0	0	0	12178	0	0	0	0	0	0	10146	0	0	13862	0	0	0	0	0	0	0	0	0	0	9796	0	0	0	0	0	31283	0	0
EHA04674_bin.8	0	2	0	0	0	0	0	0	0	0	0	0	0	0	1	0	0	0	0	0	0	0	0	0	0	0	0	4485	0	0	0	0	0	0	0	0	0	0	11540	0	0	0	0	0	0	0	9479	0	0	0	0	0	0	0	0	0	0	0	0	0	0	0	0	0	0	0	0	8093	0	0	0	0	0	6608	0	0	0	0	0	0	0	0	0	3	0	0	0	0	0	0	0	0	1	0	0	0	0	0	0	0	0	4185	0	0	0	0	0	0	14848	0	0	3934	0	0	0	0	0	0	0	0	0	0	3952	0	0	0	0	0	6988	0	0
EHA04675_bin.11	0	0	0	0	0	0	0	0	0	0	0	0	0	1	0	0	0	0	0	0	0	0	2	0	0	0	0	20409	0	0	0	0	0	0	0	0	0	0	97	0	0	0	0	0	0	0	63	0	0	0	0	0	0	0	0	0	0	0	0	0	0	0	0	6	0	0	0	2187	0	0	0	0	0	3976	0	0	0	0	0	0	0	0	0	1	0	0	0	0	0	0	0	0	1	0	0	0	0	0	1	0	0	247	0	0	0	0	0	4	418	0	0	101	0	0	0	0	0	0	0	0	0	0	7795	2	0	0	0	0	5208	0	0
EHA04675_bin.13	0	2	0	0	0	0	0	0	0	0	0	0	0	12	2	0	0	0	0	0	0	0	0	0	0	0	1	1182	0	0	0	0	0	0	0	0	0	0	77	0	0	0	0	0	0	0	841	0	0	0	0	0	0	0	0	0	0	0	0	0	0	0	0	1	0	0	0	8894	2	0	0	0	0	18763	0	0	0	0	0	0	0	0	0	2	0	0	0	0	0	0	0	0	1	0	0	0	0	0	5	0	0	1057	0	0	0	0	0	0	1023	0	0	467	0	0	0	0	0	0	0	0	0	0	30566	0	0	0	0	0	906	9	0
EHA04675_bin.14	0	1821	0	32	3	0	0	0	0	0	0	0	0	17	16	0	0	0	0	0	0	0	75	0	0	0	14	4880	0	0	0	0	0	0	0	0	0	0	16780	0	0	0	0	0	0	2	12275	241	0	0	2	8	0	0	0	0	0	0	4	0	0	0	4	99	0	0	0	4995	32	0	7	0	0	1820	0	0	0	0	0	0	18	2	0	38	0	0	0	0	0	0	0	0	46	0	0	0	0	0	52	0	0	64697	0	0	0	0	0	3	11432	0	1	33589	0	0	0	0	0	0	0	0	0	1	7656	9	0	0	6	0	2617	291	0
EHA04675_bin.1	0	0	0	0	0	0	0	0	0	0	0	0	0	0	0	0	0	0	0	0	0	0	0	0	0	0	0	16054	0	0	0	0	0	0	0	0	0	0	626	0	0	0	0	8	0	0	5334	0	0	0	0	0	0	0	0	0	0	0	0	0	0	0	0	0	0	0	0	4025	0	0	0	0	0	16565	0	0	0	0	0	0	0	0	0	0	0	0	0	0	0	0	0	0	0	0	0	0	0	0	0	0	0	9490	0	0	0	0	0	0	5441	0	0	4367	0	0	0	0	0	0	0	0	1	0	47339	0	0	0	0	0	12425	0	0
EHA04675_bin.20	0	2	0	0	0	0	0	0	0	0	0	0	0	0	2	0	0	0	0	0	0	0	0	0	0	0	1	1638	0	0	0	0	0	0	0	0	0	0	3672	0	0	0	0	0	0	0	7351	0	0	0	0	0	0	0	0	0	0	0	0	0	0	0	0	0	0	0	0	21103	0	0	0	0	0	218	0	0	0	0	0	0	0	0	0	0	0	0	0	0	0	0	0	0	0	0	0	0	0	0	0	0	0	6810	0	0	0	0	0	0	2092	0	0	169	0	0	0	0	0	0	0	0	0	0	3050	0	0	0	0	0	37180	0	0
EHA04675_bin.23	2	7	0	0	0	0	0	0	0	0	0	0	1	0	1	0	0	1	0	0	0	0	1	1	0	1	0	41558	0	0	0	0	0	7	0	0	0	0	12538	0	0	0	0	0	2	0	5610	2	0	0	1	2	0	0	0	0	0	0	0	0	0	2	0	6	0	0	0	11323	1	0	1	0	0	4079	2	0	0	0	0	0	0	0	0	7	0	1	0	0	0	0	0	0	0	0	0	0	0	0	2	0	0	18553	0	0	0	0	0	0	22008	0	0	3585	0	0	0	0	0	0	0	0	2	0	24519	0	0	4	6	0	192679	13	0
EHA04675_bin.24	0	0	0	1	0	0	0	0	0	0	0	0	0	0	12	0	0	0	0	0	0	0	0	0	0	0	4	61530	0	0	0	0	0	0	0	0	0	0	2581	0	0	0	0	0	0	0	7335	0	0	0	0	1	0	0	0	0	0	0	0	0	0	0	0	0	0	0	0	3336	2	0	0	0	0	8121	0	0	0	0	0	0	8	0	0	1	0	0	0	0	0	0	0	0	6	0	0	0	0	0	2	0	0	2797	0	0	0	0	0	0	1890	0	0	18725	0	0	0	0	0	0	0	0	0	0	77438	0	0	0	0	0	2701	13	0
EHA04675_bin.25	0	2	0	0	1	0	0	0	0	0	0	0	0	0	0	0	0	0	0	0	0	0	0	0	0	0	0	2824	0	0	0	0	0	0	0	0	0	0	150	0	0	0	0	0	0	0	157	0	0	0	2	0	0	0	0	0	0	0	0	0	0	0	0	0	0	0	0	92	0	0	0	0	0	315	0	0	0	0	0	0	0	0	0	1	0	0	0	0	0	0	0	0	0	0	0	0	0	0	3	0	0	163	0	0	0	0	0	0	112	0	0	21455	0	0	0	0	0	0	0	0	0	0	3466	0	0	0	0	0	199	2	0
EHA04675_bin.26	0	22	0	2	63	0	0	0	0	0	0	0	0	179	234	0	2	13	0	0	0	0	6	0	0	0	87	156969	8	0	2	0	0	0	0	0	0	0	1107	0	0	0	0	0	7	0	1124	5	0	0	0	18	0	0	0	0	0	0	0	0	0	0	0	69	0	0	2	4116	146	0	2	0	0	75519	0	0	0	277	0	0	37	0	0	186	4	0	0	2	0	0	0	0	89	0	0	0	0	0	228	0	0	1258	0	0	0	0	0	1	1400	0	0	3107	0	0	0	0	0	0	0	0	0	0	69930	0	0	1	1	0	1620	35	0
EHA04675_bin.27	0	22	0	4	3	0	0	0	0	0	0	0	0	4	36	0	0	0	0	0	0	0	2	0	0	0	7	13689	0	0	2	0	0	0	0	0	0	0	991	2	0	0	0	0	0	0	19842	10	0	0	2	5	0	0	0	0	0	0	0	0	0	0	0	57	0	0	0	12071	2	0	0	0	0	15132	0	0	0	0	0	0	6	4	0	13	0	0	0	0	0	0	0	0	15	0	0	0	0	0	6	0	0	10985	0	0	0	0	0	0	4577	0	0	14704	0	0	0	0	0	0	0	0	0	0	14455	0	0	0	0	0	4098	82	0
EHA04675_bin.2	0	0	0	0	0	0	0	0	0	0	0	0	0	0	0	0	0	0	0	0	0	0	1	0	0	0	0	4720	0	0	0	0	0	0	0	0	0	0	914	0	0	0	0	0	0	0	753	0	0	0	0	0	0	0	0	0	0	0	0	0	0	0	0	0	0	0	0	827	0	0	0	0	0	221	0	0	0	0	0	0	0	0	0	0	0	0	0	0	0	0	0	0	0	0	0	0	0	0	0	0	0	4728	0	0	0	0	0	0	1144	0	0	943	0	0	0	0	0	0	0	0	0	0	1161	0	0	0	0	0	9569	0	0
EHA04675_bin.30	0	0	0	0	1	0	0	0	0	0	0	0	0	1	5	0	0	0	0	0	0	0	0	0	0	0	0	17474	0	0	0	0	0	0	0	0	0	0	3310	0	0	0	0	0	0	0	10599	0	0	0	0	0	0	0	0	0	0	0	0	0	0	0	0	3	0	0	0	6024	0	0	2	0	0	8586	0	0	0	0	0	0	0	0	0	4	0	0	0	0	0	0	0	0	3	0	0	0	0	0	1	0	0	3848	0	0	0	0	0	0	3005	0	0	6561	0	0	0	0	0	0	0	0	0	0	30211	2	0	0	0	0	7077	0	0
EHA04675_bin.31	0	3	0	0	0	0	0	0	0	0	0	0	0	0	23	0	0	0	0	0	0	0	0	0	0	0	0	17374	0	0	0	0	0	0	0	0	0	0	8842	0	0	0	0	0	0	0	10937	4	0	0	0	0	0	0	0	0	0	0	0	0	0	0	0	14	0	0	0	5133	1	0	0	0	0	14309	0	0	0	0	0	0	2	0	0	0	0	0	0	0	0	0	0	0	1	0	0	0	0	0	2	0	0	6196	0	0	0	0	0	0	1745	0	0	4529	0	0	0	0	0	0	0	0	0	0	17499	0	0	0	0	0	4793	26	0
EHA04675_bin.32	0	3	0	0	1044	0	0	0	0	0	0	0	189	11	28	0	2	0	0	0	5	0	9	2	0	1	1	11674	0	0	0	0	0	0	0	0	0	0	9567	0	0	0	0	1	0	0	33034	0	0	0	0	5	0	0	0	0	0	0	5	0	0	0	0	15	0	0	0	23925	0	0	1	0	0	19268	0	0	0	1	0	0	1	0	0	11	0	1	0	0	0	0	0	0	7	0	0	0	0	0	56	0	0	5820	0	0	0	0	12	0	7987	0	0	41569	0	0	0	0	0	0	0	0	4	0	9203	3	0	0	0	0	4923	52	0
EHA04675_bin.33	0	11	0	2	0	0	0	0	0	0	0	0	0	6	36	0	0	0	0	0	0	0	1	0	0	0	15	3067	0	0	0	0	0	0	0	0	0	0	97	2	0	0	0	0	0	0	7698	13	0	0	0	6	0	0	0	0	0	0	0	0	0	0	0	28	0	0	0	5709	4	0	1	0	0	3516	0	0	0	0	0	0	9	0	0	10	0	0	0	0	0	0	0	0	20	0	0	0	0	0	9	0	0	283	0	0	0	0	0	0	9043	0	0	9367	0	0	0	0	0	0	0	0	0	0	1096	0	0	0	0	0	2800	57	0
EHA04675_bin.36	0	43	0	5	1	0	0	0	0	0	0	0	0	15	75	0	0	0	0	0	0	0	8	0	0	0	16	14630	0	0	4	0	0	0	0	0	0	0	10385	0	0	0	0	0	0	0	47798	17	0	0	0	8	0	0	0	0	0	0	1	0	0	2	0	114	0	0	0	13521	8	0	0	0	0	18937	0	0	0	6	0	0	12	0	0	40	0	0	0	0	0	0	0	0	26	0	0	0	0	0	43	0	0	3722	0	0	0	0	0	0	9631	0	0	20686	0	0	0	0	0	0	0	0	0	0	7269	0	0	0	0	0	33576	123	0
EHA04675_bin.37	0	0	0	0	0	0	0	0	0	0	0	0	0	0	0	0	0	0	0	0	0	0	0	0	0	0	0	16353	0	0	0	0	0	0	0	0	0	0	388	0	0	0	0	0	0	0	2970	3	0	0	0	0	0	0	0	0	0	0	0	0	0	0	0	0	0	0	0	2882	0	0	0	0	0	34976	0	0	0	0	0	0	0	0	0	0	0	0	0	0	0	0	0	0	0	0	0	0	0	0	0	0	0	2018	0	0	0	0	0	0	474	0	0	14532	0	0	0	0	0	0	0	0	0	0	9309	0	0	0	0	0	22677	0	0
EHA04675_bin.38	2	13	0	0	0	0	0	0	0	0	0	0	0	23	53	0	0	0	0	0	0	0	2	0	0	0	5	67808	0	0	4	0	0	0	0	0	0	0	136	0	0	0	0	0	0	0	669	51	0	0	0	29	0	0	0	0	0	0	0	0	0	1	0	105	0	0	0	252	10	0	1	0	0	39978	0	0	0	11	0	0	4	0	0	24	0	0	0	0	0	0	0	0	20	0	0	0	0	0	37	0	0	135	0	0	0	0	0	0	141	0	0	21022	0	0	0	0	0	0	0	0	0	0	30946	3	0	0	1	0	3968	10	0
EHA04675_bin.39	0	1	0	2	1	0	0	0	0	0	0	0	2	2	1	0	0	0	0	0	0	0	0	0	0	0	0	13804	0	0	0	0	0	0	0	0	0	0	1601	0	0	0	0	0	0	0	6345	0	0	0	0	0	0	0	0	0	0	0	0	0	0	0	0	0	0	0	0	8252	0	0	0	0	0	9579	0	0	0	0	0	0	1	0	0	5	0	0	0	0	0	0	0	0	0	0	0	0	0	0	2	0	0	7241	0	0	0	0	0	0	1901	0	0	7549	0	0	0	0	0	0	0	0	0	0	38032	0	0	0	0	0	5007	12	0
EHA04675_bin.3	2	0	0	0	0	0	0	0	0	0	0	0	0	3	94	0	2	7	0	0	0	0	15	2	0	2	47	8559	0	0	2	0	0	0	0	0	0	0	6	0	0	0	0	9	1	0	3501	2	0	0	0	8	0	0	0	0	0	0	0	0	0	5	0	0	0	0	8	1621	2	0	4	0	0	3398	4	0	0	26	0	0	47	0	0	5	1	0	0	3	0	0	0	0	13	0	0	0	0	0	7	0	0	0	0	0	0	0	0	1	0	0	2	23575	0	1	0	0	0	0	0	0	0	0	2016	0	2	0	2	0	1099	16	0
EHA04675_bin.40	0	5	0	2	0	0	0	0	0	0	0	0	0	6	29	0	0	0	0	0	0	0	0	0	0	0	10	18361	0	0	0	0	0	0	0	0	0	0	1972	0	0	0	0	0	0	0	5359	2	0	0	0	5	0	0	0	0	0	0	0	0	0	0	0	35	0	0	0	6101	1	0	0	0	0	5894	0	0	0	0	0	0	0	0	0	8	0	0	0	0	0	0	0	0	18	0	0	0	0	0	9	0	0	1288	0	0	0	0	0	0	3366	0	0	12979	0	0	0	0	0	0	0	0	0	0	10986	0	0	0	0	0	18507	48	0
EHA04675_bin.42	41	10	0	2	3	25	12	16	24	2	2	14	2	4	76	13	4	149	26	14	25	22	3	29	28	22	0	14247	4	36	38	18	15	0	30	46	6	51	6822	27	25	57	27	2	163	2	14266	14	15	2	20	74	0	32	8	28	16	9	53	4	13	15	48	0	12	53	36	6530	0	30	3	24	0	3909	81	0	18	1	24	2	0	2	6	0	8	21	34	4	14	0	0	25	2	22	44	0	16	0	3	12	16	54047	2	13	2	44	1	10	8803	0	0	11508	6	0	22	47	8	14	32	13	0	10	14030	363	12	32	4	8	16197	51	20
EHA04675_bin.7	0	0	0	0	0	0	0	0	0	0	0	0	0	0	2	0	0	0	0	0	0	0	0	0	0	0	0	18620	0	0	0	0	0	0	0	0	0	0	6031	0	0	0	0	2	0	0	4775	10	0	0	0	10	0	0	0	0	0	0	0	0	0	0	0	8	0	0	0	1869	0	0	0	0	0	2298	0	0	0	0	0	0	0	0	0	1	0	0	0	0	0	0	0	0	0	0	0	0	0	0	0	0	0	2439	0	0	0	0	0	0	2199	0	0	11865	0	0	0	0	0	0	0	0	0	0	74197	0	0	0	0	0	2566	3	0
EHA04675_bin.8	0	0	0	0	0	0	0	0	0	0	0	0	0	0	0	0	0	0	0	0	0	0	0	0	0	0	0	6951	0	0	0	0	0	0	0	0	0	0	3	0	0	0	0	0	0	0	1119	0	0	0	0	0	0	0	0	0	0	0	0	0	0	0	0	0	0	0	0	592	0	0	0	0	0	3223	0	0	0	0	0	0	0	0	0	0	0	0	0	0	0	0	0	0	0	0	0	0	0	0	0	0	0	815	0	0	0	0	0	0	130	0	0	123	0	0	0	0	0	0	0	0	0	0	6629	0	0	0	0	0	3769	0	0
EHA04675_bin.9	0	8	0	0	0	0	0	0	0	0	0	0	0	0	1	0	0	0	0	0	0	0	1	0	0	0	0	19225	0	0	0	0	0	0	0	0	0	0	3248	0	0	0	0	0	0	0	11909	0	0	0	2	6	0	0	0	0	0	0	0	0	0	0	0	0	0	0	0	3278	0	0	0	0	0	4731	0	0	0	0	0	0	0	0	0	0	0	0	0	0	0	0	0	0	0	0	0	0	0	0	0	0	0	4310	0	0	0	0	0	0	5932	0	0	9999	0	0	0	0	0	0	0	0	0	0	15716	0	0	0	0	0	1382	8	0
EHA04676_bin.10	0	0	0	0	0	0	0	0	0	0	0	0	0	0	0	0	0	0	0	0	0	0	0	0	0	0	0	13985	0	0	0	0	0	0	0	0	0	0	89	0	0	0	0	0	0	0	1109	0	0	0	0	0	0	0	0	0	0	0	0	0	0	0	0	0	0	0	0	63	0	0	0	0	0	362	0	0	0	0	0	0	0	0	0	0	0	0	0	0	0	0	0	0	0	0	0	0	0	0	0	0	0	30	0	0	0	0	0	0	623	0	0	736	0	0	0	0	0	0	0	0	0	0	111	0	0	0	0	0	79	0	0
EHA04676_bin.12	0	0	0	0	0	0	0	0	0	0	0	0	0	0	0	0	0	0	11	0	0	0	0	4	0	0	0	14377	0	0	1	0	0	0	0	0	0	0	18293	0	0	0	0	0	0	0	11688	0	0	0	0	2	0	0	0	0	0	0	0	2	0	0	0	0	0	0	4	15898	0	0	0	0	0	6783	2	0	0	0	0	0	0	0	0	0	0	0	0	0	0	0	0	0	0	0	0	0	0	0	0	0	0	29948	0	0	0	0	0	0	22885	0	0	8720	0	0	0	0	0	0	0	0	0	0	19201	0	4	0	10	0	20535	12	0
EHA04676_bin.15	0	0	0	1	0	0	0	0	0	0	0	0	0	2	2	0	0	0	0	0	0	0	1	0	0	0	0	9573	0	0	0	0	0	0	0	0	0	0	12952	0	0	0	0	0	0	0	10890	1	0	0	0	0	0	0	0	0	0	0	0	0	0	0	0	1	0	0	0	11212	0	0	0	0	0	9533	0	0	0	0	0	0	0	0	0	0	0	0	0	0	0	0	0	0	0	0	0	0	0	0	0	0	0	4984	0	0	0	0	0	0	13981	0	0	9986	0	0	0	0	0	0	0	0	0	0	7299	0	0	0	0	0	10512	0	0
EHA04676_bin.16	0	0	0	0	0	0	0	0	0	0	0	0	0	0	0	0	0	0	0	0	0	0	1	0	0	0	0	3236	0	0	0	0	0	0	0	0	0	0	6	0	0	0	0	0	0	0	1299	0	0	0	0	0	0	0	0	0	0	0	0	0	0	0	0	0	0	0	0	663	0	0	0	0	0	1252	0	0	0	0	0	0	0	0	0	0	0	0	0	0	0	0	0	0	0	0	0	0	0	0	0	0	0	7	0	0	0	0	0	0	5	0	0	10147	0	0	0	0	0	0	0	0	0	0	871	0	0	0	0	0	538	0	0
EHA04676_bin.18	0	24	0	0	6	0	0	0	0	0	0	0	0	43	64	0	0	3	0	0	0	0	0	0	0	0	29	47139	2	0	0	0	0	4	0	0	0	0	1405	0	0	0	0	1	0	0	7950	0	0	0	0	1	0	0	0	0	0	0	0	0	0	1	0	1	0	0	0	31393	5	0	1	0	0	34755	0	0	0	11	0	0	22	0	0	5	1	0	0	1	0	0	0	0	15	0	0	0	0	0	9	0	0	2641	0	2	0	0	0	0	5142	0	1	2886	0	0	0	0	0	0	0	0	0	0	15787	0	0	0	0	0	14423	64	0
EHA04676_bin.1	0	0	0	0	0	0	0	0	0	0	0	0	0	0	0	0	0	0	0	0	0	0	0	0	0	0	0	298	0	0	0	0	0	0	0	0	0	0	7874	0	0	0	0	0	0	0	5577	0	0	0	0	0	0	0	0	0	0	0	0	0	0	0	0	0	0	0	0	3989	0	0	2	0	0	28	0	0	0	0	0	0	0	0	0	0	0	0	0	0	0	0	0	0	0	0	0	0	0	0	0	0	0	19608	0	0	0	0	0	0	5279	0	0	16459	0	0	0	0	0	0	0	0	0	0	3223	0	0	0	0	0	8455	8	0
EHA04676_bin.22	0	0	0	0	0	0	0	0	0	0	0	0	2	0	1	0	0	0	0	0	27	6	3	0	0	0	0	9379	0	0	0	0	0	0	0	0	0	0	34	0	0	0	0	0	0	0	15	1	0	0	0	3	0	0	0	0	0	0	0	0	0	0	0	0	0	0	0	15	0	0	2	0	0	4904	0	0	0	0	0	0	0	0	0	1	0	0	0	0	0	0	0	0	0	0	0	0	0	0	1	0	0	148	0	0	0	0	0	0	0	0	0	115	0	0	0	4	0	0	0	0	0	0	1584	8	0	0	0	0	128	6	0
EHA04676_bin.23	0	0	0	0	0	0	0	0	0	0	0	0	0	0	0	0	0	0	0	0	0	0	0	0	0	0	0	14562	0	0	0	0	0	0	0	0	0	0	130	0	0	0	0	0	0	0	3279	0	0	0	0	0	0	0	0	0	0	0	0	0	0	0	0	1	0	0	0	899	0	0	0	0	0	1346	0	0	0	0	0	0	0	0	0	0	0	0	0	0	0	0	0	0	0	0	0	0	0	0	0	0	0	1245	0	0	0	0	0	0	305	0	1	33654	0	0	0	0	0	0	0	0	0	0	18672	0	0	0	0	0	28036	0	0
EHA04676_bin.25	0	0	0	0	0	0	0	0	0	0	0	0	0	0	0	0	0	0	0	0	0	0	0	0	0	0	0	14865	0	0	0	0	0	0	0	0	0	0	3938	0	0	0	0	0	0	0	13481	2	0	0	0	0	0	0	0	0	0	0	0	0	0	0	0	0	0	0	0	9263	0	0	0	0	0	7823	0	0	0	0	0	0	0	0	0	1	0	0	0	0	0	0	0	0	0	0	0	0	0	0	0	0	0	3387	0	0	0	0	0	0	1774	0	0	5370	0	0	0	0	0	0	0	0	0	0	15222	0	0	0	0	0	8670	2	0
EHA04676_bin.28	0	2	0	0	0	0	0	0	0	0	0	0	0	0	29	2	0	0	0	0	1	0	0	0	0	0	0	9367	0	0	2	0	0	0	0	0	0	0	132	0	0	0	0	0	0	0	2569	0	0	0	0	8	0	0	0	0	0	0	0	0	0	0	0	1	0	0	0	1869	3	0	2	0	0	3977	0	0	0	0	0	0	1	0	0	7	2	0	0	0	0	0	0	0	46	0	0	0	0	0	16	0	0	260	0	0	0	0	0	0	737	0	0	1566	0	0	0	0	0	0	0	0	0	0	3967	0	0	0	0	0	4200	5	0
EHA04676_bin.29	0	5	0	0	0	0	0	0	0	0	0	0	2	8	28	0	0	0	0	0	0	0	1	0	0	0	3	8968	0	0	0	0	0	0	0	0	0	0	3089	0	0	0	0	0	0	0	12240	5	0	0	0	4	0	0	0	0	0	0	0	0	0	0	0	38	0	0	0	5858	2	0	0	0	0	6807	0	0	0	0	0	0	2	0	0	7	0	0	0	0	0	0	0	0	6	0	0	0	0	0	3	0	0	1592	0	0	0	0	0	0	4605	0	0	9359	0	0	0	0	0	0	0	0	0	0	5241	0	0	0	0	0	12451	42	0
EHA04676_bin.2	0	2	1	0	2	0	0	0	0	0	0	0	0	6	1	0	0	1	0	0	0	0	1	2	0	0	3	3769	0	0	1	0	0	0	0	0	0	0	277	0	0	0	0	0	0	0	873	0	0	0	0	0	0	0	0	0	0	0	0	0	0	0	0	1	0	0	0	763	1	0	2	0	0	1160	0	0	0	2	0	0	2	0	0	2	0	0	0	2	0	0	0	0	2	0	0	0	0	0	4	0	0	730	0	0	0	0	0	0	445	0	0	22875	0	0	0	0	0	0	0	0	0	0	5842	0	0	0	1	0	934	23	0
EHA04676_bin.31	0	6	0	0	0	0	0	0	0	0	0	0	0	0	16	0	0	0	0	0	0	0	0	0	0	0	2	30042	0	0	2	0	0	0	0	0	0	0	9476	0	0	0	0	1	0	0	33322	6	0	0	0	0	0	0	0	0	0	0	0	0	0	0	0	10	0	0	0	7239	0	0	0	0	0	24227	0	0	0	0	0	0	1	0	2	0	0	0	0	0	0	0	0	0	8	0	0	0	0	0	3	0	0	3129	0	0	0	0	0	0	25818	0	0	21616	0	0	0	0	0	0	0	0	0	0	15808	1	0	0	0	0	33088	12	0
EHA04676_bin.33	0	0	0	0	0	0	0	0	0	0	0	0	0	0	0	0	0	0	0	0	0	0	0	0	0	0	0	9866	0	0	2	0	0	0	0	0	0	0	12152	0	0	0	0	0	0	0	41688	0	0	0	0	2	0	0	0	0	0	0	0	0	0	0	0	2	0	0	0	38679	0	0	0	0	0	13689	0	0	0	0	0	0	0	0	0	0	0	0	0	0	0	0	0	0	1	0	0	0	0	0	1	0	0	23108	0	0	0	0	0	0	37259	0	0	18634	0	0	0	0	0	0	0	0	0	0	14941	0	0	0	0	0	46725	7	0
EHA04676_bin.36	0	0	0	0	0	0	0	0	0	0	0	0	0	1	6	0	0	0	0	0	2	0	1	2	0	0	0	8653	0	0	0	0	0	0	0	0	0	0	31	0	0	0	0	0	0	0	470	0	0	0	0	5	0	0	0	0	0	0	0	0	0	0	0	3	0	0	0	3966	1	0	0	0	0	1342	0	0	0	12	0	0	0	0	0	3	0	0	0	2	0	0	0	0	10	0	0	0	0	0	5	0	0	27	0	0	0	0	0	0	8	0	1	2368	0	0	0	0	0	0	0	0	0	0	1503	0	0	0	0	0	1183	2	0
EHA04676_bin.4	0	0	0	0	0	0	0	0	0	0	0	0	0	0	17	0	0	0	0	0	0	0	0	0	0	0	22	60126	0	0	4	0	0	0	0	0	0	0	258	0	0	0	0	0	0	0	6252	0	0	0	0	2	0	0	0	0	0	0	0	0	0	0	0	0	0	0	0	1064	2	0	0	0	0	8158	0	0	0	0	0	0	4	0	0	5	0	0	0	0	0	0	0	0	1	0	0	0	0	0	1	0	0	478	0	0	0	0	0	0	260	0	0	17052	0	0	0	0	0	0	0	0	0	0	73209	0	0	0	0	0	2139	7	0
EHA04676_bin.6	0	0	0	0	0	0	0	0	0	0	0	0	0	0	0	0	0	0	0	0	0	0	0	0	0	0	0	34639	0	0	0	0	0	0	0	0	0	0	0	0	0	0	0	0	0	0	29	0	0	0	0	0	0	0	0	0	0	0	0	0	0	0	0	0	0	0	0	34	0	0	0	0	0	12129	0	0	0	0	0	0	0	0	0	0	0	0	0	0	0	0	0	0	0	0	0	0	0	0	0	0	0	0	0	0	0	0	0	0	0	0	0	536	0	0	0	0	0	0	0	0	0	0	29511	0	0	0	0	0	208	0	0
EHA04676_bin.8	0	0	0	0	0	0	0	0	0	0	0	0	0	0	0	0	0	0	0	0	0	0	2	0	0	0	0	371019	0	0	0	0	0	0	0	0	0	0	6	0	0	0	0	0	0	0	39	0	0	0	0	3	0	0	0	0	0	0	0	0	0	0	0	0	0	0	0	59	0	0	2	0	0	24177	0	0	0	0	0	0	0	0	0	0	0	0	0	0	0	0	0	0	0	0	0	0	0	0	0	0	0	18	0	0	0	0	0	0	0	0	0	90	0	0	0	0	0	0	0	0	0	0	837	0	0	0	0	0	303	4	0
EHA04676_bin.9	0	0	0	0	0	0	0	0	0	0	0	0	0	0	0	0	0	0	0	0	0	0	0	0	0	0	0	1314	0	0	0	0	0	0	0	0	0	0	196	0	0	0	0	0	0	0	263	0	0	0	0	0	0	0	0	0	0	0	0	0	0	0	0	0	0	0	0	7661	0	0	0	0	0	1205	0	0	0	0	0	0	0	0	0	0	0	0	0	0	0	0	0	0	0	0	0	0	0	0	0	0	0	447	0	0	0	0	0	0	69	0	0	2640	0	0	0	0	0	0	0	0	0	0	6258	0	0	0	0	0	26165	0	0
EHA04677_bin.10	0	0	0	0	0	0	0	0	0	0	0	0	0	0	1	0	0	0	0	0	0	0	0	0	0	0	0	11364	0	1	0	0	0	0	0	0	0	0	5644	0	0	0	0	0	0	0	1412	0	0	0	0	0	0	0	0	0	0	0	0	0	0	0	0	0	2	0	0	61672	0	0	0	0	0	3226	0	0	0	0	0	0	0	0	0	0	0	0	0	0	0	0	0	0	0	0	0	0	0	0	2	0	0	67581	0	0	0	0	0	0	23236	0	0	61569	0	0	0	0	0	0	0	0	0	0	6114	0	0	0	0	0	48111	0	0
EHA04677_bin.12	0	0	0	0	0	0	0	0	0	0	0	0	0	0	2	0	0	0	0	0	0	0	0	0	0	0	2	52870	0	0	0	0	0	0	0	0	0	0	252	0	0	0	0	0	0	0	233	0	0	0	0	0	0	0	0	0	0	0	0	0	0	0	0	0	0	0	0	287	0	0	0	0	0	309	0	0	0	0	0	0	0	0	0	0	0	0	0	0	0	0	0	0	1	0	0	0	0	0	0	0	0	231	0	0	0	0	0	0	332	0	0	550	0	0	0	0	0	0	0	0	0	0	45526	0	0	0	0	0	251	8	0
EHA04677_bin.13	0	6	0	0	27	0	0	0	0	0	0	0	0	30	63	0	4	0	0	0	0	0	3	6	0	0	10	2501	1	0	3	0	0	5	0	0	0	0	3671	1	0	0	0	2	4	0	1432	18	0	0	0	0	0	0	0	0	0	0	0	0	0	2	0	19	0	0	4	4780	7	0	2	0	0	1380	0	0	0	13	0	0	4	0	0	8	0	0	0	0	0	0	0	0	8	0	0	0	0	0	32	0	0	1688	0	0	0	0	0	1	5820	0	0	1056	0	0	0	0	0	0	0	0	0	0	1261	7	0	2	9	0	2115	27	0
EHA04677_bin.16	0	0	0	0	0	0	0	0	0	0	0	0	0	4	1	0	0	0	0	0	4	0	1	0	0	0	0	177017	0	0	0	0	0	0	0	0	0	0	1930498	0	0	0	0	0	0	0	578100	9	0	0	0	8	0	0	0	0	0	0	0	0	0	0	0	1	0	0	0	3522588	0	0	0	0	0	10	0	0	0	0	0	0	0	0	0	0	0	0	0	0	0	0	0	0	1	0	0	0	0	0	0	0	0	166462	0	0	0	0	0	2	2	0	0	621246	0	0	0	0	0	0	0	0	0	0	183308	0	0	0	0	0	514299	0	0
EHA04677_bin.1	2	9	1	0	4	0	0	0	0	0	0	0	0	23	35	0	0	21	4	0	1	5	16	7	0	0	14	353730	2	0	15	0	0	10	0	0	0	0	1027	2	0	0	0	0	11	1	2828	39	0	0	1	22	0	0	0	0	0	0	0	0	0	13	0	58	0	2	23	2751	4	0	12	0	0	7732	1	0	0	9	0	0	15	0	0	6	64	3	0	15	0	0	0	2	12	0	0	2	0	0	9	0	0	1594	0	2	0	0	0	5	1419	4	25	5704	0	1	0	0	0	0	0	0	0	0	78379	5	2	10	33	0	3453	78	0
EHA04677_bin.20	0	9	0	6	0	0	0	0	0	0	0	0	2	0	5	0	0	0	0	0	0	0	1	4	0	0	3	4992	0	0	0	0	0	0	0	0	0	0	1723	0	0	0	0	5	0	0	53763	7	0	0	0	2	0	0	0	0	0	0	0	0	0	0	0	11	0	0	0	1782	2	0	0	0	0	26884	0	0	0	2	0	0	1	0	0	0	0	0	0	0	0	0	0	0	8	0	0	0	0	0	1	0	0	371	0	0	0	0	0	0	6387	0	0	50820	0	0	0	0	0	0	0	0	0	0	2567	0	0	0	0	0	11095	27	0
EHA04677_bin.21	0	11	0	0	4	0	0	0	0	0	0	0	0	9	87	0	0	0	0	0	0	0	2	0	0	0	29	23149	0	0	1	0	0	0	0	0	0	0	4969	0	0	0	0	0	0	0	21161	10	0	0	0	9	0	0	0	0	0	0	0	0	0	0	0	53	0	0	0	32626	1	0	0	0	0	11171	0	0	0	0	0	0	4	0	1	8	0	0	0	0	0	0	0	0	36	0	0	0	0	0	12	0	0	2445	0	0	0	0	0	0	39772	0	0	23762	0	1	0	0	0	0	0	0	0	0	15380	0	0	0	0	0	52810	47	0
EHA04677_bin.22	0	0	0	0	7	0	0	0	0	0	0	0	0	0	0	0	0	0	0	0	0	0	0	0	0	0	2	7020	0	0	0	0	0	0	0	0	0	0	316	0	0	0	0	0	0	0	96	2	0	0	0	4	0	0	0	0	0	0	0	0	0	0	0	0	0	0	0	2091	0	0	0	0	0	2888	0	0	0	0	0	0	0	0	0	0	0	0	0	0	0	0	0	0	0	0	0	0	0	0	0	0	0	566	0	0	0	0	0	0	268	0	0	25987	0	0	0	0	0	0	0	0	0	0	4585	0	0	0	2	0	22419	0	0
EHA04677_bin.28	0	0	0	0	0	0	0	0	0	0	0	0	0	0	0	0	0	0	0	0	0	0	0	0	0	0	0	2649	0	0	0	0	0	0	0	0	0	0	180	0	0	0	0	0	0	0	1088	0	0	0	0	0	0	0	0	0	0	0	0	0	0	0	0	0	0	0	0	820	0	0	0	0	0	28177	0	0	0	0	0	0	0	0	0	0	0	0	0	0	0	0	0	0	0	0	0	0	0	0	0	0	0	1073	0	0	0	0	0	0	121	0	0	12031	0	0	0	0	0	0	0	0	0	0	5915	0	0	0	0	0	18424	0	0
EHA04677_bin.29	0	19	0	0	0	0	0	0	0	0	0	0	0	10	65	0	0	0	0	0	0	0	5	0	0	0	13	15158	0	0	0	0	0	0	0	0	0	0	11568	2	0	0	0	0	0	0	58408	16	0	0	0	13	0	0	0	0	0	0	0	0	0	0	0	56	0	0	0	14351	12	0	0	0	0	20355	0	0	0	3	0	0	10	0	0	23	0	0	0	0	0	0	0	0	30	0	0	0	0	0	44	0	0	3848	0	0	0	0	0	1	10213	0	0	20183	0	0	0	0	0	0	0	0	0	0	7908	0	0	0	0	0	31899	67	0
EHA04677_bin.30	0	2	0	0	0	0	0	0	0	0	0	0	0	0	0	0	0	0	0	0	0	0	0	0	0	0	0	16660	0	0	0	0	0	0	0	0	0	0	684	0	0	0	0	0	0	0	1224	0	0	0	0	0	0	0	0	0	0	0	0	0	0	0	0	0	0	0	0	2042	0	0	0	0	0	900	0	0	0	0	0	0	0	0	0	0	0	0	0	0	0	0	0	0	0	0	0	0	0	0	0	0	0	4778	0	0	0	0	0	0	898	0	0	1093	0	0	0	0	0	0	0	0	0	0	7167	0	0	0	0	0	85251	0	0
EHA04677_bin.31	0	0	0	0	0	0	0	0	0	0	0	0	0	0	0	0	0	0	0	0	0	0	0	0	0	0	0	30612	0	0	0	0	0	0	0	0	0	0	2153	0	0	0	0	0	0	0	9400	2	0	0	0	6	0	0	0	0	0	0	0	0	0	0	0	0	0	0	0	6829	0	0	0	0	0	14078	0	0	0	0	0	0	0	0	0	0	0	0	0	0	0	0	0	0	0	0	0	0	0	0	0	0	0	7933	0	0	0	0	0	0	4014	0	0	13161	0	0	0	0	0	0	0	0	0	0	160851	0	0	0	0	0	5007	4	0
EHA04677_bin.3	0	2	0	0	3	0	0	0	0	0	0	0	0	0	8	0	0	1	0	0	0	0	1	2	0	0	0	23821	0	0	0	0	0	0	0	0	0	0	29	0	0	0	0	0	3	0	117	0	0	0	0	0	1	0	0	0	0	0	0	0	0	0	0	6	0	0	0	174	2	0	5	0	0	12122	0	0	0	9	0	0	0	0	0	1	0	0	0	3	0	0	0	0	7	0	0	1	0	0	2	0	0	79	0	0	0	0	0	1	15	0	1	232	0	0	0	0	0	0	0	0	0	0	334	4	0	0	0	0	922	6	0
EHA04677_bin.4	0	0	0	0	0	0	0	0	0	0	0	0	0	0	1	0	0	0	0	0	0	0	1	0	0	0	3	41356	0	0	3	0	0	0	0	0	0	0	346	0	0	0	0	0	0	0	4807	2	0	0	0	4	0	0	0	0	0	0	0	0	0	0	0	0	0	0	0	1270	2	0	0	0	0	5250	0	0	0	0	0	0	1	0	0	0	0	0	0	0	0	0	0	0	0	0	0	0	0	0	0	0	0	465	0	0	0	0	0	0	827	0	0	11801	0	0	0	0	0	0	0	0	0	0	49263	0	0	0	0	0	2381	2	0
EHA04677_bin.5	0	6	1	0	5	0	0	0	0	0	0	0	0	4	25	0	0	0	0	0	0	0	2	0	0	0	8	66612	0	0	1	0	0	0	0	0	0	0	1558	0	0	0	0	0	0	0	3339	4	0	0	0	5	0	0	0	0	0	0	0	0	0	0	0	9	0	0	2	2578	8	0	0	0	0	3318	0	0	0	3	0	0	7	0	0	6	3	0	0	0	0	0	0	0	10	0	0	0	0	0	15	0	0	3526	0	0	0	0	2	0	12481	0	2	3748	0	0	0	0	0	0	0	0	0	0	57898	1	0	0	2	0	12366	6	0
EHA04677_bin.6	0	348	0	6	203	0	0	0	0	0	0	0	0	2	2	0	0	0	0	0	0	0	15	0	0	0	0	12274	0	0	0	0	0	0	0	0	0	0	17333	0	0	0	0	0	0	0	2481	34	0	0	0	0	0	0	0	0	0	0	0	0	0	0	0	8	0	0	0	15745	0	0	1	0	0	308	0	0	0	0	0	0	0	2	0	0	0	0	0	0	0	0	0	0	1	0	0	0	0	0	0	0	0	21138	0	0	0	0	0	0	555	0	0	7669	0	0	0	0	0	0	0	0	0	0	12405	1	0	0	0	0	523	58	0
EHA04677_bin.7	0	64	0	0	151	0	0	0	0	0	0	0	2	108	249	0	0	51	0	0	3	0	10	10	0	132	93	3118	0	0	1	0	0	4	0	0	0	0	197	0	0	0	0	0	21	0	31226	3	0	0	5	5	0	0	0	0	0	0	1	0	0	24	0	70	0	4	2	19022	71	0	10	0	0	1984	4	1	0	130	0	0	54	0	4	124	1	54	0	0	0	0	0	0	90	0	0	0	0	0	127	0	0	1555	0	15	0	0	1	14	1350	0	1	9396	0	2	0	0	0	0	0	0	0	0	14104	82	0	4	9	0	31395	86	0
EHA04677_bin.8	0	0	0	0	18	0	0	0	0	0	0	0	0	6	37	0	0	0	0	0	0	0	1	0	0	0	21	2970	0	0	0	0	0	0	0	0	0	0	28	0	0	0	0	0	0	0	108	0	0	0	0	0	0	0	0	0	0	0	0	0	0	0	0	1	0	0	0	264	0	0	0	0	0	963	0	0	0	6	0	0	2	0	2	5	0	0	0	0	0	0	0	0	1	0	0	0	0	0	2	0	0	318	0	0	0	0	0	0	190	0	0	8861	0	0	0	0	0	0	0	0	0	0	3656	0	0	0	0	0	382	2	0
EHA04678_bin.10	0	0	0	0	0	0	0	0	0	0	0	0	0	0	0	0	0	0	0	0	0	0	0	0	0	0	0	1835	0	0	0	0	0	0	0	0	0	0	905	0	0	0	0	0	0	0	755	0	0	0	0	0	0	0	0	0	0	0	0	0	0	0	0	0	0	0	0	33293	0	0	0	0	0	879	0	0	0	0	0	0	0	0	0	0	0	0	0	0	0	0	0	0	0	0	0	0	0	0	0	0	0	857	0	0	0	0	0	0	6226	0	0	627	0	0	0	0	0	0	0	0	0	0	2682	0	0	0	0	0	5037	0	0
EHA04678_bin.13	0	0	0	0	0	0	0	0	0	0	0	0	2	0	0	0	0	3	0	0	0	0	0	0	0	0	0	1608	0	0	0	0	0	0	0	0	0	0	8092	0	0	0	0	2	6	0	571	3	0	0	0	0	0	0	0	0	0	0	16	0	0	2	0	0	0	0	0	23663	0	0	0	0	0	367	0	0	0	0	0	0	0	0	0	0	2	0	0	0	0	0	0	0	0	0	0	0	0	0	0	0	0	13661	0	3	0	0	0	2	9631	0	0	38887	0	0	0	0	0	0	0	0	0	0	2803	7	0	0	0	0	139513	0	0
EHA04678_bin.15	0	0	0	0	0	0	0	0	0	0	0	0	0	1	1	0	0	0	0	0	0	0	2	0	0	0	1	7628	0	0	0	0	0	0	0	0	0	0	1481	2	0	0	0	0	0	0	26528	5	0	0	0	0	0	0	0	0	0	0	0	0	0	0	0	0	0	0	0	36912	0	0	0	0	0	10884	0	0	0	0	0	0	0	0	0	0	0	0	0	0	0	0	0	0	0	0	0	0	0	0	0	0	0	59841	0	0	0	0	0	0	13738	0	0	6034	0	0	0	0	0	0	0	0	0	0	7570	0	0	0	0	0	10617	0	0
EHA04678_bin.17	0	2	0	0	0	0	0	0	0	0	0	0	0	0	5	0	0	3	0	0	0	0	0	0	0	0	0	37032	0	0	2	0	0	0	0	0	0	0	15121	0	0	0	0	0	3	0	12323	0	0	0	0	3	0	0	0	0	0	0	0	0	0	0	0	0	0	0	0	16839	1	0	0	0	0	12761	0	0	0	2	0	0	0	0	0	0	0	0	0	0	0	0	0	0	2	0	0	0	0	0	0	0	0	18116	0	0	0	0	0	0	40776	0	0	14211	0	2	0	0	0	0	0	0	0	0	46102	0	2	0	2	0	20053	4	0
EHA04678_bin.18	0	13	0	0	1	0	0	0	0	0	0	0	0	1	1	0	0	0	6	0	0	0	0	0	0	0	0	23438	0	0	0	0	0	0	0	0	0	0	18019	0	0	0	0	0	0	0	74844	2	0	0	0	0	0	0	0	0	0	0	0	0	0	0	0	1	0	0	0	101338	1	0	0	0	0	29149	0	0	0	1	0	0	0	0	0	1	0	0	0	0	0	0	0	0	0	0	0	0	0	0	0	0	0	44081	0	0	0	0	0	0	150746	0	6	33172	0	0	0	0	0	0	0	0	0	0	41087	0	0	0	0	0	61435	7	0
EHA04678_bin.1	2	974	0	25	479	0	0	0	0	0	2	0	0	485	858	0	0	0	1	0	8	0	2341	0	0	0	473	73124	158	0	47	0	0	0	0	0	0	0	110176	0	0	0	0	0	0	0	7692	27	0	0	0	5	0	0	0	0	0	0	0	0	0	1	0	140	0	0	0	95195	650	0	59	0	0	1404	0	0	0	570	0	0	212	0	0	987	9	1	0	81	0	0	0	0	335	0	0	0	0	0	464	0	0	44660	0	0	2	0	0	0	8844	0	49	15322	0	0	0	0	0	2	0	0	8	2	24294	0	0	0	4	0	114252	1799	0
EHA04678_bin.3	0	0	0	0	1	0	0	0	0	0	0	0	0	0	4	0	0	0	0	0	0	0	2	0	0	0	0	36024	0	0	2	0	0	0	0	0	0	0	34332	0	0	0	0	0	0	0	76919	0	0	0	0	0	0	0	0	0	0	0	0	0	0	0	0	1	0	0	0	98401	0	0	0	0	0	11764	0	0	0	0	0	0	0	0	0	1	0	0	0	0	0	0	0	0	1	0	0	0	0	0	2	0	0	571683	0	0	0	0	0	0	89577	0	0	28630	0	0	0	0	0	0	0	0	0	0	122303	0	0	0	0	0	57129	10	0
EHA04678_bin.6	0	2	0	0	0	0	0	0	0	0	0	0	0	1	2	0	0	0	0	0	1	0	0	0	0	0	1	2435	0	0	0	0	0	5	0	0	0	0	887	0	0	0	0	0	0	0	10190	2	0	0	2	1	0	0	0	0	0	0	0	0	0	0	0	3	0	0	0	3704	6	0	1	0	0	6372	0	0	0	2	0	0	1	0	0	0	1	0	0	0	0	0	0	0	1	0	0	0	0	0	1	0	0	4869	0	0	0	0	0	0	24717	0	0	10335	0	0	0	0	0	0	0	0	0	0	2140	0	0	3	0	0	3193	13	0
EHA04678_bin.8	0	0	0	1	0	0	0	0	0	0	0	0	0	0	0	0	0	2	0	0	0	0	0	2	0	0	0	18151	0	0	0	0	0	0	0	0	0	0	81956	0	0	0	0	0	0	0	1424	1	0	0	0	2	0	0	0	0	0	0	2	0	0	0	0	0	0	0	0	5438	0	0	0	0	0	420	0	0	0	0	0	0	0	0	0	0	0	0	0	0	0	0	0	0	0	0	0	0	0	0	0	0	0	3116	0	0	0	0	0	0	486626	0	0	1105	0	0	0	0	0	0	0	0	0	0	986	0	0	0	0	0	4561	0	0
EHA04678_bin.9	0	10	0	0	1	0	0	0	0	0	0	0	2	0	0	0	0	5	0	0	1	0	0	0	0	1	0	2859	2	0	0	0	0	0	0	0	0	0	25911	1	0	0	0	0	2	1	3676	0	0	0	0	4	0	0	0	0	0	0	24	0	0	0	0	0	0	0	0	3476	0	0	0	0	0	684	0	0	0	2	0	0	0	0	0	0	0	4	0	3	0	0	0	0	1	0	0	0	0	0	0	0	0	2188	0	10	2	0	0	0	50507	0	0	1485	0	0	0	0	0	0	0	0	0	0	1038	20	0	0	0	0	1720	4	0
EHA04764_bin.15	0	5	0	0	0	0	0	0	0	0	0	0	1	0	16	0	0	0	0	0	0	0	0	0	0	0	9	697	0	0	2	0	0	0	0	0	0	0	584	0	0	0	0	0	0	0	810	5	0	0	0	2	0	0	0	0	0	0	0	0	0	0	0	11	0	0	0	601	0	0	0	0	0	1258	0	0	0	0	0	0	4	0	0	1	0	0	0	0	0	0	0	0	1	0	0	0	0	0	3	0	0	1423	0	0	0	0	0	0	2570	0	0	799	0	0	0	0	0	0	0	0	0	0	617	0	0	0	0	0	748	8	0
EHA04764_bin.16	0	8	0	0	0	0	0	0	0	0	0	0	0	2	8	0	0	0	0	0	0	0	3	0	0	0	2	3476	0	0	0	0	0	0	0	0	0	0	2554	0	0	0	0	0	0	0	7630	1	0	0	0	3	0	0	0	0	0	0	0	0	0	0	0	10	0	0	0	2782	0	0	0	0	0	3579	0	0	0	0	0	0	0	0	0	0	0	0	0	0	0	0	0	0	0	0	0	0	0	0	1	0	0	1860	0	0	0	0	0	0	9321	0	0	4064	0	0	0	0	0	0	0	0	0	0	2141	0	0	0	0	0	10101	12	0
EHA04764_bin.4	0	0	0	0	0	0	0	0	0	0	0	0	0	0	0	0	0	0	0	0	0	0	0	0	0	0	0	2494	0	0	0	0	0	0	0	0	0	0	5693	0	0	0	0	0	0	0	3117	0	0	0	0	0	0	0	0	0	0	0	0	0	0	0	0	0	0	0	0	5679	0	0	0	0	0	15307	0	0	0	0	0	0	0	0	0	0	0	0	0	0	0	0	0	0	0	0	0	0	0	0	0	0	0	2931	0	0	0	0	0	0	14189	0	0	1694	0	0	0	0	0	0	0	0	0	0	1645	0	0	0	0	0	2792	0	0
EHA04764_bin.7	0	0	0	0	0	0	0	0	0	0	0	0	0	0	0	0	0	0	0	0	0	0	0	0	0	0	0	490	0	0	0	0	0	0	0	0	0	0	0	0	0	0	0	0	0	0	2433	0	0	0	0	0	0	0	0	0	0	0	0	0	0	0	0	0	0	0	0	604	0	0	1	0	0	446	0	0	0	0	0	0	0	0	0	0	0	0	0	0	0	0	0	0	0	0	0	0	0	0	0	0	0	52	0	0	0	0	0	0	20	0	0	45	0	0	0	0	0	0	0	0	0	0	1154	0	0	0	0	0	1019	0	0
EHA04765_bin.11	0	0	0	0	1	0	0	0	0	0	0	0	0	1	0	0	0	0	0	0	0	0	0	0	0	0	0	293	0	0	0	0	0	0	0	0	0	0	63	0	0	0	0	0	0	0	108	2	0	0	0	0	0	0	0	0	0	0	0	0	0	0	0	6	0	0	0	1025	0	0	0	0	0	1340	0	0	0	0	0	0	0	0	0	8	0	0	0	0	0	0	0	0	0	0	0	0	0	0	0	0	0	136	0	0	0	0	0	0	227	0	0	229	0	0	0	0	0	0	0	0	0	0	169	0	0	0	0	0	891	0	0
EHA04765_bin.15	0	2	0	0	0	0	0	0	0	0	0	0	0	1	0	0	0	0	0	0	0	0	0	0	0	0	0	7705	0	0	0	0	0	0	0	0	0	0	54	0	0	0	0	0	0	0	226	5	0	0	0	1	0	0	0	0	0	0	0	0	0	0	0	24	0	0	0	135	0	0	0	0	0	1820	0	0	0	0	0	0	0	4	0	0	2	0	0	0	0	0	0	0	0	0	0	0	0	0	0	0	0	158	0	0	0	0	0	0	152	0	2	17601	0	0	0	0	0	0	0	0	0	0	193	0	0	0	0	0	923	0	0
EHA04765_bin.16	0	698	0	2	48	0	0	0	0	0	33	0	0	3215	17293	0	0	0	2	0	228	0	156	0	0	0	6643	882	1037	0	17	0	0	0	0	0	0	0	485	0	0	0	0	0	0	9	255	38	0	0	1	55	0	0	0	0	0	0	2	0	0	20	2	394	0	0	0	395	5539	0	60	0	0	192648	0	0	0	10379	0	0	5793	0	0	1332	86	0	0	52	0	0	0	0	7351	0	0	1	0	0	8746	0	0	469	0	0	0	0	0	3	2465	0	58	195	0	0	0	0	0	0	0	0	0	2	477	17	0	0	6	0	309	52	0
EHA04765_bin.20	0	27	0	0	2	0	0	0	0	0	0	0	0	16	104	0	0	0	0	0	0	0	4	0	0	0	19	8420	0	0	1	0	0	0	0	0	0	0	7096	0	0	0	0	0	0	0	22538	15	0	0	2	7	0	0	0	0	0	0	0	0	0	0	0	103	0	0	0	6840	8	0	0	0	0	12811	0	0	0	8	0	0	16	0	0	29	0	0	0	0	0	0	0	0	23	0	0	0	0	0	24	0	0	2707	0	0	0	0	0	1	7602	0	0	10373	0	0	0	0	0	0	0	0	0	0	4901	4	0	0	0	0	14138	99	0
EHA04765_bin.23	0	1	0	0	0	0	0	0	0	0	0	0	0	0	0	0	0	0	0	0	0	0	2	0	0	0	0	7096	0	0	0	0	0	0	0	0	0	0	14513	0	0	0	0	0	0	0	1952	4	0	0	0	0	0	0	0	0	0	0	0	0	0	0	0	1	0	0	0	2932	0	0	0	0	0	2984	0	0	0	0	0	0	0	0	0	0	0	0	0	0	0	0	0	0	0	0	0	0	0	0	0	0	0	3466	0	0	0	0	0	0	1810	0	0	2609	0	0	0	0	0	0	0	0	0	0	16282	0	0	0	0	0	1301	1	0
EHA04765_bin.25	0	2	0	6	303	2	0	0	0	0	0	0	80	0	33	0	0	0	4	0	0	0	2	0	0	3	0	259	0	0	0	0	0	0	0	0	0	0	103	2	0	0	3	0	0	0	637	0	0	0	0	0	0	0	0	0	0	0	0	0	0	3	0	10	0	0	0	599	0	0	1	0	0	4579	0	2	0	3	4	0	0	0	0	4	0	0	0	0	0	0	0	0	1	0	0	0	0	0	22	0	0	76	0	0	0	0	3	3	153	0	0	1619	0	0	0	0	0	0	0	0	7	0	317	2	0	0	0	0	235	20	0
EHA04765_bin.28	0	0	0	0	0	0	0	0	0	0	0	0	1	0	0	0	0	0	0	0	0	0	0	0	0	0	0	2787	0	0	0	0	0	0	0	0	0	0	5782	0	0	0	0	0	0	0	1227	0	0	0	0	0	0	0	0	0	0	0	0	0	0	0	0	0	0	0	0	1664	0	0	0	0	0	2402	0	0	0	0	0	0	0	0	0	0	0	0	0	0	0	0	0	0	0	0	0	0	0	0	0	0	0	6498	0	0	0	0	0	0	1185	0	0	3902	0	0	0	0	0	0	0	0	0	0	5598	0	0	0	0	0	1106	0	0
EHA04765_bin.32	0	1	0	1	0	0	0	0	0	0	0	0	0	1	9	0	0	0	0	0	1	0	2	0	0	0	2	1561	0	0	0	0	0	0	0	0	0	0	1072	0	0	0	0	0	0	0	1594	2	0	0	0	2	0	0	0	0	0	0	0	0	0	0	0	13	0	0	0	1494	0	0	1	0	0	2505	0	0	0	0	0	0	1	0	0	0	0	0	0	0	0	0	0	0	9	0	0	0	0	0	3	0	0	2848	0	0	0	0	0	0	4963	0	0	1824	0	0	0	0	0	0	0	0	0	0	1293	2	0	0	0	0	1518	18	0
EHA04765_bin.8	0	0	0	0	1	0	0	0	0	0	0	0	0	0	4	0	0	0	0	0	0	0	0	0	0	0	0	3465	2	0	1	0	0	0	0	0	0	0	236	0	0	0	0	0	0	0	331	0	0	0	0	0	0	0	0	0	0	0	0	0	0	0	0	4	0	0	0	3515	0	0	0	0	0	407	0	0	0	0	0	0	0	0	0	0	0	0	0	0	0	0	0	0	0	0	0	0	0	0	0	0	0	9202	0	0	0	0	0	0	3480	0	0	361	0	0	0	0	0	0	0	0	0	0	973	0	0	0	0	0	1252	25	0
EHA04765_bin.9	0	0	0	0	0	0	0	0	0	0	0	0	0	0	0	0	0	0	0	0	0	0	0	0	0	0	0	790	0	0	0	0	0	0	0	0	0	0	0	0	0	0	0	0	0	0	166	0	0	0	0	0	0	0	0	0	0	0	0	0	0	0	0	0	0	0	0	1132	0	0	0	0	0	564	0	0	0	0	0	0	0	0	0	0	0	0	0	0	0	0	0	0	0	0	0	0	0	0	0	0	0	11	0	0	0	0	0	0	474	0	0	23	0	0	0	0	0	0	0	0	0	0	1331	0	0	0	0	0	14991	0	0
EHA04766_bin.13	0	0	0	0	0	0	0	0	0	0	0	0	0	0	0	0	0	0	0	0	1	0	0	0	0	0	0	423080	0	0	0	0	0	0	0	0	0	0	1139189	0	0	0	0	0	0	0	391200	0	0	0	0	0	0	0	0	0	0	0	5	0	0	2	0	1	0	0	0	1185605	4	0	0	0	0	1261812	0	0	0	0	0	0	0	0	0	0	0	0	0	0	0	0	0	0	0	0	0	0	0	0	0	0	0	461082	0	0	0	0	0	0	2571818	0	0	112353	0	0	0	0	0	0	0	0	0	0	205431	0	0	0	0	0	497404	13	0
EHA04766_bin.16	0	0	0	0	0	0	0	0	0	0	0	0	0	0	0	0	0	0	0	0	0	0	0	0	0	0	0	1734	0	0	0	0	0	0	0	0	0	0	14048	0	0	0	0	0	0	0	58	0	0	0	0	0	0	0	0	0	0	0	0	0	0	0	0	0	0	0	0	76088	0	0	0	0	0	76	0	0	0	0	0	0	2	0	0	0	0	0	0	0	0	0	0	0	0	0	0	0	0	0	0	0	0	9662	0	0	0	0	0	0	35848	0	0	1614	0	0	0	0	0	0	0	0	0	0	2462	0	0	0	0	0	56580	0	0
EHA04766_bin.19	0	0	0	0	0	0	0	0	0	0	0	0	0	0	0	0	0	0	0	0	0	0	1	0	0	0	0	173	0	0	0	0	0	0	0	0	0	0	0	0	0	0	0	0	0	0	4	0	0	0	0	0	0	0	0	0	0	0	0	0	0	0	0	7	0	0	0	54	0	0	0	0	0	6293	0	0	0	2	0	0	0	0	0	0	0	0	0	0	0	0	0	0	0	0	0	0	0	0	0	0	0	3	0	0	0	0	0	0	4	0	0	16	0	0	0	0	0	0	0	0	0	0	72	0	0	0	0	0	65	0	0
EHA04766_bin.21	0	0	0	0	0	0	0	0	0	0	0	0	0	2	0	0	0	0	0	0	0	0	0	0	0	0	0	1326	0	0	0	0	0	0	0	0	0	0	1304	0	0	0	0	0	0	0	1359	0	0	0	0	0	0	0	0	0	0	0	0	0	0	0	0	1	0	0	0	1274	1	0	1	0	0	26610	0	0	0	0	0	0	0	0	0	0	0	0	0	0	0	0	0	0	0	0	0	0	0	0	1	0	0	505	0	0	0	0	0	0	2029	0	0	487	0	0	0	0	0	0	0	0	0	0	648	0	0	0	0	0	988	4	0
EHA04766_bin.29	0	3	0	0	0	0	0	0	0	0	0	0	0	0	6	0	0	0	0	0	0	0	0	0	0	0	0	1124	0	0	2	0	0	0	0	0	0	0	2801	0	0	0	0	0	0	0	3868	2	0	0	0	0	0	0	0	0	0	0	0	0	0	0	0	5	0	0	0	1343	0	0	0	0	0	4673	0	0	0	0	0	0	0	0	0	0	0	0	0	0	0	0	0	0	3	0	0	0	0	0	0	0	0	110	0	0	0	0	0	0	10222	0	0	5055	0	0	0	0	0	0	0	0	0	0	308	0	0	0	0	0	5485	5	0
EHA04766_bin.30	0	0	0	8	0	0	0	0	0	0	0	0	0	1	20	0	0	0	0	0	0	0	1	0	0	0	4	3307	0	0	0	0	0	0	0	0	0	0	2222	0	0	0	0	0	4	0	7077	11	0	0	0	0	0	0	0	0	0	0	2	0	0	0	0	9	0	0	0	2511	0	0	0	0	0	4804	0	0	0	2	0	0	2	0	0	5	0	0	0	0	0	0	0	0	5	0	0	0	0	0	5	0	0	1268	0	0	0	0	0	0	9186	0	0	3747	0	0	0	0	0	0	0	0	0	0	3331	0	0	0	0	0	8738	10	0
EHA04766_bin.31	0	5	0	5	4	2	0	0	0	0	2	0	0	0	12	0	0	0	0	0	0	0	4	0	0	0	1	688	0	0	0	2	0	0	0	0	1	0	972	0	0	0	2	0	0	0	1851	6	0	0	0	0	0	0	1	0	2	0	0	0	0	0	1	13	0	0	0	1581	0	0	0	2	0	2540	0	0	2	0	0	0	1	0	0	4	0	0	0	0	0	2	0	1	2	0	0	0	0	0	0	0	1	2754	0	0	0	0	0	0	4810	2	0	972	0	0	0	0	2	0	0	0	0	0	615	2	0	1	0	0	781	28	2
EHA04766_bin.5	0	0	0	0	18	0	0	0	0	0	0	0	0	0	0	0	0	0	0	0	0	0	0	0	0	5	0	255	0	0	0	0	0	0	0	0	0	0	210	0	0	0	0	0	0	0	67	0	0	0	0	2	0	0	0	0	0	0	0	0	0	0	0	1	0	0	0	304	0	0	0	0	0	993	0	0	0	0	0	0	0	0	0	0	0	1	0	0	0	0	0	0	0	0	0	0	0	0	0	0	0	751	0	0	0	0	0	0	820	0	0	244	0	0	0	0	0	0	0	0	2	0	166	0	0	0	0	0	297	2	0
EHA04766_bin.7	0	10	0	0	7	0	0	0	0	0	0	0	0	48	76	0	0	75	0	0	0	0	11	0	0	0	34	709	0	0	0	0	0	0	0	0	0	0	182	0	0	0	0	0	27	0	322	6	0	0	0	0	0	0	0	0	0	0	0	0	0	1	0	60	0	0	0	296	29	0	0	0	0	466	0	0	0	59	0	0	18	0	0	111	0	0	0	0	0	0	0	0	24	0	0	0	0	0	90	0	0	800	0	0	0	0	0	0	902	0	0	397	0	0	0	0	0	0	0	0	0	0	1014	0	0	0	2	0	353	7	0
EHA04766_bin.8	0	0	0	0	0	0	0	0	0	0	0	0	0	0	0	0	0	0	0	0	0	0	0	0	0	0	0	819	0	0	0	0	0	0	0	0	0	0	207	0	0	0	0	0	0	0	202	0	0	0	0	0	0	0	0	0	0	0	0	0	0	0	0	0	0	0	0	5735	0	0	0	0	0	220	0	0	0	0	0	0	0	0	0	0	0	0	0	0	0	0	0	0	0	0	0	0	0	0	0	0	0	1908	0	0	0	0	0	0	22	0	0	162	0	0	0	0	0	0	0	0	0	0	982	0	0	0	0	0	4203	0	0
EHA04766_bin.9	0	0	0	0	0	0	0	0	0	0	0	0	0	0	1	0	0	0	0	0	3	0	6	0	0	0	1	181	0	0	0	0	0	0	0	0	0	0	90	0	0	0	0	0	0	0	1139	0	0	0	0	0	0	0	0	0	0	0	0	0	0	1	0	0	0	0	0	172	0	0	4	0	0	3259	0	0	0	0	0	0	0	0	0	1	0	0	0	0	0	0	0	0	2	0	0	0	0	0	0	0	0	435	0	0	0	0	0	0	536	0	0	1166	0	0	0	0	0	0	0	0	0	0	467	3	0	0	0	0	99	4	0
EHA04767_bin.10	0	6	0	0	7	0	0	0	0	2	0	0	2	17	19	0	2	20	0	0	0	0	7	1	0	1	2	9428	0	0	3	0	0	7	0	0	0	0	8651	5	0	0	0	0	5	0	7297	3	0	0	4	0	0	0	0	0	0	0	0	0	0	1	0	6	0	0	4	6348	6	0	2	0	0	6423	0	0	0	5	0	0	1	0	0	19	1	1	0	1	0	0	0	0	5	0	0	0	0	0	23	0	0	7086	0	0	0	0	0	0	14269	0	2	2075	0	0	0	0	0	0	0	0	2	2	7333	0	0	3	10	0	5134	70	0
EHA04767_bin.11	0	0	0	0	0	0	0	0	0	0	0	0	0	0	4	0	0	0	0	0	0	0	0	0	0	0	0	665	0	0	0	0	0	0	0	0	0	0	300	0	0	0	0	4	0	0	533	0	0	0	0	1	0	0	0	0	0	0	0	0	0	0	0	0	0	0	0	800	0	0	0	0	0	1375	0	0	0	0	0	0	0	0	0	0	0	0	0	0	0	0	0	0	0	0	0	0	0	0	0	0	0	950	0	0	0	0	0	0	500	0	0	708	0	0	0	0	0	0	0	0	0	0	1519	0	0	0	0	0	1419	0	0
EHA04767_bin.12	0	0	0	0	0	0	0	0	0	0	0	0	0	0	1	0	0	0	0	0	0	0	0	0	0	0	3	875	0	0	0	0	0	0	0	0	0	0	757	0	0	0	0	0	0	0	1298	0	0	0	0	2	0	0	0	0	0	0	0	0	0	0	0	0	0	0	0	789	0	0	0	0	0	653	0	0	0	0	0	0	0	0	0	0	0	0	0	0	0	0	0	0	1	0	0	0	0	0	0	0	0	926	0	0	0	0	0	0	1427	0	0	753	0	0	0	0	0	0	0	0	0	0	866	0	0	0	4	0	691	0	0
EHA04767_bin.13	0	0	0	0	0	0	0	0	0	0	0	0	0	0	0	0	0	0	0	0	0	0	0	0	0	0	0	397	0	0	0	0	0	0	0	0	0	0	599	0	0	0	0	0	0	0	103	0	0	0	0	0	0	0	0	0	0	0	0	0	0	0	0	0	0	0	0	895	0	0	0	0	0	11301	0	0	0	0	0	0	0	0	0	0	0	0	0	0	0	0	0	0	0	0	0	0	0	0	0	0	0	2294	0	0	0	0	0	0	857	0	0	198	0	0	0	0	0	0	0	0	0	0	296	0	0	0	0	0	572	0	0
EHA04767_bin.14	0	0	0	0	0	0	0	0	0	0	0	0	0	0	0	0	0	0	0	0	0	0	2	0	0	0	0	432	0	0	0	0	0	0	0	0	0	0	12	0	0	0	0	0	0	0	15	0	0	0	0	0	0	0	0	0	0	0	0	0	0	0	0	0	0	0	0	3	0	0	0	0	0	27	0	0	0	0	0	0	0	0	0	0	0	0	0	0	0	0	0	0	0	0	0	0	0	0	0	0	0	159	0	0	0	0	0	0	63	0	0	35	0	0	0	0	0	0	0	0	0	0	33	0	0	0	0	0	65	3	0
EHA04767_bin.16	0	0	0	0	0	0	0	0	0	0	0	0	0	0	3	0	0	0	0	0	0	0	0	0	0	0	0	4431	0	0	0	0	0	0	0	0	0	0	3142	1	0	0	0	0	0	0	8891	0	0	0	0	2	0	0	0	0	0	0	0	0	0	0	0	2	0	0	0	5831	0	0	0	0	0	12987	0	0	0	0	1	0	0	0	0	0	0	0	0	0	0	0	0	0	0	0	0	0	0	0	0	0	0	6445	0	0	0	0	0	0	6786	0	0	8282	0	0	0	0	0	0	0	0	0	0	8379	0	0	0	0	0	5312	5	0
EHA04767_bin.17	0	2	0	0	4	0	0	0	0	0	0	0	0	12	10	0	0	0	0	0	1	1	1	0	0	11	7	1970	4	0	2	0	0	2	0	0	0	0	912	0	0	0	0	0	2	0	1686	2	0	0	0	2	0	0	0	0	0	0	4	0	0	1	0	29	0	2	4	1429	9	0	5	0	0	30659	0	0	0	11	0	0	2	0	0	30	1	2	0	0	0	0	0	0	7	0	0	0	0	0	31	0	0	1594	0	4	2	0	0	1	4496	0	1	2372	0	1	0	0	0	0	0	0	0	0	2060	1	0	2	4	0	1681	24	0
EHA04767_bin.18	0	13	0	1	0	0	0	0	0	0	0	0	0	3	30	0	0	0	0	0	1	0	4	0	0	0	3	2141	0	0	0	0	0	0	0	0	0	0	145	0	0	0	0	0	0	0	3375	4	0	0	0	0	0	0	0	0	0	0	0	0	0	0	0	26	0	0	0	3081	4	0	0	0	0	8784	0	0	0	0	0	0	2	0	0	4	0	0	0	0	0	0	0	0	5	0	0	0	0	0	6	0	0	1944	0	0	0	0	0	0	611	0	0	7179	0	0	0	0	0	0	0	0	0	0	1312	2	0	0	0	0	1422	29	0
EHA04767_bin.19	6	68	0	10	14	0	0	0	0	0	0	0	4	85	510	0	0	618	2	0	3	0	76	0	0	12	151	5757	2	0	39	0	0	4	0	0	0	0	639	0	0	0	0	0	230	0	4696	23	0	2	0	8	0	0	0	0	0	1	4	0	0	5	0	831	0	0	4	5533	61	0	3	0	0	19953	1	0	0	59	0	0	56	0	3	177	7	6	0	7	0	0	0	0	121	0	0	0	0	0	187	0	0	4894	0	23	0	0	0	21	2285	0	2	7558	0	0	0	0	0	0	0	0	0	2	4868	31	0	0	16	0	3739	472	0
EHA04767_bin.1	0	15	0	0	0	0	0	0	0	0	0	0	2	8	53	0	0	0	0	0	8	4	0	0	0	0	109	1728	0	0	0	0	0	0	0	0	0	0	457	0	0	0	0	0	0	0	53	4	0	0	0	8	0	0	0	0	0	0	0	0	0	0	0	1	0	0	0	30	13	0	22	0	0	16545	0	1	0	9	0	0	21	0	0	5	4	0	0	10	0	0	0	0	213	0	0	0	0	0	5	0	0	36	0	0	0	0	0	0	11872	0	4	69	0	1	0	0	0	0	0	0	0	0	43	0	0	0	0	0	82	12	0
EHA04767_bin.21	0	0	0	0	0	0	0	0	0	0	0	0	0	0	7	0	0	0	0	0	0	1	1	0	0	0	0	10952	0	0	0	0	0	0	0	0	0	0	1900	2	0	0	0	0	0	0	2101	0	0	0	0	8	0	0	0	0	0	0	0	0	0	0	0	1	0	0	1	7297	5	0	1	0	0	4712	0	0	0	0	0	0	7	0	0	9	5	0	0	0	0	0	0	0	20	0	0	0	0	0	10	0	0	3034	0	0	0	0	0	0	9768	0	0	5510	0	0	0	0	0	0	0	0	0	0	3539	0	0	4	3	0	5734	6	0
EHA04767_bin.2	0	0	0	0	0	0	0	0	0	0	0	0	0	1	2	0	0	0	0	0	0	0	0	0	0	0	0	619	0	0	0	0	0	0	0	0	0	0	248	0	0	0	0	0	0	0	361	2	0	0	0	1	0	0	0	0	0	0	0	0	0	0	0	0	0	0	0	720	0	0	0	0	0	841	0	0	0	0	0	0	0	0	0	0	0	0	0	0	0	0	0	0	0	0	0	0	0	0	2	0	0	795	0	0	0	0	0	0	548	0	0	570	0	0	0	0	0	0	0	0	0	0	526	0	0	0	0	0	788	0	0
EHA04767_bin.3	0	0	0	0	0	0	0	0	0	0	0	0	0	0	0	0	0	0	0	0	0	0	0	0	0	0	0	474	0	0	0	0	0	0	0	0	0	0	123	0	0	0	0	0	2	0	309	0	0	0	0	0	0	0	0	0	0	0	0	0	0	0	0	0	0	0	0	108	0	0	0	0	0	900	0	0	0	0	0	0	0	0	0	0	0	0	0	0	0	0	0	0	0	0	0	0	0	0	0	0	0	130	0	0	0	0	0	0	188	0	0	280	0	0	0	0	0	0	0	0	0	0	535	0	0	0	0	0	146	0	0
EHA04767_bin.5	0	0	0	0	0	0	0	0	0	0	0	0	1	10	44	0	0	5	0	0	5	0	10	4	0	0	47	13593	0	0	0	0	0	2	0	0	0	0	284	0	0	0	0	0	1	0	976	3	0	0	0	4	0	0	0	0	0	0	23	0	0	2	0	31	0	0	0	842	14	0	1	0	0	35219	0	0	0	16	0	0	42	0	2	6	5	0	0	6	0	0	0	0	27	0	0	0	0	0	5	0	0	690	0	2	0	0	0	2	595	0	1	9807	0	0	0	0	0	0	0	0	0	0	6624	10	4	0	0	0	6235	4	0
EHA04767_bin.6	0	0	0	0	0	0	0	0	0	0	0	0	0	0	6	0	0	0	0	0	0	0	0	2	0	0	0	4266	0	0	0	0	0	0	0	0	0	0	106	0	0	0	0	0	0	0	1287	2	0	0	0	22	0	0	0	0	0	0	0	0	0	0	0	1	0	0	0	807	0	0	0	0	0	1737	0	0	0	32	0	0	0	0	0	3	0	0	0	0	0	0	0	0	4	0	0	0	0	0	2	0	0	48	0	1	0	0	0	0	11	0	0	13684	0	0	0	0	0	0	0	0	0	0	3719	0	0	0	0	0	4149	11	0
EHA04767_bin.8	2	2	0	0	0	0	0	0	0	0	0	0	0	1	0	0	0	0	0	0	0	0	2	0	0	0	0	5973	2	0	4	0	0	0	0	0	0	0	50	0	0	0	0	0	0	0	629	5	0	0	0	1	0	0	0	0	0	0	0	0	0	0	0	15	0	0	0	193	0	0	0	0	0	1312	0	0	0	2	0	0	0	2	0	9	0	0	0	0	0	0	0	0	0	0	0	0	0	0	2	0	0	131	0	0	0	0	0	0	137	0	0	13238	0	0	0	0	0	0	0	0	0	0	676	0	0	0	0	0	935	6	0
EHA04767_bin.9	0	0	0	0	0	0	0	0	0	0	0	0	0	0	2	0	0	5	0	0	0	2	1	0	0	0	1	2962	0	0	0	0	0	0	0	0	0	0	6	0	0	0	0	0	4	0	29	0	0	0	0	0	0	0	0	0	0	0	0	0	0	0	0	5	0	0	0	49	0	0	0	0	0	305	0	0	0	1	0	0	0	0	0	4	22	0	0	0	0	0	0	0	0	0	0	0	0	0	2	0	0	62	0	0	0	0	0	0	31	0	5	18246	0	0	0	0	0	0	0	0	0	0	5316	0	0	0	13	0	273	7	0
