genome	domain	phylum	class	order	family	genus	species	completeness	contamination	mag_size
EHA02255_bin.14	d__Bacteria	p__Bacillota_A	c__Clostridia	o__Lachnospirales	f__Cellulosilyticaceae	g__Cellulosilyticum	s__	99.74	1.69	3957402
EHA02080_bin.6	d__Bacteria	p__Bacillota	c__Bacilli	o__RFN20	f__CAG-288	g__Enterosoma	s__	93.47	0.15	1355789
EHA04766_bin.21	d__Bacteria	p__Bacillota_A	c__Clostridia	o__Oscillospirales	f__Oscillospiraceae	g__JAJQCF01	s__JAJQCF01 sp021202845	98.28	0	2037785
EHA01897_bin.2	d__Bacteria	p__Actinomycetota	c__Coriobacteriia	o__Coriobacteriales	f__Coriobacteriaceae	g__Collinsella	s__Collinsella intestinalis	64.22	1.56	1184703
EHA04641_bin.19	d__Bacteria	p__Bacillota_A	c__Clostridia	o__Oscillospirales	f__Oscillospiraceae	g__Onthomonas	s__	94.79	9.06	2557605
EHA01893_bin.24	d__Bacteria	p__Bacillota_A	c__Clostridia	o__Peptostreptococcales	f__Peptostreptococcaceae	g__Peptacetobacter	s__Peptacetobacter sp900550335	72.19	7.15	1559926
EHA02080_bin.22	d__Bacteria	p__Bacillota_A	c__Clostridia	o__Lachnospirales	f__Lachnospiraceae	g__Ventrimonas	s__	69.77	0.67	1721106
EHA01598_bin.2	d__Bacteria	p__Bacillota	c__Bacilli	o__Erysipelotrichales	f__Erysipelotrichaceae	g__Bulleidia	s__	94.28	2	1402507
EHA02263_bin.11	d__Bacteria	p__Pseudomonadota	c__Alphaproteobacteria	o__Rhodobacterales	f__Rhodobacteraceae	g__Paracoccus	s__	75.5	5.36	3929665
EHA04649_bin.16	d__Bacteria	p__Bacillota_A	c__Clostridia	o__Oscillospirales	f__CAG-272	g__DTU064	s__DTU064 sp021202555	54.17	0.01	969038
EHA02079_bin.24	d__Bacteria	p__Bacillota_A	c__Clostridia	o__Christensenellales	f__Borkfalkiaceae	g__Coproplasma	s__	96.67	4.62	1562646
EHA04661_bin.30	d__Bacteria	p__Bacillota_A	c__Clostridia	o__Lachnospirales	f__Lachnospiraceae	g__SIG308	s__	60.58	8.06	1233601
EHA02258_bin.10	d__Bacteria	p__Bacillota	c__Bacilli	o__Haloplasmatales	f__Turicibacteraceae	g__Turicibacter	s__	59.86	3.19	1373501
EHA02263_bin.2	d__Bacteria	p__Bacteroidota	c__Bacteroidia	o__Flavobacteriales	f__Flavobacteriaceae	g__Flavobacterium	s__Flavobacterium dinanensis	91.75	0.15	2308532
EHA04673_bin.4	d__Bacteria	p__Cyanobacteriota	c__Vampirovibrionia	o__Gastranaerophilales	f__Gastranaerophilaceae	g__UBA2883	s__UBA2883 sp021205645	75.09	0.15	1305338
EHA01872_bin.15	d__Bacteria	p__Bacteroidota	c__Bacteroidia	o__Bacteroidales	f__UBA932	g__Cryptobacteroides	s__	96.79	0.14	2210791
EHA04652_bin.10	d__Bacteria	p__Cyanobacteriota	c__Vampirovibrionia	o__Gastranaerophilales	f__RUG14156	g__Galligastranaerophilus_A	s__	65.81	3.24	1312158
EHA02096_bin.20	d__Bacteria	p__Bacteroidota	c__Bacteroidia	o__Bacteroidales	f__Bacteroidaceae	g__Prevotella	s__	96.51	0.23	2220156
EHA04646_bin.23	d__Bacteria	p__Bacillota_A	c__Clostridia	o__Oscillospirales	f__Oscillospiraceae	g__Onthomonas	s__	96.37	4.04	3221422
EHA02077_bin.13	d__Bacteria	p__Cyanobacteriota	c__Vampirovibrionia	o__Gastranaerophilales	f__Gastranaerophilaceae	g__Avigastranaerophilus	s__	55.58	6.89	1482256
EHA04656_bin.43	d__Bacteria	p__Bacillota_A	c__Clostridia	o__Oscillospirales	f__Ruminococcaceae	g__Faeciplasma	s__	74.18	1.46	1247171
EHA00551_bin.1	d__Bacteria	p__Pseudomonadota	c__Gammaproteobacteria	o__Pseudomonadales	f__Pseudomonadaceae	g__Pseudomonas_E	s__Pseudomonas_E sp000282275	64.16	1.395	3566325
EHA02091_bin.21	d__Bacteria	p__Bacillota_A	c__Clostridia	o__Lachnospirales	f__Lachnospiraceae	g__Coprococcus	s__	68	8.42	1494142
EHA02080_bin.8	d__Archaea	p__Thermoplasmatota	c__Thermoplasmata	o__Methanomassiliicoccales	f__Methanomethylophilaceae	g__UBA71	s__	72.63	1.05	1227405
EHA02080_bin.18	d__Bacteria	p__Bacillota_A	c__Clostridia	o__Oscillospirales	f__Oscillospiraceae	g__Onthomonas	s__	50.91	7.69	1134503
EHA02273_bin.17	d__Bacteria	p__Pseudomonadota	c__Gammaproteobacteria	o__Enterobacterales	f__Enterobacteriaceae	g__Escherichia	s__Escherichia coli	100	0.05	4795179
EHA01709_bin.77	d__Bacteria	p__Bacillota_A	c__Clostridia	o__Clostridiales	f__Clostridiaceae	g__Clostridium	s__	75.87	4.17	4212517
EHA02086_bin.16	d__Bacteria	p__Bacillota_A	c__Clostridia	o__Oscillospirales	f__Oscillospiraceae	g__JAJPXI01	s__	54.45	8.33	1759934
EHA01927_bin.31	d__Bacteria	p__Fusobacteriota	c__Fusobacteriia	o__Fusobacteriales	f__Fusobacteriaceae	g__Fusobacterium_A	s__Fusobacterium_A sp900555845	53.16	0.56	637016
EHA02094_bin.13	d__Bacteria	p__Verrucomicrobiota	c__Verrucomicrobiae	o__Opitutales	f__UBA953	g__Spyradosoma	s__	96.36	0.25	1815711
EHA01914_bin.11	d__Bacteria	p__Bacillota	c__Bacilli	o__Erysipelotrichales	f__Coprobacillaceae	g__Thomasclavelia	s__Thomasclavelia spiroformis_A	55.73	2.79	1533943
EHA02269_bin.13	d__Bacteria	p__Pseudomonadota	c__Alphaproteobacteria	o__Sphingomonadales	f__Sphingomonadaceae	g__JAFAFE01	s__JAFAFE01 sp023423655	84.78	1.49	2414850
EHA01880_bin.15	d__Bacteria	p__Bacillota_A	c__Clostridia	o__Lachnospirales	f__Lachnospiraceae	g__Eisenbergiella	s__Eisenbergiella sp900539715	56.39	8.36	1527877
EHA02089_bin.11	d__Bacteria	p__Bacillota_A	c__Clostridia	o__Christensenellales	f__Borkfalkiaceae	g__Coproplasma	s__	74.87	2.48	1232024
EHA01915_bin.20	d__Bacteria	p__Bacillota	c__Bacilli	o__Erysipelotrichales	f__Coprobacillaceae	g__Fimiplasma	s__	96.94	0.05	1555354
EHA02089_bin.10	d__Bacteria	p__Bacillota_A	c__Clostridia	o__Oscillospirales	f__Oscillospiraceae	g__Faecousia	s__Faecousia sp021199635	90.87	1.71	1802223
EHA04665_bin.14	d__Bacteria	p__Bacillota_A	c__Clostridia	o__Monoglobales	f__Monoglobaceae	g__Monoglobus	s__	86.46	1.03	2228147
EHA02075_bin.23	d__Bacteria	p__Bacillota	c__Bacilli	o__RFN20	f__CAG-288	g__Enterosoma	s__	91.21	2.86	1854043
EHA04676_bin.22	d__Bacteria	p__Bacillota	c__Bacilli	o__RF39	f__UBA660	g__RUG11867	s__	88.41	2.06	2108109
EHA04641_bin.11	d__Bacteria	p__Bacillota_A	c__Clostridia	o__Oscillospirales	f__Ruminococcaceae	g__Faecalibacterium	s__	99.69	1.9	2891073
EHA02018_bin.5	d__Bacteria	p__Desulfobacterota	c__Desulfovibrionia	o__Desulfovibrionales	f__Desulfovibrionaceae	g__Desulfovibrio	s__	99.93	0	2850557
EHA04639_bin.13	d__Bacteria	p__Bacillota_A	c__Clostridia	o__Christensenellales	f__Borkfalkiaceae	g__Coproplasma	s__	92.95	2.04	2254720
EHA04659_bin.26	d__Bacteria	p__Bacillota_A	c__Clostridia	o__Lachnospirales	f__Lachnospiraceae	g__Eubacterium_I	s__Eubacterium_I sp021204085	50.72	5.04	2681716
EHA01894_bin.26	d__Bacteria	p__Fusobacteriota	c__Fusobacteriia	o__Fusobacteriales	f__Fusobacteriaceae	g__Fusobacterium_B	s__Fusobacterium_B sp900541465	57.85	4.7	956163
EHA04656_bin.22	d__Bacteria	p__Bacillota_A	c__Clostridia	o__Lachnospirales	f__CAG-274	g__	s__	89.58	4.11	2046809
EHA04651_bin.2	d__Bacteria	p__Bacillota_A	c__Clostridia	o__Oscillospirales	f__Oscillospiraceae	g__JAJQCF01	s__JAJQCF01 sp021202845	51.78	0	980367
EHA00551_bin.6	d__Bacteria	p__Bacillota	c__Bacilli	o__Bacillales	f__Planococcaceae	g__Lysinibacillus	s__	92.43	0.044	4746767
EHA04642_bin.24	d__Bacteria	p__Bacillota_A	c__Clostridia	o__Oscillospirales	f__Ruminococcaceae	g__Ruminococcus	s__Ruminococcus sp021200415	94.68	3.2	1690287
EHA02098_bin.9	d__Bacteria	p__Bacteroidota	c__Bacteroidia	o__Bacteroidales	f__Bacteroidaceae	g__Alloprevotella	s__	92.79	0.75	1976242
EHA02085_bin.6	d__Bacteria	p__Bacillota_A	c__Clostridia	o__Oscillospirales	f__Ruminococcaceae	g__Faeciplasma	s__	100	1.85	2144763
EHA04656_bin.37	d__Bacteria	p__Bacillota_A	c__Clostridia	o__TANB77	f__CAG-508	g__CAG-273	s__	86.61	0.09	930461
EHA01709_bin.66	d__Bacteria	p__Pseudomonadota	c__Gammaproteobacteria	o__Enterobacterales	f__Enterobacteriaceae	g__Edwardsiella	s__Edwardsiella tarda	63.84	1.955	2202025
EHA02096_bin.11	d__Bacteria	p__Bacillota_A	c__Clostridia	o__Christensenellales	f__Borkfalkiaceae	g__Coproplasma	s__	94.11	0.15	2070721
EHA02269_bin.23	d__Bacteria	p__Actinomycetota	c__Actinomycetia	o__Actinomycetales	f__Brevibacteriaceae	g__Brevibacterium	s__Brevibacterium epidermidis	65.01	1.86	3235689
EHA04637_bin.25	d__Bacteria	p__Bacillota_A	c__Clostridia	o__Oscillospirales	f__Oscillospiraceae	g__RGIG7114	s__RGIG7114 sp020860205	94.15	0	2099372
EHA04669_bin.19	d__Bacteria	p__Bacillota_A	c__Clostridia	o__Christensenellales	f__UBA1242	g__Caccovivens	s__	96.28	1.55	2187401
EHA01902_bin.3	d__Bacteria	p__Pseudomonadota	c__Gammaproteobacteria	o__Enterobacterales_A	f__Succinivibrionaceae	g__Anaerobiospirillum	s__Anaerobiospirillum succiniciproducens	50.65	6.83	1735240
EHA01920_bin.6	d__Bacteria	p__Bacillota_A	c__Clostridia	o__Oscillospirales	f__Butyricicoccaceae	g__Butyricicoccus	s__Butyricicoccus pullicaecorum_C	58.94	0	1384001
EHA01871_bin.22	d__Bacteria	p__Bacteroidota	c__Bacteroidia	o__Bacteroidales	f__Bacteroidaceae	g__Phocaeicola	s__	60.1	0.78	2141262
EHA01873_bin.14	d__Bacteria	p__Campylobacterota	c__Campylobacteria	o__Campylobacterales	f__Helicobacteraceae	g__Helicobacter_C	s__	99.97	0.01	1762849
EHA02269_bin.12	d__Bacteria	p__Pseudomonadota	c__Alphaproteobacteria	o__Rhodobacterales	f__Rhodobacteraceae	g__Paracoccus	s__	85.99	4.14	3290243
EHA04671_bin.46	d__Bacteria	p__Cyanobacteriota	c__Vampirovibrionia	o__Gastranaerophilales	f__Gastranaerophilaceae	g__Avigastranaerophilus	s__	51.15	4.05	1265661
EHA04675_bin.36	d__Bacteria	p__Bacillota_A	c__Clostridia	o__Oscillospirales	f__Oscillospiraceae	g__	s__	87.12	1.27	2017616
EHA04658_bin.22	d__Bacteria	p__Bacillota	c__Bacilli	o__Erysipelotrichales	f__Coprobacillaceae	g__JAJQDJ01	s__	60.52	0.21	1192543
EHA04640_bin.30	d__Bacteria	p__Bacillota_A	c__Clostridia	o__TANB77	f__CAG-508	g__CAG-269	s__	55.7	9.53	1222488
EHA04655_bin.39	d__Bacteria	p__Bacillota	c__Bacilli	o__RF39	f__UBA660	g__	s__	90.08	5.37	1482832
EHA02088_bin.19	d__Bacteria	p__Bacillota_A	c__Clostridia	o__Lachnospirales	f__Lachnospiraceae	g__Eubacterium_G	s__	80.75	4.55	1908942
EHA04661_bin.12	d__Bacteria	p__Bacillota_A	c__Clostridia	o__Oscillospirales	f__Oscillospiraceae	g__Faecousia	s__	57.84	0.93	1397178
EHA04671_bin.6	d__Bacteria	p__Bacillota_A	c__Clostridia	o__Lachnospirales	f__CAG-274	g__HGM11788	s__	99.83	1.87	2401260
EHA02078_bin.18	d__Bacteria	p__Bacillota_A	c__Clostridia	o__Christensenellales	f__Borkfalkiaceae	g__Coproplasma	s__	84.09	7.43	1503710
EHA01900_bin.25	d__Bacteria	p__Actinomycetota	c__Coriobacteriia	o__Coriobacteriales	f__Eggerthellaceae	g__Slackia_A	s__	63.54	0.48	1150142
EHA04661_bin.8	d__Bacteria	p__Bacillota_A	c__Clostridia	o__Lachnospirales	f__Lachnospiraceae	g__COE1	s__	90.26	1.04	2399676
EHA01926_bin.19	d__Bacteria	p__Bacillota_A	c__Clostridia	o__Clostridiales	f__Clostridiaceae	g__Sarcina	s__Sarcina perfringens	80.91	0.52	1001999
EHA04764_bin.7	d__Bacteria	p__Bacillota_A	c__Clostridia	o__Christensenellales	f__UBA1242	g__	s__	86.52	1.49	1890711
EHA01709_bin.26	d__Bacteria	p__Bacillota_A	c__Clostridia	o__Lachnospirales	f__Anaerotignaceae	g__Anaerotignum	s__Anaerotignum sp001304995	95.97	0	2238664
EHA04672_bin.38	d__Bacteria	p__Bacillota_A	c__Clostridia	o__Christensenellales	f__Borkfalkiaceae	g__Coproplasma	s__	77.02	6.31	1476201
EHA01924_bin.18	d__Bacteria	p__Bacillota_A	c__Clostridia	o__Lachnospirales	f__Lachnospiraceae	g__CHH4-2	s__	52.42	3.72	1791725
EHA04675_bin.39	d__Bacteria	p__Bacillota_A	c__Clostridia	o__Lachnospirales	f__Lachnospiraceae	g__Eisenbergiella	s__	58.64	0.64	1762141
EHA04677_bin.8	d__Bacteria	p__Bacillota_A	c__Clostridia	o__Lachnospirales	f__Lachnospiraceae	g__CAG-303	s__	64.11	2.02	1867055
EHA04639_bin.5	d__Bacteria	p__Bacillota_A	c__Clostridia	o__Lachnospirales	f__Lachnospiraceae	g__Ventrimonas	s__Ventrimonas sp021202925	97.7	0.1	2002118
EHA04664_bin.31	d__Bacteria	p__Actinomycetota	c__Coriobacteriia	o__Coriobacteriales	f__Eggerthellaceae	g__CAJFUR01	s__	57.36	7.61	1750305
EHA04637_bin.11	d__Bacteria	p__Bacillota_A	c__Clostridia	o__TANB77	f__CAG-508	g__CAG-269	s__	97.23	3.08	1877569
EHA04662_bin.8	d__Bacteria	p__Bacteroidota	c__Bacteroidia	o__Bacteroidales	f__Bacteroidaceae	g__Mediterranea	s__	90.26	0.11	2289871
EHA02098_bin.31	d__Bacteria	p__Bacillota_A	c__Clostridia	o__Oscillospirales	f__Ruminococcaceae	g__Faeciplasma	s__	77.04	4.92	1426808
EHA01916_bin.28	d__Bacteria	p__Bacillota	c__Bacilli	o__Haloplasmatales	f__Turicibacteraceae	g__Turicibacter	s__Turicibacter sp002311155	93.56	0.48	2220414
EHA01908_bin.14	d__Bacteria	p__Bacteroidota	c__Bacteroidia	o__Bacteroidales	f__Tannerellaceae	g__Parabacteroides	s__Parabacteroides merdae	95.39	0.42	4015669
EHA04667_bin.8	d__Bacteria	p__Bacillota_A	c__Clostridia	o__Oscillospirales	f__Oscillospiraceae	g__Faecousia	s__	97.34	1.53	1797132
EHA04670_bin.14	d__Bacteria	p__Bacillota_A	c__Clostridia	o__Lachnospirales	f__Lachnospiraceae	g__Agathobacter	s__	99.42	1.5	3644129
EHA04671_bin.1	d__Bacteria	p__Bacillota_A	c__Clostridia	o__Christensenellales	f__UBA1242	g__Caccovivens	s__	93.52	4.81	1072476
EHA02094_bin.22	d__Bacteria	p__Bacillota_A	c__Clostridia	o__Oscillospirales	f__Oscillospiraceae	g__Onthomonas	s__	52.18	8.85	1326512
EHA04635_bin.33	d__Bacteria	p__Bacillota_A	c__Clostridia	o__Lachnospirales	f__Lachnospiraceae	g__Agathobacter	s__	63.48	5.02	1889094
EHA02269_bin.18	d__Bacteria	p__Chloroflexota	c__Chloroflexia	o__Thermomicrobiales	f__UBA6265	g__UBA6265	s__	74.06	0.29	2521591
EHA01876_bin.17	d__Bacteria	p__Pseudomonadota	c__Gammaproteobacteria	o__Burkholderiales	f__Burkholderiaceae_A	g__Sutterella	s__	56.67	7.9	1368766
EHA01871_bin.9	d__Bacteria	p__Bacillota_A	c__Clostridia	o__Lachnospirales	f__Lachnospiraceae	g__Eisenbergiella	s__Eisenbergiella sp900539715	52.51	0.41	1253681
EHA01871_bin.14	d__Bacteria	p__Bacteroidota	c__Bacteroidia	o__Bacteroidales	f__Bacteroidaceae	g__Prevotella	s__Prevotella copri_B	99.92	0.08	3407300
EHA04668_bin.16	d__Bacteria	p__Bacillota_A	c__Clostridia	o__Lachnospirales	f__Lachnospiraceae	g__Coprococcus	s__	76.77	3.08	1451424
EHA04636_bin.39	d__Bacteria	p__Bacillota_A	c__Clostridia	o__Oscillospirales	f__Oscillospiraceae	g__Onthomonas	s__	58.85	6.7	1100938
EHA04766_bin.5	d__Bacteria	p__Bacillota_A	c__Clostridia	o__Lachnospirales	f__Lachnospiraceae	g__COE1	s__	97.82	0.46	1824044
EHA04660_bin.12	d__Bacteria	p__Bacillota_A	c__Clostridia	o__Lachnospirales	f__Lachnospiraceae	g__COE1	s__	95.08	1.16	2592460
EHA02081_bin.22	d__Bacteria	p__Bacillota_A	c__Clostridia	o__Lachnospirales	f__Lachnospiraceae	g__SIG308	s__	55.05	4.95	1165545
EHA01906_bin.28	d__Bacteria	p__Fusobacteriota	c__Fusobacteriia	o__Fusobacteriales	f__Fusobacteriaceae	g__Fusobacterium_A	s__Fusobacterium_A sp900555845	62.33	5.79	1469370
EHA04645_bin.19	d__Bacteria	p__Bacillota_A	c__Clostridia	o__UMGS1883	f__UMGS1883	g__JAJQCX01	s__	74.78	2.43	1816510
EHA04660_bin.26	d__Bacteria	p__Bacteroidota	c__Bacteroidia	o__Bacteroidales	f__Bacteroidaceae	g__Prevotella	s__	63.05	2.07	1463197
EHA04672_bin.10	d__Bacteria	p__Bacillota_A	c__Clostridia	o__Christensenellales	f__Borkfalkiaceae	g__Coproplasma	s__	92.43	2.21	1781074
EHA01877_bin.6	d__Bacteria	p__Bacillota_A	c__Clostridia	o__Clostridiales	f__Clostridiaceae	g__Sarcina	s__Sarcina perfringens	99.93	1.2	2982968
EHA02084_bin.12	d__Bacteria	p__Verrucomicrobiota	c__Verrucomicrobiae	o__Verrucomicrobiales	f__Akkermansiaceae	g__Akkermansia	s__	99.96	0.04	2283094
EHA02081_bin.31	d__Bacteria	p__Bacillota_A	c__Clostridia	o__Lachnospirales	f__Lachnospiraceae	g__Agathobacter	s__	53.29	5.37	1282911
EHA02075_bin.34	d__Bacteria	p__Bacillota_A	c__Clostridia	o__Oscillospirales	f__Oscillospiraceae	g__Onthomonas	s__	57.19	9.67	1523847
EHA02075_bin.3	d__Bacteria	p__Cyanobacteriota	c__Vampirovibrionia	o__Gastranaerophilales	f__Gastranaerophilaceae	g__Avigastranaerophilus	s__	71.66	1.68	1466358
EHA02094_bin.14	d__Bacteria	p__Actinomycetota	c__Coriobacteriia	o__Coriobacteriales	f__Eggerthellaceae	g__CAJFUR01	s__	50.26	4.38	1072254
EHA04640_bin.21	d__Bacteria	p__Bacillota_A	c__Clostridia	o__Lachnospirales	f__Lachnospiraceae	g__UBA4292	s__	96.93	0.03	2426368
EHA04673_bin.3	d__Bacteria	p__Bacillota_A	c__Clostridia	o__Lachnospirales	f__Lachnospiraceae	g__SIG308	s__	96.18	0.19	2635781
EHA02273_bin.7	d__Bacteria	p__Pseudomonadota	c__Gammaproteobacteria	o__Burkholderiales	f__Burkholderiaceae_C	g__Pusillimonas_B	s__	99.99	0.67	3939962
EHA04638_bin.9	d__Archaea	p__Thermoplasmatota	c__Thermoplasmata	o__Methanomassiliicoccales	f__Methanomethylophilaceae	g__UBA71	s__	90.23	0.35	1535416
EHA02255_bin.32	d__Bacteria	p__Bacteroidota	c__Bacteroidia	o__Cytophagales	f__Cyclobacteriaceae	g__	s__	57.2	7.49	3347530
EHA04663_bin.1	d__Bacteria	p__Bacillota_A	c__Clostridia	o__Lachnospirales	f__Lachnospiraceae	g__Agathobacter	s__	94.37	1.4	2934542
EHA04663_bin.7	d__Bacteria	p__Bacteroidota	c__Bacteroidia	o__Bacteroidales	f__Rikenellaceae	g__Alistipes	s__Alistipes sp900761235	97.86	2.6	2175698
EHA04654_bin.2	d__Bacteria	p__Bacillota_A	c__Clostridia	o__Christensenellales	f__UBA1242	g__Caccovivens	s__	68.48	4.09	772524
EHA01634_bin.21	d__Bacteria	p__Bacillota_A	c__Clostridia	o__Clostridiales	f__Clostridiaceae	g__Clostridium_X	s__	83.3	0.604	2115010
EHA01915_bin.38	d__Bacteria	p__Actinomycetota	c__Coriobacteriia	o__Coriobacteriales	f__Coriobacteriaceae	g__Collinsella	s__	58.89	7.75	1373755
EHA04658_bin.19	d__Bacteria	p__Bacillota_A	c__Clostridia	o__Lachnospirales	f__Lachnospiraceae	g__RGIG5612	s__	98.81	0.01	1535483
EHA04644_bin.23	d__Bacteria	p__Bacillota_A	c__Clostridia	o__Lachnospirales	f__Lachnospiraceae	g__Eubacterium_F	s__	87.81	0.74	2696506
EHA01891_bin.16	d__Bacteria	p__Bacillota_A	c__Clostridia	o__Oscillospirales	f__Ruminococcaceae	g__Fournierella	s__	92.27	2.08	2864319
EHA04647_bin.17	d__Bacteria	p__Bacillota_A	c__Clostridia	o__Christensenellales	f__Borkfalkiaceae	g__	s__	96.94	0.15	2202874
EHA01909_bin.12	d__Bacteria	p__Bacteroidota	c__Bacteroidia	o__Bacteroidales	f__Bacteroidaceae	g__Phocaeicola	s__Phocaeicola vulgatus	99.95	1.06	4293371
EHA01886_bin.8	d__Bacteria	p__Bacillota_A	c__Clostridia	o__Lachnospirales	f__Cellulosilyticaceae	g__Zhenhengia	s__Zhenhengia yiwuensis	98.22	0.63	3440638
EHA04672_bin.19	d__Bacteria	p__Cyanobacteriota	c__Vampirovibrionia	o__Gastranaerophilales	f__Gastranaerophilaceae	g__SIG32	s__	60.15	0.69	1101720
EHA04646_bin.11	d__Bacteria	p__Bacteroidota	c__Bacteroidia	o__Bacteroidales	f__Bacteroidaceae	g__Prevotella	s__	82.26	0.11	2964459
EHA04663_bin.25	d__Bacteria	p__Bacillota_A	c__Clostridia	o__UBA1381	f__UBA1381	g__	s__	59.13	2.86	1548093
EHA04677_bin.30	d__Bacteria	p__Bacillota_A	c__Clostridia	o__Christensenellales	f__Borkfalkiaceae	g__Coproplasma	s__	66.16	4.76	991596
EHA04656_bin.18	d__Bacteria	p__Bacillota_A	c__Clostridia	o__UBA1381	f__UBA1381	g__JALEPO01	s__JALEPO01 sp020860985	99.08	1.21	3244648
EHA04663_bin.11	d__Bacteria	p__Bacillota_A	c__Clostridia	o__Oscillospirales	f__Ruminococcaceae	g__Ruminococcus	s__Ruminococcus sp021200415	80.15	1.28	1555407
EHA04634_bin.15	d__Bacteria	p__Bacillota_A	c__Clostridia	o__Oscillospirales	f__Oscillospiraceae	g__RGIG7114	s__RGIG7114 sp020860205	83.12	0.79	1358265
EHA01709_bin.44	d__Bacteria	p__Campylobacterota	c__Campylobacteria	o__Campylobacterales	f__Campylobacteraceae	g__Campylobacter_D	s__Campylobacter_D volucris	74.74	8.693	1084458
EHA04646_bin.1	d__Bacteria	p__Bacillota	c__Bacilli	o__RF39	f__UBA660	g__Onthocola_B	s__	89.44	5.8	1283448
EHA01897_bin.11	d__Bacteria	p__Pseudomonadota	c__Gammaproteobacteria	o__Enterobacterales_A	f__Succinivibrionaceae	g__Anaerobiospirillum_A	s__	96.17	0.32	2553169
EHA02075_bin.13	d__Bacteria	p__Bacillota_A	c__Clostridia	o__Christensenellales	f__UBA1242	g__Caccovivens	s__	98.85	0.7	1256987
EHA04657_bin.8	d__Bacteria	p__Bacillota_A	c__Clostridia	o__Christensenellales	f__UBA1242	g__Caccovivens	s__	82.01	1.1	1700506
EHA02079_bin.30	d__Bacteria	p__Bacteroidota	c__Bacteroidia	o__Bacteroidales	f__Bacteroidaceae	g__Phocaeicola_A	s__	74.16	0.9	1455341
EHA02098_bin.22	d__Bacteria	p__Bacillota_A	c__Clostridia	o__Christensenellales	f__Borkfalkiaceae	g__Gallimonas	s__	87.13	0.9	1399240
EHA04657_bin.36	d__Bacteria	p__Bacillota_A	c__Clostridia	o__TANB77	f__CAG-508	g__Scatovivens	s__	94.86	0.47	1650723
EHA04645_bin.22	d__Bacteria	p__Bacillota_A	c__Clostridia	o__Lachnospirales	f__Lachnospiraceae	g__Ventrimonas	s__	76.7	2.6	2139937
EHA04766_bin.19	d__Bacteria	p__Bacillota	c__Bacilli	o__RF39	f__UBA660	g__Onthocola_B	s__	79.7	1.79	1040497
EHA02032_bin.2	d__Bacteria	p__Pseudomonadota	c__Gammaproteobacteria	o__Pseudomonadales	f__Pseudomonadaceae	g__Pseudomonas_E	s__Pseudomonas_E helleri_A	66.96	1.92	3974152
EHA04643_bin.2	d__Bacteria	p__Bacillota_A	c__Clostridia	o__Lachnospirales	f__Lachnospiraceae	g__Eisenbergiella	s__	92.38	4.28	4051796
EHA02097_bin.4	d__Bacteria	p__Bacillota_A	c__Clostridia	o__Oscillospirales	f__Ruminococcaceae	g__Faecalibacterium	s__	88.77	0.16	2581941
EHA04669_bin.36	d__Bacteria	p__Bacillota_A	c__Clostridia	o__Christensenellales	f__Borkfalkiaceae	g__Coproplasma	s__	87.21	2.71	1514291
EHA01698_bin.6	d__Bacteria	p__Campylobacterota	c__Campylobacteria	o__Campylobacterales	f__Campylobacteraceae	g__Campylobacter_D	s__	72.85	1.221	997039
EHA04672_bin.39	d__Bacteria	p__Bacillota_A	c__Clostridia	o__Christensenellales	f__Borkfalkiaceae	g__Coproplasma	s__	58.27	3.91	1075414
EHA04672_bin.13	d__Bacteria	p__Bacillota_A	c__Clostridia	o__Oscillospirales	f__Ruminococcaceae	g__Faeciplasma	s__	81.81	1.39	1915178
EHA04647_bin.23	d__Bacteria	p__Bacillota_A	c__Clostridia	o__Oscillospirales	f__CAG-272	g__DTU064	s__DTU064 sp021202555	98.99	0.01	2095130
EHA04660_bin.9	d__Bacteria	p__Bacteroidota	c__Bacteroidia	o__Bacteroidales	f__Paludibacteraceae	g__UBA1754	s__	99	0.09	1794032
EHA02263_bin.5	d__Bacteria	p__Pseudomonadota	c__Gammaproteobacteria	o__Pseudomonadales	f__Pseudomonadaceae	g__Stutzerimonas	s__Stutzerimonas nitrititolerans	55.33	5.68	2068766
EHA01888_bin.17	d__Bacteria	p__Fusobacteriota	c__Fusobacteriia	o__Fusobacteriales	f__Fusobacteriaceae	g__Fusobacterium_B	s__Fusobacterium_B sp900541465	71.47	2.64	1051601
EHA01879_bin.31	d__Bacteria	p__Fusobacteriota	c__Fusobacteriia	o__Fusobacteriales	f__Fusobacteriaceae	g__Fusobacterium_B	s__Fusobacterium_B sp900554885	60.09	3.29	1012913
EHA04664_bin.19	d__Bacteria	p__Bacillota_A	c__Clostridia	o__Christensenellales	f__Borkfalkiaceae	g__Coproplasma	s__	93.98	0.46	1498546
EHA04672_bin.34	d__Bacteria	p__Bacillota_A	c__Clostridia	o__Lachnospirales	f__Lachnospiraceae	g__Agathobacter	s__	90.19	1.77	2363581
EHA02084_bin.13	d__Bacteria	p__Spirochaetota	c__Spirochaetia	o__Sphaerochaetales	f__Sphaerochaetaceae	g__Bullifex	s__	96.56	0.55	2140441
EHA02082_bin.15	d__Bacteria	p__Bacillota_A	c__Clostridia	o__Christensenellales	f__Borkfalkiaceae	g__Coproplasma	s__	74.93	1.03	982984
EHA04646_bin.22	d__Bacteria	p__Bacillota_A	c__Clostridia	o__Lachnospirales	f__Lachnospiraceae	g__Agathobacter	s__	65.43	3.59	2013634
EHA01894_bin.13	d__Bacteria	p__Bacillota_A	c__Clostridia	o__Lachnospirales	f__Lachnospiraceae	g__Eisenbergiella	s__Eisenbergiella sp900539715	51.83	1.83	1239705
EHA02079_bin.19	d__Bacteria	p__Bacillota_A	c__Clostridia	o__Christensenellales	f__Borkfalkiaceae	g__Coproplasma	s__	65.77	1.96	1130297
EHA01914_bin.1	d__Bacteria	p__Bacillota_A	c__Clostridia	o__Oscillospirales	f__Oscillospiraceae	g__Faecousia	s__	98.02	0	1983228
EHA02089_bin.20	d__Bacteria	p__Bacillota_A	c__Clostridia	o__Lachnospirales	f__Lachnospiraceae	g__UBA4292	s__	99.15	1.98	2837642
EHA02255_bin.15	d__Bacteria	p__Bacteroidota	c__Bacteroidia	o__Bacteroidales	f__Dysgonomonadaceae	g__Fermentimonas	s__	99.97	0.1	3948940
EHA04673_bin.1	d__Bacteria	p__Bacillota_A	c__Clostridia	o__Lachnospirales	f__CAG-274	g__JAJQCI01	s__	92.96	2.91	2516671
EHA04645_bin.17	d__Bacteria	p__Bacillota_A	c__Clostridia	o__Christensenellales	f__Borkfalkiaceae	g__Coproplasma	s__	61.26	4.08	1036759
EHA04636_bin.4	d__Bacteria	p__Cyanobacteriota	c__Vampirovibrionia	o__Gastranaerophilales	f__RUG14156	g__Galligastranaerophilus_A	s__	50.8	8.33	1515416
EHA01881_bin.21	d__Bacteria	p__Fusobacteriota	c__Fusobacteriia	o__Fusobacteriales	f__Fusobacteriaceae	g__Fusobacterium_A	s__Fusobacterium_A sp900555845	75.48	3.2	1081018
EHA04636_bin.20	d__Bacteria	p__Bacillota_A	c__Clostridia	o__Lachnospirales	f__Lachnospiraceae	g__	s__	68.55	1.78	1341472
EHA02088_bin.3	d__Bacteria	p__Bacteroidota	c__Bacteroidia	o__Bacteroidales	f__Bacteroidaceae	g__Mediterranea	s__	90.38	0.15	2724402
EHA02079_bin.13	d__Bacteria	p__Bacillota_A	c__Clostridia	o__Oscillospirales	f__Acutalibacteraceae	g__Eubacterium_R	s__	99.5	1.48	2087081
EHA04638_bin.4	d__Bacteria	p__Bacillota_A	c__Clostridia	o__Oscillospirales	f__Oscillospiraceae	g__JAJQCF01	s__JAJQCF01 sp021202845	52.75	1.49	916827
EHA04641_bin.10	d__Bacteria	p__Bacillota_A	c__Clostridia	o__Lachnospirales	f__Lachnospiraceae	g__UBA4292	s__	66.68	2.68	1712206
EHA02085_bin.16	d__Bacteria	p__Bacillota_A	c__Clostridia	o__Lachnospirales	f__CAG-274	g__	s__	51.51	6.25	1040183
EHA01903_bin.11	d__Bacteria	p__Bacillota_A	c__Clostridia	o__Lachnospirales	f__Lachnospiraceae	g__Roseburia	s__Roseburia sp019421345	88.79	1.64	2550310
EHA04664_bin.14	d__Bacteria	p__Pseudomonadota	c__Gammaproteobacteria	o__Burkholderiales	f__Burkholderiaceae_A	g__Mesosutterella	s__	93.79	0.63	2098581
EHA04657_bin.24	d__Bacteria	p__Bacteroidota	c__Bacteroidia	o__Bacteroidales	f__Bacteroidaceae	g__Bacteroides	s__Bacteroides uniformis	63.16	2.26	2848041
EHA04671_bin.42	d__Bacteria	p__Bacillota_A	c__Clostridia	o__Lachnospirales	f__Lachnospiraceae	g__UBA4292	s__	52.17	7.72	1403423
EHA04643_bin.14	d__Bacteria	p__Bacillota_A	c__Clostridia	o__Oscillospirales	f__Ruminococcaceae	g__CAG-353	s__CAG-353 sp001941135	99.92	0.26	2377922
EHA04642_bin.8	d__Bacteria	p__Bacillota	c__Bacilli	o__Erysipelotrichales	f__Coprobacillaceae	g__JAJQDJ01	s__	92.88	7.59	2703573
EHA04667_bin.36	d__Bacteria	p__Bacillota_A	c__Clostridia	o__Christensenellales	f__Borkfalkiaceae	g__Coproplasma	s__	69.53	3.94	1869633
EHA04668_bin.2	d__Bacteria	p__Bacillota_A	c__Clostridia	o__Lachnospirales	f__Lachnospiraceae	g__Agathobacter	s__	71.67	7.07	1327728
EHA01891_bin.33	d__Bacteria	p__Pseudomonadota	c__Gammaproteobacteria	o__Enterobacterales_A	f__Succinivibrionaceae	g__Anaerobiospirillum	s__Anaerobiospirillum succiniciproducens	60.93	7.02	2091852
EHA04656_bin.36	d__Bacteria	p__Bacillota_A	c__Clostridia	o__TANB77	f__CAG-508	g__	s__	90.7	4.45	935947
EHA04672_bin.36	d__Bacteria	p__Bacteroidota	c__Bacteroidia	o__Bacteroidales	f__Bacteroidaceae	g__Phocaeicola	s__Phocaeicola dorei	99.7	5.43	6121867
EHA04653_bin.26	d__Bacteria	p__Bacillota_A	c__Clostridia	o__Christensenellales	f__Borkfalkiaceae	g__Coproplasma	s__	53.95	3.01	942890
EHA04674_bin.23	d__Bacteria	p__Bacillota_A	c__Clostridia	o__Christensenellales	f__Borkfalkiaceae	g__Coproplasma	s__	97.02	3.25	2246425
EHA04635_bin.1	d__Bacteria	p__Bacillota_A	c__Clostridia	o__TANB77	f__CAG-465	g__CAG-465	s__	83.88	1.7	1463990
EHA04657_bin.34	d__Archaea	p__Thermoplasmatota	c__Thermoplasmata	o__Methanomassiliicoccales	f__Methanomethylophilaceae	g__Methanomethylophilus	s__Methanomethylophilus alvus	92.15	3.45	1857732
EHA04675_bin.25	d__Bacteria	p__Bacillota_A	c__Clostridia	o__Lachnospirales	f__Lachnospiraceae	g__CALWPC01	s__	57.7	2.19	1241382
EHA02263_bin.21	d__Bacteria	p__Pseudomonadota	c__Gammaproteobacteria	o__Xanthomonadales	f__Xanthomonadaceae	g__Chiayiivirga	s__	92.95	0.21	2969377
EHA04657_bin.30	d__Bacteria	p__Bacillota_A	c__Clostridia	o__TANB77	f__CAG-508	g__UMGS1933	s__	90.61	3.31	1038056
EHA01709_bin.15	d__Bacteria	p__Desulfobacterota	c__Desulfovibrionia	o__Desulfovibrionales	f__Desulfovibrionaceae	g__Mailhella	s__	98.81	0	2051197
EHA01884_bin.15	d__Bacteria	p__Pseudomonadota	c__Gammaproteobacteria	o__Burkholderiales	f__Burkholderiaceae_A	g__Sutterella	s__	61.59	9.49	3042504
EHA04672_bin.16	d__Bacteria	p__Bacillota_A	c__Clostridia	o__Lachnospirales	f__Lachnospiraceae	g__Butyribacter	s__	60.22	2.39	1798506
EHA04644_bin.13	d__Bacteria	p__Bacillota_A	c__Clostridia	o__Oscillospirales	f__CAG-272	g__DTU064	s__	53.17	4.75	802268
EHA04669_bin.2	d__Bacteria	p__Cyanobacteriota	c__Vampirovibrionia	o__Gastranaerophilales	f__RUG14156	g__RUG14156	s__	82.51	1.15	695458
EHA01709_bin.55	d__Bacteria	p__Bacillota_A	c__Clostridia	o__Peptostreptococcales	f__Peptostreptococcaceae	g__	s__	98.6	0.699	1919159
EHA01880_bin.21	d__Bacteria	p__Bacteroidota	c__Bacteroidia	o__Bacteroidales	f__Bacteroidaceae	g__Bacteroides	s__Bacteroides sp900766005	62.53	3.34	1963358
EHA04644_bin.8	d__Bacteria	p__Bacillota_A	c__Clostridia	o__Lachnospirales	f__CAG-274	g__	s__	79.28	2.51	2202570
EHA02079_bin.10	d__Archaea	p__Thermoplasmatota	c__Thermoplasmata	o__Methanomassiliicoccales	f__Methanomethylophilaceae	g__UBA71	s__	90.02	0.01	1578954
EHA01918_bin.3	d__Bacteria	p__Bacillota_A	c__Clostridia	o__Lachnospirales	f__Lachnospiraceae	g__Blautia_A	s__Blautia_A massiliensis	84.9	0.21	2561223
EHA04659_bin.8	d__Bacteria	p__Bacillota_A	c__Clostridia	o__Oscillospirales	f__Ruminococcaceae	g__Ruminococcus_D	s__Ruminococcus_D sp021199375	76.28	1.88	1399865
EHA02091_bin.23	d__Bacteria	p__Bacillota_A	c__Clostridia	o__Christensenellales	f__Borkfalkiaceae	g__Coproplasma	s__	67.15	3.8	1378156
EHA04638_bin.14	d__Bacteria	p__Bacillota_A	c__Clostridia	o__Lachnospirales	f__Lachnospiraceae	g__Coprococcus	s__	53.11	5.68	1537322
EHA04674_bin.2	d__Bacteria	p__Bacillota_A	c__Clostridia	o__Oscillospirales	f__Butyricicoccaceae	g__Butyricicoccus_A	s__	98.3	2.73	2319616
EHA04670_bin.3	d__Bacteria	p__Bacillota_A	c__Clostridia	o__Lachnospirales	f__Lachnospiraceae	g__UBA4292	s__	96.31	1.4	2290042
EHA01926_bin.1	d__Bacteria	p__Bacillota_A	c__Clostridia	o__Clostridiales	f__Clostridiaceae	g__Clostridium	s__	85.47	0.93	2290195
EHA02263_bin.4	d__Bacteria	p__Actinomycetota	c__Actinomycetia	o__Mycobacteriales	f__Mycobacteriaceae	g__Dietzia	s__Dietzia timorensis_A	53.38	6.93	1839733
EHA01634_bin.47	d__Bacteria	p__Bacillota	c__Bacilli	o__Erysipelotrichales	f__Coprobacillaceae	g__Thomasclavelia	s__Thomasclavelia spiroformis	58.38	3.668	1891667
EHA02262_bin.8	d__Bacteria	p__Pseudomonadota	c__Gammaproteobacteria	o__Xanthomonadales	f__Xanthomonadaceae	g__Luteimonas_D	s__	58.54	2.14	1601716
EHA04671_bin.31	d__Bacteria	p__Bacillota	c__Bacilli	o__RF39	f__UBA660	g__SIG200	s__	90.4	8.24	1245911
EHA01911_bin.10	d__Bacteria	p__Bacteroidota	c__Bacteroidia	o__Bacteroidales	f__Bacteroidaceae	g__Mediterranea	s__	55.99	6.29	1827754
EHA04653_bin.27	d__Bacteria	p__Bacillota_A	c__Clostridia	o__Oscillospirales	f__Ruminococcaceae	g__Faeciplasma	s__	50.04	2.33	958247
EHA02082_bin.18	d__Bacteria	p__Bacillota_A	c__Clostridia	o__Christensenellales	f__Borkfalkiaceae	g__Coproplasma	s__	85.68	1.68	1614972
EHA04636_bin.36	d__Bacteria	p__Bacillota	c__Bacilli	o__RF39	f__UBA660	g__SIG200	s__	63.12	9.16	1436781
EHA04648_bin.25	d__Bacteria	p__Bacillota_A	c__Clostridia	o__Oscillospirales	f__Oscillospiraceae	g__Onthomonas	s__Onthomonas sp021205455	98.3	0.04	2526710
EHA02087_bin.3	d__Bacteria	p__Bacillota_A	c__Clostridia	o__Christensenellales	f__Borkfalkiaceae	g__Coproplasma	s__	89.1	5.29	2204143
EHA02094_bin.7	d__Bacteria	p__Bacillota_C	c__Negativicutes	o__Acidaminococcales	f__Acidaminococcaceae	g__Phascolarctobacterium_A	s__	57.92	0.68	1092388
EHA04672_bin.4	d__Bacteria	p__Pseudomonadota	c__Gammaproteobacteria	o__Burkholderiales	f__Burkholderiaceae_A	g__Sutterella	s__	50.2	4.67	1330548
EHA04676_bin.6	d__Bacteria	p__Bacillota	c__Bacilli	o__RF39	f__UBA660	g__Ventrenecus	s__	94.69	1.88	1937849
EHA04659_bin.22	d__Bacteria	p__Bacillota_A	c__Clostridia	o__Lachnospirales	f__Lachnospiraceae	g__UBA4292	s__	92.19	0.05	2268545
EHA04656_bin.15	d__Bacteria	p__Bacillota_A	c__Clostridia	o__TANB77	f__CAG-465	g__CAG-465	s__	86.63	3.9	1112503
EHA01922_bin.19	d__Bacteria	p__Bacteroidota	c__Bacteroidia	o__Bacteroidales	f__UBA932	g__Cryptobacteroides	s__	98.43	0.34	2365018
EHA01893_bin.34	d__Bacteria	p__Fusobacteriota	c__Fusobacteriia	o__Fusobacteriales	f__Fusobacteriaceae	g__Fusobacterium_B	s__Fusobacterium_B sp900554885	51.32	4.19	1183260
EHA04667_bin.37	d__Bacteria	p__Pseudomonadota	c__Gammaproteobacteria	o__Burkholderiales	f__Burkholderiaceae_A	g__Sutterella	s__	68.28	1.5	936479
EHA04642_bin.22	d__Bacteria	p__Actinomycetota	c__Coriobacteriia	o__Coriobacteriales	f__QAMH01	g__	s__	73.55	1.82	1201050
EHA01900_bin.52	d__Bacteria	p__Bacillota	c__Bacilli	o__Erysipelotrichales	f__Erysipelotrichaceae	g__Holdemanella	s__	51.72	9.55	1279241
EHA04646_bin.13	d__Bacteria	p__Bacteroidota	c__Bacteroidia	o__Bacteroidales	f__Paludibacteraceae	g__RF16	s__	98.91	1.18	2378709
EHA01634_bin.9	d__Bacteria	p__Pseudomonadota	c__Gammaproteobacteria	o__Enterobacterales	f__Enterobacteriaceae	g__Plesiomonas	s__Plesiomonas shigelloides	90.6	2.589	2746158
EHA02255_bin.26	d__Bacteria	p__Bacteroidota	c__Bacteroidia	o__Flavobacteriales	f__Flavobacteriaceae	g__Flavobacterium	s__	99.82	0.03	2328295
EHA02087_bin.15	d__Bacteria	p__Bacillota_A	c__Clostridia	o__Lachnospirales	f__Lachnospiraceae	g__Eubacterium_I	s__Eubacterium_I sp021204085	68.59	3.58	2057704
EHA04674_bin.28	d__Bacteria	p__Bacillota_A	c__Clostridia	o__Christensenellales	f__Borkfalkiaceae	g__Coproplasma	s__	80.82	1.17	1832495
EHA02079_bin.33	d__Bacteria	p__Spirochaetota	c__Spirochaetia	o__Sphaerochaetales	f__Sphaerochaetaceae	g__Bullifex	s__	99.18	0.9	2240668
EHA01910_bin.17	d__Bacteria	p__Fusobacteriota	c__Fusobacteriia	o__Fusobacteriales	f__Fusobacteriaceae	g__Fusobacterium_B	s__Fusobacterium_B sp900554355	50.41	4.3	1031669
EHA02255_bin.12	d__Bacteria	p__Actinomycetota	c__Actinomycetia	o__Propionibacteriales	f__Nocardioidaceae	g__Aeromicrobium	s__	99.89	0.64	2821345
EHA04671_bin.8	d__Bacteria	p__Bacillota_A	c__Clostridia	o__Christensenellales	f__UBA1242	g__Caccovivens	s__	88.3	1.58	867813
EHA01873_bin.11	d__Bacteria	p__Bacillota_A	c__Clostridia	o__Peptostreptococcales	f__Peptostreptococcaceae	g__Peptacetobacter	s__Peptacetobacter sp900550335	77.08	8.61	1698152
EHA04651_bin.18	d__Bacteria	p__Cyanobacteriota	c__Vampirovibrionia	o__Gastranaerophilales	f__RUG14156	g__Galligastranaerophilus_A	s__	98.91	0.63	1870624
EHA04668_bin.22	d__Bacteria	p__Bacillota_A	c__Clostridia	o__Lachnospirales	f__Lachnospiraceae	g__SIG308	s__	76.35	2.65	1873986
EHA04676_bin.18	d__Bacteria	p__Bacillota	c__Bacilli	o__Erysipelotrichales	f__Coprobacillaceae	g__JAJQDJ01	s__	73.58	2.14	1592399
EHA02076_bin.17	d__Bacteria	p__Pseudomonadota	c__Gammaproteobacteria	o__Burkholderiales	f__Burkholderiaceae_A	g__Mesosutterella	s__	83.96	2.7	1690851
EHA04653_bin.11	d__Bacteria	p__Bacillota_A	c__Clostridia	o__Lachnospirales	f__Lachnospiraceae	g__Coprococcus	s__	96.92	0.52	2191268
EHA04672_bin.43	d__Bacteria	p__Bacillota_A	c__Clostridia	o__Lachnospirales	f__Lachnospiraceae	g__SIG308	s__	85.93	1.73	2204595
EHA02258_bin.17	d__Bacteria	p__Bacillota	c__Bacilli	o__Staphylococcales	f__Staphylococcaceae	g__Mammaliicoccus	s__Mammaliicoccus lentus	73.41	1.54	1668606
EHA04637_bin.13	d__Bacteria	p__Bacillota	c__Bacilli	o__RF39	f__UBA660	g__Onthocola_B	s__	92.48	3.16	1395157
EHA01927_bin.5	d__Bacteria	p__Bacillota_A	c__Clostridia	o__Lachnospirales	f__Lachnospiraceae	g__Blautia	s__Blautia hansenii	51.08	9.09	1545154
EHA04636_bin.1	d__Bacteria	p__Bacillota_A	c__Clostridia	o__Oscillospirales	f__Oscillospiraceae	g__RGIG7114	s__RGIG7114 sp020860205	52.36	0.52	1029072
EHA04647_bin.38	d__Bacteria	p__Bacillota_A	c__Clostridia	o__Oscillospirales	f__Oscillospiraceae	g__Onthomonas	s__	95.47	8.21	2431176
EHA02089_bin.13	d__Bacteria	p__Bacillota_A	c__Clostridia	o__Oscillospirales	f__Oscillospiraceae	g__Onthomonas	s__	90.72	4.13	2499777
EHA04660_bin.11	d__Bacteria	p__Campylobacterota	c__Campylobacteria	o__Campylobacterales	f__Helicobacteraceae	g__Helicobacter_D	s__	100	0	1881980
EHA04658_bin.42	d__Bacteria	p__Bacillota_A	c__Clostridia	o__Oscillospirales	f__Oscillospiraceae	g__Onthomonas	s__Onthomonas sp021203325	95.18	2.14	1925792
EHA01910_bin.7	d__Bacteria	p__Pseudomonadota	c__Gammaproteobacteria	o__Burkholderiales	f__Burkholderiaceae_A	g__Aphodousia	s__	60.15	6.79	1442072
EHA01921_bin.13	d__Bacteria	p__Bacillota_A	c__Clostridia	o__Lachnospirales	f__Lachnospiraceae	g__Enterocloster	s__Enterocloster sp001517625	59.82	0.68	1521843
EHA01875_bin.10	d__Bacteria	p__Actinomycetota	c__Coriobacteriia	o__Coriobacteriales	f__Coriobacteriaceae	g__Collinsella	s__Collinsella intestinalis	95.09	3.18	1501871
EHA04640_bin.25	d__Bacteria	p__Bacillota	c__Bacilli	o__RF39	f__UBA660	g__Onthocola_B	s__	55.07	4.83	1162368
EHA04677_bin.16	d__Bacteria	p__Bacteroidota	c__Bacteroidia	o__Bacteroidales	f__Muribaculaceae	g__CAG-873	s__	99.99	0.11	3476958
EHA01913_bin.30	d__Bacteria	p__Bacillota_A	c__Clostridia	o__Lachnospirales	f__Lachnospiraceae	g__Blautia	s__Blautia sp900555025	51.53	6.78	1585791
EHA02255_bin.29	d__Bacteria	p__Pseudomonadota	c__Alphaproteobacteria	o__Rhodobacterales	f__Rhodobacteraceae	g__Paracoccus	s__	87.63	5.09	3743724
EHA04644_bin.21	d__Bacteria	p__Pseudomonadota	c__Gammaproteobacteria	o__Enterobacterales	f__Enterobacteriaceae	g__Escherichia	s__Escherichia coli	91.97	0.02	3274432
EHA04657_bin.1	d__Bacteria	p__Bacillota	c__Bacilli	o__RFN20	f__CAG-449	g__UBA3210	s__UBA3210 sp900755065	95.14	0.99	1845182
EHA04647_bin.28	d__Bacteria	p__Bacillota_A	c__Clostridia	o__Lachnospirales	f__Lachnospiraceae	g__Ventrimonas	s__	96.4	2.44	3405844
EHA02255_bin.8	d__Bacteria	p__Bacteroidota	c__Bacteroidia	o__Flavobacteriales	f__Flavobacteriaceae	g__Flavobacterium	s__Flavobacterium sp018384465	99.87	0.12	2793262
EHA02096_bin.10	d__Bacteria	p__Bacillota_A	c__Clostridia	o__Oscillospirales	f__Acutalibacteraceae	g__Eubacterium_R	s__	86.2	0.75	1903203
EHA04664_bin.6	d__Bacteria	p__Bacillota_A	c__Clostridia	o__Oscillospirales	f__Oscillospiraceae	g__JAJQCF01	s__JAJQCF01 sp021202845	68.45	0.56	1212189
EHA02255_bin.39	d__Bacteria	p__Bacillota_A	c__Clostridia	o__Clostridiales	f__Clostridiaceae	g__Clostridium	s__	58.3	1.96	2247385
EHA01698_bin.9	d__Bacteria	p__Campylobacterota	c__Campylobacteria	o__Campylobacterales	f__Helicobacteraceae	g__Helicobacter_D	s__	89.08	2.522	1326169
EHA02091_bin.9	d__Bacteria	p__Bacillota_A	c__Clostridia	o__Lachnospirales	f__Lachnospiraceae	g__COE1	s__	90.99	2.51	2020858
EHA04673_bin.33	d__Bacteria	p__Bacillota_A	c__Clostridia	o__Oscillospirales	f__Oscillospiraceae	g__JAJPXI01	s__	64.74	1.58	1371340
EHA01896_bin.41	d__Bacteria	p__Spirochaetota	c__Brachyspirae	o__Brachyspirales	f__Brachyspiraceae	g__Brachyspira	s__	52.14	2.37	1761270
EHA02082_bin.11	d__Bacteria	p__Bacillota_A	c__Clostridia	o__Christensenellales	f__UBA1242	g__Caccovivens	s__	94.63	0.71	1056522
EHA01908_bin.9	d__Bacteria	p__Campylobacterota	c__Campylobacteria	o__Campylobacterales	f__Helicobacteraceae	g__Helicobacter_D	s__	57.55	0.59	961039
EHA02093_bin.22	d__Bacteria	p__Bacillota_A	c__Clostridia	o__Oscillospirales	f__Oscillospiraceae	g__Onthomonas	s__	50.77	8.27	1282883
EHA01906_bin.15	d__Bacteria	p__Bacillota_A	c__Clostridia	o__Lachnospirales	f__Lachnospiraceae	g__Faecalimonas	s__	90.89	0.35	2321900
EHA01890_bin.13	d__Bacteria	p__Bacillota	c__Bacilli	o__Erysipelotrichales	f__Erysipelotrichaceae	g__CALVGN01	s__	96.84	1.58	1472246
EHA01900_bin.34	d__Bacteria	p__Bacillota_C	c__Negativicutes	o__Acidaminococcales	f__Acidaminococcaceae	g__Phascolarctobacterium_A	s__	76.45	0.11	1704386
EHA01917_bin.11	d__Bacteria	p__Fusobacteriota	c__Fusobacteriia	o__Fusobacteriales	f__Fusobacteriaceae	g__Fusobacterium_B	s__Fusobacterium_B sp900554355	63.37	7.49	1500512
EHA04646_bin.2	d__Bacteria	p__Bacillota_A	c__Clostridia	o__Christensenellales	f__UBA1242	g__RGIG1681	s__	68.32	0.05	1081163
EHA04667_bin.31	d__Bacteria	p__Bacillota_A	c__Clostridia	o__Lachnospirales	f__Lachnospiraceae	g__RGIG6307	s__	93.05	1.2	1999647
EHA01872_bin.37	d__Bacteria	p__Bacteroidota	c__Bacteroidia	o__Bacteroidales	f__Bacteroidaceae	g__Paraprevotella	s__	57.79	0.26	1471527
EHA04655_bin.36	d__Bacteria	p__Bacillota_A	c__Clostridia	o__Oscillospirales	f__Ruminococcaceae	g__Faeciplasma	s__	66.85	5.33	1485149
EHA04656_bin.30	d__Bacteria	p__Bacillota_A	c__Clostridia	o__TANB77	f__CAG-508	g__Scatovivens	s__	90.45	0.09	1439471
EHA01890_bin.39	d__Bacteria	p__Bacillota_A	c__Clostridia	o__Lachnospirales	f__Lachnospiraceae	g__Blautia_A	s__	96.95	1.75	2643167
EHA01916_bin.24	d__Bacteria	p__Bacillota	c__Bacilli	o__Lactobacillales	f__Lactobacillaceae	g__Lactobacillus	s__Lactobacillus johnsonii	99.84	0.07	1736094
EHA01928_bin.22	d__Bacteria	p__Pseudomonadota	c__Gammaproteobacteria	o__Enterobacterales_A	f__Succinivibrionaceae	g__Anaerobiospirillum	s__	87.91	0.24	4555440
EHA02089_bin.21	d__Bacteria	p__Synergistota	c__Synergistia	o__Synergistales	f__Synergistaceae	g__E4-60	s__	84.11	0.77	1657331
EHA04676_bin.12	d__Bacteria	p__Bacillota_A	c__Clostridia	o__Christensenellales	f__Borkfalkiaceae	g__Coproplasma	s__	85.85	0.11	2207397
EHA00551_bin.2	d__Bacteria	p__Bacillota	c__Bacilli	o__Lactobacillales	f__Enterococcaceae	g__Enterococcus_D	s__Enterococcus_D innesii	98.77	1.081	3284143
EHA02096_bin.25	d__Bacteria	p__Bacillota_A	c__Clostridia	o__UMGS1883	f__UMGS1883	g__JAJQCX01	s__	80.12	5.61	1612502
EHA04678_bin.3	d__Bacteria	p__Bacillota_A	c__Clostridia	o__Lachnospirales	f__Lachnospiraceae	g__Ventrimonas	s__Ventrimonas sp021202925	94.91	0.1	2529720
EHA01698_bin.7	d__Bacteria	p__Bacillota_A	c__Clostridia	o__Peptostreptococcales	f__Peptostreptococcaceae	g__Peptostreptococcus	s__	78.67	3.379	1950955
EHA04673_bin.17	d__Bacteria	p__Cyanobacteriota	c__Vampirovibrionia	o__Gastranaerophilales	f__RUG14156	g__Galligastranaerophilus_A	s__	80.57	0.15	1628133
EHA02079_bin.53	d__Bacteria	p__Bacillota_A	c__Clostridia	o__Christensenellales	f__Borkfalkiaceae	g__Coproplasma	s__	50.21	9.66	939788
EHA04665_bin.11	d__Bacteria	p__Pseudomonadota	c__Gammaproteobacteria	o__Burkholderiales	f__Burkholderiaceae_A	g__JAJPXW01	s__	63.65	0.66	1459986
EHA04647_bin.39	d__Bacteria	p__Bacillota_A	c__Clostridia	o__Oscillospirales	f__Oscillospiraceae	g__UMGS1766	s__	61.57	1.87	1242024
EHA04767_bin.8	d__Bacteria	p__Bacillota_A	c__Clostridia	o__Oscillospirales	f__Acutalibacteraceae	g__Eubacterium_R	s__	86.97	1.46	1798714
EHA04637_bin.6	d__Bacteria	p__Bacillota_A	c__Clostridia	o__Christensenellales	f__UBA1242	g__Caccovivens	s__	98.63	0.46	2054662
EHA04667_bin.19	d__Bacteria	p__Bacillota_A	c__Clostridia	o__Christensenellales	f__Borkfalkiaceae	g__	s__	98.21	0.03	2039699
EHA02084_bin.2	d__Bacteria	p__Bacteroidota	c__Bacteroidia	o__Bacteroidales	f__Bacteroidaceae	g__Prevotella	s__	86.2	0.21	1967502
EHA02079_bin.1	d__Bacteria	p__Bacillota_A	c__Clostridia	o__Oscillospirales	f__Oscillospiraceae	g__RGIG7114	s__RGIG7114 sp020860205	66.56	0.01	1156243
EHA02091_bin.18	d__Archaea	p__Thermoplasmatota	c__Thermoplasmata	o__Methanomassiliicoccales	f__Methanomethylophilaceae	g__UBA71	s__	93.15	0.12	1416493
EHA01887_bin.13	d__Bacteria	p__Bacteroidota	c__Bacteroidia	o__Bacteroidales	f__Bacteroidaceae	g__Phocaeicola	s__Phocaeicola plebeius	51.86	8.27	2248627
EHA02075_bin.15	d__Bacteria	p__Bacillota_A	c__Clostridia	o__Oscillospirales	f__Ruminococcaceae	g__Faeciplasma	s__	100	0.89	1984790
EHA04639_bin.16	d__Bacteria	p__Bacillota_A	c__Clostridia	o__Oscillospirales	f__Ruminococcaceae	g__Faeciplasma	s__	77.94	3.19	1383937
EHA04652_bin.16	d__Bacteria	p__Bacillota_A	c__Clostridia	o__Oscillospirales	f__Ruminococcaceae	g__CAG-115	s__	90.52	2.27	2154506
EHA00551_bin.7	d__Bacteria	p__Pseudomonadota	c__Gammaproteobacteria	o__Pseudomonadales	f__Pseudomonadaceae	g__Pseudomonas_E	s__Pseudomonas_E sp016648105	89.27	1.747	5891129
EHA04765_bin.9	d__Bacteria	p__Bacillota_A	c__Clostridia	o__Christensenellales	f__UBA1242	g__Caccovivens	s__	98.17	0.2	1834860
EHA04671_bin.25	d__Bacteria	p__Pseudomonadota	c__Gammaproteobacteria	o__Burkholderiales	f__Burkholderiaceae	g__Oxalobacter	s__Oxalobacter sp900760095	86.97	2.22	2211617
EHA01913_bin.17	d__Bacteria	p__Actinomycetota	c__Coriobacteriia	o__Coriobacteriales	f__Coriobacteriaceae	g__Collinsella	s__Collinsella intestinalis	63.32	0.45	841564
EHA02079_bin.12	d__Bacteria	p__Synergistota	c__Synergistia	o__Synergistales	f__Dethiosulfovibrionaceae	g__Pyramidobacter	s__	98.02	0.18	2258901
EHA04655_bin.42	d__Bacteria	p__Bacillota_A	c__Clostridia	o__Christensenellales	f__Borkfalkiaceae	g__	s__	79.52	3.25	973767
EHA04663_bin.12	d__Bacteria	p__Bacillota_A	c__Clostridia	o__Christensenellales	f__UBA1242	g__Caccovivens	s__	80.11	2.9	896647
EHA02089_bin.32	d__Bacteria	p__Bacillota_A	c__Clostridia	o__TANB77	f__CAG-508	g__Scatovivens	s__	65.32	1.46	873040
EHA01892_bin.5	d__Bacteria	p__Fusobacteriota	c__Fusobacteriia	o__Fusobacteriales	f__Fusobacteriaceae	g__Fusobacterium_A	s__	94.81	0.37	2450117
EHA01905_bin.21	d__Bacteria	p__Pseudomonadota	c__Gammaproteobacteria	o__Enterobacterales	f__Enterobacteriaceae	g__Klebsiella	s__Klebsiella pneumoniae	86.26	1.34	4489237
EHA04653_bin.1	d__Bacteria	p__Bacillota_A	c__Clostridia	o__Christensenellales	f__Borkfalkiaceae	g__Coproplasma	s__	53.06	4.86	1139897
EHA04677_bin.12	d__Bacteria	p__Bacillota_A	c__Clostridia	o__Lachnospirales	f__Lachnospiraceae	g__ISDg	s__	87.66	1	1540987
EHA02035_bin.5	d__Bacteria	p__Pseudomonadota	c__Gammaproteobacteria	o__Pseudomonadales	f__Pseudomonadaceae	g__Pseudomonas_E	s__Pseudomonas_E helleri	71.59	7.34	4334819
EHA01898_bin.4	d__Bacteria	p__Bacteroidota	c__Bacteroidia	o__Bacteroidales	f__Bacteroidaceae	g__Alloprevotella	s__Alloprevotella sp000437675	92.89	0.64	2775847
EHA04659_bin.12	d__Bacteria	p__Desulfobacterota	c__Desulfovibrionia	o__Desulfovibrionales	f__Desulfovibrionaceae	g__Desulfovibrio	s__	53.2	8.39	1218557
EHA04634_bin.1	d__Bacteria	p__Bacillota_A	c__Clostridia	o__Christensenellales	f__Borkfalkiaceae	g__Coproplasma	s__	72.32	0.49	1412140
EHA01589_bin.5	d__Bacteria	p__Fusobacteriota	c__Fusobacteriia	o__Fusobacteriales	f__Fusobacteriaceae	g__Fusobacterium_A	s__Fusobacterium_A sp018205345	65.34	0	1880383
EHA04673_bin.30	d__Bacteria	p__Cyanobacteriota	c__Vampirovibrionia	o__Gastranaerophilales	f__Gastranaerophilaceae	g__Avigastranaerophilus	s__	58.93	3.79	1048343
EHA02075_bin.37	d__Bacteria	p__Bacillota_A	c__Clostridia	o__Oscillospirales	f__Oscillospiraceae	g__Onthomonas	s__Onthomonas sp020860575	74.82	2.52	1421449
EHA04665_bin.2	d__Bacteria	p__Bacillota_A	c__Clostridia	o__Lachnospirales	f__CAG-274	g__JAJQCI01	s__	91.25	2.2	2247193
EHA04646_bin.15	d__Bacteria	p__Bacteroidota	c__Bacteroidia	o__Bacteroidales	f__Bacteroidaceae	g__RGIG8745	s__RGIG8745 sp021204165	92.2	0.11	3229470
EHA04642_bin.2	d__Bacteria	p__Cyanobacteriota	c__Vampirovibrionia	o__Gastranaerophilales	f__RUG14156	g__Galligastranaerophilus_A	s__	97.95	0.54	1798767
EHA02255_bin.34	d__Bacteria	p__Bacillota_A	c__Clostridia	o__Peptostreptococcales	f__Peptostreptococcaceae	g__	s__	57.76	9.8	2129719
EHA04655_bin.31	d__Bacteria	p__Bacillota_A	c__Clostridia	o__Oscillospirales	f__Ruminococcaceae	g__Faeciplasma	s__	69.54	1.39	721984
EHA02018_bin.2	d__Bacteria	p__Bacillota_A	c__Clostridia	o__Lachnospirales	f__Lachnospiraceae	g__Lacrimispora	s__	96.57	0.15	4125565
EHA02093_bin.1	d__Bacteria	p__Bacteroidota	c__Bacteroidia	o__Bacteroidales	f__Tannerellaceae	g__Parabacteroides	s__	78.24	3.29	1796560
EHA02269_bin.19	d__Bacteria	p__Bacteroidota	c__Bacteroidia	o__Sphingobacteriales	f__Sphingobacteriaceae	g__Sphingobacterium	s__	99.81	0.82	4388041
EHA04634_bin.8	d__Bacteria	p__Bacillota_A	c__Clostridia	o__Christensenellales	f__UBA1242	g__Caccovivens	s__	86.16	0.34	963243
EHA02088_bin.24	d__Bacteria	p__Bacillota_A	c__Clostridia	o__Oscillospirales	f__Oscillospiraceae	g__Onthomonas	s__	72.16	0.57	1509099
EHA02091_bin.20	d__Bacteria	p__Bacillota_A	c__Clostridia	o__TANB77	f__CAG-508	g__Scatovivens	s__	57.68	9.45	867948
EHA00548_bin.7	d__Bacteria	p__Pseudomonadota	c__Gammaproteobacteria	o__Pseudomonadales	f__Moraxellaceae	g__Acinetobacter	s__	87.39	1.78	2720878
EHA01928_bin.3	d__Bacteria	p__Actinomycetota	c__Coriobacteriia	o__Coriobacteriales	f__Coriobacteriaceae	g__Collinsella	s__Collinsella intestinalis	64.22	3.65	1127236
EHA02022_bin.1	d__Bacteria	p__Bacillota	c__Bacilli	o__Lactobacillales	f__Enterococcaceae	g__Enterococcus_B	s__Enterococcus_B mundtii_C	90.82	1.67	2715142
EHA02089_bin.24	d__Bacteria	p__Bacillota_A	c__Clostridia	o__Lachnospirales	f__Lachnospiraceae	g__Agathobacter	s__	87.77	5.09	2343172
EHA01882_bin.21	d__Bacteria	p__Bacillota_A	c__Clostridia	o__Lachnospirales	f__Lachnospiraceae	g__Schaedlerella	s__	56.78	5.56	2543477
EHA04634_bin.10	d__Bacteria	p__Bacillota_C	c__Negativicutes	o__Acidaminococcales	f__Acidaminococcaceae	g__Phascolarctobacterium_A	s__	58.35	0.4	1090408
EHA04652_bin.2	d__Bacteria	p__Bacillota_A	c__Clostridia	o__Lachnospirales	f__Lachnospiraceae	g__COE1	s__	72.53	2.26	1571914
EHA01904_bin.9	d__Bacteria	p__Bacillota	c__Bacilli	o__Lactobacillales	f__Enterococcaceae	g__Enterococcus_B	s__Enterococcus_B hirae	100	0.18	2862920
EHA04660_bin.5	d__Bacteria	p__Bacteroidota	c__Bacteroidia	o__Bacteroidales	f__Rikenellaceae	g__RGIG9113	s__RGIG9113 sp017935625	97.68	0.24	2456269
EHA04669_bin.34	d__Bacteria	p__Bacillota_A	c__Clostridia	o__Oscillospirales	f__Oscillospiraceae	g__Faecousia	s__	72.36	3.66	1393829
EHA01908_bin.32	d__Bacteria	p__Bacteroidota	c__Bacteroidia	o__Bacteroidales	f__Marinifilaceae	g__Odoribacter	s__Odoribacter sp905193145	99.89	0.02	2566955
EHA04675_bin.11	d__Bacteria	p__Bacillota_A	c__Clostridia	o__Oscillospirales	f__CAG-272	g__DTU064	s__	86.8	1.67	1725372
EHA02255_bin.28	d__Bacteria	p__Bacillota	c__Bacilli	o__Erysipelotrichales	f__Erysipelotrichaceae	g__DUUI01	s__DUUI01 sp012841625	97.85	0.08	1516298
EHA01634_bin.28	d__Bacteria	p__Bacillota_A	c__Clostridia	o__Oscillospirales	f__Ruminococcaceae	g__Anaerotruncus	s__	93.28	0.938	1876391
EHA02079_bin.36	d__Bacteria	p__Bacillota_A	c__Clostridia	o__Oscillospirales	f__Oscillospiraceae	g__Onthomonas	s__Onthomonas sp021200895	50.49	0.11	1389238
EHA04666_bin.9	d__Bacteria	p__Bacillota_A	c__Clostridia	o__Lachnospirales	f__CAG-274	g__JAJQCI01	s__	100	5.29	2748899
EHA04653_bin.5	d__Bacteria	p__Bacillota_A	c__Clostridia	o__Lachnospirales	f__Lachnospiraceae	g__COE1	s__	99.31	0.09	2892630
EHA01698_bin.4	d__Bacteria	p__Campylobacterota	c__Campylobacteria	o__Campylobacterales	f__Helicobacteraceae	g__Helicobacter_G	s__	53.33	1.318	789201
EHA04634_bin.12	d__Bacteria	p__Bacillota	c__Bacilli	o__RFN20	f__CAG-288	g__Enterosoma	s__	92.85	0.14	1418132
EHA04657_bin.20	d__Bacteria	p__Bacillota_A	c__Clostridia	o__Christensenellales	f__Borkfalkiaceae	g__Coproplasma	s__	86.53	2.15	1616052
EHA01908_bin.17	d__Bacteria	p__Bacillota_A	c__Clostridia	o__Lachnospirales	f__Lachnospiraceae	g__Ventrimonas	s__Ventrimonas sp900538475	92.07	0.25	3259502
EHA04675_bin.20	d__Bacteria	p__Bacillota_A	c__Clostridia	o__Oscillospirales	f__Ruminococcaceae	g__Faeciplasma	s__	77.08	0.8	1277467
EHA02075_bin.22	d__Bacteria	p__Bacillota_A	c__Clostridia	o__Christensenellales	f__Borkfalkiaceae	g__Coproplasma	s__	94.15	4.35	2071687
EHA00548_bin.8	d__Bacteria	p__Bacillota_A	c__Clostridia	o__Clostridiales	f__Clostridiaceae	g__Clostridium	s__	56.89	1.724	2468585
EHA01888_bin.10	d__Bacteria	p__Actinomycetota	c__Coriobacteriia	o__Coriobacteriales	f__Coriobacteriaceae	g__Collinsella	s__Collinsella intestinalis	81.2	0.63	1440278
EHA01895_bin.27	d__Bacteria	p__Bacteroidota	c__Bacteroidia	o__Bacteroidales	f__Bacteroidaceae	g__Bacteroides	s__	53.7	6.75	1926427
EHA01902_bin.4	d__Bacteria	p__Pseudomonadota	c__Gammaproteobacteria	o__Burkholderiales	f__Burkholderiaceae_A	g__Parasutterella	s__Parasutterella gallistercoris	99.99	0.05	2376522
EHA01898_bin.17	d__Bacteria	p__Bacteroidota	c__Bacteroidia	o__Bacteroidales	f__Bacteroidaceae	g__Phocaeicola	s__	50.47	8.18	1657091
EHA01886_bin.13	d__Bacteria	p__Bacillota_A	c__Clostridia	o__Lachnospirales	f__Lachnospiraceae	g__Faecalimonas	s__	50.96	1.78	1649041
EHA04656_bin.33	d__Bacteria	p__Bacillota_A	c__Clostridia	o__Lachnospirales	f__Lachnospiraceae	g__UBA3282	s__UBA3282 sp021199255	95.59	0.71	1897820
EHA04672_bin.45	d__Bacteria	p__Bacillota_A	c__Clostridia	o__Lachnospirales	f__Lachnospiraceae	g__Eubacterium_I	s__	82.32	4.6	1987120
EHA04658_bin.36	d__Bacteria	p__Bacillota_A	c__Clostridia	o__Lachnospirales	f__Lachnospiraceae	g__Ventrimonas	s__	87.47	1.2	3214835
EHA02079_bin.32	d__Bacteria	p__Bacillota_A	c__Clostridia	o__Lachnospirales	f__Lachnospiraceae	g__Agathobacter	s__	86.71	1.55	2496558
EHA04655_bin.32	d__Bacteria	p__Bacillota_A	c__Clostridia	o__Lachnospirales	f__Lachnospiraceae	g__RGIG6307	s__	93.5	4.46	2083706
EHA01887_bin.31	d__Bacteria	p__Pseudomonadota	c__Gammaproteobacteria	o__Burkholderiales	f__Burkholderiaceae_A	g__Sutterella	s__Sutterella sp905186105	58.55	1.67	1487165
EHA04648_bin.26	d__Bacteria	p__Bacillota_A	c__Clostridia	o__Oscillospirales	f__Oscillospiraceae	g__Onthomonas	s__	88.52	0.85	1868179
EHA01910_bin.16	d__Bacteria	p__Bacillota_A	c__Clostridia	o__Peptostreptococcales	f__Peptostreptococcaceae	g__Peptacetobacter	s__Peptacetobacter sp900550335	50.34	9.74	1025815
EHA04637_bin.18	d__Bacteria	p__Bacillota_A	c__Clostridia	o__Oscillospirales	f__Ruminococcaceae	g__Faeciplasma	s__	91.12	4.76	1993902
EHA01918_bin.31	d__Bacteria	p__Bacillota_A	c__Clostridia	o__Clostridiales	f__Clostridiaceae	g__Clostridium	s__Clostridium saudiense	52	3.61	1079982
EHA01921_bin.41	d__Bacteria	p__Bacillota_A	c__Clostridia	o__Peptostreptococcales	f__Peptostreptococcaceae	g__Romboutsia	s__Romboutsia timonensis	50.55	1.42	2028346
EHA04644_bin.22	d__Bacteria	p__Bacillota_A	c__Clostridia	o__Lachnospirales	f__Lachnospiraceae	g__UBA3282	s__UBA3282 sp017626325	76.91	3.08	3509644
EHA02269_bin.11	d__Bacteria	p__Bacillota	c__Bacilli	o__Lactobacillales	f__Aerococcaceae	g__Jeotgalibaca	s__Jeotgalibaca ciconiae	99.99	0.75	3112497
EHA02093_bin.8	d__Bacteria	p__Bacillota	c__Bacilli	o__Erysipelotrichales	f__Coprobacillaceae	g__JAJQDJ01	s__	100	0.35	2461346
EHA04658_bin.38	d__Bacteria	p__Bacillota_A	c__Clostridia	o__Lachnospirales	f__Lachnospiraceae	g__SIG308	s__	86.7	0.66	2482481
EHA04663_bin.22	d__Bacteria	p__Bacillota_A	c__Clostridia	o__Christensenellales	f__Borkfalkiaceae	g__Coproplasma	s__	96.53	0.62	1773255
EHA01919_bin.37	d__Bacteria	p__Bacillota_A	c__Clostridia	o__Lachnospirales	f__Lachnospiraceae	g__Schaedlerella	s__Schaedlerella sp900765975	60.66	8.14	1412704
EHA01666_bin.20	d__Bacteria	p__Bacteroidota	c__Bacteroidia	o__Bacteroidales	f__Bacteroidaceae	g__	s__	84.85	3.218	2375564
EHA02018_bin.4	d__Archaea	p__Thermoproteota	c__JANJXX01	o__	f__	g__	s__	99.74	7.01	5624925
EHA02080_bin.23	d__Bacteria	p__Bacillota_A	c__Clostridia	o__Lachnospirales	f__Lachnospiraceae	g__Ventrimonas	s__Ventrimonas sp021202655	50.86	6.51	1316922
EHA01901_bin.3	d__Bacteria	p__Pseudomonadota	c__Gammaproteobacteria	o__Enterobacterales_A	f__Succinivibrionaceae	g__Anaerobiospirillum	s__Anaerobiospirillum sp900543125	94.54	0.55	3641550
EHA01876_bin.8	d__Bacteria	p__Bacteroidota	c__Bacteroidia	o__Bacteroidales	f__Bacteroidaceae	g__Phocaeicola	s__Phocaeicola sp900546645	99.33	0.09	3143751
EHA01921_bin.25	d__Bacteria	p__Actinomycetota	c__Coriobacteriia	o__Coriobacteriales	f__Coriobacteriaceae	g__Collinsella	s__	71.76	1.86	1141222
EHA01666_bin.8	d__Bacteria	p__Bacillota_A	c__Clostridia	o__Peptostreptococcales	f__Filifactoraceae	g__	s__	81.43	8.027	1842423
EHA04664_bin.9	d__Bacteria	p__Bacillota_A	c__Clostridia	o__Lachnospirales	f__Lachnospiraceae	g__COE1	s__	93.03	3.13	2208220
EHA01893_bin.32	d__Bacteria	p__Bacillota_A	c__Clostridia	o__Lachnospirales	f__Lachnospiraceae	g__Blautia_A	s__	51.27	9.25	1588163
EHA04661_bin.23	d__Bacteria	p__Bacillota_A	c__Clostridia	o__Christensenellales	f__UBA1242	g__Caccovivens	s__	82	7.98	883417
EHA01879_bin.16	d__Bacteria	p__Bacillota	c__Bacilli	o__Erysipelotrichales	f__Coprobacillaceae	g__Catenibacterium	s__Catenibacterium sp000437715	100	0.8	2166364
EHA04674_bin.29	d__Bacteria	p__Bacillota_A	c__Clostridia	o__Lachnospirales	f__Lachnospiraceae	g__SIG308	s__	92.69	0.46	2820596
EHA04641_bin.24	d__Bacteria	p__Bacillota_A	c__Clostridia	o__Lachnospirales	f__Lachnospiraceae	g__Agathobacter	s__	91.28	2.56	2314149
EHA01888_bin.16	d__Bacteria	p__Bacillota_A	c__Clostridia	o__Peptostreptococcales	f__Peptostreptococcaceae	g__Peptacetobacter	s__	80.88	4.55	2235223
EHA01634_bin.24	d__Bacteria	p__Campylobacterota	c__Campylobacteria	o__Campylobacterales	f__Campylobacteraceae	g__Campylobacter_D	s__Campylobacter_D volucris	67.7	1.517	1056228
EHA04649_bin.3	d__Bacteria	p__Bacillota_A	c__Clostridia	o__Christensenellales	f__Borkfalkiaceae	g__Coproplasma	s__	76.37	2.72	1460409
EHA02078_bin.15	d__Bacteria	p__Bacillota_A	c__Clostridia	o__Oscillospirales	f__Oscillospiraceae	g__JAJQCF01	s__JAJQCF01 sp021202845	98.18	0.82	1975754
EHA02076_bin.8	d__Bacteria	p__Bacillota_A	c__Clostridia	o__Lachnospirales	f__Lachnospiraceae	g__COE1	s__	61.26	1	1438654
EHA04637_bin.1	d__Bacteria	p__Bacillota_A	c__Clostridia	o__Oscillospirales	f__Oscillospiraceae	g__JAJQCF01	s__JAJQCF01 sp021202845	92.03	2.18	1969482
EHA04674_bin.20	d__Bacteria	p__Pseudomonadota	c__Gammaproteobacteria	o__Burkholderiales	f__Burkholderiaceae_A	g__Sutterella	s__	99.02	0.4	2787084
EHA02089_bin.31	d__Bacteria	p__Bacillota_A	c__Clostridia	o__Christensenellales	f__Borkfalkiaceae	g__Coproplasma	s__	86.5	9.97	1390448
EHA01913_bin.16	d__Bacteria	p__Bacillota	c__Bacilli	o__Acholeplasmatales	f__Anaeroplasmataceae	g__CALUXS01	s__	100	0.29	1565725
EHA04672_bin.21	d__Bacteria	p__Bacteroidota	c__Bacteroidia	o__Bacteroidales	f__Rikenellaceae	g__Alistipes	s__Alistipes senegalensis	99.98	4.09	3878113
EHA01891_bin.28	d__Bacteria	p__Fusobacteriota	c__Fusobacteriia	o__Fusobacteriales	f__Fusobacteriaceae	g__Fusobacterium_B	s__Fusobacterium_B sp900554355	69.1	3.17	1724444
EHA02085_bin.17	d__Bacteria	p__Bacillota_A	c__Clostridia	o__Lachnospirales	f__Lachnospiraceae	g__Ventrimonas	s__	61.24	9.36	1808075
EHA02273_bin.9	d__Bacteria	p__Bacteroidota	c__Bacteroidia	o__Flavobacteriales	f__Weeksellaceae	g__Moheibacter	s__	99.99	0.04	2568031
EHA00548_bin.2	d__Bacteria	p__Bacillota_A	c__Clostridia	o__Lachnospirales	f__Lachnospiraceae	g__Lachnoclostridium	s__Lachnoclostridium sp905192625	92.39	1.342	4117690
EHA01914_bin.30	d__Bacteria	p__Fusobacteriota	c__Fusobacteriia	o__Fusobacteriales	f__Fusobacteriaceae	g__Fusobacterium_A	s__Fusobacterium_A sp900555845	59.77	3.11	1233442
EHA01913_bin.4	d__Bacteria	p__Bacillota_A	c__Clostridia	o__Lachnospirales	f__CAG-274	g__Gallispira	s__Gallispira sp900543365	57.11	1.24	940311
EHA04667_bin.24	d__Bacteria	p__Bacillota_A	c__Clostridia	o__Lachnospirales	f__Lachnospiraceae	g__COE1	s__COE1 sp021202335	89.23	0.61	1597831
EHA02084_bin.3	d__Bacteria	p__Verrucomicrobiota	c__Verrucomicrobiae	o__Opitutales	f__UBA953	g__Spyradosoma	s__	92.99	2.2	1764525
EHA04678_bin.13	d__Bacteria	p__Cyanobacteriota	c__Vampirovibrionia	o__Gastranaerophilales	f__Gastranaerophilaceae	g__CALUTH01	s__	99.91	0.53	1882765
EHA01921_bin.27	d__Bacteria	p__Bacillota	c__Bacilli	o__Haloplasmatales	f__Turicibacteraceae	g__Turicibacter	s__	76.89	7.87	2816051
EHA01917_bin.8	d__Bacteria	p__Bacillota_A	c__Clostridia	o__Lachnospirales	f__Lachnospiraceae	g__Ruminococcus_B	s__	95.66	0.27	2370933
EHA04658_bin.13	d__Bacteria	p__Bacillota_A	c__Clostridia	o__Oscillospirales	f__Ruminococcaceae	g__Faeciplasma	s__	95.37	0.44	1976151
EHA04663_bin.24	d__Bacteria	p__Bacillota_A	c__Clostridia	o__Oscillospirales	f__Ruminococcaceae	g__Faeciplasma	s__	100	0.9	2067877
EHA01595_bin.9	d__Bacteria	p__Campylobacterota	c__Campylobacteria	o__Campylobacterales	f__Helicobacteraceae	g__	s__	97.06	0.997	1635587
EHA01914_bin.5	d__Bacteria	p__Campylobacterota	c__Campylobacteria	o__Campylobacterales	f__Helicobacteraceae	g__Helicobacter_B	s__	70.4	1.73	1659073
EHA02018_bin.3	d__Bacteria	p__Bacillota_A	c__Clostridia	o__Lachnospirales	f__Lachnospiraceae	g__	s__	98.8	1.65	3332507
EHA02086_bin.15	d__Bacteria	p__Bacillota_A	c__Clostridia	o__Lachnospirales	f__Lachnospiraceae	g__Eubacterium_I	s__	70.4	5.69	1782164
EHA04635_bin.10	d__Bacteria	p__Bacillota	c__Bacilli	o__RFN20	f__CAG-288	g__Enterosoma	s__	90.1	3.23	1400895
EHA02080_bin.14	d__Bacteria	p__Bacillota_A	c__Clostridia	o__Oscillospirales	f__Ruminococcaceae	g__Faeciplasma	s__	51.01	5.9	873393
EHA04652_bin.4	d__Bacteria	p__Cyanobacteriota	c__Vampirovibrionia	o__Gastranaerophilales	f__RUG14156	g__Galligastranaerophilus_A	s__	64.47	1.02	1232340
EHA01888_bin.4	d__Bacteria	p__Bacteroidota	c__Bacteroidia	o__Bacteroidales	f__Bacteroidaceae	g__Phocaeicola	s__	94.69	0.07	2704864
EHA01894_bin.33	d__Bacteria	p__Pseudomonadota	c__Gammaproteobacteria	o__Burkholderiales	f__Burkholderiaceae_A	g__Sutterella	s__Sutterella sp905186105	53.56	7.49	2074789
EHA04672_bin.18	d__Bacteria	p__Bacillota_A	c__Clostridia	o__Oscillospirales	f__Ruminococcaceae	g__Faeciplasma	s__	98.2	1.48	2140482
EHA01879_bin.23	d__Bacteria	p__Pseudomonadota	c__Gammaproteobacteria	o__Burkholderiales	f__Burkholderiaceae_A	g__Sutterella	s__Sutterella sp905186105	58.74	8.7	1489891
EHA04673_bin.9	d__Bacteria	p__Cyanobacteriota	c__Vampirovibrionia	o__Gastranaerophilales	f__RUG14156	g__RUG14156	s__	99.21	0.89	1773528
EHA04659_bin.24	d__Bacteria	p__Bacillota_A	c__Clostridia	o__Lachnospirales	f__Lachnospiraceae	g__Eubacterium_I	s__Eubacterium_I sp021204085	60.71	1.37	1916760
EHA01894_bin.20	d__Bacteria	p__Bacteroidota	c__Bacteroidia	o__Bacteroidales	f__Bacteroidaceae	g__Mediterranea	s__	60.25	1.53	1876782
EHA04646_bin.19	d__Archaea	p__Thermoplasmatota	c__Thermoplasmata	o__Methanomassiliicoccales	f__Methanomethylophilaceae	g__UBA71	s__	90.63	0.27	1906624
EHA04650_bin.19	d__Bacteria	p__Bacillota_A	c__Clostridia	o__UBA1381	f__UBA1381	g__UBA1381	s__	97.02	1.05	2438290
EHA01698_bin.14	d__Bacteria	p__Bacillota_A	c__Clostridia	o__Clostridiales	f__Clostridiaceae	g__Sarcina	s__	91.73	0.324	2202323
EHA04647_bin.22	d__Bacteria	p__Bacillota_A	c__Clostridia	o__Oscillospirales	f__Acutalibacteraceae	g__Ruminococcus_E	s__Ruminococcus_E sp021202245	66.55	2.49	1482880
EHA01890_bin.33	d__Bacteria	p__Bacillota	c__Bacilli	o__RFN20	f__CAG-826	g__Onthovivens	s__	94.77	1.58	1564091
EHA00551_bin.9	d__Bacteria	p__Pseudomonadota	c__Gammaproteobacteria	o__Enterobacterales	f__Enterobacteriaceae	g__Pantoea	s__Pantoea rwandensis_B	54.81	0	4166986
EHA02255_bin.1	d__Bacteria	p__Myxococcota	c__Polyangia	o__Polyangiales	f__Polyangiaceae	g__NIC37A-2	s__NIC37A-2 sp012514535	55.66	0.16	2530760
EHA04652_bin.27	d__Bacteria	p__Bacillota_A	c__Clostridia	o__Lachnospirales	f__Lachnospiraceae	g__Coprococcus	s__	50.73	9.82	1328521
EHA04647_bin.24	d__Bacteria	p__Bacillota_A	c__Clostridia	o__Lachnospirales	f__Lachnospiraceae	g__Agathobacter	s__	71.94	0.44	1620710
EHA04665_bin.29	d__Bacteria	p__Bacillota_A	c__Clostridia	o__Christensenellales	f__Borkfalkiaceae	g__Coproplasma	s__	97.01	0.85	1771759
EHA04636_bin.34	d__Bacteria	p__Bacillota_A	c__Clostridia	o__Lachnospirales	f__Lachnospiraceae	g__Agathobacter	s__	58.26	8.06	1707166
EHA04766_bin.29	d__Bacteria	p__Bacillota_A	c__Clostridia	o__Oscillospirales	f__Oscillospiraceae	g__CAJOIG01	s__	58.84	5.93	1139549
EHA01920_bin.18	d__Bacteria	p__Bacillota	c__Bacilli	o__Acholeplasmatales	f__Anaeroplasmataceae	g__CALUXS01	s__	95.7	0.39	1361050
EHA01634_bin.13	d__Bacteria	p__Chlamydiota	c__Chlamydiia	o__Chlamydiales	f__Chlamydiaceae	g__Chlamydiifrater	s__	94.59	0	1070203
EHA04678_bin.1	d__Bacteria	p__Bacteroidota	c__Bacteroidia	o__Bacteroidales	f__Bacteroidaceae	g__Bacteroides	s__	79.39	3.15	5961180
EHA02075_bin.27	d__Bacteria	p__Synergistota	c__Synergistia	o__Synergistales	f__Synergistaceae	g__E4-60	s__	99.73	0.49	1891239
EHA04652_bin.7	d__Bacteria	p__Bacillota_A	c__Clostridia	o__Lachnospirales	f__Lachnospiraceae	g__Butyribacter	s__	55.67	1.15	1372876
EHA04669_bin.22	d__Bacteria	p__Bacillota_A	c__Clostridia	o__Lachnospirales	f__Lachnospiraceae	g__Butyribacter	s__	66.86	0.18	916355
EHA04675_bin.38	d__Bacteria	p__Bacillota_A	c__Clostridia	o__Oscillospirales	f__Oscillospiraceae	g__Faecousia	s__	60.17	3.2	979644
EHA02095_bin.27	d__Bacteria	p__Bacillota_A	c__Clostridia	o__Oscillospirales	f__Oscillospiraceae	g__Onthomonas	s__	53.85	7.54	1617503
EHA02255_bin.40	d__Bacteria	p__Bacteroidota	c__Bacteroidia	o__Sphingobacteriales	f__Sphingobacteriaceae	g__Sphingobacterium	s__	53.3	9.36	2811025
EHA04659_bin.17	d__Bacteria	p__Bacillota_A	c__Clostridia	o__Christensenellales	f__Borkfalkiaceae	g__Coproplasma	s__	55.49	4.55	1413754
EHA04672_bin.41	d__Bacteria	p__Bacillota_A	c__Clostridia	o__TANB77	f__CAG-508	g__CAG-269	s__	62.49	6.22	1113993
EHA02095_bin.22	d__Bacteria	p__Bacillota_A	c__Clostridia	o__Lachnospirales	f__Lachnospiraceae	g__Eubacterium_I	s__	97.48	0.33	2170206
EHA02269_bin.7	d__Bacteria	p__Actinomycetota	c__Actinomycetia	o__Actinomycetales	f__Micrococcaceae	g__	s__	93.77	3.13	3102259
EHA04651_bin.4	d__Bacteria	p__Pseudomonadota	c__Alphaproteobacteria	o__RF32	f__CAG-239	g__JAFUYI01	s__	55.12	1.7	475905
EHA04649_bin.27	d__Bacteria	p__Bacillota	c__Bacilli	o__RF39	f__UBA660	g__CAG-433	s__	94.19	0.22	987538
EHA02079_bin.34	d__Bacteria	p__Bacillota_A	c__Clostridia	o__TANB77	f__CAG-508	g__Scatovivens	s__	97.04	7.24	1997432
EHA02263_bin.9	d__Bacteria	p__Bacillota_A	c__Clostridia	o__Clostridiales	f__Clostridiaceae	g__Clostridium	s__	76.44	3.36	3032894
EHA04635_bin.12	d__Bacteria	p__Bacillota	c__Bacilli	o__RF39	f__UBA660	g__RUG11198	s__	89.1	4.06	1413505
EHA01903_bin.32	d__Bacteria	p__Bacillota_A	c__Clostridia	o__Lachnospirales	f__Lachnospiraceae	g__Schaedlerella	s__Schaedlerella sp900765975	84.9	2.7	2403386
EHA01709_bin.16	d__Bacteria	p__Bacillota_C	c__Negativicutes	o__Acidaminococcales	f__Acidaminococcaceae	g__	s__	90.99	0.818	1700561
EHA04672_bin.20	d__Bacteria	p__Bacillota_A	c__Clostridia	o__Lachnospirales	f__Lachnospiraceae	g__Coprococcus	s__	99.29	1.14	2341998
EHA04765_bin.32	d__Bacteria	p__Bacillota_A	c__Clostridia	o__Oscillospirales	f__Oscillospiraceae	g__Onthomonas	s__Onthomonas sp021205455	87.86	1.08	2189827
EHA04671_bin.34	d__Bacteria	p__Bacillota_A	c__Clostridia	o__Lachnospirales	f__Lachnospiraceae	g__Eubacterium_I	s__	82.79	2.65	1868022
EHA04658_bin.28	d__Bacteria	p__Bacillota_A	c__Clostridia	o__Oscillospirales	f__Oscillospiraceae	g__JAJQCF01	s__JAJQCF01 sp021202845	93.53	0.78	2395888
EHA02098_bin.5	d__Bacteria	p__Bacillota_A	c__Clostridia	o__Oscillospirales	f__Ruminococcaceae	g__UMGS1601	s__UMGS1601 sp021205185	50.54	1.11	785928
EHA01876_bin.7	d__Bacteria	p__Bacteroidota	c__Bacteroidia	o__Bacteroidales	f__Bacteroidaceae	g__Bacteroides	s__Bacteroides sp900766005	99.94	0.04	3091519
EHA04650_bin.41	d__Bacteria	p__Bacillota_A	c__Clostridia	o__Lachnospirales	f__Lachnospiraceae	g__RGIG6307	s__RGIG6307 sp021205565	78.71	0.58	2104286
EHA04663_bin.16	d__Bacteria	p__Cyanobacteriota	c__Vampirovibrionia	o__Gastranaerophilales	f__RUG14156	g__Galligastranaerophilus_A	s__	97.65	1.87	1900510
EHA04664_bin.16	d__Bacteria	p__Bacillota_A	c__Clostridia	o__TANB77	f__CAG-465	g__CAG-465	s__	100	0.54	1789270
EHA04660_bin.6	d__Bacteria	p__Bacteroidota	c__Bacteroidia	o__Bacteroidales	f__Muribaculaceae	g__CAG-485	s__	56.59	0.88	1399060
EHA01924_bin.10	d__Bacteria	p__Bacillota	c__Bacilli	o__Erysipelotrichales	f__Coprobacillaceae	g__Faecalibacillus	s__Faecalibacillus intestinalis	99.06	1.21	2478854
EHA04655_bin.1	d__Bacteria	p__Bacillota_A	c__Clostridia	o__Oscillospirales	f__Oscillospiraceae	g__Onthomonas	s__Onthomonas sp021205725	61.55	4.79	1300004
EHA01890_bin.7	d__Bacteria	p__Bacillota	c__Bacilli	o__Haloplasmatales	f__Turicibacteraceae	g__Turicibacter	s__	82.35	1.41	1977152
EHA02028_bin.1	d__Bacteria	p__Bacillota	c__Bacilli	o__Lactobacillales	f__Carnobacteriaceae	g__Carnobacterium	s__Carnobacterium maltaromaticum	51.03	2.66	1729367
EHA01892_bin.7	d__Bacteria	p__Pseudomonadota	c__Gammaproteobacteria	o__Enterobacterales	f__Enterobacteriaceae	g__Escherichia	s__Escherichia coli	69.41	2.13	2988616
EHA04653_bin.7	d__Bacteria	p__Bacillota_A	c__Clostridia	o__Oscillospirales	f__Oscillospiraceae	g__Onthomonas	s__Onthomonas sp021205725	85.99	3.96	1932344
EHA04677_bin.6	d__Bacteria	p__Bacteroidota	c__Bacteroidia	o__Bacteroidales	f__Rikenellaceae	g__Rikenella	s__	51.49	8.19	2105688
EHA02088_bin.22	d__Bacteria	p__Bacillota_A	c__Clostridia	o__Lachnospirales	f__Lachnospiraceae	g__COE1	s__	98.54	1.98	2706189
EHA04661_bin.14	d__Bacteria	p__Bacillota_A	c__Clostridia	o__Lachnospirales	f__Lachnospiraceae	g__Coprococcus	s__	100	2.02	2361158
EHA01709_bin.34	d__Bacteria	p__Bacteroidota	c__Bacteroidia	o__Bacteroidales	f__Porphyromonadaceae	g__Porphyromonas	s__	99.76	0.564	2719155
EHA02262_bin.1	d__Bacteria	p__Bacillota	c__Bacilli	o__Staphylococcales	f__Staphylococcaceae	g__Staphylococcus	s__Staphylococcus sp013391405	93.44	0.14	2705594
EHA01926_bin.14	d__Bacteria	p__Bacillota	c__Bacilli	o__Lactobacillales	f__Lactobacillaceae	g__Ligilactobacillus	s__Ligilactobacillus animalis	99.82	0.23	1754246
EHA01891_bin.29	d__Bacteria	p__Bacillota	c__Bacilli	o__Erysipelotrichales	f__Coprobacillaceae	g__Thomasclavelia	s__Thomasclavelia spiroformis_A	62.66	7.9	1875586
EHA01894_bin.7	d__Bacteria	p__Fusobacteriota	c__Fusobacteriia	o__Fusobacteriales	f__Fusobacteriaceae	g__Fusobacterium_B	s__Fusobacterium_B sp900554885	70.67	3.82	1355749
EHA02078_bin.3	d__Bacteria	p__Bacillota_A	c__Clostridia	o__Christensenellales	f__Borkfalkiaceae	g__Coproplasma	s__	58.27	1.67	921870
EHA04660_bin.19	d__Bacteria	p__Bacteroidota	c__Bacteroidia	o__Bacteroidales	f__Paludibacteraceae	g__RF16	s__	87.72	0.21	1797460
EHA02097_bin.5	d__Bacteria	p__Bacillota_A	c__Clostridia	o__Oscillospirales	f__Oscillospiraceae	g__UMGS1766	s__	69.44	6.39	1430461
EHA04666_bin.22	d__Bacteria	p__Actinomycetota	c__Coriobacteriia	o__Coriobacteriales	f__Eggerthellaceae	g__UMGS1519	s__	99.46	0.27	1683899
EHA04656_bin.13	d__Bacteria	p__Bacillota_A	c__Clostridia	o__Oscillospirales	f__Ruminococcaceae	g__Ruminococcus_D	s__	99.9	0.04	2037068
EHA04669_bin.29	d__Bacteria	p__Bacillota_A	c__Clostridia	o__Oscillospirales	f__Ruminococcaceae	g__Faeciplasma	s__	76.39	2.48	1344728
EHA01709_bin.31	d__Bacteria	p__Bacteroidota	c__Bacteroidia	o__Bacteroidales	f__Bacteroidaceae	g__Prevotella	s__	98.41	0.694	2419316
EHA04640_bin.28	d__Bacteria	p__Bacillota_A	c__Clostridia	o__Lachnospirales	f__Lachnospiraceae	g__Agathobacter	s__	61.96	2.43	1297235
EHA01634_bin.2	d__Bacteria	p__Fusobacteriota	c__Fusobacteriia	o__Fusobacteriales	f__Fusobacteriaceae	g__Fusobacterium_A	s__	61.53	6.034	2448288
EHA04667_bin.29	d__Bacteria	p__Bacillota_A	c__Clostridia	o__Oscillospirales	f__Oscillospiraceae	g__Onthomonas	s__	52.43	9.97	987423
EHA01875_bin.22	d__Bacteria	p__Bacteroidota	c__Bacteroidia	o__Bacteroidales	f__Bacteroidaceae	g__Mediterranea	s__	51.59	9.91	1902320
EHA04644_bin.11	d__Bacteria	p__Bacillota_A	c__Clostridia	o__Lachnospirales	f__Lachnospiraceae	g__Roseburia	s__	89.24	2.07	3661977
EHA01878_bin.20	d__Bacteria	p__Bacteroidota	c__Bacteroidia	o__Bacteroidales	f__Bacteroidaceae	g__Phocaeicola	s__	51.28	0.03	1430039
EHA01882_bin.11	d__Bacteria	p__Actinomycetota	c__Coriobacteriia	o__Coriobacteriales	f__Coriobacteriaceae	g__Collinsella	s__Collinsella intestinalis	71.99	1.18	1212886
EHA04664_bin.12	d__Bacteria	p__Bacillota_A	c__Clostridia	o__Lachnospirales	f__Lachnospiraceae	g__Coprococcus	s__	71.44	1.2	1560166
EHA04676_bin.1	d__Archaea	p__Methanobacteriota	c__Methanobacteria	o__Methanobacteriales	f__Methanobacteriaceae	g__Methanosphaera	s__Methanosphaera sp021199865	96.11	0.79	1423024
EHA02094_bin.12	d__Bacteria	p__Bacillota	c__Bacilli	o__RF39	f__UBA660	g__Onthocola_B	s__	94.55	2.87	1380723
EHA01877_bin.16	d__Bacteria	p__Pseudomonadota	c__Gammaproteobacteria	o__Enterobacterales_A	f__Succinivibrionaceae	g__Anaerobiospirillum	s__	56.69	8.54	1631620
EHA02078_bin.28	d__Bacteria	p__Bacillota_A	c__Clostridia	o__Oscillospirales	f__Oscillospiraceae	g__Onthomonas	s__	89.44	2.65	2254103
EHA02032_bin.1	d__Bacteria	p__Pseudomonadota	c__Gammaproteobacteria	o__Pseudomonadales	f__Pseudomonadaceae	g__Pseudomonas_E	s__Pseudomonas_E bubulae	81.92	0.24	3898380
EHA01901_bin.21	d__Bacteria	p__Bacillota_A	c__Clostridia	o__Peptostreptococcales	f__Peptostreptococcaceae	g__Peptacetobacter	s__Peptacetobacter hiranonis	72.69	5.82	933953
EHA04671_bin.50	d__Bacteria	p__Bacillota_A	c__Clostridia	o__UBA1381	f__UBA1381	g__UBA1381	s__	50.02	3.36	1254156
EHA04656_bin.35	d__Bacteria	p__Bacillota_A	c__Clostridia	o__TANB77	f__CAG-508	g__UMGS1933	s__	93.01	2.22	1644443
EHA04671_bin.15	d__Bacteria	p__Bacillota_A	c__Clostridia	o__Oscillospirales	f__Oscillospiraceae	g__JAJQCF01	s__JAJQCF01 sp021202845	91.43	1.22	1853054
EHA04673_bin.32	d__Bacteria	p__Cyanobacteriota	c__Vampirovibrionia	o__Gastranaerophilales	f__Gastranaerophilaceae	g__Avigastranaerophilus	s__	74.46	4.59	1837767
EHA02093_bin.12	d__Bacteria	p__Bacillota_A	c__Clostridia	o__Lachnospirales	f__Lachnospiraceae	g__SIG308	s__	80.78	0.35	1647329
EHA01908_bin.20	d__Bacteria	p__Bacillota_A	c__Clostridia	o__Lachnospirales	f__Lachnospiraceae	g__Avilachnospira	s__	96.45	0.39	1744729
EHA04640_bin.16	d__Bacteria	p__Cyanobacteriota	c__Vampirovibrionia	o__Gastranaerophilales	f__RUG14156	g__Galligastranaerophilus_A	s__	99.7	1.02	1921512
EHA01666_bin.15	d__Bacteria	p__Bacteroidota	c__Bacteroidia	o__Bacteroidales	f__Porphyromonadaceae	g__Porphyromonas	s__	99.92	0	2602434
EHA04661_bin.9	d__Bacteria	p__Bacteroidota	c__Bacteroidia	o__Bacteroidales	f__Muribaculaceae	g__JAJPXC01	s__	99.8	0.03	3044598
EHA02269_bin.2	d__Bacteria	p__Actinomycetota	c__Actinomycetia	o__Actinomycetales	f__Microbacteriaceae	g__Agrococcus	s__	98.43	0.03	2504411
EHA04639_bin.24	d__Bacteria	p__Bacillota_A	c__Clostridia	o__Lachnospirales	f__Lachnospiraceae	g__Choladousia	s__Choladousia sp020860715	76.78	0.78	1761806
EHA04661_bin.29	d__Bacteria	p__Bacillota_A	c__Clostridia	o__Lachnospirales	f__Lachnospiraceae	g__RGIG6307	s__	88.29	1.31	2680323
EHA01919_bin.21	d__Bacteria	p__Fusobacteriota	c__Fusobacteriia	o__Fusobacteriales	f__Fusobacteriaceae	g__Fusobacterium_A	s__Fusobacterium_A sp900015295	87.3	0.13	1744040
EHA04676_bin.10	d__Bacteria	p__Bacillota_A	c__Clostridia	o__Oscillospirales	f__Acutalibacteraceae	g__Eubacterium_R	s__Eubacterium_R sp021199275	65.72	1.13	1083542
EHA02079_bin.40	d__Bacteria	p__Bacillota	c__Bacilli	o__Erysipelotrichales	f__Coprobacillaceae	g__JAJQDJ01	s__	55.23	9.71	2112233
EHA02095_bin.6	d__Bacteria	p__Bacillota_A	c__Clostridia	o__Lachnospirales	f__Lachnospiraceae	g__Fimousia	s__	61.75	2.08	1202506
EHA04675_bin.23	d__Bacteria	p__Bacillota_A	c__Clostridia	o__Christensenellales	f__Borkfalkiaceae	g__Coproplasma	s__	85.53	0.36	2079584
EHA02263_bin.24	d__Bacteria	p__Bacillota	c__Bacilli	o__Lactobacillales	f__Aerococcaceae	g__Jeotgalibaca	s__Jeotgalibaca ciconiae	54.64	6.05	1650642
EHA04675_bin.40	d__Bacteria	p__Bacillota_A	c__Clostridia	o__Oscillospirales	f__Oscillospiraceae	g__UMGS1766	s__	50.62	1.86	1203171
EHA01634_bin.46	d__Bacteria	p__Bacillota	c__Bacilli	o__Lactobacillales	f__Catellicoccaceae	g__Catellicoccus	s__Catellicoccus marimammalium	98.34	0.736	1245718
EHA01666_bin.1	d__Bacteria	p__Fusobacteriota	c__Fusobacteriia	o__Fusobacteriales	f__Fusobacteriaceae	g__Fusobacterium_A	s__Fusobacterium_A sp018205345	81.04	2.247	1686094
EHA01911_bin.11	d__Bacteria	p__Pseudomonadota	c__Gammaproteobacteria	o__Burkholderiales	f__Burkholderiaceae_A	g__Aphodousia	s__	90.62	0.59	1571619
EHA04642_bin.44	d__Bacteria	p__Bacillota_A	c__Clostridia	o__Oscillospirales	f__Ruminococcaceae	g__Faeciplasma	s__	77.67	6.2	1383242
EHA04648_bin.2	d__Bacteria	p__Bacillota_A	c__Clostridia	o__Oscillospirales	f__Oscillospiraceae	g__JAJQCF01	s__JAJQCF01 sp021202845	95.65	0.77	1924056
EHA04659_bin.10	d__Bacteria	p__Bacillota_A	c__Clostridia	o__Christensenellales	f__Borkfalkiaceae	g__Coproplasma	s__Coproplasma sp021199295	70.38	5.32	1007973
EHA01925_bin.26	d__Bacteria	p__Bacillota_A	c__Clostridia	o__Lachnospirales	f__Lachnospiraceae	g__Roseburia	s__	99.82	0.02	2919182
EHA01906_bin.9	d__Bacteria	p__Bacillota_A	c__Clostridia	o__Oscillospirales	f__Oscillospiraceae	g__Faecousia	s__	66.64	2.24	1499848
EHA04664_bin.18	d__Bacteria	p__Bacillota_A	c__Clostridia	o__Oscillospirales	f__Oscillospiraceae	g__Faecousia	s__	96.27	0.5	2019313
EHA02078_bin.1	d__Bacteria	p__Bacillota_A	c__Clostridia	o__Lachnospirales	f__Lachnospiraceae	g__Coprococcus	s__	71.18	4.76	1677301
EHA01872_bin.6	d__Bacteria	p__Bacillota	c__Bacilli	o__Acholeplasmatales	f__Anaeroplasmataceae	g__CALUXS01	s__	98.39	0.13	1570519
EHA04651_bin.8	d__Bacteria	p__Bacillota	c__Bacilli	o__RF39	f__UBA660	g__SIG200	s__	99.72	0.53	3098498
EHA02079_bin.6	d__Bacteria	p__Bacillota	c__Bacilli	o__RFN20	f__CAG-288	g__Enterosoma	s__	92.24	0.15	1407395
EHA01905_bin.3	d__Bacteria	p__Pseudomonadota	c__Gammaproteobacteria	o__Enterobacterales_A	f__Succinivibrionaceae	g__Anaerobiospirillum	s__Anaerobiospirillum succiniciproducens	60.06	2.94	1673367
EHA04648_bin.14	d__Bacteria	p__Bacillota_A	c__Clostridia	o__Oscillospirales	f__Ruminococcaceae	g__Faecalibacterium	s__	62.56	0.64	1710416
EHA04639_bin.3	d__Bacteria	p__Cyanobacteriota	c__Vampirovibrionia	o__Gastranaerophilales	f__Gastranaerophilaceae	g__Avigastranaerophilus	s__Avigastranaerophilus sp021199975	84.13	3.44	1934200
EHA04649_bin.28	d__Bacteria	p__Bacillota_A	c__Clostridia	o__Lachnospirales	f__Lachnospiraceae	g__	s__	75.33	3.39	1906542
EHA02078_bin.4	d__Bacteria	p__Bacillota_A	c__Clostridia	o__Oscillospirales	f__Oscillospiraceae	g__Faecousia	s__	99.09	0.21	1949140
EHA04767_bin.18	d__Bacteria	p__Bacillota_A	c__Clostridia	o__Oscillospirales	f__Oscillospiraceae	g__Onthomonas	s__	55.19	7.54	1347318
EHA00548_bin.4	d__Bacteria	p__Bacillota	c__Bacilli	o__Paenibacillales	f__Paenibacillaceae	g__Paenibacillus	s__	98.92	0	3881471
EHA01918_bin.27	d__Bacteria	p__Actinomycetota	c__Actinomycetia	o__Actinomycetales	f__Bifidobacteriaceae	g__Bifidobacterium	s__Bifidobacterium longum	91.31	5.15	2122451
EHA04673_bin.8	d__Bacteria	p__Bacillota_A	c__Clostridia	o__Lachnospirales	f__Lachnospiraceae	g__COE1	s__	99.69	0.55	2622626
EHA04767_bin.10	d__Bacteria	p__Bacillota_A	c__Clostridia	o__Christensenellales	f__Borkfalkiaceae	g__Coproplasma	s__	94.95	2.55	2123898
EHA04767_bin.21	d__Bacteria	p__Bacillota_A	c__Clostridia	o__TANB77	f__CAG-508	g__CAG-269	s__	61.19	9.78	1570278
EHA02084_bin.7	d__Bacteria	p__Bacillota_A	c__Clostridia	o__Lachnospirales	f__Lachnospiraceae	g__Agathobacter	s__	52.3	3.33	1363214
EHA04650_bin.37	d__Bacteria	p__Bacillota_A	c__Clostridia	o__Lachnospirales	f__Lachnospiraceae	g__Agathobacter	s__	73.42	5.2	1407949
EHA02088_bin.17	d__Bacteria	p__Bacillota_A	c__Clostridia	o__Lachnospirales	f__Lachnospiraceae	g__Coprococcus	s__	100	0.99	2341276
EHA04665_bin.39	d__Bacteria	p__Bacillota_A	c__Clostridia	o__Lachnospirales	f__Lachnospiraceae	g__Agathobacter	s__	71.65	3.36	2239983
EHA02096_bin.16	d__Bacteria	p__Bacillota_A	c__Clostridia	o__Lachnospirales	f__Lachnospiraceae	g__Coprococcus	s__	99.57	1.92	2271033
EHA04658_bin.21	d__Bacteria	p__Bacillota_A	c__Clostridia	o__Lachnospirales	f__Lachnospiraceae	g__VSOB01	s__	51.27	1.76	1449914
EHA04635_bin.28	d__Bacteria	p__Bacillota_A	c__Clostridia	o__TANB77	f__CAG-508	g__CAG-269	s__	83.91	8.64	1668871
EHA01893_bin.29	d__Bacteria	p__Fusobacteriota	c__Fusobacteriia	o__Fusobacteriales	f__Fusobacteriaceae	g__	s__	79.3	6.41	888613
EHA01666_bin.21	d__Bacteria	p__Bacillota	c__Bacilli	o__Erysipelotrichales	f__Erysipelotrichaceae	g__Bulleidia	s__	95.66	1.068	1515236
EHA04666_bin.18	d__Bacteria	p__Bacillota_A	c__Clostridia	o__Christensenellales	f__Borkfalkiaceae	g__Coproplasma	s__	72.36	1.32	1456875
EHA02079_bin.35	d__Bacteria	p__Bacteroidota	c__Bacteroidia	o__Bacteroidales	f__Bacteroidaceae	g__Phocaeicola	s__	99.98	0.81	3730790
EHA01709_bin.61	d__Bacteria	p__Deferribacterota	c__Deferribacteres	o__Deferribacterales	f__Mucispirillaceae	g__	s__	89.94	1.508	1624584
EHA02035_bin.8	d__Bacteria	p__Pseudomonadota	c__Gammaproteobacteria	o__Pseudomonadales	f__Pseudomonadaceae	g__Pseudomonas_E	s__Pseudomonas_E paraversuta	83.5	4.57	4368751
EHA04673_bin.29	d__Bacteria	p__Bacillota_A	c__Clostridia	o__Christensenellales	f__Borkfalkiaceae	g__Coproplasma	s__	50.5	9.35	916252
EHA01893_bin.18	d__Bacteria	p__Fusobacteriota	c__Fusobacteriia	o__Fusobacteriales	f__Fusobacteriaceae	g__Fusobacterium_A	s__	51.93	5.34	3632539
EHA04672_bin.29	d__Bacteria	p__Bacillota_A	c__Clostridia	o__Lachnospirales	f__Lachnospiraceae	g__UBA4292	s__	99.91	0.03	2582017
EHA04665_bin.40	d__Bacteria	p__Bacillota_A	c__Clostridia	o__Lachnospirales	f__Lachnospiraceae	g__	s__	96.13	1.24	2197514
EHA04658_bin.46	d__Bacteria	p__Bacillota_A	c__Clostridia	o__Lachnospirales	f__Lachnospiraceae	g__Choladousia	s__	66.85	9.43	2899181
EHA04641_bin.16	d__Bacteria	p__Bacillota_A	c__Clostridia	o__Oscillospirales	f__Ruminococcaceae	g__Faeciplasma	s__	100	0.37	2050818
EHA04673_bin.20	d__Bacteria	p__Bacillota_A	c__Clostridia	o__Lachnospirales	f__Lachnospiraceae	g__Coprococcus	s__	95.29	0.8	2210037
EHA01925_bin.17	d__Bacteria	p__Campylobacterota	c__Campylobacteria	o__Campylobacterales	f__Campylobacteraceae	g__Campylobacter_D	s__Campylobacter_D upsaliensis	99.99	0.09	1707503
EHA02079_bin.44	d__Bacteria	p__Bacillota_A	c__Clostridia	o__Oscillospirales	f__Oscillospiraceae	g__Onthomonas	s__	56.15	0.26	1455527
EHA04674_bin.7	d__Bacteria	p__Bacillota_A	c__Clostridia	o__Christensenellales	f__Borkfalkiaceae	g__Coproplasma	s__	92.73	0.94	2029200
EHA04653_bin.29	d__Bacteria	p__Bacillota_A	c__Clostridia	o__Lachnospirales	f__Lachnospiraceae	g__	s__	66.89	3.59	1635608
EHA04653_bin.12	d__Bacteria	p__Bacillota_A	c__Clostridia	o__Oscillospirales	f__Oscillospiraceae	g__JAJPXI01	s__	95.93	0.04	1861623
EHA02255_bin.22	d__Bacteria	p__Pseudomonadota	c__Gammaproteobacteria	o__Pseudomonadales	f__DSM-6294	g__	s__	99.02	0.07	2633564
EHA04657_bin.37	d__Bacteria	p__Bacillota_A	c__Clostridia	o__Lachnospirales	f__Lachnospiraceae	g__RGIG6307	s__	51.99	7.56	1606760
EHA04654_bin.31	d__Bacteria	p__Bacillota_A	c__Clostridia	o__Lachnospirales	f__Lachnospiraceae	g__Agathobacter	s__	51.46	3.27	1412527
EHA01666_bin.11	d__Bacteria	p__Bacteroidota	c__Bacteroidia	o__Bacteroidales	f__Bacteroidaceae	g__Alloprevotella	s__	98.65	0.374	2276711
EHA04675_bin.8	d__Bacteria	p__Bacillota_A	c__Clostridia	o__Christensenellales	f__UBA1242	g__RGIG1681	s__	89.85	0.23	2069215
EHA04656_bin.19	d__Bacteria	p__Bacillota_A	c__Clostridia	o__Lachnospirales	f__Lachnospiraceae	g__UBA4292	s__	65.76	3.56	1386934
EHA04671_bin.37	d__Bacteria	p__Bacillota_A	c__Clostridia	o__Christensenellales	f__Borkfalkiaceae	g__Coproplasma	s__	96.6	1.47	1692254
EHA04658_bin.6	d__Bacteria	p__Bacillota_A	c__Clostridia	o__Oscillospirales	f__Ruminococcaceae	g__Faeciplasma	s__	100	0.47	1992911
EHA01709_bin.33	d__Bacteria	p__Fusobacteriota	c__Fusobacteriia	o__Fusobacteriales	f__Fusobacteriaceae	g__Fusobacterium_A	s__	58.58	0	1350896
EHA04660_bin.23	d__Bacteria	p__Bacillota_A	c__Clostridia	o__Lachnospirales	f__Lachnospiraceae	g__CAG-95	s__	81.27	0.06	2437590
EHA04650_bin.25	d__Bacteria	p__Bacillota_A	c__Clostridia	o__Lachnospirales	f__Lachnospiraceae	g__Acetatifactor	s__	98.84	0.3	2598345
EHA04646_bin.12	d__Bacteria	p__Bacillota	c__Bacilli	o__RF39	f__UBA660	g__SIG200	s__	92.49	0.31	1216045
EHA01709_bin.21	d__Bacteria	p__Bacillota_A	c__Clostridia	o__Peptostreptococcales	f__Peptostreptococcaceae	g__Peptostreptococcus	s__	97.79	2.097	2025288
EHA01709_bin.43	d__Bacteria	p__Bacillota	c__Bacilli	o__Erysipelotrichales	f__Erysipelotrichaceae	g__Bulleidia	s__	91.66	3.183	1597129
EHA01907_bin.14	d__Bacteria	p__Bacillota_A	c__Clostridia	o__Peptostreptococcales	f__Peptostreptococcaceae	g__Peptacetobacter	s__	51.29	5.23	864250
EHA04643_bin.22	d__Bacteria	p__Cyanobacteriota	c__Vampirovibrionia	o__Gastranaerophilales	f__Gastranaerophilaceae	g__Stercorousia	s__	57.03	1.72	1148718
EHA04643_bin.27	d__Bacteria	p__Bacillota_A	c__Clostridia	o__Christensenellales	f__UBA1242	g__Caccovivens	s__	61.57	7.28	646848
EHA01918_bin.18	d__Bacteria	p__Bacillota	c__Bacilli	o__Haloplasmatales	f__Turicibacteraceae	g__Turicibacter	s__Turicibacter sanguinis	100	1.12	3032782
EHA01885_bin.19	d__Bacteria	p__Fusobacteriota	c__Fusobacteriia	o__Fusobacteriales	f__Fusobacteriaceae	g__Fusobacterium_A	s__Fusobacterium_A sp900555845	79.95	1.34	1260988
EHA01908_bin.8	d__Bacteria	p__Bacillota_A	c__Clostridia	o__Oscillospirales	f__Oscillospiraceae	g__Lawsonibacter	s__Lawsonibacter sp900754605	83.11	2.12	1599196
EHA01893_bin.4	d__Bacteria	p__Bacillota_B	c__Peptococcia	o__Peptococcales	f__Peptococcaceae	g__UMGS1590	s__UMGS1590 sp900553245	53.74	2.5	1477074
EHA01924_bin.36	d__Bacteria	p__Bacillota_A	c__Clostridia	o__Peptostreptococcales	f__Peptostreptococcaceae	g__Peptacetobacter	s__Peptacetobacter hiranonis	56.45	8.25	1938380
EHA04649_bin.20	d__Bacteria	p__Bacillota_A	c__Clostridia	o__Lachnospirales	f__Lachnospiraceae	g__	s__	99.75	1.64	1809652
EHA02082_bin.9	d__Bacteria	p__Campylobacterota	c__Campylobacteria	o__Campylobacterales	f__Helicobacteraceae	g__NHYM01	s__	85.56	0.49	1408035
EHA04767_bin.16	d__Bacteria	p__Bacillota_A	c__Clostridia	o__Lachnospirales	f__Lachnospiraceae	g__SIG308	s__	95.87	1.83	3420133
EHA04673_bin.27	d__Bacteria	p__Cyanobacteriota	c__Vampirovibrionia	o__Gastranaerophilales	f__RUG14156	g__Galligastranaerophilus_A	s__	57.81	1.42	1103200
EHA02089_bin.27	d__Bacteria	p__Bacillota_A	c__Clostridia	o__Oscillospirales	f__Oscillospiraceae	g__Faecousia	s__	56.05	8.87	1333686
EHA01925_bin.9	d__Bacteria	p__Bacillota_A	c__Clostridia	o__Lachnospirales	f__Lachnospiraceae	g__Eisenbergiella	s__Eisenbergiella sp900539715	92.87	0.95	2315331
EHA04671_bin.7	d__Bacteria	p__Bacillota_A	c__Clostridia	o__Christensenellales	f__Borkfalkiaceae	g__Coproplasma	s__	80.54	2.65	1355905
EHA01709_bin.38	d__Bacteria	p__Bacillota_C	c__Negativicutes	o__Veillonellales	f__Veillonellaceae	g__	s__	98.86	1.796	1335209
EHA04672_bin.1	d__Bacteria	p__Cyanobacteriota	c__Vampirovibrionia	o__Gastranaerophilales	f__RUG14156	g__Galligastranaerophilus_A	s__	51.02	2.61	1018005
EHA02034_bin.1	d__Bacteria	p__Bacillota	c__Bacilli	o__Lactobacillales	f__Vagococcaceae	g__Vagococcus_D	s__Vagococcus_D coleopterorum	76.88	4.17	1409311
EHA04669_bin.42	d__Bacteria	p__Bacillota_A	c__Clostridia	o__Lachnospirales	f__Lachnospiraceae	g__Agathobacter	s__	52.53	7.17	1607043
EHA04657_bin.25	d__Bacteria	p__Bacillota_A	c__Clostridia	o__Christensenellales	f__UBA1242	g__Onthoplasma	s__	98.3	1.85	1102829
EHA02079_bin.14	d__Bacteria	p__Bacillota_A	c__Clostridia	o__UMGS1883	f__UMGS1883	g__JAJQCX01	s__	83.57	5.56	2000254
EHA04643_bin.26	d__Bacteria	p__Bacteroidota	c__Bacteroidia	o__Bacteroidales	f__Bacteroidaceae	g__Bacteroides	s__	51.37	5.78	3097994
EHA04641_bin.6	d__Bacteria	p__Bacillota_A	c__Clostridia	o__Oscillospirales	f__Ruminococcaceae	g__Ruminococcus_C	s__	91.65	0.13	1389695
EHA04642_bin.5	d__Bacteria	p__Bacillota_A	c__Clostridia	o__Lachnospirales	f__Lachnospiraceae	g__Agathobacter	s__	88.53	0.91	2707771
EHA01897_bin.8	d__Bacteria	p__Bacillota_A	c__Clostridia	o__Lachnospirales	f__Lachnospiraceae	g__Hungatella_A	s__	96.8	0.72	3145333
EHA04656_bin.3	d__Archaea	p__Thermoplasmatota	c__Thermoplasmata	o__Methanomassiliicoccales	f__Methanomethylophilaceae	g__UBA71	s__	97.04	0.04	2115695
EHA02079_bin.46	d__Bacteria	p__Bacillota	c__Bacilli	o__RF39	f__UBA660	g__RUG11198	s__	75.66	4.47	1106886
EHA01918_bin.16	d__Bacteria	p__Bacillota	c__Bacilli	o__Lactobacillales	f__Streptococcaceae	g__Streptococcus	s__Streptococcus lutetiensis	99.98	0.06	1926862
EHA02091_bin.3	d__Bacteria	p__Bacillota_A	c__Clostridia	o__Christensenellales	f__Borkfalkiaceae	g__Coproplasma	s__Coproplasma sp021205485	55.57	0.37	1058015
EHA04665_bin.38	d__Bacteria	p__Bacillota_A	c__Clostridia	o__Lachnospirales	f__Lachnospiraceae	g__SIG308	s__	92.57	1.14	1765729
EHA01666_bin.26	d__Bacteria	p__Bacillota	c__Bacilli	o__Erysipelotrichales	f__Erysipelotrichaceae	g__Bulleidia	s__	87.61	0.136	1181433
EHA01877_bin.19	d__Bacteria	p__Bacillota_A	c__Clostridia	o__Peptostreptococcales	f__Peptostreptococcaceae	g__Peptacetobacter	s__Peptacetobacter hiranonis	63.42	9.97	1216445
EHA01874_bin.19	d__Bacteria	p__Fusobacteriota	c__Fusobacteriia	o__Fusobacteriales	f__Fusobacteriaceae	g__Fusobacterium_B	s__Fusobacterium_B sp900541465	78.07	2.67	1038842
EHA02084_bin.25	d__Bacteria	p__Bacteroidota	c__Bacteroidia	o__Bacteroidales	f__Bacteroidaceae	g__Mediterranea	s__	89.15	0.16	2576879
EHA01920_bin.11	d__Bacteria	p__Bacillota_A	c__Clostridia	o__Lachnospirales	f__Lachnospiraceae	g__Blautia_A	s__Blautia_A sp900541345	52.17	1.14	1321020
EHA01928_bin.1	d__Bacteria	p__Pseudomonadota	c__Gammaproteobacteria	o__Enterobacterales_A	f__Succinivibrionaceae	g__Anaerobiospirillum	s__Anaerobiospirillum succiniciproducens	74.84	3.92	2046001
EHA04661_bin.19	d__Bacteria	p__Bacillota_A	c__Clostridia	o__Lachnospirales	f__Lachnospiraceae	g__UBA4292	s__	99.23	1.31	2664929
EHA02095_bin.28	d__Bacteria	p__Bacillota_A	c__Clostridia	o__Oscillospirales	f__Oscillospiraceae	g__UMGS1766	s__	59.13	2.59	1107273
EHA01873_bin.15	d__Bacteria	p__Fusobacteriota	c__Fusobacteriia	o__Fusobacteriales	f__Fusobacteriaceae	g__Fusobacterium_A	s__	70.23	1.95	2028691
EHA01914_bin.8	d__Bacteria	p__Campylobacterota	c__Campylobacteria	o__Campylobacterales	f__Helicobacteraceae	g__Helicobacter_B	s__	99.32	0.79	1780462
EHA01878_bin.29	d__Bacteria	p__Bacteroidota	c__Bacteroidia	o__Bacteroidales	f__Bacteroidaceae	g__Phocaeicola	s__	69.79	4.05	2101892
EHA01886_bin.18	d__Bacteria	p__Bacillota_A	c__Clostridia	o__Lachnospirales	f__Lachnospiraceae	g__Faecalimonas	s__Faecalimonas sp900550235	92.99	3.54	2586719
EHA02255_bin.3	d__Bacteria	p__Pseudomonadota	c__Gammaproteobacteria	o__Xanthomonadales	f__Xanthomonadaceae	g__Luteimonas_D	s__	75.72	4.64	2035495
EHA04635_bin.24	d__Bacteria	p__Bacillota	c__Bacilli	o__RF39	f__UBA660	g__RUG11788	s__	93.68	4.89	1573460
EHA04639_bin.19	d__Bacteria	p__Bacillota_A	c__Clostridia	o__Christensenellales	f__Borkfalkiaceae	g__Coproplasma	s__	66.65	0.19	1067402
EHA02035_bin.4	d__Bacteria	p__Bacillota	c__Bacilli	o__Lactobacillales	f__Listeriaceae	g__Brochothrix	s__Brochothrix thermosphacta	99.79	0.13	2430600
EHA01598_bin.1	d__Bacteria	p__Bacillota_A	c__Clostridia	o__Tissierellales	f__Peptoniphilaceae	g__Anaerosphaera	s__	99.3	0.699	1686113
EHA04669_bin.39	d__Bacteria	p__Bacillota_A	c__Clostridia	o__Oscillospirales	f__Oscillospiraceae	g__Onthomonas	s__	64.6	6.77	1688100
EHA01898_bin.14	d__Bacteria	p__Bacillota	c__Bacilli	o__Mycoplasmatales	f__Mycoplasmoidaceae	g__Mycoplasmoides	s__	61.11	2.56	525771
EHA04642_bin.35	d__Bacteria	p__Bacillota_A	c__Clostridia	o__Christensenellales	f__Borkfalkiaceae	g__Coproplasma	s__	83.39	1.68	1563184
EHA02084_bin.21	d__Bacteria	p__Bacillota_A	c__Clostridia	o__Lachnospirales	f__Lachnospiraceae	g__Choladousia	s__	70.21	3.24	2493736
EHA01900_bin.15	d__Bacteria	p__Bacillota_A	c__Clostridia	o__Oscillospirales	f__Butyricicoccaceae	g__Butyricicoccus	s__Butyricicoccus pullicaecorum_C	99.2	0.01	2125398
EHA04648_bin.15	d__Bacteria	p__Cyanobacteriota	c__Vampirovibrionia	o__Gastranaerophilales	f__Gastranaerophilaceae	g__Avigastranaerophilus	s__	89.55	0.61	1932678
EHA01895_bin.26	d__Bacteria	p__Campylobacterota	c__Campylobacteria	o__Campylobacterales	f__Helicobacteraceae	g__Helicobacter_A	s__	52.8	5.91	1214201
EHA02098_bin.30	d__Bacteria	p__Bacillota_A	c__Clostridia	o__Christensenellales	f__Borkfalkiaceae	g__Coproplasma	s__	65.1	6.24	1232382
EHA04636_bin.11	d__Bacteria	p__Bacillota_A	c__Clostridia	o__Christensenellales	f__UBA1242	g__Caccovivens	s__	92.24	1.26	872291
EHA04647_bin.15	d__Bacteria	p__Bacillota_A	c__Clostridia	o__Christensenellales	f__Borkfalkiaceae	g__Coproplasma	s__	96.55	0.97	2135908
EHA04639_bin.21	d__Bacteria	p__Bacillota_A	c__Clostridia	o__Oscillospirales	f__Acutalibacteraceae	g__UBA1081	s__UBA1081 sp021200555	97.06	5.19	2193947
EHA02079_bin.27	d__Bacteria	p__Bacteroidota	c__Bacteroidia	o__Bacteroidales	f__Bacteroidaceae	g__Prevotella	s__	84.89	0.03	2010638
EHA04635_bin.29	d__Bacteria	p__Bacillota	c__Bacilli	o__RF39	f__UBA660	g__SIG200	s__	55.63	9.8	890215
EHA02018_bin.8	d__Bacteria	p__Bacillota_A	c__Clostridia	o__Lachnospirales	f__Lachnospiraceae	g__CHH4-2	s__	70.73	4.38	3573158
EHA02273_bin.3	d__Bacteria	p__Bacteroidota	c__Bacteroidia	o__Sphingobacteriales	f__Sphingobacteriaceae	g__Sphingobacterium	s__	99.17	6.36	4756876
EHA04654_bin.8	d__Bacteria	p__Bacillota_A	c__Clostridia	o__Oscillospirales	f__Oscillospiraceae	g__JAJQCF01	s__JAJQCF01 sp021202845	84.38	1.81	1870516
EHA04636_bin.25	d__Bacteria	p__Bacillota_A	c__Clostridia	o__Christensenellales	f__Borkfalkiaceae	g__Coproplasma	s__	92.53	1.82	2126301
EHA01895_bin.6	d__Bacteria	p__Desulfobacterota	c__Desulfovibrionia	o__Desulfovibrionales	f__Desulfovibrionaceae	g__Mailhella	s__	76.15	2.52	1635634
EHA04670_bin.5	d__Bacteria	p__Bacillota_A	c__Clostridia	o__Oscillospirales	f__Ruminococcaceae	g__Faeciplasma	s__	97.42	6.85	1758210
EHA01917_bin.15	d__Bacteria	p__Bacillota_A	c__Clostridia	o__Oscillospirales	f__Ruminococcaceae	g__Fournierella	s__	76.62	5.81	1583119
EHA02082_bin.19	d__Bacteria	p__Bacillota_A	c__Clostridia	o__Oscillospirales	f__Ruminococcaceae	g__Faeciplasma	s__	70.43	3	1319601
EHA01904_bin.12	d__Bacteria	p__Fusobacteriota	c__Fusobacteriia	o__Fusobacteriales	f__Fusobacteriaceae	g__Fusobacterium_B	s__Fusobacterium_B sp900541465	98.85	0.09	1644693
EHA04637_bin.29	d__Bacteria	p__Bacillota_A	c__Clostridia	o__TANB77	f__CAG-508	g__Scatovivens	s__	55.36	7.07	1170260
EHA04656_bin.27	d__Bacteria	p__Bacillota_A	c__Clostridia	o__Lachnospirales	f__Lachnospiraceae	g__COE1	s__	84.31	3.31	2055729
EHA01709_bin.70	d__Bacteria	p__Bacillota_A	c__Clostridia	o__Tissierellales	f__Peptoniphilaceae	g__	s__	57.67	0.696	1089468
EHA01914_bin.4	d__Bacteria	p__Bacillota	c__Bacilli	o__Erysipelotrichales	f__Coprobacillaceae	g__MGBC140090	s__	95.54	1.02	2108706
EHA04667_bin.1	d__Bacteria	p__Bacteroidota	c__Bacteroidia	o__Bacteroidales	f__Bacteroidaceae	g__Prevotella	s__	99.44	0.07	2112337
EHA04636_bin.7	d__Bacteria	p__Bacillota_A	c__Clostridia	o__Oscillospirales	f__Oscillospiraceae	g__JAJQCF01	s__JAJQCF01 sp021202845	95.85	1.38	1563889
EHA01907_bin.8	d__Bacteria	p__Bacteroidota	c__Bacteroidia	o__Bacteroidales	f__Bacteroidaceae	g__Phocaeicola	s__	99.55	1.06	3010714
EHA04669_bin.20	d__Bacteria	p__Bacillota_A	c__Clostridia	o__UMGS1883	f__UMGS1883	g__JAJQCX01	s__	75.23	3.86	1551736
EHA01890_bin.32	d__Bacteria	p__Bacillota_A	c__Clostridia	o__Oscillospirales	f__Oscillospiraceae	g__Faecousia	s__	89.59	2.22	1605582
EHA01878_bin.12	d__Bacteria	p__Fusobacteriota	c__Fusobacteriia	o__Fusobacteriales	f__Fusobacteriaceae	g__Fusobacterium_B	s__Fusobacterium_B sp019416865	92.1	1.66	1778958
EHA04652_bin.29	d__Bacteria	p__Bacillota_A	c__Clostridia	o__Oscillospirales	f__Oscillospiraceae	g__JAJPXI01	s__	66.98	7.76	1352564
EHA04678_bin.6	d__Bacteria	p__Bacillota_A	c__Clostridia	o__UBA1381	f__UBA1381	g__	s__	59.66	0.32	1427976
EHA04678_bin.17	d__Bacteria	p__Bacillota_A	c__Clostridia	o__Lachnospirales	f__Lachnospiraceae	g__Agathobacter	s__	96.25	1.83	3266273
EHA04646_bin.10	d__Bacteria	p__Bacillota_A	c__Clostridia	o__Christensenellales	f__Borkfalkiaceae	g__Coproplasma	s__	92.47	1.28	1466868
EHA04667_bin.35	d__Bacteria	p__Bacillota_A	c__Clostridia	o__Christensenellales	f__Borkfalkiaceae	g__Coproplasma	s__	86.27	1.4	1644507
EHA04643_bin.18	d__Bacteria	p__Bacillota_A	c__Clostridia	o__Lachnospirales	f__Lachnospiraceae	g__Acetatifactor	s__	100	0	3625338
EHA02078_bin.31	d__Bacteria	p__Bacillota_A	c__Clostridia	o__Oscillospirales	f__Oscillospiraceae	g__Faecousia	s__	64.85	0.2	1324231
EHA04634_bin.6	d__Bacteria	p__Bacillota	c__Bacilli	o__RF39	f__UBA660	g__SIG200	s__	93.55	0.69	1235823
EHA04646_bin.21	d__Bacteria	p__Bacteroidota	c__Bacteroidia	o__Bacteroidales	f__Muribaculaceae	g__UBA7173	s__UBA7173 sp900545955	78.76	2.31	1943858
EHA02093_bin.5	d__Bacteria	p__Bacillota_A	c__Clostridia	o__Oscillospirales	f__Oscillospiraceae	g__JAJQCF01	s__JAJQCF01 sp021202845	73.16	0.56	1554361
EHA01886_bin.1	d__Bacteria	p__Pseudomonadota	c__Gammaproteobacteria	o__Enterobacterales_A	f__Succinivibrionaceae	g__Anaerobiospirillum	s__Anaerobiospirillum succiniciproducens	93.41	0.3	3711761
EHA01889_bin.7	d__Bacteria	p__Pseudomonadota	c__Gammaproteobacteria	o__Burkholderiales	f__Burkholderiaceae_A	g__Sutterella	s__Sutterella wadsworthensis_A	61.99	6.78	1590635
EHA02079_bin.21	d__Bacteria	p__Bacillota_A	c__Clostridia	o__Lachnospirales	f__Lachnospiraceae	g__UBA4292	s__	90.8	1.82	2202800
EHA04666_bin.20	d__Bacteria	p__Bacillota_A	c__Clostridia	o__Lachnospirales	f__Lachnospiraceae	g__SIG308	s__	98.08	3.12	4303701
EHA04674_bin.8	d__Bacteria	p__Bacillota_A	c__Clostridia	o__Oscillospirales	f__Oscillospiraceae	g__JAJQCF01	s__JAJQCF01 sp021202845	85.41	1.83	1890040
EHA02084_bin.14	d__Bacteria	p__Bacillota_A	c__Clostridia	o__Oscillospirales	f__Oscillospiraceae	g__RGIG7114	s__RGIG7114 sp020860205	54.3	0.15	851631
EHA04672_bin.27	d__Bacteria	p__Bacillota_A	c__Clostridia	o__Oscillospirales	f__Oscillospiraceae	g__JAJQCF01	s__JAJQCF01 sp021202845	54.53	0.51	1304483
EHA04676_bin.15	d__Bacteria	p__Bacillota_A	c__Clostridia	o__Oscillospirales	f__Oscillospiraceae	g__JAJQCF01	s__JAJQCF01 sp021202845	97.94	0.3	1892880
EHA04666_bin.26	d__Bacteria	p__Bacillota_A	c__Clostridia	o__TANB77	f__CAG-508	g__CAG-269	s__	67.16	9.91	1893134
EHA02082_bin.6	d__Bacteria	p__Bacillota_A	c__Clostridia	o__Lachnospirales	f__Lachnospiraceae	g__UBA4292	s__	84.44	2.32	2009649
EHA02082_bin.21	d__Bacteria	p__Bacillota_A	c__Clostridia	o__Oscillospirales	f__Oscillospiraceae	g__Onthomonas	s__	54.73	7.81	2330154
EHA04651_bin.5	d__Bacteria	p__Bacillota_C	c__Negativicutes	o__Acidaminococcales	f__Acidaminococcaceae	g__Phascolarctobacterium_A	s__	100	0.24	1546295
EHA04657_bin.13	d__Bacteria	p__Bacillota_A	c__Clostridia	o__Lachnospirales	f__Lachnospiraceae	g__Acetatifactor	s__	63.54	1.68	2256499
EHA02269_bin.24	d__Bacteria	p__Actinomycetota	c__Actinomycetia	o__Mycobacteriales	f__Mycobacteriaceae	g__Dietzia	s__Dietzia timorensis	82.64	2.32	2739715
EHA02089_bin.16	d__Bacteria	p__Bacillota_A	c__Clostridia	o__Christensenellales	f__Borkfalkiaceae	g__Coproplasma	s__	90.16	3.76	1914026
EHA02258_bin.20	d__Bacteria	p__Bacillota	c__Bacilli	o__Staphylococcales	f__Staphylococcaceae	g__Staphylococcus	s__Staphylococcus shinii	53.38	8.93	2272782
EHA01872_bin.38	d__Bacteria	p__Bacillota_A	c__Clostridia	o__TANB77	f__CAG-508	g__Merdicola	s__	54.37	8.44	1949759
EHA02255_bin.31	d__Bacteria	p__Bdellovibrionota	c__Bdellovibrionia	o__Bdellovibrionales	f__JAMLIO01	g__JAMLIO01	s__	96.59	1.32	2405418
EHA04642_bin.15	d__Bacteria	p__Bacillota_A	c__Clostridia	o__Lachnospirales	f__CAG-274	g__JAJQCI01	s__	90.17	4.23	2161566
EHA02075_bin.43	d__Bacteria	p__Bacillota_A	c__Clostridia	o__Lachnospirales	f__Lachnospiraceae	g__Ventrimonas	s__Ventrimonas sp021202925	65.44	6.41	1538680
EHA02096_bin.12	d__Bacteria	p__Bacillota_A	c__Clostridia	o__Lachnospirales	f__Lachnospiraceae	g__VSOB01	s__	96.35	0.15	2733214
EHA01890_bin.55	d__Bacteria	p__Fusobacteriota	c__Fusobacteriia	o__Fusobacteriales	f__Fusobacteriaceae	g__Fusobacterium_B	s__	59.7	8.88	1461755
EHA01899_bin.29	d__Bacteria	p__Fusobacteriota	c__Fusobacteriia	o__Fusobacteriales	f__Fusobacteriaceae	g__Fusobacterium_A	s__Fusobacterium_A sp900555845	53.34	4.65	904772
EHA04652_bin.22	d__Bacteria	p__Bacillota_A	c__Clostridia	o__TANB77	f__CAG-508	g__CAG-273	s__	91.7	2.98	1078267
EHA01598_bin.13	d__Bacteria	p__Bacillota_A	c__Clostridia	o__Peptostreptococcales	f__Filifactoraceae	g__	s__	52.5	0	1062340
EHA02078_bin.32	d__Bacteria	p__Bacillota_A	c__Clostridia	o__Christensenellales	f__UBA1242	g__RGIG1681	s__	60.75	5.47	570067
EHA01915_bin.18	d__Bacteria	p__Bacillota_A	c__Clostridia	o__Peptostreptococcales	f__Peptostreptococcaceae	g__Peptacetobacter	s__	64.31	2.71	1725066
EHA01882_bin.26	d__Bacteria	p__Bacillota_A	c__Clostridia	o__Lachnospirales	f__Lachnospiraceae	g__Ventrimonas	s__Ventrimonas sp900538475	57.65	1.07	1787465
EHA04675_bin.7	d__Bacteria	p__Bacillota_A	c__Clostridia	o__Oscillospirales	f__Oscillospiraceae	g__Faecousia	s__	93.25	0.06	2740933
EHA04640_bin.26	d__Bacteria	p__Bacillota	c__Bacilli	o__RF39	f__UBA660	g__Onthocola_B	s__	89.7	6.13	1275801
EHA01908_bin.5	d__Bacteria	p__Pseudomonadota	c__Gammaproteobacteria	o__Burkholderiales	f__Burkholderiaceae_A	g__Aphodousia	s__	99.57	0.39	1726543
EHA04664_bin.22	d__Bacteria	p__Bacillota_A	c__Clostridia	o__Lachnospirales	f__Lachnospiraceae	g__Agathobacter	s__	85.4	2.18	2161390
EHA04634_bin.25	d__Bacteria	p__Bacillota	c__Bacilli	o__RF39	f__UBA660	g__Onthocola_B	s__	61.57	7.09	1608953
EHA02028_bin.2	d__Bacteria	p__Pseudomonadota	c__Gammaproteobacteria	o__Diplorickettsiales	f__Diplorickettsiaceae	g__Aquirickettsiella	s__	99.81	0.03	1789497
EHA01903_bin.5	d__Bacteria	p__Bacillota	c__Bacilli	o__Erysipelotrichales	f__Erysipelotrichaceae	g__Faecalitalea	s__	93.4	1.72	1735091
EHA02083_bin.10	d__Bacteria	p__Bacillota_A	c__Clostridia	o__Christensenellales	f__Borkfalkiaceae	g__Coproplasma	s__Coproplasma sp021202395	93.11	2.2	1855620
EHA01892_bin.22	d__Bacteria	p__Fusobacteriota	c__Fusobacteriia	o__Fusobacteriales	f__Fusobacteriaceae	g__Fusobacterium_A	s__Fusobacterium_A sp900555845	65.26	1.62	884052
EHA01904_bin.2	d__Bacteria	p__Bacillota	c__Bacilli	o__Erysipelotrichales	f__Erysipelotrichaceae	g__Holdemanella	s__Holdemanella porci_A	99.65	1.78	1799086
EHA04641_bin.25	d__Bacteria	p__Bacillota_A	c__Clostridia	o__Lachnospirales	f__Lachnospiraceae	g__Agathobacter	s__	78.88	0.63	2328427
EHA04674_bin.31	d__Bacteria	p__Bacillota_A	c__Clostridia	o__Lachnospirales	f__Lachnospiraceae	g__Anaerobutyricum	s__	55.86	3.75	2326211
EHA04658_bin.20	d__Bacteria	p__Bacillota_A	c__Clostridia	o__Lachnospirales	f__CAG-274	g__	s__	63.62	8.57	1696075
EHA02082_bin.7	d__Bacteria	p__Desulfobacterota	c__Desulfovibrionia	o__Desulfovibrionales	f__Desulfovibrionaceae	g__Desulfovibrio	s__	82.89	0.02	1966326
EHA01709_bin.47	d__Bacteria	p__Bacteroidota	c__Bacteroidia	o__Bacteroidales	f__Tannerellaceae	g__Parabacteroides	s__Parabacteroides distasonis	89.99	0.653	3927919
EHA01900_bin.14	d__Bacteria	p__Campylobacterota	c__Campylobacteria	o__Campylobacterales	f__Helicobacteraceae	g__Helicobacter_A	s__	55.92	0.04	1332498
EHA04642_bin.1	d__Bacteria	p__Bacillota_A	c__Clostridia	o__Christensenellales	f__UBA1242	g__Caccovivens	s__	54.57	1.55	670126
EHA02084_bin.22	d__Bacteria	p__Bacillota_A	c__Clostridia	o__Lachnospirales	f__Lachnospiraceae	g__Ventrimonas	s__	71.12	0.78	1696752
EHA04674_bin.5	d__Bacteria	p__Bacillota_A	c__Clostridia	o__Lachnospirales	f__CAG-274	g__JAJQCI01	s__	63.94	1.8	1636442
EHA01918_bin.28	d__Bacteria	p__Bacillota_A	c__Clostridia	o__Lachnospirales	f__Lachnospiraceae	g__Faecalimonas	s__Faecalimonas umbilicata	63.46	4.34	1816796
EHA04672_bin.8	d__Bacteria	p__Bacillota_A	c__Clostridia	o__Christensenellales	f__UBA1242	g__RGIG1681	s__	97.85	1.27	1384335
EHA04672_bin.11	d__Bacteria	p__Synergistota	c__Synergistia	o__Synergistales	f__Synergistaceae	g__Caccocola	s__	72.69	2.37	2182528
EHA04647_bin.20	d__Bacteria	p__Pseudomonadota	c__Alphaproteobacteria	o__RF32	f__UBA3637	g__UBA7488	s__	84.81	1.27	1100402
EHA01891_bin.1	d__Bacteria	p__Bacillota_A	c__Clostridia	o__Oscillospirales	f__Ruminococcaceae	g__Fournierella	s__Fournierella massiliensis	56.05	0.64	1629755
EHA04665_bin.3	d__Archaea	p__Thermoplasmatota	c__Thermoplasmata	o__Methanomassiliicoccales	f__Methanomethylophilaceae	g__UBA71	s__	97.47	1.98	1664305
EHA01922_bin.34	d__Bacteria	p__Bacillota_A	c__Clostridia	o__Clostridiales	f__Clostridiaceae	g__Sarcina	s__Sarcina perfringens	52.41	6.99	908458
EHA02273_bin.4	d__Bacteria	p__Actinomycetota	c__Actinomycetia	o__Mycobacteriales	f__Mycobacteriaceae	g__Dietzia	s__Dietzia timorensis	55.58	0.84	2104199
EHA01887_bin.10	d__Bacteria	p__Actinomycetota	c__Coriobacteriia	o__Coriobacteriales	f__Coriobacteriaceae	g__Collinsella	s__Collinsella intestinalis	53.31	2.05	978409
EHA02097_bin.1	d__Bacteria	p__Bacteroidota	c__Bacteroidia	o__Bacteroidales	f__Bacteroidaceae	g__Prevotella	s__	99.8	0.01	2578339
EHA02081_bin.25	d__Bacteria	p__Bacillota_A	c__Clostridia	o__Lachnospirales	f__Lachnospiraceae	g__Ventrimonas	s__Ventrimonas sp021202655	67.04	1.17	1416337
EHA02084_bin.16	d__Bacteria	p__Bacillota_A	c__Clostridia	o__Lachnospirales	f__Lachnospiraceae	g__VSOB01	s__	83.59	2.8	2514801
EHA04643_bin.9	d__Bacteria	p__Bacillota	c__Bacilli	o__RFN20	f__CAG-288	g__Enterosoma	s__	96.58	0.32	1880449
EHA02269_bin.27	d__Bacteria	p__Pseudomonadota	c__Alphaproteobacteria	o__Rhodobacterales	f__Rhodobacteraceae	g__Paracoccus	s__	52.5	9.53	3383831
EHA01926_bin.2	d__Bacteria	p__Bacillota_A	c__Clostridia	o__Lachnospirales	f__Lachnospiraceae	g__Blautia	s__Blautia sp000432195	86.13	0.66	2650420
EHA04642_bin.31	d__Bacteria	p__Bacillota_A	c__Clostridia	o__Lachnospirales	f__Lachnospiraceae	g__UBA4292	s__	84.89	1.82	2346931
EHA04765_bin.28	d__Bacteria	p__Bacillota_A	c__Clostridia	o__Christensenellales	f__Borkfalkiaceae	g__Coproplasma	s__	81.51	0.02	2394310
EHA02077_bin.5	d__Bacteria	p__Bacillota_A	c__Clostridia	o__Oscillospirales	f__Oscillospiraceae	g__JAJQCF01	s__JAJQCF01 sp021202845	94.92	1.18	1769927
EHA02075_bin.7	d__Bacteria	p__Bacillota_A	c__Clostridia	o__Oscillospirales	f__Ruminococcaceae	g__UMGS1601	s__UMGS1601 sp021199305	99.87	1.19	1747049
EHA04650_bin.12	d__Bacteria	p__Bacillota_A	c__Clostridia	o__Oscillospirales	f__Oscillospiraceae	g__Faecousia	s__	61.9	2.05	1744128
EHA04656_bin.14	d__Bacteria	p__Bacillota_A	c__Clostridia	o__Christensenellales	f__UBA1242	g__CAKVOD01	s__	95.4	1.49	1101927
EHA04663_bin.6	d__Bacteria	p__Campylobacterota	c__Campylobacteria	o__Campylobacterales	f__Campylobacteraceae	g__Campylobacter_D	s__Campylobacter_D sp008633915	72.02	0.81	1055788
EHA04662_bin.28	d__Bacteria	p__Bacillota_A	c__Clostridia	o__Oscillospirales	f__Oscillospiraceae	g__Onthomonas	s__	65.91	1.14	1328277
EHA02082_bin.22	d__Bacteria	p__Bacillota_A	c__Clostridia	o__Lachnospirales	f__Lachnospiraceae	g__RGIG6307	s__	50.05	9.51	2203482
EHA04662_bin.6	d__Bacteria	p__Bacillota_A	c__Clostridia	o__Lachnospirales	f__Lachnospiraceae	g__UBA4292	s__	99.18	0	2088821
EHA04661_bin.27	d__Bacteria	p__Bacillota_A	c__Clostridia	o__Oscillospirales	f__Ruminococcaceae	g__Faeciplasma	s__	90.23	6.83	1680505
EHA02258_bin.11	d__Bacteria	p__Bacillota_A	c__Clostridia	o__Peptostreptococcales	f__Peptostreptococcaceae	g__GCA-900066495	s__GCA-900066495 sp900545985	76.61	0.03	2286568
EHA01698_bin.13	d__Bacteria	p__Fusobacteriota	c__Fusobacteriia	o__Fusobacteriales	f__Fusobacteriaceae	g__Fusobacterium_A	s__Fusobacterium_A sp900015295	98.87	1.685	2219742
EHA01889_bin.13	d__Bacteria	p__Bacteroidota	c__Bacteroidia	o__Bacteroidales	f__Bacteroidaceae	g__Phocaeicola_A	s__	64.95	5.56	2480653
EHA04634_bin.19	d__Bacteria	p__Bacillota_A	c__Clostridia	o__Oscillospirales	f__Ruminococcaceae	g__Faeciplasma	s__	100	1.24	2000332
EHA02085_bin.12	d__Bacteria	p__Bacillota_A	c__Clostridia	o__Lachnospirales	f__Lachnospiraceae	g__Eubacterium_I	s__	98.28	1.59	2537468
EHA04640_bin.24	d__Bacteria	p__Bacillota_A	c__Clostridia	o__Lachnospirales	f__Lachnospiraceae	g__Choladousia	s__	88.16	1.79	2913824
EHA02088_bin.9	d__Bacteria	p__Pseudomonadota	c__Gammaproteobacteria	o__Burkholderiales	f__Burkholderiaceae_A	g__Mesosutterella	s__	51.98	6.71	1292494
EHA02269_bin.3	d__Bacteria	p__Bacteroidota	c__Bacteroidia	o__Flavobacteriales	f__Weeksellaceae	g__Moheibacter	s__Moheibacter sp012522185	94.1	0.09	2298215
EHA04675_bin.30	d__Bacteria	p__Bacillota_A	c__Clostridia	o__Lachnospirales	f__Lachnospiraceae	g__RGIG6307	s__	81.8	1.27	1756023
EHA04663_bin.18	d__Bacteria	p__Bacillota_A	c__Clostridia	o__Christensenellales	f__Borkfalkiaceae	g__Coproplasma	s__	96.33	0.81	1842218
EHA04637_bin.8	d__Bacteria	p__Bacillota_A	c__Clostridia	o__Christensenellales	f__Borkfalkiaceae	g__Coproplasma	s__Coproplasma sp021205485	97.3	0.74	2359610
EHA04672_bin.49	d__Bacteria	p__Bacillota_A	c__Clostridia	o__Christensenellales	f__Borkfalkiaceae	g__Coproplasma	s__	66.19	0.77	916489
EHA02094_bin.10	d__Bacteria	p__Pseudomonadota	c__Gammaproteobacteria	o__Burkholderiales	f__Burkholderiaceae_A	g__Sutterella	s__	70.6	1.42	1902225
EHA01907_bin.13	d__Bacteria	p__Fusobacteriota	c__Fusobacteriia	o__Fusobacteriales	f__Fusobacteriaceae	g__Fusobacterium_B	s__Fusobacterium_B sp900554885	50.79	6.36	794478
EHA01595_bin.4	d__Bacteria	p__Bacillota_A	c__Clostridia	o__Lachnospirales	f__Lachnospiraceae	g__Enterocloster	s__Enterocloster clostridioformis_A	91.94	0.651	3580271
EHA01882_bin.22	d__Bacteria	p__Fusobacteriota	c__Fusobacteriia	o__Fusobacteriales	f__Fusobacteriaceae	g__Fusobacterium_B	s__Fusobacterium_B sp900541465	68.85	2.49	1224238
EHA02096_bin.19	d__Bacteria	p__Bacillota_A	c__Clostridia	o__Lachnospirales	f__Lachnospiraceae	g__UBA4292	s__	98.23	0.16	2398662
EHA04676_bin.4	d__Bacteria	p__Bacillota_A	c__Clostridia	o__Oscillospirales	f__Ruminococcaceae	g__Faecalibacterium	s__	52.82	7.05	412157
EHA04667_bin.27	d__Bacteria	p__Desulfobacterota	c__Desulfovibrionia	o__Desulfovibrionales	f__Desulfovibrionaceae	g__Desulfovibrio	s__	99.84	0.14	1600861
EHA02084_bin.10	d__Bacteria	p__Bacillota_A	c__Clostridia	o__Oscillospirales	f__Oscillospiraceae	g__JAJPXI01	s__	97.84	0.02	2048079
EHA04767_bin.5	d__Bacteria	p__Bacillota_A	c__Clostridia	o__UBA1381	f__UBA1381	g__CAG-41	s__	92.23	2.93	2019613
EHA01595_bin.8	d__Bacteria	p__Bacteroidota	c__Bacteroidia	o__Bacteroidales	f__Bacteroidaceae	g__Bacteroides	s__Bacteroides fragilis	99.25	0	5020724
EHA01878_bin.6	d__Bacteria	p__Desulfobacterota	c__Desulfovibrionia	o__Desulfovibrionales	f__Desulfovibrionaceae	g__Mailhella	s__	93.82	0.34	2100115
EHA04673_bin.37	d__Bacteria	p__Bacillota_A	c__Clostridia	o__Christensenellales	f__Borkfalkiaceae	g__Coproplasma	s__	63.79	3.1	1217634
EHA01709_bin.3	d__Bacteria	p__Fusobacteriota	c__Fusobacteriia	o__Fusobacteriales	f__Fusobacteriaceae	g__Fusobacterium_A	s__	77.68	1.685	1548193
EHA04675_bin.33	d__Bacteria	p__Bacillota_A	c__Clostridia	o__Oscillospirales	f__Oscillospiraceae	g__UMGS1766	s__	56.82	1.49	1193548
EHA01589_bin.2	d__Bacteria	p__Campylobacterota	c__Campylobacteria	o__Campylobacterales	f__Campylobacteraceae	g__Campylobacter_D	s__	97.23	1.102	1716490
EHA01919_bin.36	d__Bacteria	p__Bacillota_A	c__Clostridia	o__Peptostreptococcales	f__Peptostreptococcaceae	g__Peptacetobacter	s__Peptacetobacter hiranonis	88.16	7.08	1290701
EHA04650_bin.9	d__Bacteria	p__Bacillota_A	c__Clostridia	o__Oscillospirales	f__CAG-272	g__DTU064	s__DTU064 sp021202555	93.88	0.59	1830663
EHA02080_bin.1	d__Bacteria	p__Bacillota_A	c__Clostridia	o__Oscillospirales	f__Oscillospiraceae	g__JAJQCF01	s__JAJQCF01 sp021202845	97.47	0.08	1893854
EHA04661_bin.18	d__Bacteria	p__Bacillota_A	c__Clostridia	o__Lachnospirales	f__Lachnospiraceae	g__Eisenbergiella	s__	51.58	9.36	2677066
EHA01925_bin.8	d__Bacteria	p__Bacillota_A	c__Clostridia	o__Oscillospirales	f__Ruminococcaceae	g__Avimicrobium	s__Avimicrobium sp934845495	87.64	4.12	1458723
EHA04648_bin.7	d__Bacteria	p__Desulfobacterota	c__Desulfovibrionia	o__Desulfovibrionales	f__Desulfovibrionaceae	g__Desulfovibrio	s__	97.3	0.2	2301868
EHA02089_bin.6	d__Bacteria	p__Bacillota_A	c__Clostridia	o__Oscillospirales	f__Ruminococcaceae	g__UMGS1601	s__UMGS1601 sp021199305	89.47	2.17	1594032
EHA04651_bin.34	d__Bacteria	p__Bacillota	c__Bacilli	o__RF39	f__UBA660	g__Onthocola_B	s__	50.19	8.4	1540072
EHA04669_bin.1	d__Bacteria	p__Bacteroidota	c__Bacteroidia	o__Bacteroidales	f__Rikenellaceae	g__Alistipes	s__Alistipes sp900761235	93.36	0.46	2243212
EHA04662_bin.20	d__Bacteria	p__Bacteroidota	c__Bacteroidia	o__Bacteroidales	f__Bacteroidaceae	g__Prevotella	s__	99.49	0.03	2616627
EHA02095_bin.19	d__Bacteria	p__Bacteroidota	c__Bacteroidia	o__Bacteroidales	f__Bacteroidaceae	g__Phocaeicola	s__	99.72	0.04	3201526
EHA04647_bin.5	d__Bacteria	p__Bacillota_A	c__Clostridia	o__Oscillospirales	f__Oscillospiraceae	g__CAJOIG01	s__CAJOIG01 sp021203045	89.42	0.98	1977380
EHA02085_bin.5	d__Bacteria	p__Bacillota_A	c__Clostridia	o__Lachnospirales	f__CAG-274	g__Gallispira	s__	93.46	0.17	2111681
EHA02086_bin.14	d__Bacteria	p__Bacillota_A	c__Clostridia	o__Lachnospirales	f__Lachnospiraceae	g__Coprococcus	s__	84.95	3	1794612
EHA02273_bin.8	d__Bacteria	p__Actinomycetota	c__Actinomycetia	o__Actinomycetales	f__Beutenbergiaceae	g__Ruania	s__	92.31	2.5	4262320
EHA02018_bin.6	d__Bacteria	p__Bacteroidota	c__Bacteroidia	o__Bacteroidales	f__Bacteroidaceae	g__Bacteroides	s__Bacteroides sp900547205	54.71	1.17	2629655
EHA01892_bin.19	d__Bacteria	p__Campylobacterota	c__Campylobacteria	o__Campylobacterales	f__Helicobacteraceae	g__Helicobacter_D	s__	86.55	1.49	1441880
EHA01900_bin.48	d__Bacteria	p__Fusobacteriota	c__Fusobacteriia	o__Fusobacteriales	f__Fusobacteriaceae	g__Fusobacterium_A	s__	66.32	3.16	1006021
EHA02263_bin.17	d__Bacteria	p__Actinomycetota	c__Actinomycetia	o__Mycobacteriales	f__Mycobacteriaceae	g__Corynebacterium	s__Corynebacterium stationis	100	0.02	2661568
EHA01634_bin.19	d__Bacteria	p__Bacillota_A	c__Clostridia	o__Clostridiales	f__Clostridiaceae	g__Clostridium	s__Clostridium tertium	95.65	1.148	3520802
EHA01925_bin.28	d__Bacteria	p__Bacteroidota	c__Bacteroidia	o__Bacteroidales	f__Bacteroidaceae	g__Phocaeicola	s__	57.18	7.99	3520690
EHA04677_bin.7	d__Bacteria	p__Bacillota_A	c__Clostridia	o__Lachnospirales	f__Lachnospiraceae	g__UBA4292	s__	92.91	0.02	2142574
EHA01904_bin.7	d__Bacteria	p__Pseudomonadota	c__Gammaproteobacteria	o__Burkholderiales	f__Burkholderiaceae_A	g__Sutterella	s__	98.61	0.53	2557227
EHA02078_bin.33	d__Bacteria	p__Bacillota_A	c__Clostridia	o__Christensenellales	f__Borkfalkiaceae	g__Coproplasma	s__	72.05	2.1	1565461
EHA04677_bin.3	d__Bacteria	p__Bacillota_A	c__Clostridia	o__TANB77	f__CAG-465	g__CAG-465	s__	95.42	0.1	1353818
EHA04640_bin.17	d__Bacteria	p__Bacillota_A	c__Clostridia	o__UMGS1883	f__UMGS1883	g__JAJQCX01	s__	96.45	2.9	2570828
EHA02095_bin.14	d__Bacteria	p__Bacillota_A	c__Clostridia	o__Oscillospirales	f__Ruminococcaceae	g__Faeciplasma	s__	85.9	4.77	1964711
EHA01918_bin.17	d__Bacteria	p__Pseudomonadota	c__Gammaproteobacteria	o__Burkholderiales	f__Burkholderiaceae_A	g__Sutterella	s__	61	4.49	880058
EHA02077_bin.7	d__Bacteria	p__Bacillota_A	c__Clostridia	o__UMGS1883	f__UMGS1883	g__JAJQCX01	s__	76.05	1.98	1515982
EHA04640_bin.33	d__Bacteria	p__Bacillota_A	c__Clostridia	o__Lachnospirales	f__Lachnospiraceae	g__	s__	52.78	4.48	1421237
EHA04665_bin.23	d__Bacteria	p__Bacillota_A	c__Clostridia	o__Lachnospirales	f__Lachnospiraceae	g__UBA4292	s__	99.64	0.02	2498829
EHA04668_bin.13	d__Bacteria	p__Bacillota_A	c__Clostridia	o__Lachnospirales	f__Lachnospiraceae	g__Butyribacter	s__	90.21	0.32	1800938
EHA04642_bin.36	d__Bacteria	p__Bacillota_A	c__Clostridia	o__Lachnospirales	f__Lachnospiraceae	g__COE1	s__	90.39	6.07	2313358
EHA02078_bin.8	d__Bacteria	p__Bacillota_A	c__Clostridia	o__Oscillospirales	f__Oscillospiraceae	g__Faecousia	s__Faecousia sp021199635	73.24	1.91	1598013
EHA01922_bin.23	d__Bacteria	p__Bacillota_A	c__Clostridia	o__Clostridiales	f__Clostridiaceae	g__Clostridium_H	s__Clostridium_H novyi	68.61	8.74	1163460
EHA02095_bin.21	d__Bacteria	p__Bacillota_A	c__Clostridia	o__Lachnospirales	f__Lachnospiraceae	g__SIG308	s__	50.63	0.24	1069640
EHA04640_bin.23	d__Bacteria	p__Bacillota_A	c__Clostridia	o__Lachnospirales	f__Lachnospiraceae	g__Ventrimonas	s__	91.52	1.45	2214666
EHA01878_bin.26	d__Bacteria	p__Fusobacteriota	c__Fusobacteriia	o__Fusobacteriales	f__Fusobacteriaceae	g__Fusobacterium_A	s__Fusobacterium_A sp900555845	64.52	3.61	929140
EHA04654_bin.27	d__Bacteria	p__Bacillota_A	c__Clostridia	o__Oscillospirales	f__Ruminococcaceae	g__Faeciplasma	s__	99.96	4.85	1789167
EHA01908_bin.16	d__Bacteria	p__Fusobacteriota	c__Fusobacteriia	o__Fusobacteriales	f__Fusobacteriaceae	g__Fusobacterium_A	s__Fusobacterium_A sp900555845	80.34	6.17	2115557
EHA04650_bin.5	d__Bacteria	p__Bacillota_A	c__Clostridia	o__Oscillospirales	f__Ruminococcaceae	g__Faecalibacterium	s__	81.5	2.43	1675602
EHA04654_bin.14	d__Bacteria	p__Bacteroidota	c__Bacteroidia	o__Bacteroidales	f__Muribaculaceae	g__Paramuribaculum	s__Paramuribaculum sp020859845	98.8	0.11	2852782
EHA04669_bin.17	d__Bacteria	p__Bacillota_A	c__Clostridia	o__Oscillospirales	f__Ruminococcaceae	g__Ruminococcus	s__Ruminococcus sp021200415	89.64	0.6	1604367
EHA02091_bin.15	d__Bacteria	p__Bacillota_A	c__Clostridia	o__Christensenellales	f__UBA1242	g__	s__	83.51	3.54	969197
EHA02262_bin.11	d__Bacteria	p__Actinomycetota	c__Actinomycetia	o__Mycobacteriales	f__Mycobacteriaceae	g__Corynebacterium	s__Corynebacterium variabile	99.6	0.4	3119875
EHA04637_bin.9	d__Bacteria	p__Bacillota_A	c__Clostridia	o__Christensenellales	f__UBA1242	g__Caccovivens	s__	58.36	1.49	1194274
EHA01879_bin.8	d__Bacteria	p__Actinomycetota	c__Coriobacteriia	o__Coriobacteriales	f__Coriobacteriaceae	g__Collinsella	s__Collinsella intestinalis	94.06	3.04	1641937
EHA04653_bin.21	d__Bacteria	p__Bacillota_A	c__Clostridia	o__Lachnospirales	f__Lachnospiraceae	g__UBA4292	s__	99.39	0.03	2586815
EHA01925_bin.29	d__Bacteria	p__Bacteroidota	c__Bacteroidia	o__Bacteroidales	f__Bacteroidaceae	g__Bacteroides	s__Bacteroides uniformis	85.18	2.54	3374006
EHA04650_bin.32	d__Bacteria	p__Bacillota_A	c__Clostridia	o__Oscillospirales	f__Oscillospiraceae	g__Onthomonas	s__	52.2	7.27	1383804
EHA01919_bin.24	d__Bacteria	p__Bacteroidota	c__Bacteroidia	o__Bacteroidales	f__Bacteroidaceae	g__Mediterranea	s__	88.36	0.13	2647954
EHA02255_bin.16	d__Bacteria	p__Bacteroidota	c__Bacteroidia	o__Flavobacteriales	f__Weeksellaceae	g__Moheibacter	s__Moheibacter sp023388015	99.51	0.45	2627334
EHA04654_bin.19	d__Bacteria	p__Bacillota_A	c__Clostridia	o__Lachnospirales	f__Lachnospiraceae	g__Butyribacter	s__	78.59	1.44	2258014
EHA04656_bin.31	d__Bacteria	p__Bacillota_A	c__Clostridia	o__Oscillospirales	f__Acutalibacteraceae	g__Eubacterium_R	s__Eubacterium_R sp021200075	90.4	4.28	1325730
EHA04675_bin.37	d__Bacteria	p__Bacillota_A	c__Clostridia	o__UBA1381	f__UBA1381	g__12844	s__12844 sp021205715	75.62	4.22	1666524
EHA04668_bin.1	d__Archaea	p__Thermoplasmatota	c__Thermoplasmata	o__Methanomassiliicoccales	f__Methanomethylophilaceae	g__UBA71	s__	98.42	0.51	1563866
EHA04637_bin.30	d__Bacteria	p__Bacillota_A	c__Clostridia	o__TANB77	f__CAG-508	g__Scatovivens	s__	65.57	1.16	1134731
EHA04677_bin.31	d__Bacteria	p__Bacillota_A	c__Clostridia	o__Lachnospirales	f__Lachnospiraceae	g__SIG308	s__	84.23	0.04	1953409
EHA04654_bin.6	d__Bacteria	p__Bacillota_A	c__Clostridia	o__Lachnospirales	f__CAG-274	g__HGM11788	s__	98.66	0.06	2446014
EHA02077_bin.16	d__Bacteria	p__Bacillota_A	c__Clostridia	o__Christensenellales	f__Borkfalkiaceae	g__Coproplasma	s__Coproplasma sp021202395	96.54	2.27	1821216
EHA02080_bin.13	d__Bacteria	p__Bacillota_A	c__Clostridia	o__Lachnospirales	f__CAG-274	g__JAJQCI01	s__	91.23	3.28	2090748
EHA01920_bin.7	d__Bacteria	p__Bacillota_A	c__Clostridia	o__Lachnospirales	f__Lachnospiraceae	g__Roseburia	s__Roseburia sp019421345	73.54	2.43	2076325
EHA04662_bin.17	d__Bacteria	p__Bacteroidota	c__Bacteroidia	o__Bacteroidales	f__Bacteroidaceae	g__Phocaeicola	s__	99.28	0.01	2529232
EHA04667_bin.34	d__Bacteria	p__Bacillota_A	c__Clostridia	o__Christensenellales	f__Borkfalkiaceae	g__Coproplasma	s__	70.59	1.2	1406112
EHA02076_bin.20	d__Bacteria	p__Bacillota_A	c__Clostridia	o__Christensenellales	f__Borkfalkiaceae	g__Coproplasma	s__	57.16	0.57	936492
EHA01634_bin.6	d__Bacteria	p__Bacteroidota	c__Bacteroidia	o__Bacteroidales	f__Bacteroidaceae	g__Bacteroides	s__Bacteroides stercoris	97.58	0.464	3590997
EHA00551_bin.3	d__Bacteria	p__Pseudomonadota	c__Gammaproteobacteria	o__Enterobacterales	f__Enterobacteriaceae	g__Citrobacter_A	s__Citrobacter_A amalonaticus	97.08	3.142	4880163
EHA04638_bin.17	d__Bacteria	p__Bacillota_A	c__Clostridia	o__Lachnospirales	f__Lachnospiraceae	g__Ventrimonas	s__	64.45	9.72	1869714
EHA01882_bin.25	d__Bacteria	p__Fusobacteriota	c__Fusobacteriia	o__Fusobacteriales	f__Fusobacteriaceae	g__Fusobacterium_A	s__Fusobacterium_A sp900555845	62.33	6.77	1313657
EHA01874_bin.13	d__Bacteria	p__Bacillota_A	c__Clostridia	o__Peptostreptococcales	f__Peptostreptococcaceae	g__Peptacetobacter	s__Peptacetobacter hiranonis	53.86	1.17	649358
EHA04658_bin.1	d__Bacteria	p__Bacillota_A	c__Clostridia	o__Christensenellales	f__Borkfalkiaceae	g__Coproplasma	s__Coproplasma sp021202395	91.87	0.07	1721366
EHA04672_bin.7	d__Bacteria	p__Bacteroidota	c__Bacteroidia	o__Bacteroidales	f__Bacteroidaceae	g__Bacteroides	s__Bacteroides sp902362375	52.84	5.67	3205985
EHA01890_bin.45	d__Bacteria	p__Bacillota_A	c__Clostridia	o__Lachnospirales	f__Lachnospiraceae	g__Blautia	s__Blautia sp900753905	50.73	3.17	1461041
EHA01922_bin.12	d__Bacteria	p__Bacillota_A	c__Clostridia	o__Oscillospirales	f__Oscillospiraceae	g__Faecousia	s__	98.73	0.02	2061282
EHA01634_bin.3	d__Bacteria	p__Bacillota_A	c__Clostridia	o__Clostridiales	f__Clostridiaceae	g__Clostridium_J	s__	93.63	0	2482936
EHA04642_bin.28	d__Bacteria	p__Bacillota_A	c__Clostridia	o__Oscillospirales	f__CAG-272	g__DTU064	s__DTU064 sp021199825	54.29	0.85	1118401
EHA01873_bin.20	d__Bacteria	p__Pseudomonadota	c__Gammaproteobacteria	o__Enterobacterales_A	f__Succinivibrionaceae	g__Anaerobiospirillum	s__	69.53	2.45	2678123
EHA04648_bin.28	d__Bacteria	p__Bacillota_A	c__Clostridia	o__Lachnospirales	f__Lachnospiraceae	g__Ventrimonas	s__Ventrimonas sp021202655	63.53	7.02	1742567
EHA01906_bin.10	d__Bacteria	p__Bacillota_A	c__Clostridia	o__Lachnospirales	f__Lachnospiraceae	g__Blautia	s__Blautia sp900556555	56.87	0.81	1724686
EHA04648_bin.16	d__Bacteria	p__Bacillota_A	c__Clostridia	o__TANB77	f__CAG-508	g__CAG-269	s__	99.57	3.75	1717038
EHA02079_bin.5	d__Bacteria	p__Bacillota_A	c__Clostridia	o__Lachnospirales	f__Lachnospiraceae	g__RGIG6919	s__	94.92	1.64	1934980
EHA02269_bin.8	d__Bacteria	p__Bacteroidota	c__Bacteroidia	o__Sphingobacteriales	f__Sphingobacteriaceae	g__Sphingobacterium	s__Sphingobacterium stercorigallinarum	99.97	0	3369768
EHA01918_bin.30	d__Bacteria	p__Bacillota_A	c__Clostridia	o__Peptostreptococcales	f__Peptostreptococcaceae	g__Peptacetobacter	s__	57.51	8.96	1462038
EHA04661_bin.5	d__Bacteria	p__Bacillota_A	c__Clostridia	o__Christensenellales	f__UBA1242	g__Caccovivens	s__	90.66	1.91	850942
EHA04646_bin.24	d__Bacteria	p__Bacillota_A	c__Clostridia	o__TANB77	f__CAG-508	g__CAG-269	s__	92.66	4	2039106
EHA01879_bin.20	d__Bacteria	p__Bacillota_A	c__Clostridia	o__Lachnospirales	f__Lachnospiraceae	g__Blautia_A	s__Blautia_A sp900541345	83.1	4.54	2413507
EHA04665_bin.37	d__Bacteria	p__Bacillota_A	c__Clostridia	o__Christensenellales	f__Borkfalkiaceae	g__Coproplasma	s__	94.99	2.01	1601047
EHA02269_bin.4	d__Bacteria	p__Bacteroidota	c__Bacteroidia	o__Flavobacteriales	f__Flavobacteriaceae	g__Flavobacterium	s__Flavobacterium dinanensis	92.24	0.18	2552002
EHA01903_bin.7	d__Bacteria	p__Bacillota_A	c__Clostridia	o__Lachnospirales	f__Lachnospiraceae	g__Enterocloster	s__Enterocloster sp001517625	95.43	1.16	2598824
EHA02098_bin.26	d__Bacteria	p__Actinomycetota	c__Coriobacteriia	o__Coriobacteriales	f__Eggerthellaceae	g__UMGS1519	s__	75.61	1.32	1402949
EHA02273_bin.2	d__Bacteria	p__Bacteroidota	c__Bacteroidia	o__Sphingobacteriales	f__Sphingobacteriaceae	g__Albibacterium	s__	99.97	0.3	3740506
EHA01893_bin.6	d__Bacteria	p__Bacillota_A	c__Clostridia	o__Lachnospirales	f__Lachnospiraceae	g__Blautia	s__Blautia sp900556555	65.13	6.27	1881938
EHA01918_bin.23	d__Bacteria	p__Fusobacteriota	c__Fusobacteriia	o__Fusobacteriales	f__Fusobacteriaceae	g__Fusobacterium_A	s__Fusobacterium_A sp900555845	68.24	7.22	1513179
EHA04672_bin.2	d__Bacteria	p__Bacillota_A	c__Clostridia	o__UMGS1883	f__UMGS1883	g__JAJQCX01	s__	66.05	9.27	2442154
EHA04765_bin.20	d__Bacteria	p__Bacillota_A	c__Clostridia	o__Oscillospirales	f__Oscillospiraceae	g__	s__	93.62	1.78	1847116
EHA04661_bin.24	d__Bacteria	p__Bacillota_A	c__Clostridia	o__TANB77	f__CAG-508	g__CAG-492	s__	96.87	7.49	1962559
EHA02075_bin.11	d__Bacteria	p__Bacillota_A	c__Clostridia	o__Lachnospirales	f__Lachnospiraceae	g__Acetatifactor	s__	55.55	1.09	1112179
EHA04670_bin.4	d__Bacteria	p__Bacillota_A	c__Clostridia	o__Oscillospirales	f__Acutalibacteraceae	g__	s__	82.89	3.16	1836839
EHA02079_bin.41	d__Bacteria	p__Bacillota_A	c__Clostridia	o__Lachnospirales	f__Lachnospiraceae	g__SIG308	s__	71.83	3.81	1895544
EHA04650_bin.3	d__Bacteria	p__Bacillota_A	c__Clostridia	o__Oscillospirales	f__Ruminococcaceae	g__Ruminococcus_D	s__Ruminococcus_D sp021199375	99.8	1.26	2211816
EHA04661_bin.32	d__Bacteria	p__Bacillota_A	c__Clostridia	o__Lachnospirales	f__CAG-274	g__	s__	53.56	8.58	2081732
EHA01908_bin.31	d__Bacteria	p__Fusobacteriota	c__Fusobacteriia	o__Fusobacteriales	f__Fusobacteriaceae	g__Fusobacterium_B	s__Fusobacterium_B sp019416865	69.57	4.99	1422651
EHA04671_bin.41	d__Bacteria	p__Bacillota_A	c__Clostridia	o__Christensenellales	f__Borkfalkiaceae	g__Coproplasma	s__	55.8	8.95	1294218
EHA02273_bin.6	d__Bacteria	p__Bacteroidota	c__Bacteroidia	o__Sphingobacteriales	f__Sphingobacteriaceae	g__Sphingobacterium	s__	87.2	2.43	3583137
EHA04646_bin.4	d__Bacteria	p__Bacteroidota	c__Bacteroidia	o__Bacteroidales	f__Muribaculaceae	g__Paramuribaculum	s__Paramuribaculum sp900759835	76.2	2.81	1115523
EHA04676_bin.23	d__Bacteria	p__Bacillota_A	c__Clostridia	o__Monoglobales	f__Monoglobaceae	g__Monoglobus	s__	82.93	0.21	999203
EHA02087_bin.2	d__Bacteria	p__Bacteroidota	c__Bacteroidia	o__Bacteroidales	f__Bacteroidaceae	g__Prevotella	s__	99.41	0.6	2403609
EHA04651_bin.11	d__Bacteria	p__Bacillota_A	c__Clostridia	o__Lachnospirales	f__Lachnospiraceae	g__UBA4292	s__	75.25	7.48	1936198
EHA04650_bin.35	d__Bacteria	p__Bacillota_A	c__Clostridia	o__Lachnospirales	f__Lachnospiraceae	g__Ventrimonas	s__	89.87	1.9	2539043
EHA01709_bin.10	d__Bacteria	p__Bacillota_A	c__Clostridia	o__Clostridiales	f__Clostridiaceae	g__Hathewaya	s__Hathewaya sp003288255	96.55	2.62	3190018
EHA01889_bin.14	d__Bacteria	p__Bacillota_A	c__Clostridia	o__Peptostreptococcales	f__Peptostreptococcaceae	g__Peptacetobacter	s__Peptacetobacter sp900550335	60.32	7.94	1626490
EHA01916_bin.11	d__Bacteria	p__Bacillota_A	c__Clostridia	o__Lachnospirales	f__Lachnospiraceae	g__Blautia_A	s__	95.26	0.87	2553948
EHA01915_bin.26	d__Bacteria	p__Bacillota_A	c__Clostridia	o__Lachnospirales	f__Lachnospiraceae	g__Schaedlerella	s__	65.56	2.13	1199222
EHA04657_bin.29	d__Bacteria	p__Bacillota_A	c__Clostridia	o__TANB77	f__CAG-508	g__CAKPSH01	s__	90.21	1.84	1191375
EHA04676_bin.36	d__Bacteria	p__Bacillota_A	c__Clostridia	o__TANB77	f__CAG-508	g__JAAWPK01	s__	63.8	7.31	1264388
EHA01872_bin.35	d__Bacteria	p__Fusobacteriota	c__Fusobacteriia	o__Fusobacteriales	f__Fusobacteriaceae	g__Fusobacterium_B	s__Fusobacterium_B sp900554885	53.54	4.56	1089386
EHA04669_bin.7	d__Bacteria	p__Bacillota_A	c__Clostridia	o__Lachnospirales	f__Lachnospiraceae	g__CAG-303	s__	77.24	1.1	2079466
EHA04663_bin.26	d__Bacteria	p__Bacillota_A	c__Clostridia	o__TANB77	f__CAG-508	g__CAG-269	s__	92.18	5.37	1593890
EHA02263_bin.25	d__Bacteria	p__Bacteroidota	c__Bacteroidia	o__Sphingobacteriales	f__Sphingobacteriaceae	g__Sphingobacterium	s__Sphingobacterium sp020687765	81.43	4.05	2765597
EHA02087_bin.13	d__Bacteria	p__Bacillota_A	c__Clostridia	o__Oscillospirales	f__Oscillospiraceae	g__Onthomonas	s__	94.9	4.33	2102409
EHA04656_bin.7	d__Bacteria	p__Bacillota_A	c__Clostridia	o__Lachnospirales	f__Lachnospiraceae	g__Acetatifactor	s__	98.87	0.34	1903735
EHA02086_bin.12	d__Bacteria	p__Actinomycetota	c__Coriobacteriia	o__Coriobacteriales	f__Eggerthellaceae	g__	s__	61.01	0.95	1142894
EHA02098_bin.2	d__Bacteria	p__Bacteroidota	c__Bacteroidia	o__Bacteroidales	f__Bacteroidaceae	g__Prevotella	s__	98.24	0.07	1971488
EHA04675_bin.24	d__Bacteria	p__Bacillota_A	c__Clostridia	o__Oscillospirales	f__Ruminococcaceae	g__Faecalibacterium	s__	79.17	4.61	2020252
EHA02262_bin.2	d__Bacteria	p__Bacillota	c__Bacilli	o__Lactobacillales	f__Aerococcaceae	g__Aerococcus	s__	59.02	8.63	1337332
EHA01916_bin.27	d__Bacteria	p__Pseudomonadota	c__Gammaproteobacteria	o__Burkholderiales	f__Burkholderiaceae_A	g__Sutterella	s__	78.43	2	1876729
EHA02096_bin.15	d__Bacteria	p__Pseudomonadota	c__Gammaproteobacteria	o__Burkholderiales	f__Burkholderiaceae_A	g__Sutterella	s__	78.22	1.71	1768868
EHA04661_bin.25	d__Bacteria	p__Bacillota	c__Bacilli	o__RF39	f__UBA660	g__SIG200	s__	91.33	3.27	1199792
EHA01885_bin.18	d__Bacteria	p__Bacillota_A	c__Clostridia	o__Peptostreptococcales	f__Peptostreptococcaceae	g__Peptacetobacter	s__Peptacetobacter sp900550335	72.55	8.32	995084
EHA01887_bin.39	d__Bacteria	p__Fusobacteriota	c__Fusobacteriia	o__Fusobacteriales	f__Fusobacteriaceae	g__	s__	57.88	1.12	629655
EHA02087_bin.17	d__Bacteria	p__Bacillota_A	c__Clostridia	o__Oscillospirales	f__Oscillospiraceae	g__Onthomonas	s__	62.22	9.05	1342012
EHA04673_bin.22	d__Bacteria	p__Bacillota_A	c__Clostridia	o__UBA1381	f__UBA1381	g__UBA1381	s__	95.81	3.97	2538536
EHA01918_bin.20	d__Bacteria	p__Campylobacterota	c__Campylobacteria	o__Campylobacterales	f__Helicobacteraceae	g__Helicobacter_G	s__	100	0	1523052
EHA01904_bin.17	d__Bacteria	p__Bacillota_A	c__Clostridia	o__Clostridiales	f__Clostridiaceae	g__Clostridium	s__Clostridium paraputrificum	57.1	7.15	2549356
EHA04661_bin.31	d__Bacteria	p__Bacillota_A	c__Clostridia	o__Oscillospirales	f__Ruminococcaceae	g__Faeciplasma	s__	53.97	4.99	1203652
EHA04660_bin.4	d__Bacteria	p__Bacillota_A	c__Clostridia	o__Christensenellales	f__Borkfalkiaceae	g__Coproplasma	s__	96.86	0.62	1995823
EHA04645_bin.4	d__Bacteria	p__Bacillota_A	c__Clostridia	o__Lachnospirales	f__CAG-274	g__JAJQCI01	s__	96.83	1.41	3001578
EHA02255_bin.17	d__Bacteria	p__Patescibacteria	c__Saccharimonadia	o__Saccharimonadales	f__Nanosynbacteraceae	g__	s__	88.85	0.1	766257
EHA01903_bin.39	d__Bacteria	p__Bacillota_A	c__Clostridia	o__Lachnospirales	f__Lachnospiraceae	g__Blautia	s__	53.95	8.38	2138387
EHA01896_bin.3	d__Bacteria	p__Bacillota_A	c__Clostridia	o__Lachnospirales	f__Lachnospiraceae	g__Lachnospira	s__Lachnospira sp900552795	58.77	1.54	1425916
EHA01919_bin.18	d__Bacteria	p__Fusobacteriota	c__Fusobacteriia	o__Fusobacteriales	f__Fusobacteriaceae	g__Cetobacterium_A	s__Cetobacterium_A sp934085975	99.22	0.49	2575992
EHA01878_bin.28	d__Bacteria	p__Actinomycetota	c__Coriobacteriia	o__Coriobacteriales	f__Coriobacteriaceae	g__Collinsella	s__Collinsella intestinalis	51.63	4.23	1087790
EHA04673_bin.7	d__Bacteria	p__Pseudomonadota	c__Gammaproteobacteria	o__Enterobacterales	f__Enterobacteriaceae	g__Escherichia	s__Escherichia coli	100	0.49	4689338
EHA04676_bin.33	d__Bacteria	p__Bacillota_A	c__Clostridia	o__Lachnospirales	f__Lachnospiraceae	g__Eubacterium_I	s__Eubacterium_I sp021205085	63.62	0.41	1400524
EHA02078_bin.7	d__Archaea	p__Thermoplasmatota	c__Thermoplasmata	o__Methanomassiliicoccales	f__Methanomethylophilaceae	g__UBA71	s__	89.79	0.01	1564657
EHA02095_bin.13	d__Bacteria	p__Bacillota_C	c__Negativicutes	o__Acidaminococcales	f__Acidaminococcaceae	g__Phascolarctobacterium_A	s__	98.53	0.44	2121761
EHA01698_bin.11	d__Bacteria	p__Bacillota_A	c__Clostridia	o__Tissierellales	f__Peptoniphilaceae	g__Anaerosphaera	s__	99.3	0.699	1924225
EHA02262_bin.4	d__Bacteria	p__Actinomycetota	c__Actinomycetia	o__Mycobacteriales	f__Mycobacteriaceae	g__Corynebacterium	s__Corynebacterium sp001942345	99.74	0.35	3584238
EHA04653_bin.18	d__Bacteria	p__Bacillota_A	c__Clostridia	o__Lachnospirales	f__Lachnospiraceae	g__SIG308	s__	87.8	2.67	2243473
EHA04677_bin.13	d__Bacteria	p__Bacillota_A	c__Clostridia	o__Lachnospirales	f__Lachnospiraceae	g__	s__	71.59	1.23	1814178
EHA01918_bin.10	d__Bacteria	p__Bacillota	c__Bacilli	o__Lactobacillales	f__Enterococcaceae	g__Enterococcus_B	s__Enterococcus_B faecium	93.36	3.61	2320601
EHA02255_bin.27	d__Bacteria	p__Chloroflexota	c__Chloroflexia	o__Thermomicrobiales	f__UBA6265	g__UBA6265	s__	75.23	3.04	2690182
EHA01925_bin.5	d__Bacteria	p__Bacillota_A	c__Clostridia	o__Oscillospirales	f__Oscillospiraceae	g__Faecousia	s__	83.72	1.13	1540034
EHA02082_bin.12	d__Bacteria	p__Bacillota	c__Bacilli	o__RF39	f__UBA660	g__Onthocola_B	s__	53.11	3.39	696981
EHA04674_bin.16	d__Bacteria	p__Bacillota_A	c__Clostridia	o__Oscillospirales	f__Ruminococcaceae	g__Ruminococcus_C	s__	79.71	1.79	1280569
EHA04648_bin.22	d__Bacteria	p__Cyanobacteriota	c__Vampirovibrionia	o__Gastranaerophilales	f__Gastranaerophilaceae	g__Avigastranaerophilus	s__	73.88	2.9	1937993
EHA01909_bin.13	d__Bacteria	p__Bacillota_A	c__Clostridia	o__Peptostreptococcales	f__Peptostreptococcaceae	g__Peptacetobacter	s__Peptacetobacter hiranonis	52.52	8.58	658328
EHA01884_bin.14	d__Bacteria	p__Bacillota_A	c__Clostridia	o__Lachnospirales	f__Lachnospiraceae	g__Blautia	s__Blautia hansenii	63.41	7.15	2038601
EHA04676_bin.25	d__Bacteria	p__Bacillota_A	c__Clostridia	o__Lachnospirales	f__Lachnospiraceae	g__RGIG6307	s__	95.11	0.62	2471537
EHA02098_bin.8	d__Bacteria	p__Bacillota	c__Bacilli	o__Erysipelotrichales	f__Coprobacillaceae	g__JAJQDJ01	s__	77.34	4.84	2591608
EHA04674_bin.25	d__Bacteria	p__Bacillota_A	c__Clostridia	o__Christensenellales	f__Borkfalkiaceae	g__Coproplasma	s__	97.17	4.47	2023556
EHA04648_bin.20	d__Bacteria	p__Bacillota	c__Bacilli	o__Erysipelotrichales	f__Coprobacillaceae	g__JAJQDJ01	s__	100	0.81	2656729
EHA02096_bin.18	d__Bacteria	p__Campylobacterota	c__Campylobacteria	o__Campylobacterales	f__Helicobacteraceae	g__NHYM01	s__	99.94	0.02	1707760
EHA01927_bin.29	d__Bacteria	p__Bacillota_A	c__Clostridia	o__Peptostreptococcales	f__Peptostreptococcaceae	g__Romboutsia_C	s__Romboutsia_C hominis	99.07	1.97	2933493
EHA01918_bin.2	d__Bacteria	p__Bacillota_A	c__Clostridia	o__Lachnospirales	f__Anaerotignaceae	g__Fimicola	s__Fimicola sp944379995	97.04	0.39	2642616
EHA01698_bin.16	d__Bacteria	p__Campylobacterota	c__Campylobacteria	o__Campylobacterales	f__Helicobacteraceae	g__Helicobacter_D	s__	96.11	1.958	1444091
EHA01890_bin.54	d__Bacteria	p__Bacillota_A	c__Clostridia	o__Oscillospirales	f__Ruminococcaceae	g__Fournierella	s__Fournierella massiliensis	50.04	0.86	1470024
EHA04643_bin.3	d__Bacteria	p__Bacillota_A	c__Clostridia	o__Oscillospirales	f__Ruminococcaceae	g__Faeciplasma	s__	58.14	5.47	1385894
EHA04651_bin.31	d__Bacteria	p__Bacillota_A	c__Clostridia	o__Lachnospirales	f__Lachnospiraceae	g__Choladousia	s__	61.27	0.03	806955
EHA02094_bin.21	d__Bacteria	p__Bacillota_A	c__Clostridia	o__Oscillospirales	f__Oscillospiraceae	g__Onthomonas	s__	54.04	8.74	1632582
EHA01919_bin.20	d__Bacteria	p__Campylobacterota	c__Campylobacteria	o__Campylobacterales	f__Helicobacteraceae	g__Helicobacter_A	s__	54.72	0.36	1270856
EHA01890_bin.20	d__Bacteria	p__Bacillota_A	c__Clostridia	o__Oscillospirales	f__Ruminococcaceae	g__Negativibacillus	s__Negativibacillus sp000435195	99.35	0.08	2007394
EHA01891_bin.24	d__Bacteria	p__Bacillota_A	c__Clostridia	o__Lachnospirales	f__Lachnospiraceae	g__Faecalimonas	s__	61.98	6.86	2010047
EHA04677_bin.1	d__Bacteria	p__Bacillota_A	c__Clostridia	o__Oscillospirales	f__Oscillospiraceae	g__Faecousia	s__	98.49	1.86	1931435
EHA04657_bin.7	d__Bacteria	p__Bacteroidota	c__Bacteroidia	o__Bacteroidales	f__Bacteroidaceae	g__Phocaeicola_A	s__Phocaeicola_A sp900765575	95.11	0.44	1921170
EHA02082_bin.17	d__Bacteria	p__Bacillota_A	c__Clostridia	o__Oscillospirales	f__Oscillospiraceae	g__Onthomonas	s__	61.53	9.63	1797802
EHA04657_bin.40	d__Bacteria	p__Bacillota_A	c__Clostridia	o__Oscillospirales	f__Ruminococcaceae	g__Faeciplasma	s__	50.51	7.33	1437487
EHA01698_bin.8	d__Bacteria	p__Campylobacterota	c__Campylobacteria	o__Campylobacterales	f__Campylobacteraceae	g__Campylobacter_D	s__	92.45	2.561	1449763
EHA02077_bin.4	d__Bacteria	p__Bacillota_A	c__Clostridia	o__Christensenellales	f__Borkfalkiaceae	g__Coproplasma	s__	95.88	2.39	2289805
EHA04660_bin.28	d__Bacteria	p__Bacteroidota	c__Bacteroidia	o__Bacteroidales	f__Bacteroidaceae	g__Prevotella	s__	64.3	1.32	2027267
EHA02263_bin.8	d__Bacteria	p__Bacteroidota	c__Bacteroidia	o__Flavobacteriales	f__Flavobacteriaceae	g__Flavobacterium	s__	69.15	1.56	1667243
EHA01883_bin.7	d__Bacteria	p__Pseudomonadota	c__Gammaproteobacteria	o__Enterobacterales_A	f__Succinivibrionaceae	g__Anaerobiospirillum	s__	62.61	2.74	2757982
EHA04658_bin.40	d__Bacteria	p__Bacillota_A	c__Clostridia	o__Christensenellales	f__Borkfalkiaceae	g__Coproplasma	s__	97.93	0.67	1822219
EHA04640_bin.8	d__Bacteria	p__Bacillota_A	c__Clostridia	o__Oscillospirales	f__Ruminococcaceae	g__Faeciplasma	s__	100	0.58	2057567
EHA04638_bin.15	d__Bacteria	p__Bacillota_A	c__Clostridia	o__Oscillospirales	f__Oscillospiraceae	g__JAJPXI01	s__	94.51	0.32	1780990
EHA02273_bin.10	d__Bacteria	p__Bacteroidota	c__Bacteroidia	o__Sphingobacteriales	f__Sphingobacteriaceae	g__Sphingobacterium	s__Sphingobacterium sp002476975	99.98	0.01	4319250
EHA04666_bin.11	d__Bacteria	p__Bacillota_A	c__Clostridia	o__Oscillospirales	f__Oscillospiraceae	g__Faecousia	s__	51.03	0.51	1046915
EHA04672_bin.24	d__Bacteria	p__Bacillota_A	c__Clostridia	o__Lachnospirales	f__CAG-274	g__	s__	95.29	1.33	2418971
EHA01913_bin.5	d__Bacteria	p__Fusobacteriota	c__Fusobacteriia	o__Fusobacteriales	f__Fusobacteriaceae	g__Fusobacterium_B	s__Fusobacterium_B sp019416865	50.84	6.92	1074552
EHA02080_bin.24	d__Bacteria	p__Bacillota_A	c__Clostridia	o__Lachnospirales	f__Lachnospiraceae	g__Ventrimonas	s__	86.92	5.84	2535964
EHA01892_bin.1	d__Bacteria	p__Bacillota_A	c__Clostridia	o__Clostridiales	f__Clostridiaceae	g__Sarcina	s__Sarcina perfringens	84.01	2.36	2899786
EHA01924_bin.15	d__Bacteria	p__Bacillota_A	c__Clostridia	o__Clostridiales	f__Clostridiaceae	g__Clostridium	s__Clostridium neonatale	100	1.66	4526348
EHA02263_bin.3	d__Bacteria	p__Pseudomonadota	c__Gammaproteobacteria	o__Pseudomonadales	f__Moraxellaceae	g__Acinetobacter	s__	98.06	0.85	2307843
EHA04635_bin.20	d__Bacteria	p__Bacillota_A	c__Clostridia	o__Oscillospirales	f__Ruminococcaceae	g__Faeciplasma	s__	99.41	0.1	1867473
EHA04657_bin.6	d__Bacteria	p__Bacillota_A	c__Clostridia	o__Oscillospirales	f__Ruminococcaceae	g__Faeciplasma	s__Faeciplasma sp021200565	50.92	9.24	983992
EHA04636_bin.30	d__Bacteria	p__Bacillota_A	c__Clostridia	o__TANB77	f__CAG-508	g__Scatovivens	s__	91.98	0.27	1633056
EHA01896_bin.35	d__Bacteria	p__Fusobacteriota	c__Fusobacteriia	o__Fusobacteriales	f__Fusobacteriaceae	g__Fusobacterium_A	s__	81.32	6.02	2383162
EHA02077_bin.3	d__Bacteria	p__Bacillota_A	c__Clostridia	o__Christensenellales	f__Borkfalkiaceae	g__Coproplasma	s__	91.85	0.21	1890963
EHA01709_bin.65	d__Bacteria	p__Bacillota_A	c__Clostridia	o__Peptostreptococcales	f__Filifactoraceae	g__	s__	50.86	3.448	1138975
EHA02078_bin.10	d__Bacteria	p__Bacillota_C	c__Negativicutes	o__Acidaminococcales	f__Acidaminococcaceae	g__Phascolarctobacterium_A	s__	99.01	0.31	2077341
EHA04664_bin.13	d__Bacteria	p__Bacillota_A	c__Clostridia	o__Oscillospirales	f__Acutalibacteraceae	g__Ruminococcus_E	s__	52.92	0.19	902164
EHA01892_bin.21	d__Bacteria	p__Pseudomonadota	c__Gammaproteobacteria	o__Burkholderiales	f__Burkholderiaceae_A	g__Aphodousia	s__	95.04	0.91	1542600
EHA01886_bin.2	d__Bacteria	p__Bacillota	c__Bacilli	o__Erysipelotrichales	f__Erysipelotrichaceae	g__Amedibacterium	s__Amedibacterium intestinale	97.6	0.93	2265811
EHA01927_bin.3	d__Bacteria	p__Bacillota_A	c__Clostridia	o__Clostridiales	f__Clostridiaceae	g__Clostridium_AH	s__Clostridium_AH fallax	60.75	2.92	1942703
EHA04650_bin.1	d__Bacteria	p__Bacillota_A	c__Clostridia	o__Monoglobales	f__Monoglobaceae	g__Monoglobus	s__	99.11	0.25	2247473
EHA04642_bin.33	d__Bacteria	p__Bacillota_A	c__Clostridia	o__Oscillospirales	f__Ruminococcaceae	g__Faeciplasma	s__	94.94	7.24	1885519
EHA01907_bin.7	d__Bacteria	p__Pseudomonadota	c__Gammaproteobacteria	o__Enterobacterales_A	f__Succinivibrionaceae	g__Anaerobiospirillum	s__	94.51	0.43	3041976
EHA04634_bin.24	d__Bacteria	p__Bacillota_A	c__Clostridia	o__Lachnospirales	f__Lachnospiraceae	g__Agathobacter	s__	62.59	1.48	1235868
EHA02018_bin.7	d__Bacteria	p__Bacillota_A	c__Clostridia	o__Lachnospirales	f__Lachnospiraceae	g__Clostridium_Q	s__	74.81	0.76	2490225
EHA01920_bin.20	d__Bacteria	p__Bacillota_A	c__Clostridia	o__Lachnospirales	f__Lachnospiraceae	g__Schaedlerella	s__Schaedlerella sp900765975	53.14	0.89	1308884
EHA04668_bin.11	d__Bacteria	p__Bacillota_A	c__Clostridia	o__Oscillospirales	f__Oscillospiraceae	g__JAJQCF01	s__JAJQCF01 sp021202845	97.14	1.51	2671138
EHA01709_bin.67	d__Bacteria	p__Bacillota_A	c__Clostridia	o__Oscillospirales	f__Butyricicoccaceae	g__Butyricicoccus	s__Butyricicoccus pullicaecorum	88.9	2.125	1931565
EHA04648_bin.10	d__Bacteria	p__Bacillota_A	c__Clostridia	o__Lachnospirales	f__CAG-274	g__JAJQCI01	s__	90.94	3.06	2894402
EHA02084_bin.6	d__Bacteria	p__Cyanobacteriota	c__Vampirovibrionia	o__Gastranaerophilales	f__Gastranaerophilaceae	g__UBA2883	s__UBA2883 sp021205645	96.26	0.1	1950237
EHA04675_bin.26	d__Bacteria	p__Bacillota_A	c__Clostridia	o__Lachnospirales	f__Lachnospiraceae	g__	s__	92.36	0.5	2172519
EHA04644_bin.24	d__Bacteria	p__Bacillota_A	c__Clostridia	o__Oscillospirales	f__Oscillospiraceae	g__Faecousia	s__	72.51	2.37	1978227
EHA01676_bin.1	d__Bacteria	p__Campylobacterota	c__Campylobacteria	o__Campylobacterales	f__Helicobacteraceae	g__Helicobacter_G	s__	94.07	0.997	1458966
EHA04647_bin.1	d__Bacteria	p__Bacillota_A	c__Clostridia	o__Lachnospirales	f__Lachnospiraceae	g__COE1	s__COE1 sp021202335	61.42	1.39	1769518
EHA04678_bin.8	d__Bacteria	p__Cyanobacteriota	c__Vampirovibrionia	o__Gastranaerophilales	f__Gastranaerophilaceae	g__Scatousia	s__	96.98	0.08	1791883
EHA04660_bin.21	d__Bacteria	p__Bacteroidota	c__Bacteroidia	o__Bacteroidales	f__Bacteroidaceae	g__Bacteroides	s__	57.43	8.94	4038570
EHA02093_bin.21	d__Bacteria	p__Bacillota_A	c__Clostridia	o__Oscillospirales	f__Oscillospiraceae	g__Onthomonas	s__Onthomonas sp021205455	72.37	3.26	1687644
EHA04640_bin.15	d__Bacteria	p__Bacillota_A	c__Clostridia	o__Oscillospirales	f__Oscillospiraceae	g__Faecousia	s__	98.23	0.12	2379479
EHA02078_bin.27	d__Bacteria	p__Bacillota_A	c__Clostridia	o__Oscillospirales	f__Ruminococcaceae	g__Faecalibacterium	s__	76.92	6.39	1662215
EHA01709_bin.13	d__Bacteria	p__Bacillota	c__Bacilli	o__Lactobacillales	f__Lactobacillaceae	g__Ligilactobacillus	s__	96.59	1.636	1346056
EHA02082_bin.14	d__Bacteria	p__Bacillota_A	c__Clostridia	o__Christensenellales	f__Borkfalkiaceae	g__Coproplasma	s__	90.72	6.42	1799966
EHA02255_bin.36	d__Bacteria	p__Bacillota_A	c__Clostridia	o__Clostridiales	f__Clostridiaceae	g__Clostridium	s__	76.17	1.1	3298563
EHA04662_bin.22	d__Bacteria	p__Bacillota_A	c__Clostridia	o__Christensenellales	f__Borkfalkiaceae	g__Coproplasma	s__	73.33	0.98	1477841
EHA02095_bin.18	d__Bacteria	p__Bacteroidota	c__Bacteroidia	o__Bacteroidales	f__Bacteroidaceae	g__Prevotella	s__	97.36	1.14	2193766
EHA02079_bin.20	d__Bacteria	p__Bacillota_A	c__Clostridia	o__Christensenellales	f__Borkfalkiaceae	g__Coproplasma	s__	84.74	1.27	1298960
EHA04648_bin.27	d__Bacteria	p__Bacillota_A	c__Clostridia	o__Lachnospirales	f__Lachnospiraceae	g__Choladousia	s__	92.56	4.3	2895599
EHA02263_bin.22	d__Bacteria	p__Actinomycetota	c__Actinomycetia	o__Mycobacteriales	f__Mycobacteriaceae	g__Dietzia	s__Dietzia aurantiaca	64.88	2.79	2468795
EHA01911_bin.14	d__Bacteria	p__Actinomycetota	c__Coriobacteriia	o__Coriobacteriales	f__Coriobacteriaceae	g__Collinsella	s__	55.65	7.83	1263892
EHA02076_bin.12	d__Bacteria	p__Campylobacterota	c__Campylobacteria	o__Campylobacterales	f__Helicobacteraceae	g__NHYM01	s__	92.26	2.25	1567168
EHA02078_bin.2	d__Bacteria	p__Bacillota_A	c__Clostridia	o__Oscillospirales	f__Acutalibacteraceae	g__Eubacterium_R	s__	99.65	0.91	1906743
EHA01913_bin.20	d__Bacteria	p__Bacillota	c__Bacilli	o__Erysipelotrichales	f__Erysipelotrichaceae	g__CALVGN01	s__	78.74	6.48	1323365
EHA04655_bin.13	d__Archaea	p__Thermoplasmatota	c__Thermoplasmata	o__Methanomassiliicoccales	f__Methanomethylophilaceae	g__UBA71	s__	95.52	0.33	2236807
EHA04672_bin.33	d__Bacteria	p__Bacillota_A	c__Clostridia	o__Oscillospirales	f__Ruminococcaceae	g__UMGS1601	s__UMGS1601 sp021199305	76.78	1.27	1427870
EHA04641_bin.22	d__Bacteria	p__Bacillota_A	c__Clostridia	o__TANB77	f__CAG-508	g__CAG-269	s__	60.34	5.63	820424
EHA01887_bin.23	d__Bacteria	p__Fusobacteriota	c__Fusobacteriia	o__Fusobacteriales	f__Fusobacteriaceae	g__	s__	96.65	0.32	2141415
EHA04668_bin.18	d__Bacteria	p__Bacillota_A	c__Clostridia	o__Oscillospirales	f__Oscillospiraceae	g__Onthomonas	s__Onthomonas sp021200895	77.7	3.32	2140929
EHA04671_bin.44	d__Bacteria	p__Bacillota	c__Bacilli	o__RF39	f__UBA660	g__Onthocola_B	s__	82.34	4	879971
EHA04766_bin.9	d__Bacteria	p__Pseudomonadota	c__Gammaproteobacteria	o__Burkholderiales	f__Burkholderiaceae_A	g__Sutterella	s__	58.43	1.08	1006573
EHA02089_bin.18	d__Bacteria	p__Cyanobacteriota	c__Vampirovibrionia	o__Gastranaerophilales	f__Gastranaerophilaceae	g__SIG32	s__	55.97	2.23	844193
EHA02263_bin.20	d__Bacteria	p__Bacillota	c__Bacilli	o__Lactobacillales	f__Enterococcaceae	g__Enterococcus_B	s__Enterococcus_B pernyi	99.84	0.86	2820492
EHA04664_bin.3	d__Bacteria	p__Bacillota_A	c__Clostridia	o__Oscillospirales	f__Ruminococcaceae	g__CAG-353	s__CAG-353 sp001941135	99.83	0.16	2225556
EHA04646_bin.8	d__Bacteria	p__Bacteroidota	c__Bacteroidia	o__Bacteroidales	f__Bacteroidaceae	g__Prevotella	s__Prevotella sp905216025	97.07	1.07	1914295
EHA01890_bin.57	d__Bacteria	p__Bacillota_A	c__Clostridia	o__Lachnospirales	f__Lachnospiraceae	g__Blautia_A	s__Blautia_A sp900541345	72.45	4.01	1506177
EHA04643_bin.28	d__Archaea	p__Thermoplasmatota	c__Thermoplasmata	o__Methanomassiliicoccales	f__Methanomethylophilaceae	g__UBA71	s__	93.57	0.18	1403205
EHA04661_bin.11	d__Bacteria	p__Cyanobacteriota	c__Vampirovibrionia	o__Gastranaerophilales	f__Gastranaerophilaceae	g__Zag111	s__Zag111 sp001899395	99.96	0.14	2042357
EHA01918_bin.5	d__Bacteria	p__Bacillota	c__Bacilli	o__Erysipelotrichales	f__Coprobacillaceae	g__Faecalibacillus	s__Faecalibacillus intestinalis	73.4	3.63	1945676
EHA02078_bin.23	d__Bacteria	p__Bacillota_A	c__Clostridia	o__Lachnospirales	f__Lachnospiraceae	g__Acetatifactor	s__Acetatifactor sp021200695	97.83	0.07	2644473
EHA01874_bin.6	d__Bacteria	p__Pseudomonadota	c__Gammaproteobacteria	o__Enterobacterales_A	f__Succinivibrionaceae	g__Anaerobiospirillum	s__	84.34	0.25	4426259
EHA04635_bin.7	d__Bacteria	p__Bacillota_A	c__Clostridia	o__Christensenellales	f__Borkfalkiaceae	g__Coproplasma	s__	57.26	3.57	1612937
EHA02273_bin.15	d__Bacteria	p__Actinomycetota	c__Actinomycetia	o__Actinomycetales	f__Microbacteriaceae	g__Microbacterium	s__Microbacterium stercoravium	79.12	0.54	2122979
EHA04653_bin.20	d__Bacteria	p__Bacillota_A	c__Clostridia	o__Lachnospirales	f__Lachnospiraceae	g__RGIG6307	s__	76.07	4.74	2287777
EHA02262_bin.13	d__Bacteria	p__Actinomycetota	c__Actinomycetia	o__Mycobacteriales	f__Mycobacteriaceae	g__Dietzia	s__Dietzia intestinigallinarum	72.16	4.61	2970109
EHA04674_bin.11	d__Bacteria	p__Bacillota_A	c__Clostridia	o__Christensenellales	f__Borkfalkiaceae	g__Coproplasma	s__Coproplasma sp021205485	85.93	2.33	1603369
EHA01597_bin.1	d__Bacteria	p__Bacillota_A	c__Clostridia	o__Peptostreptococcales	f__Peptostreptococcaceae	g__GCA-900066495	s__	99.29	1.43	2546345
EHA04664_bin.1	d__Bacteria	p__Bacillota_A	c__Clostridia	o__Oscillospirales	f__Ruminococcaceae	g__Faeciplasma	s__	93.87	1.26	1918602
EHA04676_bin.2	d__Bacteria	p__Bacillota_A	c__Clostridia	o__Lachnospirales	f__Lachnospiraceae	g__CALWPC01	s__	95.01	1.7	3745589
EHA04666_bin.17	d__Bacteria	p__Bacillota_A	c__Clostridia	o__Christensenellales	f__Borkfalkiaceae	g__Coproplasma	s__	96.23	0.17	2209466
EHA01634_bin.8	d__Bacteria	p__Bacillota_A	c__Clostridia	o__Clostridiales	f__Clostridiaceae	g__Clostridium	s__Clostridium sp015667795	92.37	8.027	4052754
EHA02081_bin.15	d__Bacteria	p__Bacillota_A	c__Clostridia	o__Christensenellales	f__Borkfalkiaceae	g__Coproplasma	s__	84.96	3.36	1358661
EHA01891_bin.9	d__Bacteria	p__Bacillota_A	c__Clostridia	o__Lachnospirales	f__Lachnospiraceae	g__Eisenbergiella	s__Eisenbergiella sp900539715	52.75	1.69	1560695
EHA04674_bin.24	d__Bacteria	p__Bacillota_A	c__Clostridia	o__Oscillospirales	f__Ruminococcaceae	g__Faeciplasma	s__	100	1.5	2635274
EHA02095_bin.24	d__Bacteria	p__Bacillota_A	c__Clostridia	o__Lachnospirales	f__Lachnospiraceae	g__RGIG6307	s__	63.51	2.52	1480080
EHA01907_bin.1	d__Bacteria	p__Bacteroidota	c__Bacteroidia	o__Bacteroidales	f__Bacteroidaceae	g__Phocaeicola	s__Phocaeicola sp020026175	99.45	1.99	4024119
EHA01908_bin.4	d__Bacteria	p__Bacillota_A	c__Clostridia	o__Oscillospirales	f__Oscillospiraceae	g__Dysosmobacter	s__	78.77	0.49	1568849
EHA02263_bin.10	d__Bacteria	p__Pseudomonadota	c__Gammaproteobacteria	o__Xanthomonadales	f__Xanthomonadaceae	g__Luteimonas_D	s__Luteimonas_D excrementigallinarum	82.69	1.39	2401485
EHA01709_bin.62	d__Bacteria	p__Bacillota_A	c__Clostridia	o__Peptostreptococcales	f__Peptostreptococcaceae	g__Peptostreptococcus	s__	77.38	4.487	1623513
EHA02016_bin.2	d__Bacteria	p__Bacillota	c__Bacilli	o__Lactobacillales	f__Carnobacteriaceae	g__Carnobacterium	s__Carnobacterium maltaromaticum	87.03	3.3	3091839
EHA02258_bin.16	d__Bacteria	p__Bacillota	c__Bacilli	o__Staphylococcales	f__Staphylococcaceae	g__Staphylococcus	s__Staphylococcus kloosii	67.13	3.49	2155036
EHA04640_bin.31	d__Bacteria	p__Bacillota_A	c__Clostridia	o__Lachnospirales	f__Lachnospiraceae	g__Eubacterium_I	s__	55.8	0.78	1405483
EHA04671_bin.40	d__Bacteria	p__Bacillota_A	c__Clostridia	o__Oscillospirales	f__Oscillospiraceae	g__JAJQBJ01	s__JAJQBJ01 sp021203345	53.97	5.91	1242778
EHA01876_bin.2	d__Bacteria	p__Pseudomonadota	c__Gammaproteobacteria	o__Enterobacterales_A	f__Succinivibrionaceae	g__Anaerobiospirillum	s__	92.55	0.15	3851664
EHA02084_bin.1	d__Bacteria	p__Bacteroidota	c__Bacteroidia	o__Bacteroidales	f__Bacteroidaceae	g__Phocaeicola_A	s__	55.24	1.11	1036069
EHA04652_bin.20	d__Bacteria	p__Bacillota_A	c__Clostridia	o__Oscillospirales	f__Oscillospiraceae	g__Onthomonas	s__	82.2	6.48	1758804
EHA02035_bin.2	d__Bacteria	p__Bacillota	c__Bacilli	o__Staphylococcales	f__Staphylococcaceae	g__Staphylococcus	s__Staphylococcus equorum_A	59.57	0.89	1957338
EHA01709_bin.11	d__Bacteria	p__Bacillota_A	c__Clostridia	o__Lachnospirales	f__Lachnospiraceae	g__UBA9414	s__	68.28	0.474	1291682
EHA02095_bin.20	d__Bacteria	p__Pseudomonadota	c__Gammaproteobacteria	o__Burkholderiales	f__Burkholderiaceae_A	g__Sutterella	s__	96.75	2.18	2899598
EHA01925_bin.25	d__Bacteria	p__Bacillota_A	c__Clostridia	o__TANB77	f__CAG-508	g__CAG-269	s__	88.89	3.45	1798450
EHA04660_bin.24	d__Bacteria	p__Bacteroidota	c__Bacteroidia	o__Bacteroidales	f__Bacteroidaceae	g__Prevotella	s__	85.6	0.42	2591803
EHA02093_bin.14	d__Bacteria	p__Synergistota	c__Synergistia	o__Synergistales	f__Dethiosulfovibrionaceae	g__Pyramidobacter	s__	59.17	0.37	1503573
EHA04657_bin.38	d__Bacteria	p__Bacillota_A	c__Clostridia	o__Lachnospirales	f__Lachnospiraceae	g__RGIG6307	s__	55.68	9.11	584735
EHA04671_bin.26	d__Bacteria	p__Bacillota_A	c__Clostridia	o__Oscillospirales	f__Ruminococcaceae	g__CAG-353	s__CAG-353 sp001941135	99.27	0.47	2478015
EHA02076_bin.7	d__Bacteria	p__Bacillota_A	c__Clostridia	o__Oscillospirales	f__Oscillospiraceae	g__JAJQCF01	s__JAJQCF01 sp021202845	50.58	0	874310
EHA02096_bin.4	d__Bacteria	p__Bacillota_A	c__Clostridia	o__UBA1381	f__UBA1381	g__12844	s__	53.79	8.58	1636097
EHA02079_bin.37	d__Bacteria	p__Bacillota_A	c__Clostridia	o__Oscillospirales	f__Oscillospiraceae	g__JAJPXI01	s__	94.48	0.02	1751736
EHA04640_bin.13	d__Bacteria	p__Bacillota_A	c__Clostridia	o__Christensenellales	f__UBA1242	g__Caccovivens	s__	98.87	0.88	1132826
EHA02269_bin.9	d__Bacteria	p__Actinomycetota	c__Actinomycetia	o__Actinomycetales	f__	g__	s__	92.49	1.32	2125664
EHA04646_bin.28	d__Bacteria	p__Bacillota_A	c__Clostridia	o__Oscillospirales	f__Ruminococcaceae	g__Faeciplasma	s__	59.13	9.13	596697
EHA04657_bin.10	d__Bacteria	p__Bacillota_A	c__Clostridia	o__Lachnospirales	f__Lachnospiraceae	g__VSOB01	s__	81.71	4.1	2066033
EHA01925_bin.7	d__Bacteria	p__Bacillota_A	c__Clostridia	o__Peptostreptococcales	f__Peptostreptococcaceae	g__Peptacetobacter	s__Peptacetobacter sp900550335	73.17	3.53	1079584
EHA02255_bin.10	d__Bacteria	p__Patescibacteria	c__Saccharimonadia	o__Saccharimonadales	f__JALRDG01	g__JALRDG01	s__	86.8	0.3	755077
EHA04671_bin.38	d__Bacteria	p__Bacillota_A	c__Clostridia	o__Lachnospirales	f__Lachnospiraceae	g__COE1	s__	86.74	5.33	2081623
EHA02088_bin.12	d__Bacteria	p__Bacillota_A	c__Clostridia	o__Lachnospirales	f__CAG-274	g__	s__	60.71	0.02	1437432
EHA04671_bin.17	d__Bacteria	p__Bacillota_A	c__Clostridia	o__Christensenellales	f__UBA1242	g__Onthoplasma	s__	96.93	3.55	1114525
EHA04645_bin.2	d__Bacteria	p__Bacillota_A	c__Clostridia	o__Oscillospirales	f__Oscillospiraceae	g__Onthomonas	s__Onthomonas sp021201185	88.78	2.35	2215696
EHA04645_bin.12	d__Bacteria	p__Bacillota_A	c__Clostridia	o__Oscillospirales	f__Oscillospiraceae	g__JAJQCF01	s__JAJQCF01 sp021202845	98.27	0	2048942
EHA04647_bin.32	d__Bacteria	p__Bacillota_A	c__Clostridia	o__Christensenellales	f__UBA1242	g__Caccovivens	s__	81.6	1.1	816978
EHA04660_bin.16	d__Bacteria	p__Bacillota_A	c__Clostridia	o__Christensenellales	f__Borkfalkiaceae	g__Coproplasma	s__	51.56	3.51	1280378
EHA04650_bin.16	d__Bacteria	p__Cyanobacteriota	c__Vampirovibrionia	o__Gastranaerophilales	f__RUG14156	g__Galligastranaerophilus_A	s__	63.68	5.14	1027662
EHA04652_bin.23	d__Bacteria	p__Bacillota_A	c__Clostridia	o__TANB77	f__CAG-508	g__JAAWPK01	s__	63.12	3.48	855256
EHA04669_bin.21	d__Bacteria	p__Bacillota_A	c__Clostridia	o__TANB77	f__CAG-465	g__CAG-465	s__	90	5.35	2224239
EHA01920_bin.8	d__Bacteria	p__Bacillota_A	c__Clostridia	o__Lachnospirales	f__Lachnospiraceae	g__Blautia	s__Blautia hansenii	86.62	0.39	2158803
EHA04765_bin.23	d__Bacteria	p__Bacillota_A	c__Clostridia	o__Christensenellales	f__Borkfalkiaceae	g__Coproplasma	s__	99.47	2.25	1893971
EHA04674_bin.27	d__Bacteria	p__Bacillota_A	c__Clostridia	o__Lachnospirales	f__Lachnospiraceae	g__UBA4292	s__	98.64	0.14	2427972
EHA02078_bin.34	d__Bacteria	p__Bacillota_A	c__Clostridia	o__Lachnospirales	f__Lachnospiraceae	g__RGIG6307	s__	77.78	3.92	2086126
EHA04641_bin.20	d__Bacteria	p__Bacillota_A	c__Clostridia	o__UMGS1883	f__UMGS1883	g__JAJQCX01	s__	65.1	7.05	1524232
EHA01923_bin.2	d__Bacteria	p__Campylobacterota	c__Campylobacteria	o__Campylobacterales	f__Helicobacteraceae	g__Helicobacter_A	s__	99.99	0	2366956
EHA04675_bin.3	d__Bacteria	p__Bacillota	c__Bacilli	o__RF39	f__UBA660	g__Coprosoma	s__	86.51	1.74	1302323
EHA02076_bin.11	d__Bacteria	p__Bacillota_A	c__Clostridia	o__Lachnospirales	f__Lachnospiraceae	g__Coprococcus	s__	88	1.95	1751538
EHA01876_bin.3	d__Bacteria	p__Bacillota_A	c__Clostridia	o__Peptostreptococcales	f__Peptostreptococcaceae	g__Peptacetobacter	s__Peptacetobacter hiranonis	60.21	4.62	621731
EHA04659_bin.1	d__Bacteria	p__Bacillota_A	c__Clostridia	o__Oscillospirales	f__Oscillospiraceae	g__Faecousia	s__Faecousia sp021200975	98.42	0.13	1839932
EHA04767_bin.12	d__Bacteria	p__Bacillota_A	c__Clostridia	o__Oscillospirales	f__Ruminococcaceae	g__Faeciplasma	s__	99.82	0.25	1949877
EHA01890_bin.58	d__Bacteria	p__Bacillota	c__Bacilli	o__Erysipelotrichales	f__Coprobacillaceae	g__Faecalibacillus	s__	56.9	7.61	1626111
EHA04655_bin.34	d__Bacteria	p__Bacillota_A	c__Clostridia	o__Lachnospirales	f__Lachnospiraceae	g__Ventrimonas	s__Ventrimonas sp021202655	82.17	0.98	1640545
EHA01914_bin.22	d__Bacteria	p__Actinomycetota	c__Coriobacteriia	o__Coriobacteriales	f__Coriobacteriaceae	g__Collinsella	s__	51.25	5.29	1031291
EHA04657_bin.5	d__Bacteria	p__Bacillota_A	c__Clostridia	o__Oscillospirales	f__CAG-272	g__DTU064	s__DTU064 sp021199825	100	1.06	1547645
EHA02088_bin.11	d__Bacteria	p__Bacteroidota	c__Bacteroidia	o__Bacteroidales	f__Muribaculaceae	g__RGIG4079	s__	99.77	0.07	1830038
EHA04639_bin.10	d__Bacteria	p__Bacillota_A	c__Clostridia	o__Lachnospirales	f__Lachnospiraceae	g__Agathobacter	s__	95.74	1.32	3547939
EHA04657_bin.19	d__Bacteria	p__Bacillota_A	c__Clostridia	o__TANB77	f__CAG-465	g__CAG-465	s__	98.78	2.12	1510966
EHA04641_bin.23	d__Bacteria	p__Bacillota_A	c__Clostridia	o__Lachnospirales	f__Lachnospiraceae	g__SIG308	s__	92.48	6.34	2536791
EHA02078_bin.16	d__Bacteria	p__Bacillota	c__Bacilli	o__RF39	f__UBA660	g__RUG11788	s__	87.29	3.28	1260418
EHA04669_bin.38	d__Bacteria	p__Bacillota_A	c__Clostridia	o__Oscillospirales	f__Ruminococcaceae	g__Faecalibacterium	s__	72.05	2.12	1889698
EHA02094_bin.17	d__Bacteria	p__Campylobacterota	c__Campylobacteria	o__Campylobacterales	f__Helicobacteraceae	g__NHYM01	s__	99.93	0.08	1603745
EHA04651_bin.6	d__Bacteria	p__Cyanobacteriota	c__Vampirovibrionia	o__Gastranaerophilales	f__Gastranaerophilaceae	g__CAG-196	s__	98.39	0.49	1912832
EHA02088_bin.21	d__Bacteria	p__Bacillota	c__Bacilli	o__Erysipelotrichales	f__Coprobacillaceae	g__JAJQDJ01	s__	76.41	1.62	1552949
EHA01874_bin.12	d__Bacteria	p__Bacillota_A	c__Clostridia	o__Lachnospirales	f__Lachnospiraceae	g__Ruminococcus_B	s__	53.24	5.85	2162452
EHA01924_bin.20	d__Bacteria	p__Bacillota_A	c__Clostridia	o__Lachnospirales	f__CAG-274	g__Tyzzerella	s__	74.06	0.3	953055
EHA01892_bin.20	d__Bacteria	p__Bacillota_A	c__Clostridia	o__Oscillospirales	f__Ruminococcaceae	g__Faecalibacterium	s__Faecalibacterium sp900540455	99.93	0.05	2342514
EHA01927_bin.1	d__Bacteria	p__Bacillota_A	c__Clostridia	o__Clostridiales	f__Clostridiaceae	g__Dwaynesavagella	s__	98.05	2.03	2124750
EHA04653_bin.13	d__Bacteria	p__Pseudomonadota	c__Gammaproteobacteria	o__Burkholderiales	f__Burkholderiaceae_A	g__Sutterella	s__	50.87	0.08	1136479
EHA02087_bin.12	d__Bacteria	p__Bacillota_A	c__Clostridia	o__Oscillospirales	f__Oscillospiraceae	g__Onthomonas	s__	99.78	4.56	2533269
EHA01924_bin.22	d__Bacteria	p__Bacillota	c__Bacilli	o__Lactobacillales	f__Catellicoccaceae	g__Catellicoccus	s__Catellicoccus marimammalium	76.01	1.55	911162
EHA04665_bin.12	d__Bacteria	p__Bacillota_A	c__Clostridia	o__Christensenellales	f__Borkfalkiaceae	g__Coproplasma	s__	94.56	1.1	1705253
EHA02093_bin.2	d__Bacteria	p__Synergistota	c__Synergistia	o__Synergistales	f__Synergistaceae	g__E4-60	s__	98.64	0.42	1989964
EHA04765_bin.25	d__Bacteria	p__Actinomycetota	c__Coriobacteriia	o__Coriobacteriales	f__Eggerthellaceae	g__	s__	91.76	2.82	1761393
EHA04665_bin.25	d__Bacteria	p__Bacillota_A	c__Clostridia	o__Oscillospirales	f__Ruminococcaceae	g__Faeciplasma	s__	98.63	0.46	1929045
EHA01925_bin.2	d__Bacteria	p__Pseudomonadota	c__Gammaproteobacteria	o__Enterobacterales_A	f__Succinivibrionaceae	g__Anaerobiospirillum	s__Anaerobiospirillum succiniciproducens	92.98	0.44	3773224
EHA02255_bin.9	d__Bacteria	p__Actinomycetota	c__Actinomycetia	o__Mycobacteriales	f__Mycobacteriaceae	g__Gordonia	s__	71.73	1.68	2994794
EHA04639_bin.18	d__Archaea	p__Thermoplasmatota	c__Thermoplasmata	o__Methanomassiliicoccales	f__Methanomethylophilaceae	g__UBA71	s__	94.25	0.29	2481380
EHA04655_bin.38	d__Bacteria	p__Bacillota	c__Bacilli	o__RF39	f__UBA660	g__RUG11788	s__	97.49	3.7	2053755
EHA04635_bin.9	d__Bacteria	p__Bacillota_A	c__Clostridia	o__Christensenellales	f__Borkfalkiaceae	g__Coproplasma	s__	95.69	1.02	2086426
EHA02097_bin.8	d__Bacteria	p__Bacteroidota	c__Bacteroidia	o__Bacteroidales	f__Bacteroidaceae	g__Prevotella	s__	96.37	0.02	1957630
EHA04675_bin.9	d__Bacteria	p__Bacillota_A	c__Clostridia	o__Christensenellales	f__Borkfalkiaceae	g__	s__	60.24	4.97	628513
EHA02075_bin.31	d__Bacteria	p__Bacillota_A	c__Clostridia	o__Christensenellales	f__Borkfalkiaceae	g__Coproplasma	s__	94.58	0.53	2317685
EHA02085_bin.9	d__Bacteria	p__Bacillota_A	c__Clostridia	o__Lachnospirales	f__Lachnospiraceae	g__Agathobacter	s__	70.91	2.37	1799882
EHA01598_bin.9	d__Bacteria	p__Bacteroidota	c__Bacteroidia	o__Bacteroidales	f__Bacteroidaceae	g__	s__	90.66	1.303	2345063
EHA04659_bin.18	d__Bacteria	p__Bacillota_A	c__Clostridia	o__Christensenellales	f__Borkfalkiaceae	g__Coproplasma	s__Coproplasma sp021205485	73.01	3.94	1321067
EHA04666_bin.7	d__Bacteria	p__Bacillota_A	c__Clostridia	o__Lachnospirales	f__Lachnospiraceae	g__Agathobacter	s__	85.65	1.11	2897685
EHA04639_bin.25	d__Bacteria	p__Bacillota_A	c__Clostridia	o__Lachnospirales	f__Lachnospiraceae	g__Eubacterium_I	s__	69.28	4.88	1696320
EHA02255_bin.11	d__Bacteria	p__Bacillota_A	c__Clostridia	o__Oscillospirales	f__Ruminococcaceae	g__JAAYSD01	s__	97.14	0.8	2223273
EHA04656_bin.9	d__Bacteria	p__Bacillota_A	c__Clostridia	o__Oscillospirales	f__Ruminococcaceae	g__UMGS363	s__UMGS363 sp021199335	92.41	0.2	1470057
EHA04645_bin.16	d__Bacteria	p__Bacillota	c__Bacilli	o__Erysipelotrichales	f__Coprobacillaceae	g__JAJQDJ01	s__	67.65	0.55	1596630
EHA01709_bin.29	d__Bacteria	p__Bacillota	c__Bacilli	o__Lactobacillales	f__Catellicoccaceae	g__Catellicoccus	s__	66.8	1.381	914372
EHA02077_bin.20	d__Bacteria	p__Bacillota_A	c__Clostridia	o__Lachnospirales	f__Lachnospiraceae	g__Ventrimonas	s__	75.88	4.33	1745556
EHA01666_bin.24	d__Bacteria	p__Bacillota_A	c__Clostridia	o__Peptostreptococcales	f__Filifactoraceae	g__	s__	57.21	0	1710717
EHA01921_bin.34	d__Bacteria	p__Bacillota_A	c__Clostridia	o__Peptostreptococcales	f__Peptostreptococcaceae	g__GCA-900066495	s__GCA-900066495 sp902362365	84.68	8.46	2791373
EHA01886_bin.11	d__Bacteria	p__Bacillota_A	c__Clostridia	o__Lachnospirales	f__Lachnospiraceae	g__Clostridium_Q	s__Clostridium_Q sp000435655	98.03	0.17	2718413
EHA02094_bin.20	d__Bacteria	p__Bacillota_A	c__Clostridia	o__Oscillospirales	f__Oscillospiraceae	g__JAJPXI01	s__	79.45	2.16	1333254
EHA02085_bin.7	d__Bacteria	p__Bacillota	c__Bacilli	o__RFN20	f__CAG-288	g__Enterosoma	s__	91.51	0.27	1490820
EHA02084_bin.15	d__Bacteria	p__Bacteroidota	c__Bacteroidia	o__Bacteroidales	f__Bacteroidaceae	g__Prevotella	s__	99.67	0.41	2885898
EHA04671_bin.28	d__Bacteria	p__Bacillota_A	c__Clostridia	o__Christensenellales	f__Borkfalkiaceae	g__Coproplasma	s__	72.98	2.99	1356100
EHA02091_bin.14	d__Bacteria	p__Bacillota_A	c__Clostridia	o__Christensenellales	f__Borkfalkiaceae	g__Gallimonas	s__	97.23	6.28	1781902
EHA01871_bin.4	d__Bacteria	p__Pseudomonadota	c__Gammaproteobacteria	o__Burkholderiales	f__Burkholderiaceae_A	g__Sutterella	s__	98.12	0.45	1884402
EHA01891_bin.15	d__Bacteria	p__Campylobacterota	c__Campylobacteria	o__Campylobacterales	f__Helicobacteraceae	g__Helicobacter_C	s__	81.69	0.05	1619165
EHA04643_bin.12	d__Bacteria	p__Bacillota_A	c__Clostridia	o__Lachnospirales	f__Lachnospiraceae	g__UBA2882	s__UBA2882 sp900542015	98.91	0.09	3013059
EHA04647_bin.3	d__Bacteria	p__Bacillota_A	c__Clostridia	o__Oscillospirales	f__Oscillospiraceae	g__Faecousia	s__	98.4	0.21	2227965
EHA04659_bin.4	d__Bacteria	p__Bacillota_A	c__Clostridia	o__Lachnospirales	f__Lachnospiraceae	g__Coprococcus	s__	82.96	5.64	1496855
EHA01872_bin.39	d__Bacteria	p__Pseudomonadota	c__Gammaproteobacteria	o__Burkholderiales	f__Burkholderiaceae_A	g__Sutterella	s__	57.66	8.11	1764535
EHA02078_bin.9	d__Bacteria	p__Bacillota_A	c__Clostridia	o__Oscillospirales	f__CAG-272	g__DTU064	s__DTU064 sp021202555	98.71	0.11	2122040
EHA04640_bin.1	d__Bacteria	p__Bacillota_A	c__Clostridia	o__Oscillospirales	f__Acutalibacteraceae	g__Eubacterium_R	s__	57.91	0.39	1312220
EHA04635_bin.27	d__Bacteria	p__Bacillota_A	c__Clostridia	o__Oscillospirales	f__Oscillospiraceae	g__Onthomonas	s__	90.34	8.06	2148597
EHA04638_bin.8	d__Bacteria	p__Bacillota	c__Bacilli	o__RFN20	f__CAG-288	g__Enterosoma	s__	93.41	0.14	1379848
EHA04674_bin.30	d__Bacteria	p__Bacillota_A	c__Clostridia	o__Lachnospirales	f__Lachnospiraceae	g__Agathobacter	s__	86.95	0.11	2290904
EHA01899_bin.27	d__Bacteria	p__Pseudomonadota	c__Gammaproteobacteria	o__Enterobacterales_A	f__Succinivibrionaceae	g__Anaerobiospirillum	s__	68.38	0.65	2174521
EHA02255_bin.7	d__Bacteria	p__Bacteroidota	c__Bacteroidia	o__Flavobacteriales	f__Crocinitomicaceae	g__Taishania	s__	81.78	2.04	2774798
EHA04658_bin.31	d__Bacteria	p__Bacillota_A	c__Clostridia	o__Christensenellales	f__Borkfalkiaceae	g__Coproplasma	s__	74.05	0.43	1475198
EHA02075_bin.10	d__Bacteria	p__Campylobacterota	c__Campylobacteria	o__Campylobacterales	f__Helicobacteraceae	g__NHYM01	s__	99.88	0.67	1585334
EHA04677_bin.10	d__Bacteria	p__Bacillota_A	c__Clostridia	o__Lachnospirales	f__Lachnospiraceae	g__COE1	s__	89	2.58	2698000
EHA04654_bin.25	d__Bacteria	p__Bacillota_A	c__Clostridia	o__Christensenellales	f__Borkfalkiaceae	g__Coproplasma	s__Coproplasma sp021202395	87.67	2.91	1581789
EHA01924_bin.28	d__Bacteria	p__Bacillota_A	c__Clostridia	o__Peptostreptococcales	f__Peptostreptococcaceae	g__Peptacetobacter	s__Peptacetobacter sp900550335	55.45	3	1338460
EHA04673_bin.12	d__Bacteria	p__Bacillota_A	c__Clostridia	o__Oscillospirales	f__Ruminococcaceae	g__Faeciplasma	s__	100	0.94	2147220
EHA02086_bin.4	d__Bacteria	p__Cyanobacteriota	c__Vampirovibrionia	o__Gastranaerophilales	f__Gastranaerophilaceae	g__SIG32	s__	66.97	3.44	1139125
EHA01709_bin.35	d__Bacteria	p__Fusobacteriota	c__Fusobacteriia	o__Fusobacteriales	f__Fusobacteriaceae	g__Fusobacterium_A	s__	57.36	1.724	1567091
EHA01915_bin.1	d__Bacteria	p__Bacillota_A	c__Clostridia	o__Lachnospirales	f__Lachnospiraceae	g__Blautia	s__Blautia sp900556555	85.82	0.8	2505267
EHA04661_bin.22	d__Bacteria	p__Bacillota_A	c__Clostridia	o__Christensenellales	f__Borkfalkiaceae	g__Coproplasma	s__	64.92	8.64	2049681
EHA04640_bin.19	d__Bacteria	p__Cyanobacteriota	c__Vampirovibrionia	o__Gastranaerophilales	f__Gastranaerophilaceae	g__Avigastranaerophilus	s__	51.68	4.6	1147576
EHA04644_bin.29	d__Bacteria	p__Bacillota_A	c__Clostridia	o__Christensenellales	f__CAG-74	g__Limiplasma	s__Limiplasma sp900550955	80.44	0.2	2734222
EHA04668_bin.17	d__Bacteria	p__Bacillota_A	c__Clostridia	o__Lachnospirales	f__Lachnospiraceae	g__UBA4292	s__	89.31	8.54	2152110
EHA01595_bin.6	d__Bacteria	p__Campylobacterota	c__Campylobacteria	o__Campylobacterales	f__Helicobacteraceae	g__Helicobacter_D	s__	99.64	0.353	1613761
EHA02034_bin.2	d__Bacteria	p__Pseudomonadota	c__Gammaproteobacteria	o__Pseudomonadales	f__Pseudomonadaceae	g__Pseudomonas_E	s__Pseudomonas_E weihenstephanensis	51.74	3.95	3208651
EHA04643_bin.20	d__Bacteria	p__Bacillota_A	c__Clostridia	o__TANB77	f__CAG-508	g__Scatovivens	s__	93.4	2.58	1529964
EHA04676_bin.9	d__Bacteria	p__Bacillota_A	c__Clostridia	o__Christensenellales	f__Borkfalkiaceae	g__Coproplasma	s__	95.96	4.33	1597419
EHA02263_bin.7	d__Bacteria	p__Actinomycetota	c__Actinomycetia	o__Actinomycetales	f__Dermabacteraceae	g__Brachybacterium	s__	67.73	3.44	2765948
EHA04670_bin.7	d__Bacteria	p__Bacillota_A	c__Clostridia	o__Lachnospirales	f__Lachnospiraceae	g__Agathobacter	s__	87.29	0.61	2836392
EHA01887_bin.4	d__Bacteria	p__Bacteroidota	c__Bacteroidia	o__Bacteroidales	f__Bacteroidaceae	g__Alloprevotella	s__	88.54	0.94	2489976
EHA01907_bin.12	d__Bacteria	p__Bacillota_A	c__Clostridia	o__Clostridiales	f__Clostridiaceae	g__Sarcina	s__Sarcina perfringens	52.5	4.69	1684740
EHA01589_bin.6	d__Bacteria	p__Bacillota	c__Bacilli	o__Lactobacillales	f__Lactobacillaceae	g__Ligilactobacillus	s__	93.68	0.745	1370522
EHA02096_bin.14	d__Bacteria	p__Bacillota_A	c__Clostridia	o__Oscillospirales	f__Ruminococcaceae	g__Faeciplasma	s__	70.89	0.58	1018144
EHA01891_bin.11	d__Bacteria	p__Bacillota_A	c__Clostridia	o__Clostridiales	f__Clostridiaceae	g__Sarcina	s__Sarcina perfringens	87.9	1.54	3044352
EHA01901_bin.27	d__Bacteria	p__Fusobacteriota	c__Fusobacteriia	o__Fusobacteriales	f__Fusobacteriaceae	g__Fusobacterium_B	s__	60.34	2.83	969194
EHA04660_bin.1	d__Bacteria	p__Bacillota_A	c__Clostridia	o__Oscillospirales	f__Ruminococcaceae	g__Faeciplasma	s__	100	0.69	2057808
EHA01925_bin.6	d__Bacteria	p__Bacteroidota	c__Bacteroidia	o__Bacteroidales	f__Tannerellaceae	g__Parabacteroides	s__Parabacteroides distasonis	74.97	1.42	3533825
EHA01908_bin.27	d__Bacteria	p__Bacillota_A	c__Clostridia	o__Clostridiales	f__Clostridiaceae	g__Clostridium_H	s__Clostridium_H novyi	78.37	7.02	1427689
EHA01894_bin.1	d__Bacteria	p__Pseudomonadota	c__Gammaproteobacteria	o__Enterobacterales_A	f__Succinivibrionaceae	g__Anaerobiospirillum	s__Anaerobiospirillum succiniciproducens	59.51	3.35	2020456
EHA01903_bin.38	d__Bacteria	p__Fusobacteriota	c__Fusobacteriia	o__Fusobacteriales	f__Fusobacteriaceae	g__Fusobacterium_A	s__Fusobacterium_A sp900555845	68.06	8.09	1761237
EHA01905_bin.5	d__Bacteria	p__Bacillota_A	c__Clostridia	o__Oscillospirales	f__Oscillospiraceae	g__Faecousia	s__	93.78	3.45	1836834
EHA04671_bin.29	d__Bacteria	p__Bacillota_A	c__Clostridia	o__Oscillospirales	f__Acutalibacteraceae	g__Eubacterium_R	s__Eubacterium_R sp020860025	53.15	6.52	1544210
EHA01634_bin.27	d__Bacteria	p__Bacillota_A	c__Clostridia	o__Clostridiales	f__Clostridiaceae	g__Clostridium_H	s__Clostridium_H haemolyticum	91.72	0	2287503
EHA01902_bin.12	d__Bacteria	p__Pseudomonadota	c__Gammaproteobacteria	o__Enterobacterales	f__Enterobacteriaceae	g__Escherichia	s__Escherichia coli	52.38	0.49	2561409
EHA01926_bin.27	d__Bacteria	p__Fusobacteriota	c__Fusobacteriia	o__Fusobacteriales	f__Fusobacteriaceae	g__Fusobacterium_A	s__Fusobacterium_A sp900555845	66.46	1.48	711459
EHA04647_bin.33	d__Bacteria	p__Bacillota_A	c__Clostridia	o__Oscillospirales	f__Oscillospiraceae	g__Onthomonas	s__Onthomonas sp020860575	86.88	3.14	1925876
EHA04659_bin.20	d__Bacteria	p__Bacillota_A	c__Clostridia	o__Lachnospirales	f__Lachnospiraceae	g__COE1	s__	70.34	1.99	1702620
EHA04655_bin.35	d__Bacteria	p__Bacillota_A	c__Clostridia	o__Oscillospirales	f__Oscillospiraceae	g__JAJPXI01	s__JAJPXI01 sp021205585	57.58	0.81	1143117
EHA04676_bin.29	d__Bacteria	p__Bacillota_A	c__Clostridia	o__Oscillospirales	f__Oscillospiraceae	g__	s__	89.08	6.86	1336815
EHA04667_bin.5	d__Bacteria	p__Bacillota_A	c__Clostridia	o__Christensenellales	f__Borkfalkiaceae	g__Coproplasma	s__	55.47	4.21	1315002
EHA02098_bin.23	d__Bacteria	p__Bacillota_A	c__Clostridia	o__Lachnospirales	f__Lachnospiraceae	g__Agathobacter	s__	55.76	7.5	2415277
EHA04660_bin.31	d__Bacteria	p__Bacteroidota	c__Bacteroidia	o__Bacteroidales	f__Bacteroidaceae	g__UBA4372	s__	54.61	3.92	1453496
EHA04663_bin.17	d__Bacteria	p__Bacillota_A	c__Clostridia	o__Lachnospirales	f__CAG-274	g__JAJQCI01	s__	92.49	3.58	2935385
EHA04643_bin.6	d__Bacteria	p__Bacillota_A	c__Clostridia	o__Christensenellales	f__UBA1242	g__	s__	98.45	1.42	2001811
EHA04652_bin.30	d__Bacteria	p__Bacillota_A	c__Clostridia	o__UBA1381	f__UBA1381	g__12844	s__	65.11	6.87	2248110
EHA02089_bin.14	d__Bacteria	p__Bacillota_A	c__Clostridia	o__Oscillospirales	f__Ruminococcaceae	g__Faecalibacterium	s__	83.09	4.34	2142120
EHA04642_bin.29	d__Bacteria	p__Bacillota_A	c__Clostridia	o__Oscillospirales	f__Oscillospiraceae	g__Onthomonas	s__Onthomonas sp020860385	67.48	3.03	1718713
EHA04665_bin.21	d__Bacteria	p__Bacillota_A	c__Clostridia	o__Oscillospirales	f__Ruminococcaceae	g__Faecalibacterium	s__	83.79	5.32	1856019
EHA02263_bin.1	d__Bacteria	p__Bacillota_A	c__Clostridia	o__Lachnospirales	f__CAG-274	g__	s__	95.13	0.52	1834773
EHA01890_bin.19	d__Bacteria	p__Pseudomonadota	c__Gammaproteobacteria	o__Enterobacterales_A	f__Succinivibrionaceae	g__Anaerobiospirillum	s__Anaerobiospirillum sp023051105	85.98	0.45	4649279
EHA04645_bin.24	d__Bacteria	p__Bacillota_A	c__Clostridia	o__Lachnospirales	f__Lachnospiraceae	g__Ventrimonas	s__Ventrimonas sp021202655	54.2	8.53	1261997
EHA02255_bin.20	d__Bacteria	p__Actinomycetota	c__Actinomycetia	o__Actinomycetales	f__	g__	s__	93.12	1.42	2206662
EHA04666_bin.24	d__Bacteria	p__Bacillota_A	c__Clostridia	o__TANB77	f__CAG-508	g__Scatovivens	s__	81.23	9.37	1325248
EHA02258_bin.2	d__Bacteria	p__Pseudomonadota	c__Gammaproteobacteria	o__Pseudomonadales	f__Pseudomonadaceae	g__Halopseudomonas	s__Halopseudomonas xiamenensis	72.55	2.34	2469499
EHA04667_bin.21	d__Bacteria	p__Bacillota_A	c__Clostridia	o__Christensenellales	f__Borkfalkiaceae	g__Coproplasma	s__	93.84	0.62	2202194
EHA04660_bin.27	d__Bacteria	p__Bacteroidota	c__Bacteroidia	o__Bacteroidales	f__Bacteroidaceae	g__Prevotella	s__	60.59	8.14	2076816
EHA04655_bin.33	d__Bacteria	p__Bacillota_A	c__Clostridia	o__Lachnospirales	f__Lachnospiraceae	g__Eubacterium_I	s__	89.52	3.6	2269937
EHA02262_bin.9	d__Bacteria	p__Actinomycetota	c__Actinomycetia	o__Mycobacteriales	f__Mycobacteriaceae	g__Corynebacterium	s__	99.59	1.49	2653052
EHA04655_bin.2	d__Bacteria	p__Bacillota_A	c__Clostridia	o__Christensenellales	f__Borkfalkiaceae	g__Coproplasma	s__	58.55	3.55	1541418
EHA04636_bin.9	d__Bacteria	p__Bacillota_A	c__Clostridia	o__TANB77	f__CAG-465	g__CAG-465	s__	91.86	0.19	1384724
EHA01898_bin.23	d__Bacteria	p__Fusobacteriota	c__Fusobacteriia	o__Fusobacteriales	f__Fusobacteriaceae	g__Fusobacterium_A	s__	53.61	5.73	2095207
EHA01904_bin.22	d__Bacteria	p__Fusobacteriota	c__Fusobacteriia	o__Fusobacteriales	f__Fusobacteriaceae	g__Fusobacterium_A	s__Fusobacterium_A sp900555845	51.39	2.47	659862
EHA02255_bin.19	d__Bacteria	p__Bacillota_A	c__Clostridia	o__Peptostreptococcales	f__Peptostreptococcaceae	g__	s__	100	3.09	3219057
EHA04766_bin.30	d__Bacteria	p__Bacillota_A	c__Clostridia	o__Oscillospirales	f__Oscillospiraceae	g__JAJQBJ01	s__	89.57	0.36	1778872
EHA04670_bin.11	d__Bacteria	p__Bacillota_A	c__Clostridia	o__Lachnospirales	f__Lachnospiraceae	g__VSOB01	s__	86.65	4.26	2379509
EHA04647_bin.31	d__Bacteria	p__Bacillota_A	c__Clostridia	o__Christensenellales	f__UBA1242	g__Caccovivens	s__	96.61	0.57	1314740
EHA04653_bin.22	d__Bacteria	p__Bacillota_A	c__Clostridia	o__Lachnospirales	f__Lachnospiraceae	g__Eubacterium_I	s__	84.91	0.42	1971316
EHA04678_bin.18	d__Bacteria	p__Bacillota_A	c__Clostridia	o__Lachnospirales	f__Lachnospiraceae	g__Eubacterium_I	s__	66.14	6.66	2130952
EHA04669_bin.13	d__Bacteria	p__Bacillota_A	c__Clostridia	o__Lachnospirales	f__Lachnospiraceae	g__Coprococcus	s__	98.89	2.04	2199777
EHA02273_bin.1	d__Bacteria	p__Pseudomonadota	c__Alphaproteobacteria	o__Rhodobacterales	f__Rhodobacteraceae	g__Paracoccus	s__	100	2.56	4827902
EHA01926_bin.3	d__Bacteria	p__Actinomycetota	c__Coriobacteriia	o__Coriobacteriales	f__Coriobacteriaceae	g__Collinsella	s__Collinsella sp900551665	75.4	4.65	1489859
EHA01906_bin.11	d__Bacteria	p__Bacteroidota	c__Bacteroidia	o__Bacteroidales	f__Tannerellaceae	g__Parabacteroides	s__	94.46	0.13	2554279
EHA02093_bin.15	d__Bacteria	p__Synergistota	c__Synergistia	o__Synergistales	f__Dethiosulfovibrionaceae	g__Pyramidobacter	s__	96.77	1.25	2232338
EHA02075_bin.41	d__Bacteria	p__Bacillota_A	c__Clostridia	o__Lachnospirales	f__Lachnospiraceae	g__Eubacterium_I	s__	86.99	0.7	1713522
EHA01872_bin.1	d__Bacteria	p__Bacillota_A	c__Clostridia	o__Peptostreptococcales	f__Peptostreptococcaceae	g__Peptacetobacter	s__Peptacetobacter sp900550335	94.78	4.62	2083732
EHA04648_bin.24	d__Bacteria	p__Bacillota_A	c__Clostridia	o__Lachnospirales	f__Lachnospiraceae	g__Ventrimonas	s__	93.65	1.04	2470847
EHA04672_bin.46	d__Bacteria	p__Bacillota_A	c__Clostridia	o__Lachnospirales	f__Lachnospiraceae	g__Ventrimonas	s__	71.85	2.17	2022576
EHA04646_bin.27	d__Bacteria	p__Bacillota_A	c__Clostridia	o__TANB77	f__CAG-508	g__CAG-269	s__	58.54	5.41	827510
EHA04654_bin.17	d__Bacteria	p__Bacillota_A	c__Clostridia	o__Christensenellales	f__Borkfalkiaceae	g__Coproplasma	s__	63.45	2.64	1064142
EHA04665_bin.27	d__Bacteria	p__Bacillota_A	c__Clostridia	o__Oscillospirales	f__Oscillospiraceae	g__CAJOIG01	s__CAJOIG01 sp021203045	86.77	1.24	1941105
EHA01879_bin.5	d__Bacteria	p__Bacteroidota	c__Bacteroidia	o__Bacteroidales	f__Bacteroidaceae	g__Phocaeicola	s__Phocaeicola coprocola	84.79	0.47	2667745
EHA02094_bin.18	d__Bacteria	p__Bacillota_A	c__Clostridia	o__UMGS1883	f__UMGS1883	g__JAJQCX01	s__	50.87	8.01	1146467
EHA02079_bin.9	d__Bacteria	p__Bacillota_A	c__Clostridia	o__Christensenellales	f__Borkfalkiaceae	g__Coproplasma	s__	97.18	1.91	1817511
EHA04676_bin.8	d__Bacteria	p__Bacillota	c__Bacilli	o__RF39	f__UBA660	g__RUG11788	s__	92.86	2.71	2416552
EHA01709_bin.1	d__Bacteria	p__Bacillota_A	c__Clostridia	o__Clostridiales	f__Clostridiaceae	g__Clostridium_H	s__Clostridium_H massiliodielmoense	87.45	6.479	2275212
EHA00548_bin.10	d__Bacteria	p__Bacillota	c__Bacilli	o__Bacillales	f__Planococcaceae	g__Lysinibacillus	s__	98.01	0	3812273
EHA01871_bin.16	d__Bacteria	p__Campylobacterota	c__Campylobacteria	o__Campylobacterales	f__Helicobacteraceae	g__Helicobacter_B	s__	99.75	0.06	1757461
EHA01886_bin.16	d__Bacteria	p__Bacillota_A	c__Clostridia	o__Clostridiales	f__Clostridiaceae	g__Clostridium	s__Clostridium sp018372875	59.46	6.44	2766064
EHA01912_bin.15	d__Bacteria	p__Fusobacteriota	c__Fusobacteriia	o__Fusobacteriales	f__Fusobacteriaceae	g__Fusobacterium_A	s__Fusobacterium_A sp900555845	57.41	0.96	1094891
EHA01589_bin.14	d__Bacteria	p__Bacillota	c__Bacilli	o__Erysipelotrichales	f__Erysipelotrichaceae	g__Faecalicoccus	s__Faecalicoccus sp900546545	86.79	1.266	1865859
EHA04650_bin.29	d__Bacteria	p__Bacillota_A	c__Clostridia	o__UMGS1883	f__UMGS1883	g__JAJQCX01	s__	100	2.01	2328674
EHA04636_bin.16	d__Bacteria	p__Bacillota_A	c__Clostridia	o__Lachnospirales	f__CAG-274	g__	s__	53.9	1.59	1112278
EHA02078_bin.14	d__Bacteria	p__Bacillota_A	c__Clostridia	o__Christensenellales	f__Borkfalkiaceae	g__Coproplasma	s__	67.2	1.45	1072936
EHA04672_bin.25	d__Bacteria	p__Pseudomonadota	c__Alphaproteobacteria	o__RF32	f__UBA3637	g__UBA7488	s__	52.52	4.49	898612
EHA04674_bin.14	d__Bacteria	p__Bacillota_A	c__Clostridia	o__UMGS1883	f__UMGS1883	g__JAJQCX01	s__	88.94	2.57	1948479
EHA01900_bin.26	d__Bacteria	p__Bacillota	c__Bacilli	o__Erysipelotrichales	f__Erysipelotrichaceae	g__Allobaculum	s__Allobaculum stercoricanis	87.13	0.2	1943624
EHA02082_bin.13	d__Bacteria	p__Bacillota	c__Bacilli	o__RF39	f__UBA660	g__SIG200	s__	91.59	0.28	1142879
EHA01927_bin.16	d__Bacteria	p__Bacillota_A	c__Clostridia	o__Tissierellales	f__Peptoniphilaceae	g__Anaerosphaera	s__	99.71	0.02	1503915
EHA02081_bin.24	d__Bacteria	p__Bacillota_A	c__Clostridia	o__Christensenellales	f__UBA1242	g__RGIG1681	s__	64.18	4.89	993821
EHA01922_bin.6	d__Bacteria	p__Fusobacteriota	c__Fusobacteriia	o__Fusobacteriales	f__Fusobacteriaceae	g__Fusobacterium_B	s__Fusobacterium_B sp900554355	76.98	9.09	1678702
EHA01917_bin.3	d__Bacteria	p__Bacillota_A	c__Clostridia	o__Oscillospirales	f__Oscillospiraceae	g__Faecousia	s__	62.5	3.62	1246960
EHA02086_bin.1	d__Bacteria	p__Bacillota_C	c__Negativicutes	o__Acidaminococcales	f__Acidaminococcaceae	g__Phascolarctobacterium_A	s__	56.74	1.09	1189786
EHA04649_bin.6	d__Bacteria	p__Bacillota_A	c__Clostridia	o__Lachnospirales	f__Lachnospiraceae	g__COE1	s__	86.43	3.42	2504057
EHA04644_bin.20	d__Bacteria	p__Bacillota_A	c__Clostridia	o__Lachnospirales	f__Lachnospiraceae	g__CAG-95	s__	99.91	0.07	3024324
EHA04638_bin.16	d__Bacteria	p__Bacillota_A	c__Clostridia	o__Christensenellales	f__Borkfalkiaceae	g__Coproplasma	s__	67.33	2.33	1027302
EHA02093_bin.16	d__Bacteria	p__Bacillota_A	c__Clostridia	o__Lachnospirales	f__Lachnospiraceae	g__Eubacterium_I	s__	87.27	0.63	2000774
EHA04655_bin.5	d__Bacteria	p__Bacillota_A	c__Clostridia	o__Christensenellales	f__UBA1242	g__Caccovivens	s__	51.82	5.1	1051649
EHA01915_bin.8	d__Bacteria	p__Campylobacterota	c__Campylobacteria	o__Campylobacterales	f__Helicobacteraceae	g__Helicobacter_B	s__	85.08	2.95	1633977
EHA04643_bin.24	d__Bacteria	p__Bacillota_A	c__Clostridia	o__Christensenellales	f__Borkfalkiaceae	g__Coproplasma	s__	92.43	4.23	1749322
EHA02081_bin.4	d__Bacteria	p__Bacillota_A	c__Clostridia	o__Christensenellales	f__Borkfalkiaceae	g__Coproplasma	s__	90.58	7.77	2422027
EHA04659_bin.2	d__Bacteria	p__Bacillota_A	c__Clostridia	o__Lachnospirales	f__Lachnospiraceae	g__Acetatifactor	s__	92.51	0.17	1582339
EHA04665_bin.10	d__Bacteria	p__Actinomycetota	c__Coriobacteriia	o__Coriobacteriales	f__Eggerthellaceae	g__CAJFUR01	s__	57.68	1.75	1499806
EHA04647_bin.18	d__Bacteria	p__Bacillota_A	c__Clostridia	o__UBA1381	f__UBA1381	g__12844	s__	97.22	0.61	2281023
EHA04641_bin.15	d__Bacteria	p__Bacillota_A	c__Clostridia	o__Christensenellales	f__Borkfalkiaceae	g__Coproplasma	s__	92.71	1.24	1996720
EHA04665_bin.20	d__Bacteria	p__Bacillota_A	c__Clostridia	o__Lachnospirales	f__Lachnospiraceae	g__Eubacterium_F	s__	98.32	0	2125831
EHA01887_bin.32	d__Bacteria	p__Fusobacteriota	c__Fusobacteriia	o__Fusobacteriales	f__Fusobacteriaceae	g__Fusobacterium_B	s__Fusobacterium_B sp019416865	54.59	2.12	1169132
EHA04642_bin.18	d__Bacteria	p__Bacillota_A	c__Clostridia	o__Lachnospirales	f__CAG-274	g__	s__	91.06	0.5	2499426
EHA04676_bin.31	d__Bacteria	p__Bacillota_A	c__Clostridia	o__Oscillospirales	f__Oscillospiraceae	g__JAJQBJ01	s__JAJQBJ01 sp021203345	60.64	0.3	1253476
EHA04765_bin.16	d__Bacteria	p__Bacteroidota	c__Bacteroidia	o__Bacteroidales	f__UBA932	g__Cryptobacteroides	s__	97.76	0.15	1993807
EHA01927_bin.11	d__Bacteria	p__Bacillota_A	c__Clostridia	o__Lachnospirales	f__Lachnospiraceae	g__Blautia_A	s__	95.1	0.39	3320496
EHA01698_bin.10	d__Bacteria	p__Bacillota_A	c__Clostridia	o__Lachnospirales	f__CAG-274	g__Tyzzerella	s__	95.52	0.335	1617135
EHA02075_bin.33	d__Bacteria	p__Bacillota_A	c__Clostridia	o__Lachnospirales	f__Lachnospiraceae	g__Ventrimonas	s__	75.81	7.03	2219549
EHA02255_bin.13	d__Bacteria	p__Pseudomonadota	c__Gammaproteobacteria	o__Pseudomonadales	f__Pseudomonadaceae	g__Thiopseudomonas	s__Thiopseudomonas denitrificans	99.45	3.02	2794471
EHA02269_bin.15	d__Bacteria	p__Bacillota_A	c__Clostridia	o__Clostridiales	f__Clostridiaceae	g__Clostridium	s__Clostridium cuniculi	100	1.68	4253397
EHA01914_bin.3	d__Bacteria	p__Bacillota_A	c__Clostridia	o__Clostridiales	f__Clostridiaceae	g__Sarcina	s__Sarcina perfringens	91.43	6.17	2995265
EHA01874_bin.16	d__Bacteria	p__Fusobacteriota	c__Fusobacteriia	o__Fusobacteriales	f__Fusobacteriaceae	g__	s__	56.66	9.8	1665989
EHA01897_bin.13	d__Bacteria	p__Bacillota_A	c__Clostridia	o__Lachnospirales	f__Anaerotignaceae	g__Anaerotignum	s__	90.33	0.08	1960553
EHA02035_bin.7	d__Bacteria	p__Pseudomonadota	c__Gammaproteobacteria	o__Pseudomonadales	f__Moraxellaceae	g__Psychrobacter	s__Psychrobacter cibarius	91.04	3.86	3069053
EHA01896_bin.21	d__Bacteria	p__Bacillota_A	c__Clostridia	o__Lachnospirales	f__Lachnospiraceae	g__Faecalimonas	s__Faecalimonas umbilicata	54.29	4.49	1730623
EHA04655_bin.27	d__Bacteria	p__Bacillota_A	c__Clostridia	o__Christensenellales	f__Borkfalkiaceae	g__Coproplasma	s__	58.56	4.12	676179
EHA01923_bin.20	d__Bacteria	p__Bacillota_A	c__Clostridia	o__Clostridiales	f__Clostridiaceae	g__Sarcina	s__Sarcina perfringens	93.03	0.92	3815890
EHA04644_bin.3	d__Bacteria	p__Bacillota_A	c__Clostridia	o__Lachnospirales	f__Lachnospiraceae	g__UBA4292	s__	58.43	9.12	1987887
EHA04650_bin.34	d__Bacteria	p__Bacillota_A	c__Clostridia	o__Oscillospirales	f__Oscillospiraceae	g__Onthomonas	s__Onthomonas sp020861055	69.76	3.75	1603744
EHA02075_bin.1	d__Bacteria	p__Bacillota_A	c__Clostridia	o__Christensenellales	f__Borkfalkiaceae	g__Coproplasma	s__Coproplasma sp021205485	80.84	0.42	1366181
EHA04635_bin.22	d__Bacteria	p__Bacillota_A	c__Clostridia	o__Christensenellales	f__Borkfalkiaceae	g__Coproplasma	s__	94.75	1.26	2269079
EHA04665_bin.34	d__Bacteria	p__Bacillota_A	c__Clostridia	o__Oscillospirales	f__Oscillospiraceae	g__Onthomonas	s__Onthomonas sp021205375	88.97	0.78	1671355
EHA04667_bin.2	d__Bacteria	p__Bacillota_A	c__Clostridia	o__Lachnospirales	f__Lachnospiraceae	g__UBA4292	s__	100	0.52	2973314
EHA04677_bin.20	d__Bacteria	p__Bacillota_A	c__Clostridia	o__Oscillospirales	f__Oscillospiraceae	g__CAJOIG01	s__CAJOIG01 sp021203045	90.17	1.02	2157949
EHA01877_bin.11	d__Bacteria	p__Bacillota_A	c__Clostridia	o__Oscillospirales	f__Oscillospiraceae	g__Faecousia	s__	57.55	1.75	1004279
EHA02098_bin.27	d__Bacteria	p__Bacillota_A	c__Clostridia	o__UMGS1883	f__UMGS1883	g__JAJQCX01	s__	57.06	2.56	1347481
EHA04663_bin.10	d__Bacteria	p__Bacillota_A	c__Clostridia	o__Christensenellales	f__Borkfalkiaceae	g__Coproplasma	s__	50.12	4.76	1379754
EHA04645_bin.8	d__Bacteria	p__Bacillota_A	c__Clostridia	o__Christensenellales	f__Borkfalkiaceae	g__Coproplasma	s__	54.54	8.37	1531963
EHA02077_bin.12	d__Bacteria	p__Bacillota_A	c__Clostridia	o__Lachnospirales	f__Lachnospiraceae	g__VSOB01	s__	98.94	0.28	2773126
EHA02269_bin.5	d__Bacteria	p__Actinomycetota	c__Actinomycetia	o__Actinomycetales	f__Beutenbergiaceae	g__	s__	51.11	0.92	1489626
EHA02098_bin.17	d__Bacteria	p__Bacillota_A	c__Clostridia	o__TANB77	f__CAG-508	g__Scatovivens	s__	51	5.79	773042
EHA01928_bin.20	d__Bacteria	p__Bacillota_A	c__Clostridia	o__Lachnospirales	f__Anaerotignaceae	g__Anaerotignum	s__Anaerotignum sp905214825	97.27	0.05	2042115
EHA02258_bin.7	d__Bacteria	p__Pseudomonadota	c__Gammaproteobacteria	o__Pseudomonadales	f__Pseudomonadaceae	g__Pseudomonas_E	s__Pseudomonas_E sp016648105	78.65	4.89	3192783
EHA04673_bin.23	d__Bacteria	p__Bacillota_A	c__Clostridia	o__Lachnospirales	f__Lachnospiraceae	g__Agathobacter	s__	88.16	0.15	2515113
EHA04654_bin.21	d__Bacteria	p__Bacillota_A	c__Clostridia	o__Lachnospirales	f__CAG-274	g__	s__	72.89	3.69	2244863
EHA01709_bin.39	d__Bacteria	p__Bacillota_B	c__Peptococcia	o__Peptococcales	f__Peptococcaceae	g__	s__	78.46	1.084	1382226
EHA01917_bin.7	d__Bacteria	p__Bacillota_A	c__Clostridia	o__Lachnospirales	f__Lachnospiraceae	g__Blautia_A	s__Blautia_A sp900541345	70.36	2.26	1520958
EHA04646_bin.25	d__Bacteria	p__Bacillota_A	c__Clostridia	o__TANB77	f__CAG-508	g__CAG-273	s__	98.94	5.09	1970208
EHA04652_bin.11	d__Bacteria	p__Bacillota_A	c__Clostridia	o__Christensenellales	f__UBA1242	g__Caccovivens	s__	72.59	2.07	962504
EHA01878_bin.19	d__Bacteria	p__Bacillota_A	c__Clostridia	o__Oscillospirales	f__Ruminococcaceae	g__Avimicrobium	s__Avimicrobium sp934845495	81.37	5.58	1350615
EHA04642_bin.3	d__Bacteria	p__Actinomycetota	c__Coriobacteriia	o__Coriobacteriales	f__Eggerthellaceae	g__CAJFUR01	s__	58.19	1.65	1528895
EHA01890_bin.17	d__Bacteria	p__Bacteroidota	c__Bacteroidia	o__Bacteroidales	f__Bacteroidaceae	g__Phocaeicola	s__Phocaeicola plebeius	94.12	1.09	3480027
EHA04651_bin.28	d__Bacteria	p__Bacillota_A	c__Clostridia	o__Lachnospirales	f__Lachnospiraceae	g__RGIG6307	s__	53.74	0.13	1143747
EHA04640_bin.18	d__Bacteria	p__Bacillota_A	c__Clostridia	o__Lachnospirales	f__Lachnospiraceae	g__Agathobacter	s__	88.98	0.86	2657544
EHA04651_bin.21	d__Bacteria	p__Cyanobacteriota	c__Vampirovibrionia	o__Gastranaerophilales	f__RUG14156	g__RUG14156	s__	87.8	1.68	1715046
EHA04651_bin.14	d__Bacteria	p__Bacillota_A	c__Clostridia	o__Lachnospirales	f__Lachnospiraceae	g__COE1	s__	96.58	1.07	2579588
EHA02095_bin.5	d__Bacteria	p__Synergistota	c__Synergistia	o__Synergistales	f__Dethiosulfovibrionaceae	g__Pyramidobacter	s__	98.54	0.14	2392087
EHA04636_bin.21	d__Bacteria	p__Bacillota_A	c__Clostridia	o__Oscillospirales	f__Ruminococcaceae	g__CAG-353	s__CAG-353 sp001941135	87.08	3.32	1816954
EHA04677_bin.21	d__Bacteria	p__Bacillota_A	c__Clostridia	o__Oscillospirales	f__Oscillospiraceae	g__UMGS1766	s__	90.65	2.35	1992557
EHA04670_bin.10	d__Bacteria	p__Bacillota_A	c__Clostridia	o__Oscillospirales	f__Oscillospiraceae	g__JAJQCF01	s__JAJQCF01 sp021202845	69.67	0.1	1509130
EHA01900_bin.41	d__Bacteria	p__Actinomycetota	c__Coriobacteriia	o__Coriobacteriales	f__Coriobacteriaceae	g__Collinsella	s__Collinsella sp900551665	67.07	9.13	1509411
EHA04637_bin.15	d__Bacteria	p__Bacillota_A	c__Clostridia	o__Christensenellales	f__Borkfalkiaceae	g__Coproplasma	s__	88.12	0.45	1703506
EHA02079_bin.11	d__Bacteria	p__Bacillota_A	c__Clostridia	o__Oscillospirales	f__Ruminococcaceae	g__Faecalibacterium	s__	93.59	5.49	2436919
EHA04767_bin.17	d__Bacteria	p__Bacillota_A	c__Clostridia	o__Lachnospirales	f__Lachnospiraceae	g__Agathobacter	s__	95.6	0.84	1972158
EHA01595_bin.11	d__Bacteria	p__Bacillota_A	c__Clostridia	o__Clostridiales	f__Clostridiaceae	g__Clostridium	s__Clostridium paraputrificum	99.19	1.612	3725538
EHA04662_bin.26	d__Bacteria	p__Bacillota_A	c__Clostridia	o__Lachnospirales	f__Lachnospiraceae	g__SIG308	s__	59.37	0.13	1707384
EHA02273_bin.12	d__Bacteria	p__Bacteroidota	c__Bacteroidia	o__Sphingobacteriales	f__Sphingobacteriaceae	g__Sphingobacterium	s__	54.5	0.06	1733067
EHA01904_bin.26	d__Bacteria	p__Bacillota_A	c__Clostridia	o__Clostridiales	f__Clostridiaceae	g__Sarcina	s__Sarcina perfringens	69.7	8.4	2584354
EHA04669_bin.15	d__Bacteria	p__Cyanobacteriota	c__Vampirovibrionia	o__Gastranaerophilales	f__RUG14156	g__Galligastranaerophilus_A	s__	52.2	3.37	989113
EHA04636_bin.5	d__Bacteria	p__Bacillota_A	c__Clostridia	o__Lachnospirales	f__Lachnospiraceae	g__Eubacterium_F	s__	70.13	1.17	1175796
EHA04672_bin.40	d__Bacteria	p__Bacillota_A	c__Clostridia	o__TANB77	f__CAG-508	g__Scatovivens	s__	96.56	5.62	1746391
EHA01913_bin.28	d__Bacteria	p__Fusobacteriota	c__Fusobacteriia	o__Fusobacteriales	f__Fusobacteriaceae	g__Fusobacterium_A	s__Fusobacterium_A sp900555845	68.34	6.71	1613195
EHA02031_bin.1	d__Bacteria	p__Bacillota	c__Bacilli	o__Lactobacillales	f__Carnobacteriaceae	g__Carnobacterium	s__Carnobacterium divergens	98.76	2.5	2573166
EHA04655_bin.15	d__Bacteria	p__Bacillota_A	c__Clostridia	o__Oscillospirales	f__Ruminococcaceae	g__Faeciplasma	s__	92.93	1.6	2442495
EHA01902_bin.20	d__Bacteria	p__Bacteroidota	c__Bacteroidia	o__Bacteroidales	f__Muribaculaceae	g__Limisoma	s__	97.34	0.18	2300352
EHA01900_bin.29	d__Bacteria	p__Bacillota_A	c__Clostridia	o__Lachnospirales	f__Lachnospiraceae	g__Blautia_A	s__Blautia_A sp900541345	81.95	0.15	2151911
EHA02075_bin.39	d__Bacteria	p__Cyanobacteriota	c__Vampirovibrionia	o__Gastranaerophilales	f__Gastranaerophilaceae	g__Avigastranaerophilus	s__	50.11	2.6	1167739
EHA04665_bin.45	d__Bacteria	p__Bacillota_A	c__Clostridia	o__Lachnospirales	f__Lachnospiraceae	g__Agathobacter	s__	60.29	2.99	950997
EHA01666_bin.13	d__Bacteria	p__Bacillota_C	c__Negativicutes	o__Acidaminococcales	f__Acidaminococcaceae	g__	s__	92.89	1.546	2043111
EHA04634_bin.13	d__Bacteria	p__Bacillota_A	c__Clostridia	o__Christensenellales	f__Borkfalkiaceae	g__Coproplasma	s__	95.17	1.09	1778505
EHA04660_bin.8	d__Bacteria	p__Bacillota_C	c__Negativicutes	o__Selenomonadales	f__Selenomonadaceae	g__RGIG250	s__	66.21	0.8	1268515
EHA02079_bin.26	d__Bacteria	p__Bacillota_A	c__Clostridia	o__Oscillospirales	f__Oscillospiraceae	g__JAJQCF01	s__JAJQCF01 sp021202845	96.98	0.8	2110741
EHA04675_bin.32	d__Bacteria	p__Actinomycetota	c__Coriobacteriia	o__Coriobacteriales	f__Eggerthellaceae	g__CAJFUR01	s__	88.03	8.1	2482670
EHA01928_bin.8	d__Bacteria	p__Bacillota	c__Bacilli	o__Lactobacillales	f__Streptococcaceae	g__Lactococcus	s__Lactococcus lactis	100	0.07	2270986
EHA04654_bin.11	d__Bacteria	p__Bacillota_A	c__Clostridia	o__TANB77	f__CAG-508	g__CAG-492	s__	74.64	0.46	848048
EHA02097_bin.11	d__Bacteria	p__Bacillota_A	c__Clostridia	o__Lachnospirales	f__Lachnospiraceae	g__Agathobacter	s__	53.64	9.58	1125216
EHA04650_bin.13	d__Bacteria	p__Bacillota_A	c__Clostridia	o__TANB77	f__CAG-508	g__Scatovivens	s__	60.41	5.01	765423
EHA01875_bin.16	d__Bacteria	p__Desulfobacterota	c__Desulfovibrionia	o__Desulfovibrionales	f__Desulfovibrionaceae	g__Mailhella	s__Mailhella sp020024815	97.37	0.32	2224113
EHA01908_bin.41	d__Bacteria	p__Bacillota_A	c__Clostridia	o__Peptostreptococcales	f__Peptostreptococcaceae	g__Peptacetobacter	s__Peptacetobacter sp900550335	56.77	3.13	1229951
EHA02255_bin.6	d__Bacteria	p__Pseudomonadota	c__Alphaproteobacteria	o__Rhodobacterales	f__Rhodobacteraceae	g__Paracoccus	s__	66.43	0.56	1962212
EHA02075_bin.5	d__Bacteria	p__Bacillota_A	c__Clostridia	o__UMGS1883	f__UMGS1883	g__JAJQCX01	s__	97.55	2.74	3074795
EHA01899_bin.21	d__Bacteria	p__Fusobacteriota	c__Fusobacteriia	o__Fusobacteriales	f__Fusobacteriaceae	g__Fusobacterium_B	s__Fusobacterium_B sp900541465	76.13	5.03	1192037
EHA01894_bin.17	d__Bacteria	p__Bacillota_A	c__Clostridia	o__Oscillospirales	f__Ruminococcaceae	g__Avimicrobium	s__Avimicrobium sp934845495	59.54	2.45	1348104
EHA02075_bin.36	d__Bacteria	p__Bacillota_A	c__Clostridia	o__Oscillospirales	f__Oscillospiraceae	g__CAJOIG01	s__	62.01	7.25	1409570
EHA02017_bin.1	d__Bacteria	p__Bacillota	c__Bacilli	o__Mycoplasmatales	f__Mycoplasmoidaceae	g__Ureaplasma	s__	92.61	0.19	960110
EHA01921_bin.29	d__Bacteria	p__Bacillota_A	c__Clostridia	o__Peptostreptococcales	f__Peptostreptococcaceae	g__Romboutsia	s__	80.3	8.49	3151434
EHA04663_bin.19	d__Bacteria	p__Campylobacterota	c__Campylobacteria	o__Campylobacterales	f__Helicobacteraceae	g__NHYM01	s__	92.99	0.87	1534673
EHA02263_bin.13	d__Bacteria	p__Bacteroidota	c__Bacteroidia	o__Bacteroidales	f__Dysgonomonadaceae	g__Proteiniphilum	s__	99.96	0.55	2917737
EHA02273_bin.18	d__Bacteria	p__Bacillota	c__Bacilli	o__Lactobacillales	f__Enterococcaceae	g__Enterococcus_B	s__Enterococcus_B pernyi	70.45	1.35	2188766
EHA02084_bin.23	d__Bacteria	p__Bacillota_A	c__Clostridia	o__Oscillospirales	f__Oscillospiraceae	g__Onthomonas	s__Onthomonas sp021205455	92.34	2.02	2092746
EHA04671_bin.4	d__Bacteria	p__Bacillota_A	c__Clostridia	o__Lachnospirales	f__Lachnospiraceae	g__Butyribacter	s__	98.52	1.95	2560573
EHA04664_bin.28	d__Bacteria	p__Bacillota_A	c__Clostridia	o__Christensenellales	f__Borkfalkiaceae	g__Coproplasma	s__	61.11	0.02	1196154
EHA04634_bin.4	d__Bacteria	p__Bacillota_A	c__Clostridia	o__Christensenellales	f__Borkfalkiaceae	g__	s__	87.95	1.2	1805842
EHA04649_bin.23	d__Bacteria	p__Bacillota_A	c__Clostridia	o__Christensenellales	f__UBA1242	g__Onthoplasma	s__	92.54	1.28	943184
EHA02078_bin.11	d__Bacteria	p__Synergistota	c__Synergistia	o__Synergistales	f__Dethiosulfovibrionaceae	g__Pyramidobacter	s__	98.99	0.25	2239360
EHA04673_bin.28	d__Bacteria	p__Bacillota_A	c__Clostridia	o__Christensenellales	f__Borkfalkiaceae	g__Coproplasma	s__	81.94	0.48	1806477
EHA01634_bin.10	d__Bacteria	p__Bacillota_A	c__Clostridia	o__Clostridiales	f__Clostridiaceae	g__Dwaynesavagella	s__	96.15	1.923	1559542
EHA01922_bin.4	d__Bacteria	p__Bacteroidota	c__Bacteroidia	o__Bacteroidales	f__Muribaculaceae	g__Limisoma	s__Limisoma sp900541935	99.98	0.01	2408491
EHA02084_bin.24	d__Bacteria	p__Bacillota_A	c__Clostridia	o__Lachnospirales	f__Lachnospiraceae	g__Ventrimonas	s__	67.5	4.78	1801222
EHA01923_bin.7	d__Bacteria	p__Fusobacteriota	c__Fusobacteriia	o__Fusobacteriales	f__Fusobacteriaceae	g__Fusobacterium_B	s__Fusobacterium_B sp900554885	100	6.95	2344364
EHA01908_bin.19	d__Bacteria	p__Bacillota_A	c__Clostridia	o__Peptostreptococcales	f__Anaerovoracaceae	g__Gallibacter	s__	96.32	0.26	1842815
EHA04677_bin.28	d__Bacteria	p__Bacillota_A	c__Clostridia	o__UBA1381	f__UBA1381	g__12844	s__12844 sp021205715	67.52	1.15	1163905
EHA04667_bin.17	d__Bacteria	p__Bacillota_A	c__Clostridia	o__Lachnospirales	f__Lachnospiraceae	g__SIG308	s__	89.72	0.26	2540747
EHA04649_bin.13	d__Bacteria	p__Bacillota_A	c__Clostridia	o__Christensenellales	f__UBA1242	g__	s__	86.39	1.31	1006171
EHA02084_bin.20	d__Bacteria	p__Bacillota_A	c__Clostridia	o__Lachnospirales	f__Lachnospiraceae	g__Eubacterium_I	s__	93.83	2.73	2880333
EHA02084_bin.17	d__Bacteria	p__Cyanobacteriota	c__Vampirovibrionia	o__Gastranaerophilales	f__Gastranaerophilaceae	g__SIG32	s__	99.93	0.14	1609090
EHA04655_bin.30	d__Bacteria	p__Bacillota_A	c__Clostridia	o__TANB77	f__CAG-508	g__Scatovivens	s__	97.32	4.8	2124387
EHA04648_bin.9	d__Bacteria	p__Bacillota_A	c__Clostridia	o__Lachnospirales	f__Lachnospiraceae	g__Agathobacter	s__	98.04	0.13	2685787
EHA04644_bin.7	d__Bacteria	p__Bacillota_A	c__Clostridia	o__Oscillospirales	f__Ruminococcaceae	g__Faecalibacterium	s__	99.91	0.76	3175983
EHA02076_bin.5	d__Bacteria	p__Bacillota_A	c__Clostridia	o__Christensenellales	f__Borkfalkiaceae	g__Coproplasma	s__	57.69	7.98	1226106
EHA04642_bin.10	d__Bacteria	p__Bacillota_A	c__Clostridia	o__Christensenellales	f__Borkfalkiaceae	g__Coproplasma	s__	92.81	1.51	1656382
EHA02255_bin.30	d__Bacteria	p__Bacteroidota	c__Bacteroidia	o__Sphingobacteriales	f__Sphingobacteriaceae	g__	s__	98	0.3	2757301
EHA01904_bin.18	d__Bacteria	p__Bacillota_A	c__Clostridia	o__Lachnospirales	f__Lachnospiraceae	g__Ruminococcus_B	s__Ruminococcus_B gnavus	93.62	0.2	2300454
EHA04672_bin.37	d__Bacteria	p__Bacillota_A	c__Clostridia	o__Christensenellales	f__Borkfalkiaceae	g__Coproplasma	s__	80.8	2.1	2046049
EHA01928_bin.31	d__Bacteria	p__Bacillota_A	c__Clostridia	o__Clostridiales	f__Clostridiaceae	g__Sarcina	s__Sarcina perfringens	75.74	8.11	2544124
EHA01925_bin.12	d__Bacteria	p__Bacteroidota	c__Bacteroidia	o__Bacteroidales	f__Bacteroidaceae	g__Alloprevotella	s__Alloprevotella sp000437675	98.48	0.54	2751241
EHA01916_bin.21	d__Bacteria	p__Actinomycetota	c__Coriobacteriia	o__Coriobacteriales	f__Coriobacteriaceae	g__Collinsella	s__Collinsella intestinalis	64.73	5.35	865173
EHA02079_bin.4	d__Bacteria	p__Bacillota_A	c__Clostridia	o__Oscillospirales	f__Oscillospiraceae	g__	s__	96.19	1.77	1928686
EHA04660_bin.25	d__Bacteria	p__Bacteroidota	c__Bacteroidia	o__Bacteroidales	f__Bacteroidaceae	g__UBA4372	s__	83.21	2.12	2127234
EHA02087_bin.16	d__Bacteria	p__Bacillota_A	c__Clostridia	o__Oscillospirales	f__Oscillospiraceae	g__Onthomonas	s__	55.45	9.56	1316961
EHA01886_bin.14	d__Bacteria	p__Fusobacteriota	c__Fusobacteriia	o__Fusobacteriales	f__Fusobacteriaceae	g__Fusobacterium_A	s__Fusobacterium_A sp900555845	100	2.17	2440048
EHA02269_bin.21	d__Bacteria	p__Actinomycetota	c__Actinomycetia	o__Propionibacteriales	f__Propionibacteriaceae	g__Arachnia	s__	56.85	0.23	1725114
EHA04660_bin.29	d__Bacteria	p__Bacillota_A	c__Clostridia	o__Lachnospirales	f__Lachnospiraceae	g__UBA3282	s__	51.7	7.58	1416312
EHA04647_bin.26	d__Bacteria	p__Bacillota_A	c__Clostridia	o__Oscillospirales	f__Ruminococcaceae	g__Ruminococcus	s__Ruminococcus sp021200415	52.11	1.57	1002068
EHA01895_bin.2	d__Bacteria	p__Bacteroidota	c__Bacteroidia	o__Bacteroidales	f__Bacteroidaceae	g__Phocaeicola	s__Phocaeicola sp900544075	98.33	0.97	2836122
EHA04644_bin.1	d__Bacteria	p__Bacillota_A	c__Clostridia	o__Oscillospirales	f__Oscillospiraceae	g__Limivicinus	s__	96.04	0.14	2547040
EHA04651_bin.24	d__Bacteria	p__Bacillota	c__Bacilli	o__RFN20	f__CAG-288	g__Enterosoma	s__	93.44	0.5	1418399
EHA01887_bin.29	d__Bacteria	p__Fusobacteriota	c__Fusobacteriia	o__Fusobacteriales	f__Fusobacteriaceae	g__Fusobacterium_B	s__Fusobacterium_B sp900541465	81.18	3.77	1473471
EHA01889_bin.12	d__Bacteria	p__Actinomycetota	c__Coriobacteriia	o__Coriobacteriales	f__Coriobacteriaceae	g__Collinsella	s__Collinsella intestinalis	88.8	3.98	1458197
EHA02079_bin.51	d__Bacteria	p__Bacillota_A	c__Clostridia	o__Lachnospirales	f__Lachnospiraceae	g__CAG-303	s__	52	3.97	1473130
EHA01893_bin.26	d__Bacteria	p__Bacteroidota	c__Bacteroidia	o__Bacteroidales	f__Bacteroidaceae	g__Mediterranea	s__	80.72	0.05	2434691
EHA00551_bin.5	d__Bacteria	p__Pseudomonadota	c__Gammaproteobacteria	o__Enterobacterales	f__Enterobacteriaceae	g__Pantoea	s__Pantoea vagans_C	96.33	5.724	5871722
EHA01904_bin.15	d__Bacteria	p__Bacillota_A	c__Clostridia	o__Lachnospirales	f__Lachnospiraceae	g__Blautia_A	s__	63.89	4.4	1672444
EHA04675_bin.2	d__Bacteria	p__Bacillota	c__Bacilli	o__RF39	f__UBA660	g__Caccenecus	s__	73.05	3.36	921676
EHA01893_bin.23	d__Bacteria	p__Bacteroidota	c__Bacteroidia	o__Bacteroidales	f__Bacteroidaceae	g__Phocaeicola	s__	51.37	9.17	1585763
EHA02255_bin.23	d__Bacteria	p__Patescibacteria	c__Saccharimonadia	o__Saccharimonadales	f__UBA10027	g__	s__	79.85	0.92	734798
EHA01897_bin.20	d__Bacteria	p__Bacillota_A	c__Clostridia	o__Peptostreptococcales	f__Peptostreptococcaceae	g__Peptacetobacter	s__Peptacetobacter sp900550335	73.56	8.8	1749663
EHA04652_bin.31	d__Bacteria	p__Bacillota_A	c__Clostridia	o__TANB77	f__CAG-508	g__	s__	50.48	9.23	1575871
EHA04764_bin.15	d__Bacteria	p__Bacillota_A	c__Clostridia	o__Oscillospirales	f__Oscillospiraceae	g__Onthomonas	s__Onthomonas sp021205455	52.16	5.93	1211816
EHA04653_bin.25	d__Bacteria	p__Bacillota_A	c__Clostridia	o__Lachnospirales	f__Lachnospiraceae	g__Choladousia	s__	91.17	7.17	3626433
EHA04673_bin.25	d__Bacteria	p__Bacillota_A	c__Clostridia	o__TANB77	f__CAG-508	g__Scatovivens	s__	95.7	4.42	1609525
EHA04654_bin.29	d__Bacteria	p__Bacillota_A	c__Clostridia	o__Lachnospirales	f__Lachnospiraceae	g__COE1	s__	94.45	3.14	2436118
EHA04644_bin.14	d__Bacteria	p__Bacillota_A	c__Clostridia	o__TANB77	f__CAG-508	g__CAG-273	s__	78.83	3.51	1088822
EHA04669_bin.11	d__Bacteria	p__Bacillota_A	c__Clostridia	o__Christensenellales	f__Borkfalkiaceae	g__Coproplasma	s__Coproplasma sp021202395	57.16	2.73	1098852
EHA04636_bin.35	d__Bacteria	p__Bacillota_A	c__Clostridia	o__Oscillospirales	f__Oscillospiraceae	g__Faecousia	s__Faecousia sp021199635	60.52	8.21	1710477
EHA02082_bin.10	d__Bacteria	p__Bacillota_A	c__Clostridia	o__Christensenellales	f__Borkfalkiaceae	g__	s__	50.03	0.12	563859
EHA04658_bin.17	d__Bacteria	p__Bacillota_A	c__Clostridia	o__Christensenellales	f__Borkfalkiaceae	g__Coproplasma	s__	91.39	2.86	1822515
EHA04671_bin.5	d__Bacteria	p__Cyanobacteriota	c__Vampirovibrionia	o__Gastranaerophilales	f__RUG14156	g__Galligastranaerophilus_A	s__	77.51	1.95	1314915
EHA01666_bin.9	d__Bacteria	p__Campylobacterota	c__Campylobacteria	o__Campylobacterales	f__Campylobacteraceae	g__Campylobacter_D	s__	96.26	0	1446620
EHA04637_bin.27	d__Bacteria	p__Bacillota_A	c__Clostridia	o__Lachnospirales	f__Lachnospiraceae	g__RGIG6307	s__RGIG6307 sp021205565	84.09	4.1	2351723
EHA01890_bin.6	d__Bacteria	p__Bacillota_A	c__Clostridia	o__Lachnospirales	f__Lachnospiraceae	g__Schaedlerella	s__	96.5	0.38	1973302
EHA01908_bin.43	d__Bacteria	p__Actinomycetota	c__Coriobacteriia	o__Coriobacteriales	f__Coriobacteriaceae	g__Collinsella	s__Collinsella sp900555585	52.87	3.82	728133
EHA04677_bin.5	d__Bacteria	p__Bacillota_A	c__Clostridia	o__Lachnospirales	f__Lachnospiraceae	g__Agathobacter	s__	98.44	0.04	2021137
EHA02084_bin.5	d__Bacteria	p__Bacillota_A	c__Clostridia	o__Lachnospirales	f__Lachnospiraceae	g__COE1	s__	59.66	1.37	1300807
EHA02258_bin.5	d__Bacteria	p__Bacillota	c__Bacilli	o__Haloplasmatales	f__Turicibacteraceae	g__Turicibacter	s__	99.24	0.35	3052799
EHA04645_bin.1	d__Bacteria	p__Cyanobacteriota	c__Vampirovibrionia	o__Gastranaerophilales	f__Gastranaerophilaceae	g__Avigastranaerophilus	s__	94.77	2.89	2283123
EHA02269_bin.25	d__Bacteria	p__Pseudomonadota	c__Gammaproteobacteria	o__Burkholderiales	f__Burkholderiaceae_C	g__Alcaligenes	s__Alcaligenes faecalis	56.61	6.13	2720603
EHA04663_bin.31	d__Bacteria	p__Bacillota_A	c__Clostridia	o__TANB77	f__CAG-508	g__Scatovivens	s__	68.29	3.17	1021890
EHA01914_bin.15	d__Bacteria	p__Bacillota_A	c__Clostridia	o__Lachnospirales	f__CAG-274	g__Gallispira	s__Gallispira sp900543365	50.56	0.61	926334
EHA04646_bin.17	d__Bacteria	p__Bacteroidota	c__Bacteroidia	o__Bacteroidales	f__Muribaculaceae	g__Duncaniella	s__Duncaniella sp900549445	99.99	1.21	3317586
EHA04767_bin.11	d__Bacteria	p__Bacillota_A	c__Clostridia	o__Lachnospirales	f__Lachnospiraceae	g__UBA4292	s__	99.63	0.52	2484789
EHA04674_bin.35	d__Bacteria	p__Bacillota_A	c__Clostridia	o__Lachnospirales	f__Lachnospiraceae	g__RGIG6307	s__RGIG6307 sp021200995	60.31	2.88	1570109
EHA04668_bin.19	d__Bacteria	p__Bacillota_A	c__Clostridia	o__Oscillospirales	f__Ruminococcaceae	g__Faeciplasma	s__	97.7	0.53	2434598
EHA04664_bin.20	d__Bacteria	p__Bacillota_A	c__Clostridia	o__Oscillospirales	f__Oscillospiraceae	g__RGIG7114	s__RGIG7114 sp020860205	99.46	0	2176627
EHA01919_bin.22	d__Bacteria	p__Bacillota_A	c__Clostridia	o__Lachnospirales	f__Lachnospiraceae	g__Faecalimonas	s__	92.3	0.19	1991485
EHA01879_bin.28	d__Bacteria	p__Fusobacteriota	c__Fusobacteriia	o__Fusobacteriales	f__Fusobacteriaceae	g__Fusobacterium_B	s__Fusobacterium_B sp900541465	66.49	2.18	1000332
EHA02035_bin.3	d__Bacteria	p__Actinomycetota	c__Actinomycetia	o__Actinomycetales	f__Micrococcaceae	g__Specibacter	s__	98.36	0.16	3707902
EHA01894_bin.5	d__Bacteria	p__Bacteroidota	c__Bacteroidia	o__Bacteroidales	f__Bacteroidaceae	g__Phocaeicola_A	s__	87.99	1.3	2479620
EHA01589_bin.15	d__Bacteria	p__Bacillota_A	c__Clostridia	o__Oscillospirales	f__Oscillospiraceae	g__Flavonifractor	s__Flavonifractor plautii	52.47	3.448	1867574
EHA01917_bin.14	d__Bacteria	p__Bacillota_A	c__Clostridia	o__Clostridiales	f__Clostridiaceae	g__Sarcina	s__Sarcina perfringens	83.14	3.83	2565639
EHA04657_bin.31	d__Bacteria	p__Bacillota_A	c__Clostridia	o__TANB77	f__CAG-508	g__CAG-273	s__	82.04	2.97	824141
EHA01879_bin.17	d__Bacteria	p__Pseudomonadota	c__Gammaproteobacteria	o__Burkholderiales	f__Burkholderiaceae_A	g__Sutterella	s__Sutterella wadsworthensis_A	98.24	0.18	2377362
EHA04650_bin.36	d__Bacteria	p__Bacillota_A	c__Clostridia	o__Oscillospirales	f__Ruminococcaceae	g__Faeciplasma	s__	80.76	4.19	1708146
EHA01666_bin.19	d__Bacteria	p__Bacteroidota	c__Bacteroidia	o__Bacteroidales	f__UBA932	g__Cryptobacteroides	s__	95	1.904	1982625
EHA04661_bin.16	d__Bacteria	p__Bacillota_A	c__Clostridia	o__Lachnospirales	f__Lachnospiraceae	g__Roseburia	s__Roseburia sp017937095	97.96	1.7	4026859
EHA02079_bin.43	d__Bacteria	p__Bacillota_A	c__Clostridia	o__Oscillospirales	f__Oscillospiraceae	g__Onthomonas	s__	55.48	8.59	1493079
EHA04660_bin.7	d__Bacteria	p__Cyanobacteriota	c__Vampirovibrionia	o__Gastranaerophilales	f__RUG14156	g__Galligastranaerophilus_A	s__	71.77	1.86	1403636
EHA04658_bin.29	d__Bacteria	p__Bacillota_A	c__Clostridia	o__Lachnospirales	f__Lachnospiraceae	g__Eubacterium_G	s__	98.54	0.72	1742781
EHA01874_bin.14	d__Bacteria	p__Pseudomonadota	c__Gammaproteobacteria	o__Burkholderiales	f__Burkholderiaceae_A	g__Sutterella	s__	64.42	6.51	1004272
EHA02093_bin.20	d__Bacteria	p__Bacillota_A	c__Clostridia	o__TANB77	f__CAG-508	g__CAG-492	s__	51.59	8.77	1427665
EHA01918_bin.24	d__Bacteria	p__Fusobacteriota	c__Fusobacteriia	o__Fusobacteriales	f__Fusobacteriaceae	g__Fusobacterium_B	s__Fusobacterium_B sp900554885	57.68	5.98	1533777
EHA04656_bin.44	d__Bacteria	p__Bacillota_A	c__Clostridia	o__Oscillospirales	f__CAG-272	g__DTU064	s__	52.33	2.39	825063
EHA04670_bin.12	d__Bacteria	p__Bacillota_A	c__Clostridia	o__Oscillospirales	f__Acutalibacteraceae	g__Ruminococcus_E	s__	53.62	3.26	1093634
EHA04673_bin.35	d__Bacteria	p__Bacillota_A	c__Clostridia	o__Lachnospirales	f__Lachnospiraceae	g__Ventrimonas	s__Ventrimonas sp021202655	69.94	3.27	1509349
EHA02095_bin.10	d__Bacteria	p__Bacteroidota	c__Bacteroidia	o__Bacteroidales	f__Bacteroidaceae	g__Phocaeicola_A	s__	63.07	0.45	1290204
EHA04764_bin.16	d__Bacteria	p__Bacillota_A	c__Clostridia	o__Oscillospirales	f__Oscillospiraceae	g__JAJQBJ01	s__	65.02	9.14	1988979
EHA01922_bin.31	d__Bacteria	p__Bacillota_B	c__Peptococcia	o__Peptococcales	f__Peptococcaceae	g__UMGS1590	s__	53.12	0.05	1173303
EHA02037_bin.2	d__Bacteria	p__Chlamydiota	c__Chlamydiia	o__Chlamydiales	f__CALTSX01	g__CALTSX01	s__	96.57	0.37	1212380
EHA04664_bin.5	d__Bacteria	p__Bacillota_A	c__Clostridia	o__Lachnospirales	f__Lachnospiraceae	g__SIG308	s__	100	1.27	3870531
EHA04654_bin.5	d__Bacteria	p__Bacillota	c__Bacilli	o__RF39	f__UBA660	g__Onthocola_B	s__	63.36	1.13	697001
EHA01886_bin.5	d__Bacteria	p__Bacillota_A	c__Clostridia	o__Lachnospirales	f__Lachnospiraceae	g__Faecalimonas	s__Faecalimonas umbilicata	92.8	0	2506144
EHA01873_bin.16	d__Bacteria	p__Pseudomonadota	c__Gammaproteobacteria	o__Burkholderiales	f__Burkholderiaceae_A	g__Sutterella	s__Sutterella sp905186105	83.95	0.92	2308143
EHA01916_bin.12	d__Bacteria	p__Bacillota_A	c__Clostridia	o__Lachnospirales	f__Lachnospiraceae	g__Clostridium_Q	s__	85.2	0.75	2207707
EHA01891_bin.21	d__Bacteria	p__Pseudomonadota	c__Gammaproteobacteria	o__Burkholderiales	f__Burkholderiaceae_A	g__Sutterella	s__Sutterella sp905186105	60.22	3.48	1912820
EHA04674_bin.4	d__Bacteria	p__Bacillota_A	c__Clostridia	o__Lachnospirales	f__Lachnospiraceae	g__Agathobacter	s__	99.46	0.5	2730500
EHA01871_bin.23	d__Bacteria	p__Pseudomonadota	c__Gammaproteobacteria	o__Enterobacterales_A	f__Succinivibrionaceae	g__Anaerobiospirillum	s__Anaerobiospirillum sp900543125	58.07	5.19	2541134
EHA01917_bin.9	d__Bacteria	p__Actinomycetota	c__Coriobacteriia	o__Coriobacteriales	f__Coriobacteriaceae	g__Collinsella	s__Collinsella sp008014645	66.94	3.02	1096846
EHA01634_bin.35	d__Bacteria	p__Campylobacterota	c__Campylobacteria	o__Campylobacterales	f__Helicobacteraceae	g__Helicobacter_G	s__	61.38	2.23	1009395
EHA02089_bin.2	d__Bacteria	p__Bacillota_A	c__Clostridia	o__Lachnospirales	f__Lachnospiraceae	g__Coprococcus	s__	100	1.7	2082766
EHA04674_bin.26	d__Bacteria	p__Bacillota_A	c__Clostridia	o__Oscillospirales	f__Oscillospiraceae	g__Onthomonas	s__Onthomonas sp021201185	93.08	2.2	1880177
EHA01920_bin.23	d__Bacteria	p__Fusobacteriota	c__Fusobacteriia	o__Fusobacteriales	f__Fusobacteriaceae	g__Fusobacterium_A	s__Fusobacterium_A sp900555845	61.14	4.24	1179490
EHA04654_bin.7	d__Bacteria	p__Bacillota	c__Bacilli	o__Erysipelotrichales	f__Coprobacillaceae	g__JAJQDJ01	s__	84.32	6.14	2431695
EHA01879_bin.9	d__Bacteria	p__Bacillota	c__Bacilli	o__Erysipelotrichales	f__Erysipelotrichaceae	g__Allobaculum	s__Allobaculum stercoricanis	83.73	0.15	1945166
EHA04767_bin.3	d__Bacteria	p__Bacillota_A	c__Clostridia	o__Oscillospirales	f__CAG-272	g__DTU064	s__	96.61	0.98	1866677
EHA01880_bin.18	d__Bacteria	p__Bacillota_A	c__Clostridia	o__Peptostreptococcales	f__Peptostreptococcaceae	g__Peptacetobacter	s__Peptacetobacter sp900550335	66.92	8.61	1636720
EHA01913_bin.7	d__Bacteria	p__Bacteroidota	c__Bacteroidia	o__Bacteroidales	f__Bacteroidaceae	g__Alloprevotella	s__Alloprevotella sp000437675	97.32	0.74	2731069
EHA04671_bin.43	d__Bacteria	p__Bacillota_A	c__Clostridia	o__Oscillospirales	f__Oscillospiraceae	g__Onthomonas	s__	50.22	2.72	1800843
EHA01895_bin.9	d__Bacteria	p__Bacillota_A	c__Clostridia	o__Lachnospirales	f__Lachnospiraceae	g__Eisenbergiella	s__Eisenbergiella sp900539715	62.19	3.36	1394566
EHA04673_bin.26	d__Bacteria	p__Bacillota_A	c__Clostridia	o__Oscillospirales	f__Acutalibacteraceae	g__Ruminococcus_E	s__Ruminococcus_E sp021202245	65.96	2.41	1379363
EHA02085_bin.14	d__Bacteria	p__Bacillota_A	c__Clostridia	o__Oscillospirales	f__Oscillospiraceae	g__Onthomonas	s__	89.31	5.3	1863676
EHA04652_bin.3	d__Bacteria	p__Bacillota_A	c__Clostridia	o__Lachnospirales	f__Lachnospiraceae	g__Agathobacter	s__	97.38	1.18	2570288
EHA01916_bin.26	d__Bacteria	p__Bacillota_A	c__Clostridia	o__Oscillospirales	f__Ruminococcaceae	g__Avimicrobium	s__Avimicrobium sp934845495	81.65	1.72	1193498
EHA01634_bin.15	d__Bacteria	p__Bacillota_A	c__Clostridia	o__Oscillospirales	f__Ruminococcaceae	g__Gemmiger	s__	96.2	0.34	2925425
EHA01709_bin.60	d__Bacteria	p__Bacteroidota	c__Bacteroidia	o__Bacteroidales	f__Bacteroidaceae	g__Phocaeicola	s__Phocaeicola coprophilus	92.73	1.069	3140143
EHA04658_bin.34	d__Bacteria	p__Bacillota_A	c__Clostridia	o__Lachnospirales	f__Lachnospiraceae	g__RGIG6307	s__RGIG6307 sp021205045	94.3	2.64	3101379
EHA01925_bin.18	d__Bacteria	p__Bacillota_A	c__Clostridia	o__Lachnospirales	f__Lachnospiraceae	g__Copromonas	s__Copromonas sp000435795	59.99	2.81	1456787
EHA02255_bin.2	d__Bacteria	p__Bacteroidota	c__Bacteroidia	o__Cytophagales	f__Cyclobacteriaceae	g__	s__	75.48	2.02	3932222
EHA02258_bin.8	d__Bacteria	p__Pseudomonadota	c__Gammaproteobacteria	o__Enterobacterales	f__Enterobacteriaceae	g__Enterobacter	s__Enterobacter hormaechei_A	100	0.15	4592673
EHA01873_bin.21	d__Bacteria	p__Fusobacteriota	c__Fusobacteriia	o__Fusobacteriales	f__Fusobacteriaceae	g__Fusobacterium_B	s__Fusobacterium_B sp900554355	56	8.5	1422253
EHA01634_bin.29	d__Bacteria	p__Campylobacterota	c__Campylobacteria	o__Campylobacterales	f__Helicobacteraceae	g__Helicobacter_D	s__	95.36	5.315	1544734
EHA01885_bin.6	d__Bacteria	p__Bacteroidota	c__Bacteroidia	o__Bacteroidales	f__Bacteroidaceae	g__Mediterranea	s__	99.89	1.16	2970649
EHA04677_bin.4	d__Bacteria	p__Bacillota_A	c__Clostridia	o__Oscillospirales	f__Ruminococcaceae	g__Faecalibacterium	s__	76.14	0.31	1475571
EHA02098_bin.21	d__Archaea	p__Thermoplasmatota	c__Thermoplasmata	o__Methanomassiliicoccales	f__Methanomethylophilaceae	g__UBA71	s__	75.55	0.42	1358952
EHA04637_bin.16	d__Bacteria	p__Cyanobacteriota	c__Vampirovibrionia	o__Gastranaerophilales	f__Gastranaerophilaceae	g__Avigastranaerophilus	s__	64.56	2.4	1632171
EHA04644_bin.2	d__Bacteria	p__Bacillota_A	c__Clostridia	o__Lachnospirales	f__Lachnospiraceae	g__Butyribacter	s__	86.98	5.82	1685463
EHA04646_bin.6	d__Bacteria	p__Bacillota_A	c__Clostridia	o__Lachnospirales	f__Lachnospiraceae	g__Coprococcus	s__Coprococcus sp900761435	83.37	0.04	2331807
EHA04634_bin.11	d__Bacteria	p__Bacillota_A	c__Clostridia	o__Oscillospirales	f__Oscillospiraceae	g__JAJPXI01	s__	95.22	2.92	1864829
EHA04674_bin.32	d__Bacteria	p__Bacillota_A	c__Clostridia	o__Oscillospirales	f__Oscillospiraceae	g__Onthomonas	s__	87.52	1.48	1986624
EHA04636_bin.38	d__Bacteria	p__Desulfobacterota	c__Desulfovibrionia	o__Desulfovibrionales	f__Desulfovibrionaceae	g__Desulfovibrio	s__	50.45	8.91	768241
EHA04658_bin.41	d__Bacteria	p__Bacillota_A	c__Clostridia	o__Oscillospirales	f__Oscillospiraceae	g__Onthomonas	s__	63.86	2.01	1564752
EHA01922_bin.35	d__Bacteria	p__Bacteroidota	c__Bacteroidia	o__Bacteroidales	f__Bacteroidaceae	g__Phocaeicola	s__	51.91	9.75	2097244
EHA04675_bin.27	d__Bacteria	p__Bacillota_A	c__Clostridia	o__Oscillospirales	f__Oscillospiraceae	g__Onthomonas	s__	83.4	5.81	2112498
EHA01871_bin.8	d__Bacteria	p__Bacillota_A	c__Clostridia	o__Clostridiales	f__Clostridiaceae	g__Sarcina	s__Sarcina perfringens	53.22	4.98	2077594
EHA02262_bin.6	d__Bacteria	p__Actinomycetota	c__Actinomycetia	o__Actinomycetales	f__Dermabacteraceae	g__Brachybacterium	s__	63.97	8.27	3048118
EHA04653_bin.4	d__Bacteria	p__Bacillota_A	c__Clostridia	o__UMGS1883	f__UMGS1883	g__JAJQCX01	s__	72.21	0.74	1416662
EHA02097_bin.9	d__Bacteria	p__Verrucomicrobiota	c__Verrucomicrobiae	o__Opitutales	f__UBA953	g__Spyradosoma	s__	96.84	2.21	1750491
EHA02095_bin.15	d__Bacteria	p__Bacillota_A	c__Clostridia	o__Lachnospirales	f__Lachnospiraceae	g__Agathobacter	s__	78	2.17	2009239
EHA04656_bin.42	d__Bacteria	p__Bacillota_A	c__Clostridia	o__Oscillospirales	f__Ruminococcaceae	g__Faecalibacterium	s__	52.04	5.6	877303
EHA04675_bin.1	d__Bacteria	p__Bacillota_A	c__Clostridia	o__Christensenellales	f__Borkfalkiaceae	g__Coproplasma	s__	61.01	1.24	1063362
EHA02080_bin.20	d__Bacteria	p__Bacillota_A	c__Clostridia	o__Lachnospirales	f__Lachnospiraceae	g__Ventrimonas	s__	86.16	2.1	2113401
EHA04665_bin.7	d__Bacteria	p__Bacillota_A	c__Clostridia	o__TANB77	f__CAG-508	g__Scatovivens	s__	98.21	4.39	2591569
EHA02018_bin.9	d__Bacteria	p__Bacteroidota	c__Bacteroidia	o__Bacteroidales	f__Tannerellaceae	g__Parabacteroides	s__	70.05	9.53	3654597
EHA04656_bin.2	d__Bacteria	p__Bacillota_A	c__Clostridia	o__Oscillospirales	f__Oscillospiraceae	g__RUG626	s__	96.97	2.8	2460285
EHA04646_bin.26	d__Bacteria	p__Bacillota_A	c__Clostridia	o__TANB77	f__CAG-508	g__CAG-793	s__	79.72	0.54	1066363
EHA02098_bin.11	d__Bacteria	p__Bacillota_A	c__Clostridia	o__Oscillospirales	f__Acutalibacteraceae	g__	s__	96.8	0.09	1923988
EHA04665_bin.13	d__Bacteria	p__Bacillota	c__Bacilli	o__RFN20	f__CAG-288	g__Enterosoma	s__	93.61	0.18	1344252
EHA04665_bin.1	d__Bacteria	p__Bacillota_A	c__Clostridia	o__Oscillospirales	f__Oscillospiraceae	g__Faecousia	s__	85.56	1.48	2102262
EHA01877_bin.26	d__Bacteria	p__Fusobacteriota	c__Fusobacteriia	o__Fusobacteriales	f__Fusobacteriaceae	g__	s__	50.67	8.36	1201646
EHA04676_bin.16	d__Bacteria	p__Bacillota	c__Bacilli	o__RF39	f__UBA660	g__Coprosoma	s__	99.29	0.49	2234626
EHA04650_bin.20	d__Bacteria	p__Bacillota_A	c__Clostridia	o__Oscillospirales	f__Oscillospiraceae	g__JAJQCF01	s__JAJQCF01 sp021202845	81.62	1.58	1846626
EHA04643_bin.21	d__Bacteria	p__Bacillota_A	c__Clostridia	o__Lachnospirales	f__Lachnospiraceae	g__RUG115	s__	86.32	1.09	2872757
EHA02075_bin.21	d__Bacteria	p__Bacillota_A	c__Clostridia	o__Christensenellales	f__Borkfalkiaceae	g__Coproplasma	s__	95.73	0	2124087
EHA01924_bin.29	d__Bacteria	p__Bacillota_A	c__Clostridia	o__Lachnospirales	f__Lachnospiraceae	g__Blautia	s__	50.45	1.02	1438166
EHA02089_bin.30	d__Bacteria	p__Bacillota_A	c__Clostridia	o__TANB77	f__CAG-508	g__CAG-269	s__	95.47	6	1896746
EHA02088_bin.2	d__Bacteria	p__Bacillota_A	c__Clostridia	o__Oscillospirales	f__Acutalibacteraceae	g__UBA1081	s__	59.94	3.79	1248161
EHA04644_bin.27	d__Bacteria	p__Bacillota_A	c__Clostridia	o__Lachnospirales	f__Lachnospiraceae	g__Acetatifactor	s__	76.17	0.36	1520898
EHA04663_bin.20	d__Bacteria	p__Bacteroidota	c__Bacteroidia	o__Bacteroidales	f__Muribaculaceae	g__Paramuribaculum	s__Paramuribaculum sp900759835	80.95	7.94	3432674
EHA04766_bin.13	d__Bacteria	p__Verrucomicrobiota	c__Verrucomicrobiae	o__Verrucomicrobiales	f__Akkermansiaceae	g__Akkermansia	s__Akkermansia sp021200315	99.82	0	2122179
EHA01921_bin.32	d__Bacteria	p__Bacillota_A	c__Clostridia	o__Clostridiales	f__Clostridiaceae	g__Clostridium	s__	65.69	5.46	2273387
EHA02262_bin.5	d__Bacteria	p__Actinomycetota	c__Actinomycetia	o__Actinomycetales	f__Brevibacteriaceae	g__Brevibacterium	s__	99.93	5.85	4373437
EHA04649_bin.19	d__Bacteria	p__Bacillota_A	c__Clostridia	o__Christensenellales	f__Borkfalkiaceae	g__Coproplasma	s__	55.01	2.78	951706
EHA02081_bin.20	d__Bacteria	p__Bacillota_A	c__Clostridia	o__Lachnospirales	f__Lachnospiraceae	g__Coprococcus	s__	69.25	9.65	1794809
EHA02255_bin.21	d__Bacteria	p__Pseudomonadota	c__Gammaproteobacteria	o__Nitrosococcales	f__Methylophagaceae	g__Methylophaga	s__	100	0.14	2353374
EHA00548_bin.9	d__Bacteria	p__Actinomycetota	c__Actinomycetia	o__Mycobacteriales	f__Mycobacteriaceae	g__Corynebacterium	s__Corynebacterium stationis	69.69	2.312	1922895
EHA04678_bin.9	d__Bacteria	p__Synergistota	c__Synergistia	o__Synergistales	f__Synergistaceae	g__E4-60	s__	54.49	1.9	1065294
EHA04650_bin.6	d__Bacteria	p__Bacillota_A	c__Clostridia	o__Lachnospirales	f__Lachnospiraceae	g__Agathobacter	s__	85.23	2.19	2507096
EHA02086_bin.13	d__Bacteria	p__Bacteroidota	c__Bacteroidia	o__Bacteroidales	f__UBA932	g__Cryptobacteroides	s__	80.94	0.08	1885052
EHA04663_bin.32	d__Bacteria	p__Bacillota_A	c__Clostridia	o__Oscillospirales	f__Oscillospiraceae	g__Onthomonas	s__	75.38	8.81	2199658
EHA01897_bin.6	d__Bacteria	p__Fusobacteriota	c__Fusobacteriia	o__Fusobacteriales	f__Fusobacteriaceae	g__Fusobacterium_B	s__Fusobacterium_B sp900554885	60.12	1.86	1232426
EHA04765_bin.15	d__Bacteria	p__Bacillota_A	c__Clostridia	o__Oscillospirales	f__Acutalibacteraceae	g__Eubacterium_R	s__	97.9	0.07	1857455
EHA04656_bin.29	d__Bacteria	p__Bacillota_A	c__Clostridia	o__Lachnospirales	f__CAG-274	g__HGM11788	s__	96.16	1.78	1723845
EHA04654_bin.28	d__Bacteria	p__Bacillota_A	c__Clostridia	o__UMGS1883	f__UMGS1883	g__JAJQCX01	s__	51.62	8.44	1473914
EHA04767_bin.2	d__Bacteria	p__Bacillota_A	c__Clostridia	o__Lachnospirales	f__Lachnospiraceae	g__Coprococcus	s__	99.69	3	2325600
EHA02097_bin.6	d__Bacteria	p__Bacillota_A	c__Clostridia	o__Oscillospirales	f__Oscillospiraceae	g__JAJQBJ01	s__JAJQBJ01 sp021203345	91.96	5.06	2136350
EHA01918_bin.26	d__Bacteria	p__Actinomycetota	c__Actinomycetia	o__Actinomycetales	f__Bifidobacteriaceae	g__Bifidobacterium	s__Bifidobacterium adolescentis	94.85	0.81	1939802
EHA01906_bin.29	d__Bacteria	p__Bacillota_A	c__Clostridia	o__Lachnospirales	f__Lachnospiraceae	g__Faecalimonas	s__	55.19	8.34	1574306
EHA01906_bin.12	d__Bacteria	p__Bacillota_A	c__Clostridia	o__Lachnospirales	f__Lachnospiraceae	g__Mediterraneibacter	s__	99.56	0.03	1990760
EHA02082_bin.5	d__Bacteria	p__Bacillota_A	c__Clostridia	o__Christensenellales	f__Borkfalkiaceae	g__Coproplasma	s__	63.87	2.08	1190463
EHA04671_bin.2	d__Bacteria	p__Bacillota_A	c__Clostridia	o__Lachnospirales	f__Lachnospiraceae	g__CAG-632	s__	95.29	1.27	2206243
EHA01887_bin.43	d__Bacteria	p__Bacillota_A	c__Clostridia	o__Lachnospirales	f__Lachnospiraceae	g__Faecalimonas	s__	54.54	6.76	1771736
EHA01924_bin.13	d__Bacteria	p__Pseudomonadota	c__Gammaproteobacteria	o__Enterobacterales_A	f__Succinivibrionaceae	g__Anaerobiospirillum	s__	76.87	2.31	3070710
EHA04671_bin.49	d__Bacteria	p__Bacteroidota	c__Bacteroidia	o__Bacteroidales	f__Bacteroidaceae	g__Bacteroides	s__	56.91	8.88	4642641
EHA02088_bin.7	d__Bacteria	p__Bacteroidota	c__Bacteroidia	o__Bacteroidales	f__Bacteroidaceae	g__Phocaeicola	s__	98.94	0	2628268
EHA04652_bin.14	d__Bacteria	p__Bacillota_A	c__Clostridia	o__Oscillospirales	f__Ruminococcaceae	g__Ruminococcus_C	s__	87.39	1.75	1929851
EHA01698_bin.3	d__Bacteria	p__Bacillota_A	c__Clostridia	o__Lachnospirales	f__Cellulosilyticaceae	g__Zhenhengia	s__	93.95	3.243	2210934
EHA02028_bin.4	d__Bacteria	p__Actinomycetota	c__Actinomycetia	o__Actinomycetales	f__Micrococcaceae	g__Specibacter	s__	51.88	3.9	2741722
EHA02094_bin.6	d__Bacteria	p__Bacillota_A	c__Clostridia	o__Oscillospirales	f__Ruminococcaceae	g__Faeciplasma	s__	58.45	1.03	966107
EHA04640_bin.29	d__Bacteria	p__Bacillota_A	c__Clostridia	o__Oscillospirales	f__Oscillospiraceae	g__Onthomonas	s__Onthomonas sp021201185	51.01	4.28	1129111
EHA02273_bin.13	d__Bacteria	p__Actinomycetota	c__Actinomycetia	o__Mycobacteriales	f__Micromonosporaceae	g__Stackebrandtia	s__Stackebrandtia faecavium	98.96	0.56	3491221
EHA02255_bin.5	d__Bacteria	p__Bacteroidota	c__Bacteroidia	o__Flavobacteriales	f__Weeksellaceae	g__Moheibacter	s__	99.8	0.22	3089995
EHA04649_bin.26	d__Bacteria	p__Bacillota_A	c__Clostridia	o__Oscillospirales	f__Ruminococcaceae	g__Faecalibacterium	s__	81.89	5.56	2270010
EHA01895_bin.29	d__Bacteria	p__Bacillota_A	c__Clostridia	o__Peptostreptococcales	f__Peptostreptococcaceae	g__Peptacetobacter	s__Peptacetobacter sp900550335	62.86	6.5	699947
EHA04649_bin.25	d__Bacteria	p__Bacillota_A	c__Clostridia	o__Lachnospirales	f__Lachnospiraceae	g__UBA4292	s__	98.58	0.03	2636150
EHA04634_bin.21	d__Bacteria	p__Bacillota_A	c__Clostridia	o__Christensenellales	f__Borkfalkiaceae	g__Coproplasma	s__	94.83	0.96	1581154
EHA02088_bin.20	d__Bacteria	p__Bacillota_A	c__Clostridia	o__Oscillospirales	f__Ruminococcaceae	g__Ruminococcus_C	s__	85.95	0.03	2060942
EHA01880_bin.11	d__Bacteria	p__Pseudomonadota	c__Gammaproteobacteria	o__Enterobacterales_A	f__Succinivibrionaceae	g__Anaerobiospirillum	s__	58.06	0.06	2400200
EHA01901_bin.11	d__Bacteria	p__Campylobacterota	c__Campylobacteria	o__Campylobacterales	f__Helicobacteraceae	g__Helicobacter_A	s__	99.85	0.22	2249364
EHA04635_bin.32	d__Bacteria	p__Bacillota	c__Bacilli	o__RF39	f__UBA660	g__RUG11788	s__	51.36	4.03	652796
EHA04645_bin.13	d__Bacteria	p__Pseudomonadota	c__Gammaproteobacteria	o__Burkholderiales	f__Burkholderiaceae_A	g__Mesosutterella	s__	95	1.04	1934576
EHA01916_bin.4	d__Bacteria	p__Fusobacteriota	c__Fusobacteriia	o__Fusobacteriales	f__Fusobacteriaceae	g__Fusobacterium_A	s__Fusobacterium_A sp900555845	90.57	2.77	1700301
EHA02081_bin.19	d__Bacteria	p__Bacillota_A	c__Clostridia	o__Christensenellales	f__Borkfalkiaceae	g__Coproplasma	s__	70.72	2.37	1054447
EHA04663_bin.28	d__Bacteria	p__Bacillota_A	c__Clostridia	o__Oscillospirales	f__Oscillospiraceae	g__Onthomonas	s__Onthomonas sp021201185	96.48	0.67	2142547
EHA01889_bin.21	d__Bacteria	p__Fusobacteriota	c__Fusobacteriia	o__Fusobacteriales	f__Fusobacteriaceae	g__	s__	50.73	8.91	1525742
EHA02094_bin.9	d__Bacteria	p__Bacillota_A	c__Clostridia	o__Christensenellales	f__Borkfalkiaceae	g__Gallimonas	s__	94.21	0.16	1315758
EHA04649_bin.12	d__Bacteria	p__Bacillota_A	c__Clostridia	o__Oscillospirales	f__Oscillospiraceae	g__Onthomonas	s__	58.84	2.08	1456543
EHA01925_bin.24	d__Bacteria	p__Actinomycetota	c__Coriobacteriia	o__Coriobacteriales	f__Coriobacteriaceae	g__Collinsella	s__	88.69	3.89	1753753
EHA01898_bin.3	d__Bacteria	p__Bacillota_A	c__Clostridia	o__Oscillospirales	f__Oscillospiraceae	g__Faecousia	s__	87.26	0.32	1725295
EHA02087_bin.14	d__Bacteria	p__Bacillota_A	c__Clostridia	o__Lachnospirales	f__Lachnospiraceae	g__SIG308	s__	51.66	5.58	1054218
EHA01906_bin.2	d__Bacteria	p__Bacillota_A	c__Clostridia	o__Peptostreptococcales	f__Peptostreptococcaceae	g__Peptacetobacter	s__Peptacetobacter hiranonis	65.36	1.33	870299
EHA04643_bin.10	d__Bacteria	p__Bacillota_A	c__Clostridia	o__Lachnospirales	f__Lachnospiraceae	g__COE1	s__	96.99	0.63	2705497
EHA04657_bin.32	d__Bacteria	p__Bacillota_A	c__Clostridia	o__Lachnospirales	f__Lachnospiraceae	g__Agathobacter	s__	98.62	0.47	3344035
EHA04634_bin.9	d__Bacteria	p__Bacillota_A	c__Clostridia	o__Lachnospirales	f__Lachnospiraceae	g__Acetatifactor	s__	98.27	0.33	2310487
EHA02078_bin.35	d__Bacteria	p__Bacillota_A	c__Clostridia	o__Lachnospirales	f__Lachnospiraceae	g__Eubacterium_I	s__	67.07	2.11	1502614
EHA01890_bin.28	d__Bacteria	p__Bacillota_A	c__Clostridia	o__Lachnospirales	f__Lachnospiraceae	g__CAJMNU01	s__CAJMNU01 sp905214855	92.93	0.21	2676486
EHA04668_bin.7	d__Bacteria	p__Bacillota_A	c__Clostridia	o__UMGS1883	f__UMGS1883	g__JAJQCX01	s__	98.17	0.06	2068708
EHA04635_bin.13	d__Bacteria	p__Bacillota_A	c__Clostridia	o__Lachnospirales	f__CAG-274	g__	s__	88.51	1.9	2212002
EHA04647_bin.36	d__Bacteria	p__Bacillota_A	c__Clostridia	o__Christensenellales	f__Borkfalkiaceae	g__Coproplasma	s__	65.84	1.79	1180734
EHA02269_bin.6	d__Bacteria	p__Actinomycetota	c__Actinomycetia	o__Mycobacteriales	f__Mycobacteriaceae	g__Corynebacterium	s__Corynebacterium faecigallinarum	75.53	0.31	2213747
EHA04671_bin.9	d__Bacteria	p__Cyanobacteriota	c__Vampirovibrionia	o__Gastranaerophilales	f__Gastranaerophilaceae	g__Avigastranaerophilus	s__	86.56	2.64	2159704
EHA04655_bin.26	d__Bacteria	p__Bacillota_A	c__Clostridia	o__Christensenellales	f__UBA1242	g__Caccovivens	s__	87.66	0.39	2038589
EHA02087_bin.4	d__Bacteria	p__Bacillota_A	c__Clostridia	o__Oscillospirales	f__Ruminococcaceae	g__Faecalibacterium	s__	77.46	3.9	2311090
EHA04654_bin.23	d__Bacteria	p__Bacillota_A	c__Clostridia	o__Christensenellales	f__Borkfalkiaceae	g__Coproplasma	s__	95.61	2.96	1962441
EHA02089_bin.29	d__Bacteria	p__Bacillota_A	c__Clostridia	o__Lachnospirales	f__Lachnospiraceae	g__Eubacterium_I	s__	96.9	3.64	2055347
EHA04767_bin.13	d__Bacteria	p__Bacillota_A	c__Clostridia	o__Christensenellales	f__Borkfalkiaceae	g__Coproplasma	s__	69.56	0.87	1160044
EHA04638_bin.18	d__Bacteria	p__Bacillota_A	c__Clostridia	o__Lachnospirales	f__Lachnospiraceae	g__	s__	62.13	7.89	1900671
EHA04662_bin.1	d__Bacteria	p__Cyanobacteriota	c__Vampirovibrionia	o__Gastranaerophilales	f__RUG14156	g__Galligastranaerophilus_A	s__	67.12	4.06	1204574
EHA01918_bin.6	d__Bacteria	p__Bacillota_A	c__Clostridia	o__Lachnospirales	f__Cellulosilyticaceae	g__Cellulosilyticum	s__	88.4	1.1	2536108
EHA04639_bin.20	d__Bacteria	p__Bacillota_A	c__Clostridia	o__Lachnospirales	f__Lachnospiraceae	g__COE1	s__	88.82	1.52	1835869
EHA01892_bin.15	d__Bacteria	p__Bacillota_A	c__Clostridia	o__Oscillospirales	f__Ruminococcaceae	g__Avimicrobium	s__Avimicrobium sp934845495	71.51	1.19	1629441
EHA02085_bin.13	d__Bacteria	p__Bacillota_A	c__Clostridia	o__Lachnospirales	f__Lachnospiraceae	g__Agathobacter	s__	77.19	0.49	1761693
EHA02083_bin.5	d__Bacteria	p__Bacteroidota	c__Bacteroidia	o__Bacteroidales	f__UBA932	g__Cryptobacteroides	s__	98.94	0.08	2076548
EHA02269_bin.22	d__Bacteria	p__Actinomycetota	c__Actinomycetia	o__Mycobacteriales	f__Mycobacteriaceae	g__Corynebacterium	s__	85.02	0.99	2113583
EHA01890_bin.31	d__Bacteria	p__Bacillota_A	c__Clostridia	o__Lachnospirales	f__CAG-274	g__Gallispira	s__Gallispira sp900543365	98.64	0.19	1941499
EHA04667_bin.12	d__Bacteria	p__Bacillota_A	c__Clostridia	o__Christensenellales	f__Borkfalkiaceae	g__Coproplasma	s__	90.01	1.17	1488268
EHA01896_bin.6	d__Bacteria	p__Bacillota	c__Bacilli	o__Erysipelotrichales	f__Coprobacillaceae	g__Thomasclavelia	s__Thomasclavelia spiroformis_A	52.65	4.24	1764423
EHA02083_bin.6	d__Bacteria	p__Bacillota_A	c__Clostridia	o__Lachnospirales	f__Lachnospiraceae	g__COE1	s__	88.35	3.37	2388229
EHA02258_bin.6	d__Bacteria	p__Actinomycetota	c__Actinomycetia	o__Actinomycetales	f__Micrococcaceae	g__Rothia	s__Rothia koreensis	92.7	4.87	2686162
EHA04661_bin.20	d__Bacteria	p__Bacillota_A	c__Clostridia	o__Lachnospirales	f__Lachnospiraceae	g__UBA4292	s__	62.03	0.11	1439988
EHA04675_bin.14	d__Bacteria	p__Bacteroidota	c__Bacteroidia	o__Bacteroidales	f__Rikenellaceae	g__Alistipes	s__Alistipes senegalensis	94.67	3.25	3812135
EHA02075_bin.18	d__Bacteria	p__Bacillota_A	c__Clostridia	o__TANB77	f__CAG-508	g__CAG-492	s__	94.67	4.34	1806776
EHA01915_bin.7	d__Bacteria	p__Bacillota_A	c__Clostridia	o__Lachnospirales	f__Lachnospiraceae	g__Blautia_A	s__	86.58	0.87	2717072
EHA04767_bin.6	d__Bacteria	p__Bacillota_A	c__Clostridia	o__TANB77	f__CAG-508	g__Scatovivens	s__	87.29	4.23	1287482
EHA01913_bin.8	d__Bacteria	p__Bacillota_A	c__Clostridia	o__Lachnospirales	f__Lachnospiraceae	g__Blautia	s__Blautia sp900556555	93.74	0.1	2697222
EHA02075_bin.40	d__Bacteria	p__Bacillota_A	c__Clostridia	o__Lachnospirales	f__Lachnospiraceae	g__Agathobacter	s__	68.77	1.02	1523368
EHA02077_bin.14	d__Bacteria	p__Bacillota_A	c__Clostridia	o__Lachnospirales	f__Lachnospiraceae	g__Agathobacter	s__	90.95	0.07	2518889
EHA01911_bin.9	d__Bacteria	p__Bacillota_A	c__Clostridia	o__Clostridiales	f__Clostridiaceae	g__	s__	65.71	7	1954729
EHA04648_bin.4	d__Archaea	p__Thermoplasmatota	c__Thermoplasmata	o__Methanomassiliicoccales	f__Methanomethylophilaceae	g__UBA71	s__	100	1.38	2529991
EHA01928_bin.5	d__Bacteria	p__Fusobacteriota	c__Fusobacteriia	o__Fusobacteriales	f__Fusobacteriaceae	g__Fusobacterium_B	s__Fusobacterium_B sp900554355	78.29	1.04	1718082
EHA04649_bin.24	d__Bacteria	p__Bacillota_A	c__Clostridia	o__Christensenellales	f__Borkfalkiaceae	g__Coproplasma	s__	65.44	4.7	1169096
EHA04766_bin.31	d__Bacteria	p__Bacillota_A	c__Clostridia	o__Oscillospirales	f__Oscillospiraceae	g__Onthomonas	s__Onthomonas sp021205455	60.96	4.92	1762436
EHA02079_bin.7	d__Bacteria	p__Bacillota_A	c__Clostridia	o__Christensenellales	f__UBA1242	g__Caccovivens	s__	67.97	3.65	535389
EHA04657_bin.23	d__Bacteria	p__Bacillota_A	c__Clostridia	o__Christensenellales	f__Borkfalkiaceae	g__Coproplasma	s__	90.76	3.97	1302929
EHA04765_bin.11	d__Bacteria	p__Spirochaetota	c__Spirochaetia	o__Sphaerochaetales	f__Sphaerochaetaceae	g__Bullifex	s__	98.62	0.49	2209790
EHA01915_bin.6	d__Bacteria	p__Bacillota	c__Bacilli	o__Erysipelotrichales	f__Erysipelotrichaceae	g__CALVGN01	s__	65.66	0.99	1194359
EHA04657_bin.35	d__Bacteria	p__Bacillota_A	c__Clostridia	o__Oscillospirales	f__Ruminococcaceae	g__Faecalibacterium	s__	87.92	1.13	1454003
EHA04660_bin.2	d__Bacteria	p__Bacillota_A	c__Clostridia	o__Christensenellales	f__Borkfalkiaceae	g__Coproplasma	s__	97.48	0.74	1738979
EHA04645_bin.21	d__Bacteria	p__Bacillota_A	c__Clostridia	o__Oscillospirales	f__Oscillospiraceae	g__Onthomonas	s__	88.87	3.07	2117321
EHA04660_bin.14	d__Bacteria	p__Pseudomonadota	c__Alphaproteobacteria	o__RF32	f__CAG-239	g__CAG-267	s__	100	0.38	1766975
EHA01904_bin.16	d__Bacteria	p__Pseudomonadota	c__Gammaproteobacteria	o__Enterobacterales_A	f__Succinivibrionaceae	g__Anaerobiospirillum	s__Anaerobiospirillum succiniciproducens	54.5	0.52	1871321
EHA02088_bin.15	d__Bacteria	p__Bacillota_A	c__Clostridia	o__Oscillospirales	f__Ruminococcaceae	g__Faeciplasma	s__	98.75	1.2	1871242
EHA01892_bin.17	d__Bacteria	p__Pseudomonadota	c__Gammaproteobacteria	o__Enterobacterales_A	f__Succinivibrionaceae	g__Anaerobiospirillum	s__Anaerobiospirillum succiniciproducens	51.09	2.36	2432822
EHA01901_bin.9	d__Bacteria	p__Bacillota_A	c__Clostridia	o__Oscillospirales	f__Ruminococcaceae	g__Faecalibacterium	s__Faecalibacterium sp900540455	99.92	0.07	2196344
EHA02095_bin.4	d__Bacteria	p__Cyanobacteriota	c__Vampirovibrionia	o__Gastranaerophilales	f__Gastranaerophilaceae	g__Scatousia	s__	94.93	1.12	1859249
EHA02079_bin.45	d__Bacteria	p__Bacillota_A	c__Clostridia	o__Lachnospirales	f__Lachnospiraceae	g__RGIG6307	s__	63.34	2.15	1497703
EHA01598_bin.4	d__Bacteria	p__Bacillota_C	c__Negativicutes	o__Acidaminococcales	f__Acidaminococcaceae	g__	s__	53.53	1.102	859429
EHA04636_bin.26	d__Bacteria	p__Bacillota_A	c__Clostridia	o__Oscillospirales	f__Oscillospiraceae	g__Faecousia	s__	71.42	2.84	1343701
EHA04640_bin.32	d__Bacteria	p__Bacillota_A	c__Clostridia	o__TANB77	f__CAG-508	g__CAG-269	s__	52.67	4.07	949443
EHA01900_bin.6	d__Bacteria	p__Bacillota	c__Bacilli	o__Erysipelotrichales	f__Erysipelotrichaceae	g__CALVGN01	s__	89.11	1.17	1484062
EHA04665_bin.36	d__Bacteria	p__Actinomycetota	c__Coriobacteriia	o__Coriobacteriales	f__QAMH01	g__CACZQA01	s__	99.45	0.29	1954422
EHA04671_bin.11	d__Bacteria	p__Cyanobacteriota	c__Vampirovibrionia	o__Gastranaerophilales	f__RUG14156	g__	s__	82.69	1.19	1533128
EHA01926_bin.12	d__Bacteria	p__Fusobacteriota	c__Fusobacteriia	o__Fusobacteriales	f__Fusobacteriaceae	g__Fusobacterium_B	s__Fusobacterium_B sp900554885	89.42	0.95	1595122
EHA02076_bin.16	d__Bacteria	p__Bacillota	c__Bacilli	o__RFN20	f__CAG-288	g__Enterosoma	s__	91.62	2.49	1286141
EHA04663_bin.30	d__Bacteria	p__Bacillota_A	c__Clostridia	o__Lachnospirales	f__Lachnospiraceae	g__RGIG6307	s__	62.97	0.42	1678226
EHA04767_bin.9	d__Bacteria	p__Bacillota_A	c__Clostridia	o__UMGS1883	f__UMGS1883	g__JAFLUQ01	s__	91.77	1.71	1647071
EHA04669_bin.3	d__Bacteria	p__Bacillota_A	c__Clostridia	o__Lachnospirales	f__CAG-274	g__HGM11788	s__	100	1.57	1970728
EHA02094_bin.19	d__Bacteria	p__Bacillota	c__Bacilli	o__RF39	f__UBA660	g__SIG200	s__	52.39	7.28	781871
EHA02089_bin.15	d__Bacteria	p__Bacillota_A	c__Clostridia	o__Oscillospirales	f__CAG-272	g__DTU064	s__DTU064 sp021199825	92.96	0.26	2125121
EHA04673_bin.34	d__Bacteria	p__Bacillota_A	c__Clostridia	o__Oscillospirales	f__Oscillospiraceae	g__Onthomonas	s__	51.33	9.19	1462068
EHA04637_bin.19	d__Bacteria	p__Bacillota_A	c__Clostridia	o__UMGS1883	f__UMGS1883	g__JAJQCX01	s__	77.59	3.66	2171782
EHA01905_bin.9	d__Bacteria	p__Pseudomonadota	c__Gammaproteobacteria	o__Burkholderiales	f__Burkholderiaceae_C	g__Paenalcaligenes	s__	54.29	6.77	1531262
EHA02255_bin.24	d__Bacteria	p__Pseudomonadota	c__Gammaproteobacteria	o__Burkholderiales	f__Burkholderiaceae_C	g__Paracandidimonas	s__Paracandidimonas soli	67.42	2.59	2872941
EHA01884_bin.7	d__Bacteria	p__Pseudomonadota	c__Gammaproteobacteria	o__Enterobacterales_A	f__Succinivibrionaceae	g__Anaerobiospirillum	s__Anaerobiospirillum sp900543125	96.09	0.49	3753499
EHA04666_bin.14	d__Bacteria	p__Bacillota_A	c__Clostridia	o__Lachnospirales	f__Lachnospiraceae	g__COE1	s__	91.11	5.57	2317586
EHA02096_bin.26	d__Bacteria	p__Actinomycetota	c__Coriobacteriia	o__Coriobacteriales	f__Eggerthellaceae	g__	s__	61.64	1.41	1147372
EHA02018_bin.1	d__Bacteria	p__Bacillota_A	c__Clostridia	o__Lachnospirales	f__Lachnospiraceae	g__CHH4-2	s__	92.43	0.82	3295094
EHA01896_bin.29	d__Bacteria	p__Fusobacteriota	c__Fusobacteriia	o__Fusobacteriales	f__Fusobacteriaceae	g__Fusobacterium_B	s__Fusobacterium_B sp900554885	81.03	2.55	1100445
EHA04641_bin.1	d__Bacteria	p__Bacillota_A	c__Clostridia	o__Christensenellales	f__Borkfalkiaceae	g__Coproplasma	s__	96.52	1.69	2527670
EHA02075_bin.42	d__Bacteria	p__Bacillota_A	c__Clostridia	o__Lachnospirales	f__Lachnospiraceae	g__Choladousia	s__	52.14	4.56	2017561
EHA04674_bin.12	d__Bacteria	p__Bacillota_A	c__Clostridia	o__TANB77	f__CAG-508	g__Scatovivens	s__	95.19	6.65	1751239
EHA04670_bin.15	d__Bacteria	p__Bacillota_A	c__Clostridia	o__Lachnospirales	f__Lachnospiraceae	g__Coprococcus	s__	90.12	5.5	2268560
EHA01698_bin.15	d__Bacteria	p__Pseudomonadota	c__Gammaproteobacteria	o__Enterobacterales	f__Enterobacteriaceae	g__Escherichia	s__Escherichia coli	92.93	6.129	4057810
EHA02077_bin.22	d__Bacteria	p__Bacillota_A	c__Clostridia	o__Lachnospirales	f__Lachnospiraceae	g__Ventrimonas	s__	63.91	8.79	2095201
EHA01903_bin.28	d__Bacteria	p__Pseudomonadota	c__Gammaproteobacteria	o__Enterobacterales_A	f__Succinivibrionaceae	g__Anaerobiospirillum	s__Anaerobiospirillum succiniciproducens	66.55	8.85	2340951
EHA01906_bin.24	d__Bacteria	p__Actinomycetota	c__Coriobacteriia	o__Coriobacteriales	f__Coriobacteriaceae	g__Collinsella	s__	80.66	5.22	1426421
EHA04664_bin.32	d__Bacteria	p__Desulfobacterota	c__Desulfovibrionia	o__Desulfovibrionales	f__Desulfovibrionaceae	g__Desulfovibrio	s__	50.92	4.34	667718
EHA02078_bin.19	d__Bacteria	p__Bacillota_A	c__Clostridia	o__Oscillospirales	f__Ruminococcaceae	g__Faeciplasma	s__	78.42	2.97	1635106
EHA04647_bin.30	d__Bacteria	p__Actinomycetota	c__Coriobacteriia	o__Coriobacteriales	f__QAMH01	g__CACZQA01	s__	65	0.22	855351
EHA01923_bin.9	d__Bacteria	p__Spirochaetota	c__Brachyspirae	o__Brachyspirales	f__Brachyspiraceae	g__Brachyspira	s__	99.98	0.83	3108154
EHA04666_bin.25	d__Bacteria	p__Bacillota_A	c__Clostridia	o__Oscillospirales	f__Oscillospiraceae	g__	s__	52	8.92	2087460
EHA04675_bin.42	d__Archaea	p__Methanobacteriota	c__Methanobacteria	o__Methanobacteriales	f__Methanobacteriaceae	g__Methanosphaera	s__	95.91	0.15	2048872
EHA01886_bin.6	d__Bacteria	p__Bacillota_A	c__Clostridia	o__Lachnospirales	f__Lachnospiraceae	g__Ventrimonas	s__Ventrimonas sp900538475	54.34	7.21	1826787
EHA01922_bin.28	d__Bacteria	p__Bacillota_A	c__Clostridia	o__Peptostreptococcales	f__Peptostreptococcaceae	g__Peptacetobacter	s__Peptacetobacter hiranonis	63.39	4.16	544632
EHA04650_bin.39	d__Bacteria	p__Bacillota_A	c__Clostridia	o__Lachnospirales	f__Lachnospiraceae	g__RGIG6307	s__RGIG6307 sp021205045	52.62	5.24	1633271
EHA01876_bin.19	d__Bacteria	p__Fusobacteriota	c__Fusobacteriia	o__Fusobacteriales	f__Fusobacteriaceae	g__Fusobacterium_A	s__Fusobacterium_A sp900555845	62.13	9.47	2040185
EHA01918_bin.15	d__Bacteria	p__Deferribacterota	c__Deferribacteres	o__Deferribacterales	f__Mucispirillaceae	g__Mucispirillum	s__	96.68	0.66	2271183
EHA02079_bin.23	d__Bacteria	p__Bacillota_A	c__Clostridia	o__Oscillospirales	f__CAG-272	g__DTU064	s__	77.86	3.23	1734647
EHA02075_bin.19	d__Bacteria	p__Bacillota_A	c__Clostridia	o__Lachnospirales	f__CAG-274	g__JAJQCI01	s__JAJQCI01 sp021201395	98.51	0.6	3460393
EHA02269_bin.10	d__Bacteria	p__Actinomycetota	c__Actinomycetia	o__Mycobacteriales	f__Mycobacteriaceae	g__Corynebacterium	s__Corynebacterium glutamicum	99.99	0.04	3231651
EHA02075_bin.28	d__Bacteria	p__Bacillota_A	c__Clostridia	o__UBA1381	f__UBA1381	g__UBA1381	s__	60.49	5.83	1498197
EHA04678_bin.15	d__Bacteria	p__Bacillota_A	c__Clostridia	o__Oscillospirales	f__Oscillospiraceae	g__RGIG7114	s__RGIG7114 sp020860205	96.58	0.09	1820774
EHA04635_bin.16	d__Bacteria	p__Bacillota_A	c__Clostridia	o__Lachnospirales	f__Lachnospiraceae	g__SIG308	s__	99.24	4.57	4161173
EHA02079_bin.39	d__Bacteria	p__Pseudomonadota	c__Gammaproteobacteria	o__Burkholderiales	f__Burkholderiaceae_A	g__Mesosutterella	s__	75.09	5.32	1483236
EHA01922_bin.13	d__Bacteria	p__Bacteroidota	c__Bacteroidia	o__Bacteroidales	f__Bacteroidaceae	g__Alloprevotella	s__	98.55	0.06	2407815
EHA02255_bin.37	d__Bacteria	p__Bacillota	c__Bacilli	o__RF39	f__UBA660	g__DUUS01	s__	62	8.95	2274299
EHA01921_bin.7	d__Bacteria	p__Bacillota_C	c__Negativicutes	o__Acidaminococcales	f__Acidaminococcaceae	g__Phascolarctobacterium_A	s__Phascolarctobacterium_A sp900552855	100	0.03	1778205
EHA02083_bin.13	d__Bacteria	p__Bacillota	c__Bacilli	o__RFN20	f__CAG-288	g__Enterosoma	s__	92.24	5.28	1417348
EHA04654_bin.26	d__Bacteria	p__Actinomycetota	c__Coriobacteriia	o__Coriobacteriales	f__QAMH01	g__CACZQA01	s__	83.61	1.73	1572670
EHA02088_bin.16	d__Bacteria	p__Bacillota_A	c__Clostridia	o__Christensenellales	f__Borkfalkiaceae	g__Coproplasma	s__	93.37	1.14	1657735
EHA02078_bin.26	d__Bacteria	p__Bacillota_A	c__Clostridia	o__TANB77	f__CAG-465	g__CAG-465	s__	95.02	0.41	1456338
EHA02255_bin.25	d__Bacteria	p__Pseudomonadota	c__Alphaproteobacteria	o__Sphingomonadales	f__Sphingomonadaceae	g__Croceibacterium	s__	75.11	2.47	2073811
EHA02082_bin.2	d__Bacteria	p__Cyanobacteriota	c__Vampirovibrionia	o__Gastranaerophilales	f__Gastranaerophilaceae	g__Scatousia	s__	74.81	1.87	1516095
EHA02037_bin.1	d__Bacteria	p__Actinomycetota	c__Actinomycetia	o__Actinomycetales	f__Micrococcaceae	g__Specibacter	s__	53.33	6.56	2346770
EHA01905_bin.8	d__Bacteria	p__Bacillota_A	c__Clostridia	o__Oscillospirales	f__Ruminococcaceae	g__Avimicrobium	s__Avimicrobium sp934845495	65.59	1.91	1427603
EHA04652_bin.28	d__Bacteria	p__Bacillota_A	c__Clostridia	o__Christensenellales	f__Borkfalkiaceae	g__Coproplasma	s__	86.94	4.02	1746760
EHA01896_bin.26	d__Bacteria	p__Bacillota	c__Bacilli	o__Haloplasmatales	f__Turicibacteraceae	g__Turicibacter	s__	79.66	4.22	2533380
EHA02258_bin.12	d__Bacteria	p__Bacillota_A	c__Clostridia	o__Clostridiales	f__Clostridiaceae	g__Clostridium	s__Clostridium cuniculi	60.96	3.68	1475897
EHA04657_bin.14	d__Bacteria	p__Bacillota_A	c__Clostridia	o__Oscillospirales	f__Ruminococcaceae	g__CAG-115	s__	100	3.16	1885067
EHA01910_bin.4	d__Bacteria	p__Campylobacterota	c__Campylobacteria	o__Campylobacterales	f__Campylobacteraceae	g__Campylobacter_D	s__Campylobacter_D concheus	100	0.02	1581531
EHA01875_bin.14	d__Bacteria	p__Bacillota_A	c__Clostridia	o__Peptostreptococcales	f__Peptostreptococcaceae	g__Peptacetobacter	s__Peptacetobacter sp900550335	86.68	6.38	1758652
EHA04652_bin.19	d__Bacteria	p__Bacillota_A	c__Clostridia	o__Lachnospirales	f__CAG-274	g__JAJQCI01	s__	94.35	3.73	2387850
EHA02273_bin.16	d__Bacteria	p__Bacteroidota	c__Bacteroidia	o__Sphingobacteriales	f__Sphingobacteriaceae	g__Sphingobacterium	s__	98.52	0.12	3318432
EHA01896_bin.36	d__Bacteria	p__Fusobacteriota	c__Fusobacteriia	o__Fusobacteriales	f__Fusobacteriaceae	g__Fusobacterium_A	s__	60.44	0.64	1490677
EHA01928_bin.26	d__Bacteria	p__Bacillota_A	c__Clostridia	o__Clostridiales	f__Clostridiaceae	g__Clostridium	s__	60.15	8.93	1483328
EHA04659_bin.3	d__Bacteria	p__Bacillota_A	c__Clostridia	o__Christensenellales	f__Borkfalkiaceae	g__Coproplasma	s__	60.8	8.67	2210859
EHA01709_bin.57	d__Bacteria	p__Pseudomonadota	c__Gammaproteobacteria	o__Burkholderiales	f__Burkholderiaceae_A	g__Sutterella	s__Sutterella sp905215795	94.61	1.242	1772177
EHA04657_bin.21	d__Bacteria	p__Bacillota_A	c__Clostridia	o__Lachnospirales	f__Lachnospiraceae	g__Roseburia	s__	74.95	1.39	2153072
EHA04663_bin.29	d__Bacteria	p__Bacillota_A	c__Clostridia	o__Lachnospirales	f__Lachnospiraceae	g__Choladousia	s__	80.7	2.65	2615314
EHA04642_bin.21	d__Bacteria	p__Bacillota_A	c__Clostridia	o__Oscillospirales	f__Acutalibacteraceae	g__Ruminococcus_E	s__Ruminococcus_E sp021202245	71.75	0.63	1190066
EHA01913_bin.23	d__Bacteria	p__Bacillota_A	c__Clostridia	o__Lachnospirales	f__Lachnospiraceae	g__Faecalimonas	s__	54.01	9.85	1401061
EHA01916_bin.29	d__Bacteria	p__Bacillota	c__Bacilli	o__Haloplasmatales	f__Turicibacteraceae	g__Turicibacter	s__Turicibacter bilis	89.63	2.42	2643238
EHA01910_bin.13	d__Bacteria	p__Fusobacteriota	c__Fusobacteriia	o__Fusobacteriales	f__Fusobacteriaceae	g__Fusobacterium_A	s__Fusobacterium_A sp900555845	55.34	1.12	942774
EHA04658_bin.23	d__Bacteria	p__Bacteroidota	c__Bacteroidia	o__Bacteroidales	f__Bacteroidaceae	g__Bacteroides	s__	97.58	2.7	4974315
EHA04658_bin.8	d__Bacteria	p__Bacillota_A	c__Clostridia	o__TANB77	f__CAG-508	g__CAG-269	s__	66.26	5.35	1459587
EHA04634_bin.5	d__Bacteria	p__Bacillota_A	c__Clostridia	o__TANB77	f__CAG-508	g__CAG-269	s__	89.72	5.81	1838228
EHA04652_bin.32	d__Bacteria	p__Bacillota_A	c__Clostridia	o__Oscillospirales	f__Ruminococcaceae	g__Faeciplasma	s__	92.94	9.92	2149830
EHA04674_bin.13	d__Bacteria	p__Bacillota_A	c__Clostridia	o__Oscillospirales	f__Ruminococcaceae	g__Faecalibacterium	s__	90.92	0.97	2516949
EHA01901_bin.19	d__Bacteria	p__Bacillota_A	c__Clostridia	o__Clostridiales	f__Clostridiaceae	g__Clostridium	s__Clostridium sp900766315	80.88	1.47	2010131
EHA02078_bin.24	d__Bacteria	p__Verrucomicrobiota	c__Verrucomicrobiae	o__Opitutales	f__UBA953	g__Spyradosoma	s__	83.77	1.64	1456192
EHA01897_bin.23	d__Bacteria	p__Fusobacteriota	c__Fusobacteriia	o__Fusobacteriales	f__Fusobacteriaceae	g__Fusobacterium_A	s__	50.98	9.07	1483849
EHA01914_bin.12	d__Bacteria	p__Bacillota_A	c__Clostridia	o__Oscillospirales	f__Ruminococcaceae	g__Avimicrobium	s__Avimicrobium sp934845495	87.88	2.04	1382828
EHA02098_bin.24	d__Bacteria	p__Verrucomicrobiota	c__Verrucomicrobiae	o__Opitutales	f__UBA953	g__Spyradosoma	s__	95.42	0.08	1748721
EHA04634_bin.22	d__Bacteria	p__Bacillota_A	c__Clostridia	o__Oscillospirales	f__CAG-272	g__DTU064	s__DTU064 sp021199825	96.81	0.04	1967128
EHA04655_bin.19	d__Bacteria	p__Bacillota	c__Bacilli	o__Erysipelotrichales	f__Coprobacillaceae	g__JAJQDJ01	s__	97.82	0.5	2193277
EHA01926_bin.17	d__Bacteria	p__Bacillota_C	c__Negativicutes	o__Selenomonadales	f__Selenomonadaceae	g__Megamonas	s__	99.91	0.23	2054057
EHA04642_bin.16	d__Bacteria	p__Bacillota_A	c__Clostridia	o__Oscillospirales	f__Oscillospiraceae	g__JAJQCF01	s__JAJQCF01 sp021202845	91.28	0.7	1562788
EHA01891_bin.14	d__Bacteria	p__Pseudomonadota	c__Gammaproteobacteria	o__Enterobacterales_A	f__Succinivibrionaceae	g__Anaerobiospirillum_A	s__Anaerobiospirillum_A thomasii	96.33	0.16	2338656
EHA01894_bin.8	d__Bacteria	p__Actinomycetota	c__Coriobacteriia	o__Coriobacteriales	f__Coriobacteriaceae	g__Collinsella	s__Collinsella intestinalis	88.01	1.31	1341937
EHA04639_bin.2	d__Bacteria	p__Bacillota_A	c__Clostridia	o__Lachnospirales	f__Lachnospiraceae	g__Agathobacter	s__	91.97	0.2	1878573
EHA01881_bin.23	d__Bacteria	p__Fusobacteriota	c__Fusobacteriia	o__Fusobacteriales	f__Fusobacteriaceae	g__Fusobacterium_B	s__	57.11	7.11	1168104
EHA02088_bin.13	d__Bacteria	p__Bacillota_A	c__Clostridia	o__Lachnospirales	f__Lachnospiraceae	g__UBA4292	s__	97.17	0.35	2054820
EHA04668_bin.15	d__Bacteria	p__Pseudomonadota	c__Gammaproteobacteria	o__Burkholderiales	f__Burkholderiaceae_A	g__Mesosutterella	s__	98.45	0.74	1976439
EHA04678_bin.10	d__Bacteria	p__Bacillota_A	c__Clostridia	o__Oscillospirales	f__Ruminococcaceae	g__Faeciplasma	s__	90.08	1.05	1597772
EHA04656_bin.4	d__Bacteria	p__Bacillota_A	c__Clostridia	o__Oscillospirales	f__Oscillospiraceae	g__JAJQCF01	s__JAJQCF01 sp021202845	83.95	0.82	1570420
EHA01891_bin.13	d__Bacteria	p__Fusobacteriota	c__Fusobacteriia	o__Fusobacteriales	f__Fusobacteriaceae	g__Fusobacterium_B	s__Fusobacterium_B sp900554885	69.1	6.1	1253193
EHA04669_bin.40	d__Bacteria	p__Bacillota_A	c__Clostridia	o__UBA1381	f__UBA1381	g__UBA4716	s__	94.21	0.44	1886963
EHA04642_bin.14	d__Bacteria	p__Bacillota_A	c__Clostridia	o__Lachnospirales	f__CAG-274	g__	s__	97.32	0.47	2290703
EHA04766_bin.8	d__Bacteria	p__Bacillota_A	c__Clostridia	o__Christensenellales	f__Borkfalkiaceae	g__Coproplasma	s__	97.01	3.88	2108461
EHA04663_bin.27	d__Bacteria	p__Bacillota_A	c__Clostridia	o__TANB77	f__CAG-508	g__CAG-269	s__	76.87	9.21	1712389
EHA04650_bin.31	d__Bacteria	p__Bacillota_A	c__Clostridia	o__Oscillospirales	f__Ruminococcaceae	g__Ruminococcus	s__Ruminococcus sp021200415	75.97	3.22	1716268
EHA01892_bin.27	d__Bacteria	p__Bacillota_A	c__Clostridia	o__Peptostreptococcales	f__Peptostreptococcaceae	g__Peptacetobacter	s__Peptacetobacter sp900550335	71.22	9.63	1873085
EHA01872_bin.30	d__Bacteria	p__Bacteroidota	c__Bacteroidia	o__Bacteroidales	f__Bacteroidaceae	g__Mediterranea	s__	81.26	0.36	2782596
EHA02098_bin.13	d__Bacteria	p__Bacillota_A	c__Clostridia	o__Oscillospirales	f__Oscillospiraceae	g__Onthomonas	s__Onthomonas sp021205455	77.38	6.89	1867098
EHA01927_bin.26	d__Bacteria	p__Bacillota_A	c__Clostridia	o__Clostridiales	f__Clostridiaceae	g__Clostridium_J	s__	91.48	0.03	2512236
EHA01911_bin.15	d__Bacteria	p__Pseudomonadota	c__Gammaproteobacteria	o__Burkholderiales	f__Burkholderiaceae_A	g__Sutterella	s__	53.29	4.51	1406454
EHA02096_bin.27	d__Bacteria	p__Bacillota_A	c__Clostridia	o__Oscillospirales	f__Oscillospiraceae	g__Onthomonas	s__	79.8	5.89	2061303
EHA02258_bin.3	d__Bacteria	p__Actinomycetota	c__Actinomycetia	o__Actinomycetales	f__Micrococcaceae	g__	s__	64.63	2.17	2413425
EHA01890_bin.14	d__Bacteria	p__Bacillota_A	c__Clostridia	o__Oscillospirales	f__Ruminococcaceae	g__Avimicrobium	s__Avimicrobium sp934845495	99.8	0.21	1871086
EHA01709_bin.14	d__Bacteria	p__Bacteroidota	c__Bacteroidia	o__Bacteroidales	f__Bacteroidaceae	g__Alloprevotella	s__	96.34	0.02	2166263
EHA01883_bin.14	d__Bacteria	p__Pseudomonadota	c__Gammaproteobacteria	o__Burkholderiales	f__Burkholderiaceae_A	g__Sutterella	s__	53.38	2.83	822417
EHA02093_bin.18	d__Bacteria	p__Bacillota_A	c__Clostridia	o__Oscillospirales	f__Oscillospiraceae	g__UMGS1766	s__	74.96	0.95	1428765
EHA01582_bin.1	d__Bacteria	p__Bacteroidota	c__Bacteroidia	o__Bacteroidales	f__Bacteroidaceae	g__Prevotella	s__Prevotella sp002353825	92.26	4.36	3961310
EHA02079_bin.16	d__Bacteria	p__Bacillota_C	c__Negativicutes	o__Acidaminococcales	f__Acidaminococcaceae	g__Phascolarctobacterium_A	s__	99.3	0.14	1866039
EHA04675_bin.13	d__Bacteria	p__Bacillota_A	c__Clostridia	o__Lachnospirales	f__Lachnospiraceae	g__CAG-303	s__	74.79	1.55	1623537
EHA01896_bin.27	d__Bacteria	p__Fusobacteriota	c__Fusobacteriia	o__Fusobacteriales	f__Fusobacteriaceae	g__Fusobacterium_B	s__Fusobacterium_B sp900541465	69.48	1.84	1089226
EHA01920_bin.28	d__Bacteria	p__Bacteroidota	c__Bacteroidia	o__Bacteroidales	f__Bacteroidaceae	g__Mediterranea	s__	51.43	6.08	1706732
EHA04664_bin.25	d__Bacteria	p__Bacillota_A	c__Clostridia	o__Christensenellales	f__Borkfalkiaceae	g__Coproplasma	s__	76.31	0	1037877
EHA04648_bin.13	d__Bacteria	p__Bacillota	c__Bacilli	o__RFN20	f__CAG-288	g__Enterosoma	s__	94.07	0.13	1307345
EHA04647_bin.25	d__Bacteria	p__Bacillota_A	c__Clostridia	o__Oscillospirales	f__Oscillospiraceae	g__JAJQCF01	s__JAJQCF01 sp021202845	64.34	2.25	1421081
EHA00551_bin.4	d__Bacteria	p__Bacillota	c__Bacilli	o__Staphylococcales	f__Staphylococcaceae	g__Staphylococcus	s__Staphylococcus pseudoxylosus	99.44	1.388	2920963
EHA00551_bin.8	d__Bacteria	p__Pseudomonadota	c__Gammaproteobacteria	o__Enterobacterales	f__Enterobacteriaceae	g__Morganella	s__Morganella morganii	99.45	0.632	3775734
EHA02078_bin.25	d__Bacteria	p__Bacillota_A	c__Clostridia	o__Lachnospirales	f__Lachnospiraceae	g__UBA3282	s__UBA3282 sp021199255	59.36	0.33	1737937
EHA02262_bin.10	d__Bacteria	p__Bacillota	c__Bacilli	o__Staphylococcales	f__Staphylococcaceae	g__Mammaliicoccus	s__Mammaliicoccus sciuri	99.95	2.61	2819685
EHA02258_bin.21	d__Bacteria	p__Actinomycetota	c__Actinomycetia	o__Actinomycetales	f__Dermabacteraceae	g__Brachybacterium	s__	50.1	4.23	2070086
EHA01886_bin.7	d__Bacteria	p__Bacillota_A	c__Clostridia	o__Lachnospirales	f__Lachnospiraceae	g__Blautia	s__Blautia sp900556555	51.27	1.67	1454388
EHA02081_bin.29	d__Bacteria	p__Bacillota_A	c__Clostridia	o__Oscillospirales	f__Oscillospiraceae	g__JAJPXI01	s__	50.93	6.36	1847770
EHA01709_bin.28	d__Bacteria	p__Campylobacterota	c__Campylobacteria	o__Campylobacterales	f__Helicobacteraceae	g__Helicobacter_D	s__	65.63	1.979	1100922
EHA04663_bin.2	d__Bacteria	p__Bacillota_A	c__Clostridia	o__Christensenellales	f__Borkfalkiaceae	g__Coproplasma	s__Coproplasma sp021205485	95.33	0.47	1805487
EHA04635_bin.5	d__Bacteria	p__Bacillota_A	c__Clostridia	o__Lachnospirales	f__Lachnospiraceae	g__COE1	s__	93.16	2.19	2628756
EHA01887_bin.28	d__Bacteria	p__Bacillota_A	c__Clostridia	o__Oscillospirales	f__Ruminococcaceae	g__Fournierella	s__Fournierella massiliensis	62.17	1.21	1486305
EHA04661_bin.28	d__Bacteria	p__Bacillota_A	c__Clostridia	o__Christensenellales	f__Borkfalkiaceae	g__Coproplasma	s__	89.4	4.36	1898783
EHA04767_bin.1	d__Bacteria	p__Bacteroidota	c__Bacteroidia	o__Bacteroidales	f__Bacteroidaceae	g__Prevotella	s__	99.17	0.2	2416052
EHA01924_bin.14	d__Bacteria	p__Bacillota_A	c__Clostridia	o__Oscillospirales	f__Butyricicoccaceae	g__Butyricicoccus	s__Butyricicoccus pullicaecorum	60.66	3.31	1377703
EHA04651_bin.13	d__Bacteria	p__Bacillota_A	c__Clostridia	o__Lachnospirales	f__Lachnospiraceae	g__Agathobacter	s__	81.53	1.01	2224612
EHA02077_bin.17	d__Bacteria	p__Bacillota_A	c__Clostridia	o__Oscillospirales	f__Ruminococcaceae	g__Faeciplasma	s__	96.67	1.24	1824741
EHA00548_bin.1	d__Bacteria	p__Actinomycetota	c__Actinomycetia	o__Mycobacteriales	f__Mycobacteriaceae	g__Corynebacterium	s__	63.81	3.543	2299287
EHA04642_bin.25	d__Bacteria	p__Bacillota_A	c__Clostridia	o__Oscillospirales	f__Oscillospiraceae	g__RGIG7114	s__RGIG7114 sp020860205	98.57	0.96	1870402
EHA01916_bin.5	d__Bacteria	p__Bacillota_A	c__Clostridia	o__Lachnospirales	f__Lachnospiraceae	g__Copromonas	s__Copromonas sp000435795	92.76	0.36	2512800
EHA04767_bin.19	d__Bacteria	p__Bacillota_A	c__Clostridia	o__Oscillospirales	f__Oscillospiraceae	g__JAJPXI01	s__	52.69	9.92	1499919
EHA02273_bin.20	d__Bacteria	p__Pseudomonadota	c__Alphaproteobacteria	o__Rhizobiales	f__Devosiaceae	g__Pelagibacterium	s__	59.5	1.69	2308847
EHA04656_bin.28	d__Bacteria	p__Bacillota_A	c__Clostridia	o__Oscillospirales	f__Ruminococcaceae	g__Ruminococcus	s__Ruminococcus sp021200415	79.61	1	1269038
EHA04643_bin.29	d__Bacteria	p__Bacillota_A	c__Clostridia	o__Oscillospirales	f__Oscillospiraceae	g__Faecousia	s__Faecousia sp021199635	59.25	4.38	1062111
EHA02078_bin.13	d__Bacteria	p__Bacillota_A	c__Clostridia	o__Christensenellales	f__Borkfalkiaceae	g__Gallimonas	s__	58.16	1.89	972798
EHA02097_bin.12	d__Bacteria	p__Bacillota_A	c__Clostridia	o__Lachnospirales	f__Lachnospiraceae	g__Acetatifactor	s__	50.19	6.22	2365313
EHA04657_bin.39	d__Bacteria	p__Bacillota_A	c__Clostridia	o__Oscillospirales	f__Oscillospiraceae	g__	s__	73.27	4.49	2209101
EHA02081_bin.10	d__Bacteria	p__Bacillota_A	c__Clostridia	o__Christensenellales	f__UBA1242	g__Caccovivens	s__	82.22	2.06	936032
EHA01928_bin.32	d__Bacteria	p__Bacillota_A	c__Clostridia	o__Peptostreptococcales	f__Peptostreptococcaceae	g__Peptacetobacter	s__Peptacetobacter sp900550335	67.62	5.7	1545459
EHA02269_bin.17	d__Bacteria	p__Pseudomonadota	c__Alphaproteobacteria	o__Sphingomonadales	f__Sphingomonadaceae	g__Sphingopyxis	s__	50.44	0.82	1065031
EHA02098_bin.1	d__Bacteria	p__Bacillota_A	c__Clostridia	o__Christensenellales	f__Borkfalkiaceae	g__RGIG4074	s__	55.66	1.22	953190
EHA02273_bin.5	d__Bacteria	p__Pseudomonadota	c__Gammaproteobacteria	o__Pseudomonadales	f__Moraxellaceae	g__Acinetobacter	s__	95.58	0.77	3722965
EHA04649_bin.29	d__Bacteria	p__Bacillota_A	c__Clostridia	o__Oscillospirales	f__Ruminococcaceae	g__Faeciplasma	s__	82.79	5.22	1785899
EHA04648_bin.1	d__Bacteria	p__Bacillota_A	c__Clostridia	o__Christensenellales	f__Borkfalkiaceae	g__Coproplasma	s__	87.33	0.23	1911115
EHA04667_bin.4	d__Bacteria	p__Bacillota_A	c__Clostridia	o__Oscillospirales	f__Oscillospiraceae	g__Faecousia	s__	50.16	0.59	843208
EHA02273_bin.19	d__Bacteria	p__Bacteroidota	c__Bacteroidia	o__Flavobacteriales	f__Flavobacteriaceae	g__Flavobacterium	s__Flavobacterium dinanensis	93.54	0.22	2375260
EHA01926_bin.9	d__Bacteria	p__Pseudomonadota	c__Gammaproteobacteria	o__Enterobacterales_A	f__Succinivibrionaceae	g__Anaerobiospirillum	s__	94.42	0.29	2855030
EHA04660_bin.10	d__Bacteria	p__Bacteroidota	c__Bacteroidia	o__Bacteroidales	f__Muribaculaceae	g__CAG-485	s__	53.06	0.65	1410209
EHA01918_bin.1	d__Bacteria	p__Bacillota_A	c__Clostridia	o__Clostridiales	f__Clostridiaceae	g__Sarcina	s__Sarcina perfringens	60.98	4.96	2417083
EHA04661_bin.17	d__Bacteria	p__Bacillota_A	c__Clostridia	o__Christensenellales	f__Borkfalkiaceae	g__Coproplasma	s__	82.57	3.05	1394901
EHA04648_bin.3	d__Bacteria	p__Bacillota_A	c__Clostridia	o__Oscillospirales	f__Ruminococcaceae	g__Faeciplasma	s__	100	0.71	2258653
EHA01902_bin.17	d__Bacteria	p__Bacillota_A	c__Clostridia	o__Oscillospirales	f__Oscillospiraceae	g__Faecousia	s__	85.18	0.22	1646399
EHA04661_bin.7	d__Bacteria	p__Bacillota_A	c__Clostridia	o__Oscillospirales	f__Oscillospiraceae	g__Faecousia	s__	57.35	2.27	1526430
EHA02262_bin.12	d__Bacteria	p__Bacillota_A	c__Clostridia	o__Peptostreptococcales	f__Peptostreptococcaceae	g__Romboutsia	s__	72.3	9.58	2727608
EHA04649_bin.9	d__Bacteria	p__Bacillota_A	c__Clostridia	o__Lachnospirales	f__Lachnospiraceae	g__SIG308	s__	56.09	7.99	2909650
EHA04672_bin.23	d__Bacteria	p__Bacillota_A	c__Clostridia	o__Christensenellales	f__UBA1242	g__Caccovivens	s__	98.32	0.25	1182822
EHA02075_bin.38	d__Bacteria	p__Bacillota_A	c__Clostridia	o__Lachnospirales	f__Lachnospiraceae	g__Agathobacter	s__	72.94	0.04	2004114
EHA02089_bin.26	d__Bacteria	p__Bacillota	c__Bacilli	o__RF39	f__UBA660	g__RUG11867	s__	72.17	0.16	945732
EHA02080_bin.3	d__Bacteria	p__Pseudomonadota	c__Gammaproteobacteria	o__Burkholderiales	f__Burkholderiaceae_A	g__Mesosutterella	s__	56.96	0.54	1095552
EHA04645_bin.10	d__Bacteria	p__Bacillota_A	c__Clostridia	o__Christensenellales	f__Borkfalkiaceae	g__Coproplasma	s__	96.33	0.23	1865816
EHA01924_bin.21	d__Bacteria	p__Fusobacteriota	c__Fusobacteriia	o__Fusobacteriales	f__Fusobacteriaceae	g__Cetobacterium_A	s__Cetobacterium_A sp934085975	99.23	4.6	2442831
EHA01908_bin.2	d__Bacteria	p__Bacillota	c__Bacilli	o__Erysipelotrichales	f__Erysipelotrichaceae	g__JAHHTG01	s__	96.74	0.11	1508693
EHA01894_bin.3	d__Bacteria	p__Bacillota_A	c__Clostridia	o__Oscillospirales	f__Ruminococcaceae	g__Faecalibacterium	s__	99.32	0.13	2132076
EHA02091_bin.2	d__Bacteria	p__Bacillota_A	c__Clostridia	o__Christensenellales	f__UBA1242	g__Caccovivens	s__	84.65	2.26	900511
EHA02075_bin.20	d__Bacteria	p__Bacillota_A	c__Clostridia	o__Lachnospirales	f__Lachnospiraceae	g__Agathobacter	s__	90.68	1.88	3241439
EHA01928_bin.33	d__Bacteria	p__Fusobacteriota	c__Fusobacteriia	o__Fusobacteriales	f__Fusobacteriaceae	g__Fusobacterium_A	s__Fusobacterium_A varium_C	68.75	1.08	671597
EHA02262_bin.7	d__Bacteria	p__Bacillota	c__Bacilli	o__Lactobacillales	f__Lactobacillaceae	g__	s__	93.05	0	1450430
EHA04660_bin.3	d__Bacteria	p__Bacillota	c__Bacilli	o__Mycoplasmatales	f__Mycoplasmoidaceae	g__MGBC110633	s__	99.99	2.45	973649
EHA01883_bin.11	d__Bacteria	p__Bacillota_A	c__Clostridia	o__Lachnospirales	f__Lachnospiraceae	g__Eisenbergiella	s__Eisenbergiella sp900539715	64.6	1.15	1513559
EHA04641_bin.18	d__Bacteria	p__Bacillota_A	c__Clostridia	o__Lachnospirales	f__Lachnospiraceae	g__Anaerobutyricum	s__	98.6	4.5	3844469
EHA02273_bin.21	d__Bacteria	p__Pseudomonadota	c__Gammaproteobacteria	o__Xanthomonadales	f__Xanthomonadaceae	g__Luteimonas	s__	73.36	0.1	1967493
EHA04649_bin.7	d__Bacteria	p__Bacillota_A	c__Clostridia	o__Christensenellales	f__UBA1242	g__Onthoplasma	s__	88.75	3.6	914351
EHA02079_bin.28	d__Bacteria	p__Pseudomonadota	c__Gammaproteobacteria	o__Burkholderiales	f__Burkholderiaceae	g__Oxalobacter	s__Oxalobacter sp018384065	97.28	1.24	1907473
EHA02258_bin.9	d__Bacteria	p__Bacillota	c__Bacilli	o__Staphylococcales	f__Salinicoccaceae	g__Salinicoccus	s__	98.89	1.18	2509865
EHA04665_bin.6	d__Bacteria	p__Bacillota_A	c__Clostridia	o__Lachnospirales	f__Lachnospiraceae	g__COE1	s__	76.22	1.27	1085451
EHA04649_bin.10	d__Bacteria	p__Bacillota_A	c__Clostridia	o__Christensenellales	f__Borkfalkiaceae	g__Gallimonas	s__	96.15	0.15	1604498
EHA01915_bin.21	d__Bacteria	p__Deferribacterota	c__Deferribacteres	o__Deferribacterales	f__Mucispirillaceae	g__	s__	95.91	0.45	2086917
EHA01880_bin.19	d__Bacteria	p__Fusobacteriota	c__Fusobacteriia	o__Fusobacteriales	f__Fusobacteriaceae	g__Fusobacterium_B	s__	64.76	4.74	1263026
EHA01897_bin.10	d__Bacteria	p__Bacillota_A	c__Clostridia	o__Lachnospirales	f__Lachnospiraceae	g__Lachnospira	s__Lachnospira sp900552795	99.41	0.12	2142671
EHA04647_bin.19	d__Bacteria	p__Bacillota_A	c__Clostridia	o__Lachnospirales	f__Lachnospiraceae	g__Coprococcus	s__	55.01	0.9	1025095
EHA01916_bin.25	d__Bacteria	p__Bacteroidota	c__Bacteroidia	o__Bacteroidales	f__Bacteroidaceae	g__Paraprevotella	s__	99.66	1.21	2732145
EHA04657_bin.17	d__Bacteria	p__Bacillota_A	c__Clostridia	o__Monoglobales	f__Monoglobaceae	g__Monoglobus	s__	68.74	2.74	1681292
EHA04664_bin.15	d__Bacteria	p__Bacillota_A	c__Clostridia	o__UMGS1883	f__UMGS1883	g__JAJQCX01	s__	57.53	5.43	1689704
EHA04656_bin.40	d__Bacteria	p__Bacillota	c__Bacilli	o__RF39	f__UBA660	g__RUG11198	s__	74.42	0.55	1166213
EHA01908_bin.24	d__Bacteria	p__Bacteroidota	c__Bacteroidia	o__Bacteroidales	f__Muribaculaceae	g__Limisoma	s__Limisoma sp900556245	98.6	0.27	2427285
EHA04766_bin.7	d__Bacteria	p__Bacillota_A	c__Clostridia	o__Lachnospirales	f__Lachnospiraceae	g__Coprococcus	s__	99.08	0.65	2214323
EHA04667_bin.28	d__Bacteria	p__Bacillota_A	c__Clostridia	o__TANB77	f__CAG-508	g__CAG-269	s__	93.95	0.23	2259760
EHA04640_bin.35	d__Bacteria	p__Bacillota_A	c__Clostridia	o__Lachnospirales	f__Lachnospiraceae	g__Choladousia	s__	50.94	4.18	1313327
EHA01900_bin.46	d__Bacteria	p__Bacteroidota	c__Bacteroidia	o__Bacteroidales	f__Bacteroidaceae	g__Phocaeicola	s__Phocaeicola plebeius	81.96	1.81	2925387
EHA04655_bin.40	d__Bacteria	p__Bacillota	c__Bacilli	o__RF39	f__UBA660	g__SIG200	s__	97.11	0.06	2492009
EHA01908_bin.23	d__Bacteria	p__Campylobacterota	c__Campylobacteria	o__Campylobacterales	f__Campylobacteraceae	g__Campylobacter_D	s__Campylobacter_D upsaliensis	99.99	0.06	1561743
EHA00551_bin.10	d__Bacteria	p__Pseudomonadota	c__Gammaproteobacteria	o__Enterobacterales	f__Enterobacteriaceae	g__Serratia	s__Serratia nevei	92.52	4.641	4512469
EHA04651_bin.26	d__Bacteria	p__Bacillota_A	c__Clostridia	o__Oscillospirales	f__Ruminococcaceae	g__Faeciplasma	s__	53	3.34	1162679
EHA02079_bin.42	d__Bacteria	p__Bacillota	c__Bacilli	o__RF39	f__UBA660	g__Coprovivens	s__	92.29	2.42	1516734
EHA04766_bin.16	d__Bacteria	p__Cyanobacteriota	c__Vampirovibrionia	o__Gastranaerophilales	f__RUG14156	g__RUG14156	s__	73.65	0.33	1426244
EHA01902_bin.25	d__Bacteria	p__Bacillota_A	c__Clostridia	o__Lachnospirales	f__Lachnospiraceae	g__Schaedlerella	s__	82.17	0.03	1621497
EHA02081_bin.26	d__Bacteria	p__Bacillota_A	c__Clostridia	o__Lachnospirales	f__Lachnospiraceae	g__UBA4292	s__	62.5	5.11	1599261
EHA04647_bin.10	d__Bacteria	p__Bacillota_A	c__Clostridia	o__Oscillospirales	f__Ruminococcaceae	g__Faeciplasma	s__	100	1.19	2098604
EHA04649_bin.22	d__Bacteria	p__Bacillota_A	c__Clostridia	o__Oscillospirales	f__Oscillospiraceae	g__Faecousia	s__	52.21	2.05	1239514
EHA04677_bin.22	d__Bacteria	p__Bacillota_A	c__Clostridia	o__Lachnospirales	f__Lachnospiraceae	g__COE1	s__COE1 sp021202335	74.09	1.08	1989856
EHA02255_bin.18	d__Bacteria	p__Actinomycetota	c__Actinomycetia	o__Actinomycetales	f__Actinomycetaceae	g__KH17	s__KH17 sp900199505	93.27	0.24	2369444
EHA01921_bin.9	d__Bacteria	p__Bacillota	c__Bacilli	o__Lactobacillales	f__Lactobacillaceae	g__Limosilactobacillus	s__Limosilactobacillus reuteri	95.41	0.77	1827129
EHA02080_bin.11	d__Bacteria	p__Bacillota_A	c__Clostridia	o__Lachnospirales	f__Lachnospiraceae	g__COE1	s__	92.03	4.12	2370713
EHA02269_bin.14	d__Bacteria	p__Bacillota	c__Bacilli	o__Staphylococcales	f__Salinicoccaceae	g__Jeotgalicoccus	s__Jeotgalicoccus meleagridis	82.28	1.47	1738055
EHA02086_bin.2	d__Bacteria	p__Bacillota_A	c__Clostridia	o__Christensenellales	f__Borkfalkiaceae	g__Coproplasma	s__	90.08	1.25	1680063
EHA04667_bin.3	d__Bacteria	p__Bacillota_A	c__Clostridia	o__Lachnospirales	f__Lachnospiraceae	g__RGIG6307	s__	56.43	7.26	1492820
EHA01890_bin.56	d__Bacteria	p__Fusobacteriota	c__Fusobacteriia	o__Fusobacteriales	f__Fusobacteriaceae	g__Fusobacterium_B	s__Fusobacterium_B sp900554885	83.58	8.39	1696521
EHA04667_bin.33	d__Bacteria	p__Bacillota_A	c__Clostridia	o__Oscillospirales	f__Oscillospiraceae	g__Onthomonas	s__	70.76	5.53	1224339
EHA02081_bin.13	d__Bacteria	p__Bacillota_A	c__Clostridia	o__Oscillospirales	f__CAG-272	g__DTU064	s__DTU064 sp021202555	99.13	0.07	1878181
EHA04655_bin.14	d__Bacteria	p__Bacillota_A	c__Clostridia	o__Lachnospirales	f__Lachnospiraceae	g__SIG308	s__	88.74	0.46	1547772
EHA04635_bin.11	d__Bacteria	p__Bacillota_A	c__Clostridia	o__Oscillospirales	f__Ruminococcaceae	g__Faecalibacterium	s__	99.33	0.04	2539314
EHA04635_bin.26	d__Bacteria	p__Bacillota_A	c__Clostridia	o__Oscillospirales	f__Oscillospiraceae	g__Onthomonas	s__Onthomonas sp021203325	75.92	4.82	1904283
EHA04636_bin.22	d__Bacteria	p__Bacillota_A	c__Clostridia	o__Oscillospirales	f__CAG-272	g__DTU064	s__	73.98	1.55	1418816
EHA04674_bin.3	d__Bacteria	p__Bacillota_A	c__Clostridia	o__Christensenellales	f__Borkfalkiaceae	g__Coproplasma	s__	91.01	0.49	1851496
EHA02088_bin.5	d__Bacteria	p__Bacillota_A	c__Clostridia	o__Lachnospirales	f__Lachnospiraceae	g__Butyribacter	s__	94.41	3.27	2174064
EHA02096_bin.24	d__Bacteria	p__Bacillota_A	c__Clostridia	o__Lachnospirales	f__Lachnospiraceae	g__SIG308	s__	86.39	2.7	2644668
EHA04668_bin.20	d__Bacteria	p__Bacillota_A	c__Clostridia	o__Lachnospirales	f__Lachnospiraceae	g__Agathobacter	s__	71.58	3.01	1957047
EHA02089_bin.25	d__Bacteria	p__Bacillota_A	c__Clostridia	o__Lachnospirales	f__Lachnospiraceae	g__RGIG6307	s__	86.42	2.48	2762488
EHA04651_bin.17	d__Bacteria	p__Bacillota_A	c__Clostridia	o__Christensenellales	f__Borkfalkiaceae	g__Coproplasma	s__Coproplasma sp021202395	96.37	0.5	1723277
EHA01595_bin.2	d__Bacteria	p__Fusobacteriota	c__Fusobacteriia	o__Fusobacteriales	f__Fusobacteriaceae	g__Fusobacterium_A	s__	100	3.37	2316780
EHA04642_bin.43	d__Bacteria	p__Bacillota_A	c__Clostridia	o__Christensenellales	f__Borkfalkiaceae	g__Coproplasma	s__	69.26	4.8	1390331
EHA02079_bin.22	d__Bacteria	p__Synergistota	c__Synergistia	o__Synergistales	f__Synergistaceae	g__E4-60	s__	97.57	2.5	1878195
EHA02263_bin.26	d__Bacteria	p__Actinomycetota	c__Actinomycetia	o__Mycobacteriales	f__Mycobacteriaceae	g__Gordonia	s__	55.42	4.13	2482309
EHA02094_bin.16	d__Bacteria	p__Bacillota_A	c__Clostridia	o__Christensenellales	f__Borkfalkiaceae	g__Coproplasma	s__	89.72	2.74	1653446
EHA01909_bin.18	d__Bacteria	p__Fusobacteriota	c__Fusobacteriia	o__Fusobacteriales	f__Fusobacteriaceae	g__Fusobacterium_A	s__	54.17	8.77	1810029
EHA01903_bin.1	d__Bacteria	p__Bacillota_A	c__Clostridia	o__Lachnospirales	f__Lachnospiraceae	g__Ventrimonas	s__	98.18	0.09	2460784
EHA02097_bin.3	d__Bacteria	p__Campylobacterota	c__Campylobacteria	o__Campylobacterales	f__Helicobacteraceae	g__NHYM01	s__	99.95	0.07	1646342
EHA02087_bin.6	d__Bacteria	p__Bacillota_A	c__Clostridia	o__Christensenellales	f__Borkfalkiaceae	g__Coproplasma	s__	71.15	2.47	1466375
EHA02075_bin.30	d__Bacteria	p__Bacillota_A	c__Clostridia	o__Christensenellales	f__Borkfalkiaceae	g__Coproplasma	s__	51.07	5.36	1067998
EHA02098_bin.19	d__Bacteria	p__Bacteroidota	c__Bacteroidia	o__Bacteroidales	f__Tannerellaceae	g__Parabacteroides	s__	99.63	0.04	2609463
EHA01589_bin.12	d__Bacteria	p__Bacillota_A	c__Clostridia	o__Lachnospirales	f__Cellulosilyticaceae	g__Zhenhengia	s__	87.72	4.809	2021708
EHA04636_bin.33	d__Bacteria	p__Bacillota_A	c__Clostridia	o__Lachnospirales	f__Lachnospiraceae	g__COE1	s__	94.45	0.09	2068846
EHA04675_bin.31	d__Bacteria	p__Bacillota_A	c__Clostridia	o__Oscillospirales	f__Oscillospiraceae	g__Onthomonas	s__	72.12	9.89	1819724
EHA01920_bin.4	d__Bacteria	p__Campylobacterota	c__Campylobacteria	o__Campylobacterales	f__Helicobacteraceae	g__Helicobacter_A	s__	99.98	0.15	2208828
EHA04665_bin.9	d__Bacteria	p__Bacillota_A	c__Clostridia	o__Oscillospirales	f__Ruminococcaceae	g__UMGS1601	s__UMGS1601 sp021199305	85.71	0.43	1707045
EHA01890_bin.2	d__Bacteria	p__Actinomycetota	c__Coriobacteriia	o__Coriobacteriales	f__Coriobacteriaceae	g__Collinsella	s__Collinsella intestinalis	85.57	5.01	1601364
EHA04674_bin.1	d__Bacteria	p__Bacillota_A	c__Clostridia	o__UBA1381	f__UBA1381	g__UBA1381	s__	98.89	1	2431687
EHA04638_bin.13	d__Bacteria	p__Bacillota_A	c__Clostridia	o__Lachnospirales	f__Lachnospiraceae	g__Agathobacter	s__	89.46	1.6	3557014
EHA01911_bin.1	d__Bacteria	p__Bacillota_A	c__Clostridia	o__Peptostreptococcales	f__Peptostreptococcaceae	g__Peptostreptococcus	s__Peptostreptococcus russellii_A	100	0.13	2143907
EHA04677_bin.29	d__Bacteria	p__Bacillota_A	c__Clostridia	o__Oscillospirales	f__Oscillospiraceae	g__	s__	84.15	4.63	2178033
EHA01666_bin.16	d__Bacteria	p__Bacillota_A	c__Clostridia	o__Peptostreptococcales	f__Peptostreptococcaceae	g__Peptostreptococcus	s__	68.1	2.923	1198117
EHA01896_bin.2	d__Bacteria	p__Bacillota_A	c__Clostridia	o__Lachnospirales	f__Lachnospiraceae	g__Eisenbergiella	s__Eisenbergiella sp900539715	52.68	0.53	1426579
EHA04655_bin.7	d__Bacteria	p__Bacillota_A	c__Clostridia	o__Oscillospirales	f__Oscillospiraceae	g__RGIG7114	s__RGIG7114 sp020860205	99.61	0.82	1623590
EHA01885_bin.16	d__Bacteria	p__Bacillota_A	c__Clostridia	o__Lachnospirales	f__Lachnospiraceae	g__Blautia	s__Blautia sp900556555	60.78	8.66	2167328
EHA02081_bin.9	d__Bacteria	p__Bacillota_A	c__Clostridia	o__Oscillospirales	f__Ruminococcaceae	g__Faeciplasma	s__	63.84	5.31	1417719
EHA02034_bin.3	d__Bacteria	p__Pseudomonadota	c__Gammaproteobacteria	o__Pseudomonadales	f__Pseudomonadaceae	g__Pseudomonas_E	s__Pseudomonas_E versuta	55.99	5.72	3421988
EHA04656_bin.10	d__Bacteria	p__Bacillota_A	c__Clostridia	o__Oscillospirales	f__Oscillospiraceae	g__Faecousia	s__	86.28	2.58	1567038
EHA02255_bin.33	d__Bacteria	p__Bacillota_A	c__Clostridia	o__Clostridiales	f__Clostridiaceae	g__Dwaynesavagella	s__	99.11	0.17	1619234
EHA01876_bin.6	d__Bacteria	p__Fusobacteriota	c__Fusobacteriia	o__Fusobacteriales	f__Fusobacteriaceae	g__Fusobacterium_B	s__Fusobacterium_B sp900554885	61.83	0.96	1242552
EHA04643_bin.19	d__Bacteria	p__Bacillota_A	c__Clostridia	o__Christensenellales	f__UBA1242	g__RGIG1681	s__	96.7	6.68	1344726
EHA02078_bin.37	d__Bacteria	p__Bacillota_A	c__Clostridia	o__Christensenellales	f__Borkfalkiaceae	g__Coproplasma	s__	63	3.08	1137350
EHA04635_bin.4	d__Bacteria	p__Bacillota_A	c__Clostridia	o__Christensenellales	f__UBA1242	g__Caccovivens	s__	86.08	2.73	1078911
EHA01887_bin.17	d__Bacteria	p__Bacillota_A	c__Clostridia	o__Lachnospirales	f__Lachnospiraceae	g__Eisenbergiella	s__Eisenbergiella sp900539715	99.6	0.09	2344953
EHA01886_bin.3	d__Bacteria	p__Pseudomonadota	c__Gammaproteobacteria	o__Enterobacterales	f__Enterobacteriaceae	g__Escherichia	s__Escherichia coli	100	0.2	5089079
EHA02081_bin.14	d__Bacteria	p__Bacillota_A	c__Clostridia	o__Christensenellales	f__Borkfalkiaceae	g__Coproplasma	s__Coproplasma sp021205485	59.66	2.5	1200960
EHA01896_bin.38	d__Bacteria	p__Bacillota_A	c__Clostridia	o__Peptostreptococcales	f__Peptostreptococcaceae	g__Peptacetobacter	s__Peptacetobacter sp900550335	50.67	1.79	674200
EHA04647_bin.11	d__Bacteria	p__Synergistota	c__Synergistia	o__Synergistales	f__Dethiosulfovibrionaceae	g__Pyramidobacter	s__	99.24	0.14	2251639
EHA02096_bin.23	d__Bacteria	p__Bacillota_A	c__Clostridia	o__Lachnospirales	f__Lachnospiraceae	g__Agathobacter	s__	99.73	0.14	2490118
EHA04659_bin.16	d__Bacteria	p__Bacillota_A	c__Clostridia	o__TANB77	f__CAG-508	g__CAG-269	s__	55.01	5.28	901058
EHA04671_bin.12	d__Bacteria	p__Bacillota_A	c__Clostridia	o__Christensenellales	f__Borkfalkiaceae	g__Gallimonas	s__	57.84	1.38	941259
EHA04764_bin.4	d__Archaea	p__Thermoplasmatota	c__Thermoplasmata	o__Methanomassiliicoccales	f__Methanomethylophilaceae	g__UBA71	s__	88.37	0.02	2141327
EHA04641_bin.4	d__Bacteria	p__Bacillota_A	c__Clostridia	o__Oscillospirales	f__Oscillospiraceae	g__Onthomonas	s__Onthomonas sp021205725	89.71	1.57	1788296
EHA02075_bin.12	d__Bacteria	p__Bacillota_A	c__Clostridia	o__Oscillospirales	f__Oscillospiraceae	g__RGIG7114	s__RGIG7114 sp020860205	59.97	0.75	1008252
EHA02093_bin.4	d__Bacteria	p__Bacillota_A	c__Clostridia	o__Lachnospirales	f__Lachnospiraceae	g__Coprococcus	s__	69.91	1.54	1396439
EHA01634_bin.5	d__Bacteria	p__Bacillota_A	c__Clostridia	o__Clostridiales	f__Clostridiaceae	g__Sarcina	s__Sarcina perfringens	95.18	2.101	3076704
EHA04674_bin.37	d__Bacteria	p__Bacillota_A	c__Clostridia	o__Oscillospirales	f__Oscillospiraceae	g__UMGS1766	s__	60.2	5.87	1405000
EHA01925_bin.3	d__Bacteria	p__Bacillota_A	c__Clostridia	o__Oscillospirales	f__Butyricicoccaceae	g__Butyricicoccus	s__Butyricicoccus pullicaecorum_C	94.77	0.09	2156744
EHA04656_bin.21	d__Bacteria	p__Cyanobacteriota	c__Vampirovibrionia	o__Gastranaerophilales	f__Gastranaerophilaceae	g__Stercorousia	s__	81.63	1.89	1645810
EHA04656_bin.34	d__Bacteria	p__Bacillota_A	c__Clostridia	o__Oscillospirales	f__CAG-272	g__DTU064	s__DTU064 sp021202555	82.94	0.09	2515213
EHA01915_bin.16	d__Bacteria	p__Spirochaetota	c__Brachyspirae	o__Brachyspirales	f__Brachyspiraceae	g__Brachyspira	s__	99.68	0.9	2428490
EHA01595_bin.7	d__Bacteria	p__Bacillota_A	c__Clostridia	o__Peptostreptococcales	f__Peptostreptococcaceae	g__GCA-900066495	s__	84	6.572	1665645
EHA02095_bin.29	d__Bacteria	p__Bacillota_A	c__Clostridia	o__Lachnospirales	f__Lachnospiraceae	g__RGIG6307	s__	51.89	0.14	961913
EHA01919_bin.4	d__Bacteria	p__Bacillota_A	c__Clostridia	o__Oscillospirales	f__Oscillospiraceae	g__Faecousia	s__	86.77	0.58	1784529
EHA02089_bin.9	d__Bacteria	p__Bacillota_A	c__Clostridia	o__UMGS1883	f__UMGS1883	g__JAJQCX01	s__	100	4.8	2547319
EHA04659_bin.23	d__Bacteria	p__Bacillota_A	c__Clostridia	o__Lachnospirales	f__Lachnospiraceae	g__UBA4292	s__	92.04	2.67	2383943
EHA04638_bin.2	d__Bacteria	p__Bacillota_A	c__Clostridia	o__Christensenellales	f__Borkfalkiaceae	g__	s__	83.13	1.32	1492336
EHA02089_bin.7	d__Bacteria	p__Bacillota_A	c__Clostridia	o__Oscillospirales	f__Oscillospiraceae	g__JAJQCF01	s__JAJQCF01 sp021202845	92.51	3.28	1790867
EHA01919_bin.3	d__Bacteria	p__Actinomycetota	c__Coriobacteriia	o__Coriobacteriales	f__Coriobacteriaceae	g__Collinsella	s__	90.47	2.8	1667615
EHA02076_bin.9	d__Bacteria	p__Bacillota_A	c__Clostridia	o__Oscillospirales	f__Oscillospiraceae	g__Onthomonas	s__Onthomonas sp021205725	85.18	5.24	1614703
EHA04672_bin.35	d__Bacteria	p__Bacillota_A	c__Clostridia	o__Oscillospirales	f__Oscillospiraceae	g__Onthomonas	s__	93.01	3.63	2172538
EHA01890_bin.36	d__Bacteria	p__Bacillota_A	c__Clostridia	o__Oscillospirales	f__Oscillospiraceae	g__Faecousia	s__	55.05	0.42	1034930
EHA04767_bin.14	d__Bacteria	p__Bacillota_A	c__Clostridia	o__Oscillospirales	f__Ruminococcaceae	g__UMGS1601	s__UMGS1601 sp021205185	77.11	2.34	1192399
EHA04657_bin.11	d__Bacteria	p__Bacillota_A	c__Clostridia	o__Christensenellales	f__Borkfalkiaceae	g__Coproplasma	s__	82.43	1.44	1565166
EHA04667_bin.13	d__Bacteria	p__Cyanobacteriota	c__Vampirovibrionia	o__Gastranaerophilales	f__Gastranaerophilaceae	g__Avigastranaerophilus	s__	94.97	0.06	2127617
EHA01886_bin.10	d__Bacteria	p__Bacillota	c__Bacilli	o__Erysipelotrichales	f__Erysipelotrichaceae	g__Amedibacillus	s__Amedibacillus dolichus	91.44	2.29	1912350
EHA02087_bin.8	d__Bacteria	p__Bacteroidota	c__Bacteroidia	o__Bacteroidales	f__UBA932	g__Cryptobacteroides	s__	97.4	0.13	1962892
EHA01924_bin.8	d__Bacteria	p__Pseudomonadota	c__Alphaproteobacteria	o__Rhizobiales	f__Beijerinckiaceae	g__Rhodoblastus	s__	100	4.67	3904808
EHA01885_bin.4	d__Bacteria	p__Bacteroidota	c__Bacteroidia	o__Bacteroidales	f__Bacteroidaceae	g__Phocaeicola	s__Phocaeicola sp900556845	93.38	0.71	3195739
EHA01908_bin.22	d__Bacteria	p__Bacillota_B	c__Peptococcia	o__Peptococcales	f__Peptococcaceae	g__UMGS1590	s__	100	0.4	1863292
EHA01908_bin.42	d__Bacteria	p__Actinomycetota	c__Coriobacteriia	o__Coriobacteriales	f__Coriobacteriaceae	g__Collinsella	s__	72.37	7.66	1424095
EHA02269_bin.16	d__Bacteria	p__Pseudomonadota	c__Gammaproteobacteria	o__Xanthomonadales	f__Xanthomonadaceae	g__Luteimonas_D	s__Luteimonas_D excrementigallinarum	83.89	2.78	2444259
EHA01881_bin.13	d__Bacteria	p__Bacteroidota	c__Bacteroidia	o__Bacteroidales	f__Bacteroidaceae	g__Alloprevotella	s__Alloprevotella sp900541335	98.31	0.02	2577365
EHA02273_bin.11	d__Bacteria	p__Actinomycetota	c__Actinomycetia	o__Propionibacteriales	f__Propionibacteriaceae	g__Avipropionibacterium	s__Avipropionibacterium avicola	98.71	2.56	3640079
EHA04673_bin.16	d__Bacteria	p__Bacillota_A	c__Clostridia	o__Oscillospirales	f__Acutalibacteraceae	g__UBA1081	s__UBA1081 sp021200555	58.52	1.09	1587339
EHA04642_bin.11	d__Bacteria	p__Cyanobacteriota	c__Vampirovibrionia	o__Gastranaerophilales	f__Gastranaerophilaceae	g__Avigastranaerophilus	s__	81.9	2.26	1578334
EHA02087_bin.9	d__Bacteria	p__Bacteroidota	c__Bacteroidia	o__Bacteroidales	f__Bacteroidaceae	g__Alloprevotella	s__	91.84	0.26	1893806
EHA04640_bin.27	d__Bacteria	p__Bacillota_A	c__Clostridia	o__Christensenellales	f__Borkfalkiaceae	g__Coproplasma	s__	66.08	3.54	1470372
EHA04639_bin.14	d__Bacteria	p__Bacillota_A	c__Clostridia	o__UMGS1883	f__UMGS1883	g__JAJQCX01	s__	79.4	1.94	1783235
EHA01915_bin.25	d__Bacteria	p__Bacteroidota	c__Bacteroidia	o__Bacteroidales	f__Bacteroidaceae	g__Mediterranea	s__	53.64	5.5	1535592
EHA01634_bin.41	d__Bacteria	p__Bacillota	c__Bacilli	o__Erysipelotrichales	f__Coprobacillaceae	g__Thomasclavelia	s__Thomasclavelia ramosa	61.81	3.473	1823785
EHA04657_bin.22	d__Bacteria	p__Bacillota_A	c__Clostridia	o__Lachnospirales	f__CAG-274	g__HGM11788	s__	98.6	0	1993797
EHA01926_bin.24	d__Bacteria	p__Bacillota	c__Bacilli	o__Lactobacillales	f__Lactobacillaceae	g__Lactobacillus	s__Lactobacillus acidophilus	99.98	2.26	2083243
EHA04652_bin.33	d__Bacteria	p__Bacillota_A	c__Clostridia	o__Lachnospirales	f__Lachnospiraceae	g__Eubacterium_I	s__	53.67	7.26	3345687
EHA04765_bin.8	d__Bacteria	p__Bacillota_A	c__Clostridia	o__Oscillospirales	f__Acutalibacteraceae	g__Ruminococcus_E	s__	99.5	0.62	2333286
EHA04664_bin.24	d__Bacteria	p__Bacillota_A	c__Clostridia	o__Oscillospirales	f__Oscillospiraceae	g__Onthomonas	s__	56.48	5.53	1460641
EHA02263_bin.15	d__Bacteria	p__Pseudomonadota	c__Gammaproteobacteria	o__Enterobacterales	f__Enterobacteriaceae	g__Enterobacter	s__Enterobacter huaxiensis	80.18	1	4001265
EHA01887_bin.5	d__Bacteria	p__Campylobacterota	c__Campylobacteria	o__Campylobacterales	f__Helicobacteraceae	g__Helicobacter_C	s__	99.96	0	1832487
EHA01896_bin.30	d__Bacteria	p__Fusobacteriota	c__Fusobacteriia	o__Fusobacteriales	f__Fusobacteriaceae	g__Fusobacterium_A	s__Fusobacterium_A sp900555845	54.21	3.19	1205203
EHA04667_bin.32	d__Bacteria	p__Bacillota_A	c__Clostridia	o__Oscillospirales	f__Oscillospiraceae	g__Onthomonas	s__Onthomonas sp021205725	56.18	9.42	1715932
EHA04676_bin.28	d__Bacteria	p__Bacillota_A	c__Clostridia	o__TANB77	f__CAG-508	g__	s__	85.98	8.16	2590040
EHA02095_bin.16	d__Bacteria	p__Bacillota_A	c__Clostridia	o__Christensenellales	f__Borkfalkiaceae	g__Coproplasma	s__	91.37	0.45	1722086
EHA01913_bin.19	d__Bacteria	p__Bacillota_A	c__Clostridia	o__Lachnospirales	f__Lachnospiraceae	g__Faecalimonas	s__Faecalimonas umbilicata	53.43	8.87	1334530
EHA01893_bin.9	d__Bacteria	p__Bacillota	c__Bacilli	o__Erysipelotrichales	f__Erysipelotrichaceae	g__Allobaculum	s__Allobaculum stercoricanis	50.56	4.92	1353266
EHA04637_bin.20	d__Bacteria	p__Bacillota_A	c__Clostridia	o__Lachnospirales	f__Lachnospiraceae	g__UBA4292	s__	91.07	1.57	2165992
EHA02082_bin.23	d__Bacteria	p__Bacillota_A	c__Clostridia	o__Lachnospirales	f__Lachnospiraceae	g__RGIG6307	s__	50.88	9.49	1300125
