"","V1","V2","V3","V4","V5","V6","V7","V8","V9","V10","V11","V12","V13","V14","V15","V16","V17","V18","V19","V20","V21","V22","V23","V24","V25","V26","V27","V28","V29","V30","V31","V32","V33","V34","V35","V36","V37","V38","V39","V40","V41","V42","V43","V44","V45","V46","V47","V48","V49","V50","V51","V52","V53","V54","V55","V56","V57","V58","V59","V60","V61","V62","V63","V64","V65","V66","V67","V68","V69","V70","V71","V72","V73","V74","V75","V76","V77","V78","V79","V80","V81","V82","V83","V84","V85","V86","V87","V88","V89","V90","V91","V92","V93","V94","V95","V96","V97","V98","V99","V100","V101","V102","V103","V104","V105","V106","V107","V108","V109","V110","V111","V112","V113","V114","V115","V116","V117","V118","V119","V120","V121","V122","V123","V124","V125","V126","V127","V128","V129","V130","V131","V132","V133","V134","V135","V136","V137","V138","V139","V140","V141","V142","V143","V144","V145","V146","V147","V148","V149","V150","V151","V152","V153","V154","V155","V156","V157","V158","V159","V160","V161","V162","V163","V164","V165","V166","V167","V168","V169","V170","V171","V172","V173","V174","V175","V176","V177","V178","V179","V180","V181","V182","V183","V184","V185","V186","V187","V188","V189","V190","V191","V192","V193","V194","V195","V196","V197","V198","V199","V200","V201","V202","V203","V204","V205","V206","V207","V208","V209","V210","V211","V212","V213","V214","V215","V216","V217","V218","V219","V220","V221","V222","V223","V224","V225","V226","V227","V228"
"EHI01801",0,0.26123926,0.41949677,0.8010117,0.36080694,0.00043731116,0.88061965,0.1859998,0.026880065,0.926985,0.0032481372,0.0002751306,0.0022789314,0,0,0,0.006584295,0.19440511,0.2884142,0.30313924,0,0.017509554,7.642604e-05,0,0.0315662,0.00019798896,0.00021336084,0.000541715,8.141453e-05,0.011991849,0.00021576346,0.0026609814,0.00010017976,0,0,0.021869859,0,0.06770726,0.10271152,0.000112391266,0.00070470653,0.096428074,0.00011031932,0.0036241598,0.94963676,0.043317202,0.0018829494,0.018506737,0.12156017,0.017810848,0.9839406,0.00017593171,0.00027739117,0.0014089991,0.009474528,0.012206439,0.0008267187,0,0.00042626762,0.0003784323,0.00016566101,0.00024692027,0.3161252,8.630267e-05,0,0.017887766,0.0006360547,0.00012940333,0.03832081,0.23872022,0.011342338,0.0032343136,0.004045828,0.024659222,0.4102074,0.014449888,5.7463913e-05,0.7376574,0.025344057,9.232259e-05,0,0.014819787,0.0013749754,0.030776355,0.00010974069,0.08264885,0.00912888,0.00025745275,0,0.00828158,0,0.00031994082,0.0006627771,5.1718478e-05,0.08379731,0.017680155,0.0005545595,0.0036974282,0,0.005816237,0.0023232868,0.0018257395,0.00010656815,0.001243221,0,6.796903e-05,0.000977385,0.004287364,0.005858042,0.0025797551,0,0.0019652979,0.0016273472,0.00556754,0,0.08949718,0.0063041556,0.0009569858,0.07380906,0.021895617,0.0018230567,0,0.005276863,0.0038513765,0.26011443,0.0012281244,0,0.0017102732,0.00060463644,0.007261951,0.00036626402,0.0013443851,0.094975024,7.6954835e-05,0.6737461,0.00251677,0.20632358,0,0.019555073,0.0002996713,4.2325e-05,0.003195605,0,0,0.01791398,0.056062803,0.0033816663,0.00020021411,0.12055436,0.007228554,0.00010111339,0.15067402,0.8065925,0.16507155,0.0067746933,0.019626437,0.0014432577,0.0033478148,0.04618164,0.25307095,0.76853055,0.045742027,0.00030290303,0.011838539,0,0.42710322,0.17052309,0.0010999974,0,0,0,0,0.00014189685,0,0,0.00065466826,0.045901448,0.8273914,0,0.0002259627,0.0015252351,0.00010357642,0.00017784786,0.00076578266,0.0005788247,0,0.0016542139,0.0046592937,0.002671737,0.028744448,0,0,0,0,0,0.0011330455,0.01720967,0.00063930574,0.00601408,0.10216677,0.023154613,0,0.0066161933,0.01496698,0.0035108547,0,0,0.0033873247,0.02672001,0.0069398936,0.019941688,0,0,0.017335473,0.0015497496,0.022944521,0.015980802,0.02302259,0.46170068,0.020892419,0.27439803,0.06448642,0.005767504,0.048947554,0.0007548757,0.0026091388,0,0.0045846314
"EHI01644",0.000121123834,0.8314473,0.12627396,0.05828777,0.93174464,0.014843672,0.8893149,0.7604999,0.9153022,0.38005757,0.005497414,0.31087554,0.0011032249,0.00018110426,0.00042237347,0.0043158755,0.16774388,0.9430268,0.58061343,0.99902946,0.00661961,0.033075664,0.00023498811,0.00018213718,0.034788758,0,4.0333965e-05,0.00046638277,0.00019376658,0.000610053,0.0003835795,0.0039780713,0.00025170165,0.0010659703,0.99681896,0.038666766,6.760465e-05,0.11908225,0.57908374,0.0007171991,0.0055045895,0.06326057,0.0012872259,0.03369122,0.85969007,0.0766134,0.0032638658,0.0030472868,0.03295458,0.028840635,0.8116115,0,0.00043406084,0.0044114124,0.014813276,0.006341571,0.000987213,0.9127197,0.009101647,0.0024291787,0.0014315556,0.0063032378,0.3038147,0.0392798,0,0.06264511,0.0011140767,0,0.008773906,0.07091842,0.0012762788,0.008035123,0.15722516,0.088514395,0.6508096,0.09344885,0,0.24720308,0.8750963,0.0044861366,0.0018828234,0.040475957,0.011196229,0.04676797,0.00013571266,0.49599272,0.019815162,3.0174046e-05,0.0013766222,0.021532381,0.0056802914,6.7180925e-05,0.0003888051,0.00011564019,0.26064378,0.02827945,0.0007284777,0.010827033,0.00031042576,0.0010071157,0,9.978048e-05,0,0,6.285216e-05,0.00059929263,0,0.013949627,0.001159561,0.0012129592,0,0.005230385,0.0016225284,0.009487594,0.00011995733,0.010221953,0.00033427592,0.003630393,0,0.00030426506,0.00843996,0.001108542,0.0018568459,0.0012791844,0.015847232,0.00039291612,0.002778877,0.009400354,0.0014951179,0.048282508,0.00093929,0.0030645414,0,0,0.2522428,0.008807076,0.0011633371,0,0.034792792,0.00019719303,0.005450895,0.005172473,0.005552012,0.005280022,0.03686599,0.0016152966,0.002714155,0.0040057846,0.80102193,0.0022516798,0.41479748,0.03091692,0.005119402,0.9141054,0.0059175147,0.018584838,0.022183051,0.5864727,0.26529658,0.033956673,0.00029526613,0.08071755,0.081681505,0.0031664763,0,0.000837688,0.12602721,0.00015988335,0.00063055195,0,0.0034178756,0.0064361435,0.0016960786,4.359903e-05,0,0.07058479,7.957338e-05,0.0040605064,0.13117175,0.99818474,0.9850382,0.0008584892,0.00013536827,0,0.74430186,0.0022378855,0.029934548,0.010555109,0.004032654,0.051571086,0.008596271,4.5085384e-05,0,0,0.0001945223,0.00022805248,0.0038109575,0.00088722986,0.005628086,0.5481585,0.02178934,0,0.0059580896,0.0007925184,0.00017612168,0.00097387494,0,0.009857865,0.0187071,0.006439662,0.026446458,0.0003333867,0.0005545718,0.9131908,0.016583817,0.002582328,0.03817106,0.013402123,0.9666981,0.47598198,0.06939201,0.03423253,0.038262893,0.00742231,0.029998166,0.0017922793,0,0.023958191
"EHI01822",0.025986958,0.20502634,0.000812705,0.76289463,0.033095624,0.8003145,0.017365482,0.16644128,0.003331968,0.050624833,0.16697074,5.4414715e-05,0.9678107,0.9915473,0.9313358,0.99779624,0.015832473,0.0009997917,0.010295875,0.035457462,0.034988612,0.00041403298,0.8610711,0.98106194,0.7553085,0.9738536,0.75911033,0.93327343,0.93345505,0.5914478,0.06686642,0.91948646,0.9495726,0.00013831795,0.01410923,0.7580019,0.9379714,0.009637706,0.078209445,0.9717477,0.9405696,0.9969577,0.93618226,0.9125755,0.005152651,0.99045676,0.98356134,0.09925832,0.6976457,0.7155523,0.199497,0.8032513,0.9227093,0.7682949,0.72974783,0.620355,0.13596925,0,0.5662355,0.1874283,0.00084431795,0.054220665,0.0018238439,0.7763627,0.0011743885,0.7474992,0.04481064,0.5419308,0.9339788,0.96835357,0.0046763,0.65898144,0.00014449385,0.007608155,0.6512839,0.0073560043,0.0031988244,0.00032735395,0.0012306696,0.24538448,0.25539908,0.74987435,0.9734159,0.91203654,0.16292872,0.085134,0.0066685765,0.9998754,0.93803304,0.9962121,0.99710417,0.9998769,0.9994358,0.9926194,0.99080676,0.972698,0.99881226,0.9964327,0.0023102574,0.016527237,0.13288917,0.00267217,0.0006081489,0.0013342468,0.04609692,0.006436473,0.0015189202,0.83440906,0.050965466,0.07094307,0.9803187,0.96217704,0.99821985,0.99403614,0.9127543,0.99917185,0.99695885,0.99997896,0.21952558,0.050564572,0.9849854,0.9908553,0.9992993,0.99847734,0.99998945,0.013143233,0.99798465,0.94920266,0.9996793,0.98834175,0.0013858958,0.99993557,0.011052702,0.9993892,0.054430317,0.99927515,0.0025291932,0.99952877,0.9581776,0.9881723,0.3399555,0.9118388,0.35694987,0.005862021,0.00095155236,0.0006031724,0.53763884,0.009472419,0.0091758035,0.97262937,0.006975813,0.9197672,0.15990782,0.0048363325,0.0012879454,0.9689882,0.00085200544,0.0013304143,0.14227785,0.0014630466,0.0004289221,0.009527218,0.00040319757,0.004306447,0.8041195,0.027728217,0.0004407427,0.0015604615,0.06664593,0.0071178162,0.63560355,0.004741403,0.013877614,0,0,0.015087537,0.082529336,0.0034771662,0.11978225,0.006684562,0.0017397508,0.31272262,0.1830247,0.0026558705,0.06722209,0.032312613,0.9008671,0.002834776,0.95568144,0.87662315,0.88579863,0.99276274,0,0,0,0,0.13390931,0.0005274824,0.5396925,0.07702855,0.0070821675,0.0012344486,0.000419049,0.056553487,0.023586897,0.99169147,0,0.9110635,8.1807186e-05,0.37003738,0.68670195,0.9294292,0.9149643,0.004486649,0.0013653743,0.05038719,0.00033952564,0.0048571727,0.97530305,0.0015702815,0.00046575206,0.8756089,0.9083863,0.2400994,0.00060687476,0.0023138884,0,0.00023340869
"EHI01146",9.539842e-05,0.00062924036,0,0.00022834394,0,5.381207e-05,6.129197e-05,0.00088193844,0.00017784542,0.00020292439,6.3735824e-05,0,0.010186946,0.009508687,0.008256645,0.116258286,0,8.84677e-05,0,0.0010901344,0.00054859417,0.000109243534,0.04768765,0.014111789,0,0.0046494408,0.0028070102,0.0038004695,0.0025949525,0.00042062014,0.0074512796,0.0025952545,0.0073738564,0.00019180088,0,0,0.0033758422,0.00012154254,0.00045779612,0.0056120455,0.08975685,0.0037829739,0.007867773,0.0064129555,5.4636224e-05,0,0.0049903374,0,0.0008562561,5.6857087e-05,0.00015583007,0.003026866,0.0034542445,0.017995609,0.0024209272,0.0011102398,0.0015858912,5.9675407e-05,0.00013539864,0,0,0,0,0.0017490675,0,0.008314416,0.0007088282,0.0013259527,0,0.0030049023,0,0.00052482175,0.00013610389,1.703954e-05,0.00022315155,0.00015852781,0,0,0,3.550869e-05,0.00018869084,0.0068104775,0.0011785504,0.00017995063,0,0.0010476087,0,0,0.046914935,0.0011541634,0,0,0,0.0029886307,0.0020749927,0.00016870126,0.003660093,0.000121078,0,0.0003162162,0.0003589832,0,7.033498e-05,0,8.955405e-05,0,0,0.0005685244,0,0.00197289,0.054310266,0.0005121433,0.0073120478,0.00062358833,0.174783,0.00010880849,0,0.0012201165,0,0,0.00073027954,0.006771547,0.026997518,0.013909402,0,0,0.07325901,0.00921539,9.466296e-05,0.007284414,0,0.00866949,0,0.000858119,4.821238e-05,0.009795097,8.126975e-05,0.0008874146,0.00036554254,0.0010907724,8.323916e-05,0.0014064799,0,0,0.00013389923,9.878466e-05,0.00015187207,0,0,0.0045133024,0,0.0015539827,3.260436e-05,0,5.0244944e-05,0.0004201129,0,6.107596e-05,0.0036938519,0.00017486615,0,4.87908e-05,0,0,0,0,0.00023558436,0,0.00010447697,0,3.2263375e-05,1.7533692e-05,0.00017994165,0,4.602505e-05,0.00012964998,0,0.00021178834,0,3.0262863e-05,0.00057645194,0,0.00025827586,0,0,0,0.0057701133,0,0,0.0005869788,0.00020040944,0.00020954458,0.0005388379,0.00019966961,0,0,0.0005037997,8.313182e-05,0.00051824196,0.0024752687,0.0020092416,0.015613756,0.00042186142,0,0,0.06773585,0.00012818916,0.0030179499,7.813635e-05,0.0021065064,0,0.0030951384,0.0033345341,0,0.00013667981,0,0,0.00040612495,0.0057487967,4.29323e-05,0.00011612247,0.0006971202,0.006947679,7.4702104e-05,0,0,0,0
"EHI01660",0,0,0.032092817,0.0013541788,0.011013711,0,0.0018888285,0.00013886622,0.47332165,0.4884546,0,0.14244856,0.00020803133,0,0,0,2.6982489e-05,0.026608527,0.012411113,0.6562135,0,5.134446e-05,0,0,0.009952283,0,4.2672167e-05,0.00010326443,0,7.559735e-05,0.00014425565,0.00034522565,0,0,0,0.008748929,0,0.0019900217,0.00036224196,0,0.00052262086,0.004551257,6.669304e-05,0,0.11419108,0.00075909105,0,0,0.016590348,0.0073904493,0.9255082,7.9259335e-05,0.00027363538,0.00066648406,0.002610118,0.0011722298,0.0008965741,0.5108734,0,0.00017564533,2.5329538e-05,0,0.012130737,8.745337e-05,0,0.00058369065,0.0006906348,0,0.00045878973,0.03210909,0,0.0006921727,0.23081914,0.00043626234,0.0029232088,0.00044576137,0,0.18922485,0.25495848,0,0,0.0009408923,3.499259e-05,0.008539257,0,0,0.001298493,0,0,0.0017845716,0,0,0,5.113737e-05,0.00067109434,0.010214631,9.1645525e-05,0,9.65769e-05,0.0008053632,0,0,0,9.581664e-05,0,0,7.701106e-05,0.00032183965,0,0.0006238296,0,0.00017557216,0,0.0007354762,0,0.0016293796,7.635744e-05,0,0,0,0.0010230255,0,0.0010911704,0.0008357763,0.002468286,8.36882e-05,0,0.000185476,0,0,0,0,0.00027128204,0,0.3869891,0.00085665466,0.0017551644,0,0.00919261,0,0,0.0005099285,0,0,6.447e-05,7.8692865e-05,0.0009609259,0,0.00016787651,0.0012508987,0,0.0030104062,3.3121887e-05,6.4267355e-05,0.00034635514,0.0044676345,0.00011809192,0.024779322,0.0014290746,0.019033596,8.997755e-05,0.0024792233,0.004637782,0,0,0.00014874201,0.027772006,0,0,0,0,3.5797955e-05,0.00013984037,0,0,0,0,0.00039664193,0,0.00015988879,0.0019674967,0,0.00011327889,0,0,0,0.00034321577,0,0.00016088248,0.013358146,0,0,0,0,0,0,0.0013423928,0.000634156,0.0010617509,0.00022239579,0.0032674344,0,0.000982937,0.00015355762,0,0,0,0,0.00200952,0.0055040033,0.008492298,0,0,0.00073913886,0.0024217954,0.0011514118,0,0.014932744,0.0020764326,0.06480891,0.0131899975,0.0026447086,9.046457e-05,0.001240283,0.00055730506,0.00047786825,0.0005963347,0.009940277
"EHI01636",0,1.8204708e-05,0,0,8.106212e-05,0,0,0.00014300461,0,0.00023834611,2.987617e-05,0,0.0009290811,0,0.0013834767,0.0008311077,0,9.646177e-05,0,0.0066483747,3.8707913e-05,9.5041876e-05,0.002040663,0.0008353718,0,0.00029698343,0.00032968633,0.00014473948,0.00022796069,0.00033535337,0,0.001332405,5.697724e-05,0,0,0.00011148663,0.0004389912,0.0001687827,0.00032715147,0.0018452466,0.002251997,9.3901275e-05,0.0006132751,0.0013589084,0,9.917966e-05,0,8.286963e-05,9.0752896e-05,0,0.00017308269,0.00036087015,0.0005102495,0.0006821216,0.0010537566,0,0.0012117896,0,0,0,0,0,0,8.975478e-05,0,0.0017462141,0.0005590004,0,0.00023931201,0.00010471898,0,0,0.00014449385,1.8041866e-05,0,0.0001641783,0,0,0,0,0,0.0013527159,0.0016119919,0,5.560195e-05,0,0,5.5967987e-05,0.0007211179,0,0,0,0,0.0002062928,0,0,0.00033377716,0.00049061084,0,0.0007065456,0,0,0,0,0,0,0,0.00038726858,0.000563048,0,0.00037842407,0.0016419119,7.090387e-05,0,0.0015796105,0.00041929734,0.00012768661,0.00014735314,0,0,0.00013421926,0.0005847254,0,0,0,0,0.0015136492,0.0005215872,0,0.0019566834,0,0.001591859,0,0.00026426,5.1864834e-05,0.0042476566,8.323595e-05,0,0.000109255954,0,0,0.0027819343,0,3.19291e-05,7.066903e-05,7.911144e-05,0.0004402615,0,3.804756e-05,0,0,0.00096657645,3.3121887e-05,0,0.000120587865,0,0.00011095885,0,0.0006188504,0.0001224063,0,9.725633e-05,0,0,0,0.00010141501,0.00032338517,0,0,0,0,2.9953391e-05,0.00014189685,0,0,0,0,0.0004704358,0,3.429791e-05,0,0,0,0,7.702103e-05,0,0.0020931857,0,3.4924666e-05,7.51378e-05,0,0,0,0,0,0,3.809348e-05,0,0,0.00025131082,0.0027379822,0,0.00065951,0.0011657727,0.0002011078,0.0014856695,0,0.001538599,0.0007960468,0.0038314678,0.00014799283,0.0009084788,0,0,0.00052963424,0.00020859904,0,0.0006449019,0.0001402516,6.830139e-05,0.00041526405,6.171688e-05,0.0021954458,0,0,6.56112e-05,0.00020852961,0
"EHI01089",0.0015376296,0.88252157,0.19816893,0.90199876,0.5861443,0.08454346,0.018193787,0.8204037,0.061215386,0.8106043,0.022299174,0.0025788906,0.03714159,0.024000593,0.009257309,0.0584705,0.02015308,0.0004860394,0.91300786,0.004261799,0.0018100822,0.00016641432,0.0046185046,0.00078541855,0.60464543,0.038178213,0.004708552,0.010367918,0.003724986,0.24982287,0.0005555289,0.036912344,0.017079396,0.022960778,0.0015311404,0.70699775,0.0031861982,0.3074295,0.5586079,0.002510197,0.019100172,0.9298689,0.013025703,0.18770589,0.9949839,0.99745876,0.44514802,0.028605256,0.7040102,0.5274345,0.7502222,0.004521385,0.0028828294,0.024951631,0.2854438,0.15333708,0.00086482166,0.008432703,0.002665108,0.0023485292,0.9785191,0.0046829083,0.969984,0.00080606696,0,0.22715545,0.0005579302,0.9860516,0.9928525,0.9827095,0.020255035,0.76463795,0.015327535,0.032496657,0.9881672,0.07158645,0.0036091167,0.3492352,0.045758273,0.0008361524,0.0008273218,0.2553145,0.047834404,0.70820886,0.0015473438,0.51797575,0.47473392,0.0018294232,0.0019507407,0.23035172,0.026295554,0.008962999,0.11209433,0.001560852,0.29163137,0.62053967,0.0025285832,0.013775597,0.0002069505,0.001035114,0.00036076622,0.00035239547,0.00025007993,0,0,0.00025556356,0.00029985156,0.029673792,0.04974734,0.0014967284,0.00025014472,0.03128099,0.021608472,0.4611411,0.005121454,0.6776752,0.1014608,0.4637147,0.00017661895,0.00017200914,0.04471826,0.009641878,0.14673258,0.11193235,0.008415583,0.0025830364,0.04255048,0.01656731,0.10097382,0.21616338,0.00022802889,0.71422845,0.00045364889,0.00076761236,0.55968803,0.036755204,0.00040241634,0.0010523987,0.62241435,0.010859591,0.0008140508,0.04029867,0,0.36381632,0.0007212581,0.03330466,0.009909653,0.00031365626,0.18739057,0.25428104,0.00046748092,0.99580824,0.0029550935,0.43566495,0.039648954,0.9950775,0.03121431,0.005330653,0.02645543,0.00019585008,0.00033282957,0.23956771,0.00024568802,0.020336054,0.0024993387,0.00024677653,0.00087192294,0,0.0033391116,0.00031338417,0.0001703016,1.3332912e-05,0.00013675565,0,0.008066748,0.0063650445,0.0041417293,0.25195986,0.00043692437,0.00021234443,0.0016584806,6.324137e-05,0.00015009454,0.8366079,0.001702865,0,0.17470436,0.26806,0.04699486,0.83654135,0.0013195702,0.0015626185,0,0,0,0,0.04708408,0.004123485,0.45940804,0.57207376,0.0003911403,0,0,0.027167622,0.021691,0.025623742,0,0.056640252,0,0.0060275355,0.55331755,0.0036077206,0.0015982627,0.00899311,0.021470832,0.09709507,0.0011990633,0.015696015,0.9609554,0.013261528,0.08754688,0.85091233,0.19278775,0.45375198,0.001390076,0.004397044,0.00253536,0.0025700466
"EHI01196",0.00023045686,0.39590868,0.003565998,0.0046041086,0.022792682,0,0.007630418,0.3331552,0.24253902,0.5598162,0,0.0043672393,0.013900446,0.008877674,0.0076690456,0.007876121,0.0012826623,0.0027622175,0.131007,0.42152077,0,0.00030296872,0.010654843,0.0068163113,0.039306678,0.028909689,0.0030700578,0.0059554796,0.008652736,0.056173667,0.0014070092,0.00993114,0.006913656,0,9.553705e-05,0.045041833,0.0088237235,0.010212659,0.26364225,0.012050299,0.01448719,0.15070105,0.010662864,0.008578109,0.06407145,0.0027901516,0.0035559577,0.0007653254,0.10708226,0.035452094,0.980834,0.0026882123,0.007942402,0.021555044,0.027109958,0.021666724,0.0013139747,0.01225122,0.00045178243,0.00045210254,0.0004559317,0,0.040346097,0.0008866161,0,0.036119692,0.0006232123,0.82010955,0.0020754463,0.20499302,0.0019767997,0.03662652,0.6684938,0.018250851,0.024882931,0.043220017,0,0.0038891882,0.19759053,0,0,0.014204983,0.010047538,0.04128187,4.6456895e-05,0.48818666,0.00012025518,0.00818252,0.006585958,0.23868152,0.0074521555,0.0010935192,0.0005877287,0.0010616815,0.0114795705,0.043785524,0.031220922,0.0018630615,0.00011451261,0.0009931165,0.00017830291,8.809887e-05,0.00021810948,0,0,6.33083e-05,0,0.014155639,0,0.0020318802,0.00022448885,0.01590767,0.0094412295,0.03478519,0.020834832,0.0016194879,0.01726569,0.00850843,7.535742e-05,0,0.005559002,0.010106309,0.06891411,0.041299332,0.0012623693,7.197186e-05,0.0057029356,0.0059895427,0.000979112,0.009109529,0.00015832057,0.0010579964,0,0.0041337814,0.44352832,0.0045635826,0.00028772114,0.0049782707,0.042171635,0.006726301,4.2325e-05,0.010422907,0.0001339852,5.7391546e-05,0.0005820897,0.0021586122,0.0036856895,0.0012238228,0.015502044,0.05082918,0,0.002673457,0.00017181979,0.0011178235,0.0006391157,0.080790855,0.00011888448,0.00014203711,0.003184277,0.005847524,0,0.0061027533,0.00012991174,0.0024170144,0,0.00010209111,0.0002486241,0.31959084,0,0,0,2.7396394e-05,0.00028996312,0,0,0.0008934296,0,0.44514516,0,0,0.0016088679,0,0,0.000100145946,7.4687065e-05,5.9793878e-05,0.008763299,0.00020320457,0.0033942768,0.052142248,0,0,0,0,0.0020170265,0.23351564,0.0064045335,0.00093357766,0.032470223,0.2935278,0.00022308381,0.00021631693,0,0.029448556,0.013283475,0.009076242,0.0015199572,0.012052359,0.00059729733,0.00802919,0.02859166,0.009255649,0.00053630595,0.0039037198,0.00049119303,0.047713827,0.0022334782,0.030504268,0.0032024959,0.5754789,0.00062037166,0.17704329,0.010007449,0.0011940931,0.0008193163,0.0005423859,0,0.0004782965
"EHI01119",0,0.0004152815,0,0.0006974418,0.00039296338,0,6.4745036e-05,0.00019082609,0,0.0002833737,0,0,0,0.00021390268,0,0.002679672,0,9.273121e-05,0.0002686336,0.28346062,0.00014981911,5.4621767e-05,0.0038305258,0.0007227849,0,0.00012275316,3.8580314e-05,0,0,0.010913708,6.3241016e-05,0.00021249564,0,0,0,3.880474e-05,0,0.00020581519,0.0003015084,0.00055406266,0.0012093814,9.849784e-05,0.0004472947,0.0012654833,0.00010563004,3.9749048e-05,0.000103666534,0.00021692344,0.00021226949,0.0002070181,0.00024821504,0,0.00024466222,0.0005381481,0.0005668582,0.0069583706,0.0013543869,0,0,2.4427494e-05,3.406386e-05,0,0,0,0,0.0017447195,0.00055721676,0,0.012759622,0.0006300888,0,0.00019865812,0.00014449385,0.0001811704,5.7513287e-05,0.0001525634,0,0,0,0,0,0.000763559,0.00017822892,0.00035990126,0,5.611721e-05,5.6513363e-05,3.2607437e-05,0.000883259,0,0,0,0.00030109793,0.00037481368,0,0,0,0,0,0.007532369,8.0236314e-05,0.00019907423,0,0,0.0006392023,0.005469759,0.0058806953,0.005658719,0.00076300115,0.24888526,0.17926717,0.0071366956,0,3.8290513e-05,0.0044223927,0.028484194,0.0049373573,9.796555e-05,0.0009360804,0.013214124,0.0018029767,0,0,0,0.00022389673,0.00058581744,0.0014555766,0.00012399224,0,0.0019887732,0,0.0074205683,0.004356844,0,5.1864834e-05,0.00050881214,0.012101983,0,0.00011332399,5.8226287e-05,0,0.00031184393,0,0,6.632971e-05,7.8692865e-05,0.0004907925,0,0.00021426783,0,0,0.042522807,0.00078819745,5.5698372e-05,6.866809e-05,0,0,0,0.0038586145,0.0001585453,0.00033632384,0,0,0,8.142322e-05,0.0029768685,0.00037380547,0.00011191834,1.729751e-05,0,6.697713e-05,3.744174e-05,0.00014189685,9.094851e-05,0,0,0.00020089018,0.0003431414,0,4.438553e-05,7.087524e-05,0,0,0,0,0,0.0016558277,0,0.00023731598,0.0001095995,3.313678e-05,0,0,0,0,0,0.000269337,0,8.0101716e-05,0.00029164905,0.0012626544,0,0,0.00026283084,0.00049728475,0.0025825216,0,0.00048740816,0,0.002879062,0.00019778482,0,0.00081029383,0,0.00045132812,0.0003513247,0,0.0021551151,9.468249e-05,0,0.00022340953,0.0003787172,0.0017301996,0.0029960675,0.0001982788,5.631628e-05,0,0
"EHI01219",0.0077690757,0.013849927,0.0011249701,0.0004045659,0.0013251777,0.011507793,0.0002883312,0.0077314456,0.00026274027,0.0010830639,0.023396028,0,0.000352053,0.042171627,0.01288879,0.051542327,0.0012096675,0.0002510138,0.0010181494,0.0012835971,0.0013096641,7.10083e-05,0.21748346,0.033607386,0.001610861,0.0047649345,0.0009761989,0.033085246,0.0004135858,0.12271604,0.01600411,0.0030993733,0.03688932,0.0028926893,0.0002942541,0.00085986377,0.00029588008,0.00077151024,0.0033619402,0.0015731019,0.015422568,0.012093565,0.014108838,0.036124516,0.00034694004,0.0058269016,0.00832527,0.00032172914,0.008214419,0.0011755324,0.0005776844,0.0005043776,0.00069320964,0.012833053,0.0025458646,0.03709788,0.027086584,0,0.1028084,0.0032151237,2.678526e-05,0.00593534,7.7129174e-05,0.029438417,0,0.08051531,0.005785137,0,0.052412905,0.017184563,0.0001386255,0.0011743029,0.00014262942,0.00025584368,0.05644469,0.0005003828,0,0.0001735968,0,7.132615e-05,0.00050635287,0.02842462,0.0036238325,0.00082897255,0.0006097925,0.0014370201,0.25439423,0.0015014021,0.108291976,0.00068475376,0,0,0.0031841332,0.0013690869,0.0011354608,0.00080871576,0.00092999375,0.00044441925,0,0.018779455,0.0024510708,0.00014456002,0.00045824304,0,0.010709515,0.00095739233,0.0045256284,0.7965169,0.005843819,0.03307839,0.029972468,0.8694007,0.05813154,0.00067182444,0.368739,0.16518337,0.03133455,0.002550343,0.00017308656,0.004368268,0.61068493,0.007960793,0.0011567997,0.00054513314,0.00586501,0.004486943,0.036090452,0.008408416,0.00030719058,0.034232736,0.00072425755,0.07304918,0.0043314393,0.00010357443,0.0009759354,0.0084893,0.0019517847,0.0011373905,0.0009211207,0.004332036,0.005426629,0.009632955,0.0012512264,0.00049631565,6.849937e-05,0,0.006147748,0.00031853953,4.8060076e-05,0.00055398716,0.009545105,0.10884397,0.0017440744,0.0004387318,0.00012259766,0,0.002547298,0,0.98111516,0.00017486615,0.00013103527,0.00030965896,0,0.00012918355,0.00031254377,0.0055304985,0,0.0004945725,0.003498018,0.0023215667,0.013307621,0.04169567,0.040315155,8.860448e-05,0,0.013596562,0.0011988187,0.00034092757,0.0008338848,0.0004448641,0.0006534697,0.0016890925,0.0019653887,0,0.034318704,0.002903192,0.064471304,0,0.0007909578,0.0020439744,0.0047916695,0.007175749,0,0.0012259714,0,0,0.0010870055,0.00027220152,0.0015299965,0.0033512868,0.00040155087,0.012071927,0.00045842276,0.0063481987,0.0011195,0.03618513,0.00045964972,0.008979327,0,0.005623418,0.0020954125,0.0007894121,0.0030346697,0.0018204151,0.0022979293,0.0013014567,0,0.00047959478,0.0019776996,0.0005242945,0.00060333195,0.003940763,0.039008323,0.0001796272,0,0.00036140837,0,9.56593e-05
"EHI01147",8.735923e-05,0.11067969,0.012981724,0.17580993,0.009606666,0,0.003999085,0.07874082,0.13285239,0.030877529,0,0.00073429296,0.0033501515,0.004688034,0.0038560487,0.018579032,0.0008679841,0.0023731727,0.037978023,0.032724902,5.17962e-05,0.0010694942,0.00017700973,0.004106156,0.117158845,0.0046738596,0.00064183614,0.0055068717,0.0012505272,0.00089486165,0.000118215234,0.0026660864,0.005343964,0,2.8661116e-05,0.10997818,0.0006848263,0.011380607,0.04764319,0.0064296075,0.006859727,0.109159246,0.004431828,0.006492427,0.37786594,0.5193132,0.00068328634,0.0066234767,0.03779525,0.116528355,0.26049113,0.0010225655,0.0013118403,0.0072536757,0.05000132,0.0069521717,0.0027566913,0.00018186792,0.00019459304,0.0002997215,1.97978e-05,3.3855613e-05,0.16669643,0.00038721133,0,0.010415628,0.0006175046,0.0012569376,0.0012124925,0.07251405,0.0004491466,0.13597721,0.009666173,0.00049965945,0.012176713,0.006656912,0,0.08800366,0.095459275,0,0,0.065738626,0.006981721,0.1250273,0.00013571266,0.03431384,0.0007767302,0.0033240118,0.00028327378,0.24683811,0.015435224,0.0014593559,0.011370289,0.000846091,0.22349294,0.13888773,0.007903385,0.009701638,0,0.00087041804,0.00510719,0.00047845958,0,0.00014372497,0,0,0.00044404247,0.008477469,0.0001388796,0.0008860077,0,0.011056188,0.009180331,0.078334436,0.00036917903,0.0009605921,0.0006613403,0.0022337765,0.0016519759,0.0002912688,0.0051795947,0.0045415196,0.0010228894,0.0010317833,0.00021145803,4.477319e-05,0.012242007,0.0049156263,0.003385129,0.01743205,0,0.0052936305,0.0015460354,0.0010986633,0.030952347,0.0017715915,0.0013337415,0.0010623977,0.13490205,0.002350013,4.2325e-05,0.0042608064,0,0,0.0008412095,0.0018618396,0.00054634863,0,0.0018680017,0.0014811312,0,0.0012768811,0.0016250426,0.009293487,0.0014658126,0.09442173,0.00023459872,0.0016926089,0.004734517,0,0.8934491,0.0016357929,0,0.0009920507,0,0.005873957,0.00051376515,0,0,0,0,0,0.00014189685,0,0,9.627474e-05,0.00078790693,0.004856742,0,0.00020528308,0.00149972,0,0,0.0010295003,0,0,0.004438135,0.001327315,0.0005144232,0.1351876,0,4.3548385e-05,0,0,0,0,0.0057456773,0.00055175985,0.097767636,0.03876148,0,0,0,0.00028468546,0.00014138488,0.007925489,0,0.0044301837,7.603873e-05,0.0046134894,0.07879858,0.0011460169,0.00084885507,0.0093085775,0.0006848228,0.0041898214,0.0015894023,0.009891897,0.91923887,0.018449182,0.0058547184,0.36259156,0.0057814615,0.01156628,0,0.00092894526,0,0.00014859079
"EHI01824",8.6287335e-05,0.03026522,0,0.0002963507,0.0016405684,3.524808e-05,0.011910928,0.020600941,0,0.005365489,0.00060489285,0,0.0005694975,0.002874139,0.0012194143,0.03351381,0.0011676317,9.486296e-05,0.0007406554,0.0018936871,0.0007162356,0.00018534985,0.07957751,0.008946625,0.00025623542,0.00089359016,0.0004413354,0.0018773811,0.00027572387,0.024352456,0.0037510602,0.009472328,0.0017831997,0,0,3.6956895e-05,0,0.0016213584,0.007777675,0.024671199,0.03231758,0.0014367552,0.004153021,0.015251926,0.00012611863,0.0009200168,0.0020094356,0.00013039779,0.0011751731,0.0003377408,0.011106232,0.0006809097,0.00066477305,0.0046200934,0.0009145408,0.01441886,0.0044135926,0,8.402881e-05,0.00023613246,4.367162e-05,0,0,8.630267e-05,0,0.016935999,0.00067458185,0.00022214238,0.031182744,0.0032841528,0,0.00024078047,0.00014915495,0.029216046,0.00062804506,0.00043037944,0,0,0,0,0,0.023178633,0.00811828,0.0005698436,8.303713e-05,0.0055057798,0,0,0.030589784,0,0,0,0.00020299244,0.002390672,0.005160484,0.00028817062,0.00029472366,0.0013668516,0,0.0011504012,0,0.00014602022,0,0,0,7.845568e-05,0,0.01139613,0.001277525,0.0004379916,0.3570928,0.014312253,0.002811373,0.00010890418,0.09143024,0.07748758,0.011262299,0.0015852608,0,0,0.0066750296,0.0028109457,0.01094021,0.0015194967,0.0016996377,0.00039710055,0.027150512,0.00964014,0.00027842046,0.018199,0,0.008350267,0,7.25989e-05,0.01085363,0.013936365,0.00028182252,0.00026872414,0.00057185034,0.0019416526,0,0.006679984,0,9.33623e-05,6.9119276e-05,0.009493372,0.0007649439,0,0.019934252,0.0054917126,0.00010111339,0.055633485,0.0003141404,0.00019237361,0.00013231169,0.00016934783,6.1819934e-05,0,0.02069327,0.828883,0,0.0024450696,0,0,0,0.00017646211,0.00036163503,0.0020763518,0,0,0,0,0.00014189685,6.9852205e-05,0,0,0,0.00048371867,0,0.00022798024,0.0012185816,0,0,0,0,0,0.014159533,0,0.00068246236,0.00019773106,0,0,0.00020325785,0,0,0.0022559874,0.00074899296,0.00011035197,0.0009321904,0.0055331215,0.028557703,0,0.00967047,0.0019933735,0.004471297,0.08481608,0.00042302423,0.010697058,0.07161957,0.012856752,0,0.00028159271,0.002028525,0.00505129,0.001282797,0.00052561465,9.766724e-05,0.0008795972,0.028253356,0.00026865213,0.00030355927,0.0013198996,0.014465027,0.00015681739,0,0.00021487668,0,0
"EHI01796",0.054410864,0.9325591,0.32270274,0.9899563,0.71845084,0.8612878,0.05361968,0.89447135,0.77768886,0.65973485,0.9315248,0.0060614324,0.032543253,0.010769287,0.06175961,0.004704351,0.22179294,0.8393965,0.9915588,0.044238742,0.21138112,0.3796242,2.9428416e-05,0.00094988,0.74629354,0.020377023,0.005552058,0.008176511,0.003302716,0.008693695,0.00065762387,0.8517916,0.008226637,0.036889397,0.02337314,0.7715183,0.0038648786,0.83805645,0.84628445,0.0018257003,0.012029472,0.9422074,0.074035294,0.9303487,0.9971539,0.9951082,0.97899806,0.16549918,0.7207836,0.694329,0.9443019,0.0066517796,0.004168379,0.114112206,0.07761674,0.112524755,0.0019807764,0.01639937,0.37642628,0.899166,0.01847921,0.018186783,0.9712291,0.35436165,0.00012510506,0.83067477,0.16892585,0.25074267,0.58716726,0.98072577,0.010955111,0.18877245,0.08477874,0.3288551,0.91730547,0.29638892,0.06690025,0.9977203,0.96316445,0.9979621,0.99965274,0.9951468,0.98731494,0.965885,0.99971795,0.99416405,0.99998754,0.9800822,0.01219276,0.4319852,0.6622421,0.011947562,0.09171823,4.2420772e-05,0.34305108,0.8957859,0.019532993,0.24172908,0.0004373554,0.0010392314,0.00078750454,0.00030907613,0.0002863131,0,7.9284095e-05,0.0006385205,0.00031541762,0.082555406,0.022362124,0.0018425721,0,0.102868624,0.021876255,0.06657527,8.789977e-05,0.96418333,0.025507204,0.9678195,0.0053056334,0.0005221433,0.081031434,0.062401928,0.9803039,0.9657434,0.9571027,0.0012536494,0.002170729,0.1818961,0.85712576,0.98603284,0.00052931055,0.99844825,0.00041372777,0.006532933,0.44372046,0.22879711,0.0017787588,0.018505719,0.87134355,0.017627815,0.9909264,0.9178021,0.9667612,0.023058468,0.46048748,0.03876921,0.008689931,0.015751554,0.615481,0.9983809,0.02261401,0.518096,0.0053295186,0.9732678,0.11664498,0.98826617,0.017855657,0.9785344,0.15936899,0.00013289826,0.0003983472,0.1500252,0.83167076,0.009636501,0.43551356,0.0021885359,0.07495842,0,0.71557796,0.019220334,0.32819813,0.006984802,0.0049067517,7.032102e-05,0,0.014851342,0.7235953,0.009047495,0.9871582,0.005008504,0.9894845,0.94396615,0.864775,0.0024876252,0.8722464,0.1961307,0.93259686,0.39624748,0.99312556,0.9160072,0.9983672,0.9939314,0,0,0,0,0.07821289,0.0008747233,0.15854119,0.86574614,0.00010708023,0,0,0.0019605914,0.004952127,0.0035595363,0,0.86640894,0,0.15204854,0.6962509,0.0021932083,0.0015409283,0.009605757,0.031499,0.07258057,0.4391459,0.01711439,0.9982952,0.34254384,0.15388562,0.96132106,0.9243287,0.36944354,0.0007095548,0.004374627,0.0014904616,0.00082649634
"EHI01787",0.00016078385,0.029384326,0,0.013458889,0.00025097045,0,0.0002585485,0.020407816,0,0.00025035348,0.00011950468,0,0.0018835778,0.0007550765,0.00035954104,0.0080646025,0,9.486296e-05,0.0001208247,0.43628815,0.000121136276,0.00011907545,0.006387723,0.0018432745,0,0.00054842944,0.00032968633,0,0.0009938,0.0010508911,0.00051130156,0.0014306763,0.00017531458,0,0,6.590646e-05,0.001144889,0.00025922744,0.009042283,0.005446654,0.005352268,0.0004944592,0.0009036155,0.0036308332,0.00018439726,0,0.00019559724,0.00018280065,0.00020457857,0.00044756732,0.0004930909,0.0009913421,0.0009164103,0.0019018521,0.0015099561,0.0014796999,0.0023866307,0,0,0,5.007679e-05,0,0,0.000398143,4.39749e-05,0.0043485328,0.0006813598,0,0.0020204957,0.00097619387,0,0.00033470194,0.00014822272,0,0,0.0010010796,0,0,0,0,2.9178997e-05,0.0037130073,0.0017444972,0.00020754305,0,0.0052052643,0,0.00014600345,0.002387954,0,0,0.0004696013,6.781485e-05,0.00046139854,0,0.00047984676,0.00048530468,0.00054940017,0,0.001278864,0,0,0,0,0,0,0,0.14433889,0,0.00046498052,0.029775238,0.18827373,0.0007462116,0.00017504234,0.0074761338,0.005030469,0.00047977926,0.0002428898,0,0.00022934552,0.32946283,0.0011199623,0.000359304,5.4938646e-05,0.00024239533,0.00012553231,0.0056384103,0.0024409052,0,0.00647655,0,0.0019694543,0.00035203152,0.00062967447,5.1134342e-05,0.004125079,0.00036505845,0.00042870874,0.00039111308,0.00011878162,0,0.004092952,0,4.082075e-05,0.00010693341,0,0.00044556588,0,4.7392576e-05,0.00018207318,0,0.013166428,0.00051183667,0,8.608634e-05,0.0007913754,0.0003772601,0,0.14919335,0.01090815,0,0,0,0,0.0009179077,0.00030424504,0.00013474382,0,0,6.267683e-05,0,3.269303e-05,0.00014189685,0.0001040751,0,0.005451718,0,0.00039885574,3.2819564e-05,0.00022848461,0.00027168842,0,0,0,0,0,0.0032772264,0,8.588033e-05,0.00032540885,0,9.990512e-05,0,0,0,0.00019196823,0,0,0,0.0051707914,0.008788016,0.012546382,0.0016536968,0.0028508806,0.0016027682,0.0096885115,0,0.0028318737,0.002495119,0.0073993495,0.0002489599,0.00081203476,0.00037039103,0.0068435115,0.0008969612,0.00026898296,3.728513e-05,0.00091837294,0.0012278344,0.00016522431,0.00043419705,0.00038362652,0.0040796935,0,0.00041992616,0.0001257548,0,0
"EHI01799",0,0.8981031,0.030755786,0.14417239,0.2027742,0.0010001055,0.9539002,0.86250776,0.31394923,0.06485536,0.7564977,0.26964387,0.0010100345,0.0008078391,0.0022549855,0.0040694005,0.001907236,9.433002e-05,0.18132244,0.0018021736,0.0027279332,0.21580076,0.0072582774,0.0013264505,0.002695897,0.0001630109,0.0006950302,0.0022540423,0.0006578294,0.0011484644,0.00080311956,0.002551862,0.001363697,0,0.00064933347,0.001499218,0.00015013499,0.019574758,0.50312465,0.0048403423,0.006257006,0.013158655,0.0028221689,0.0052876095,0.43057898,0.06656577,0.0033805722,0.0039515407,0.0070228386,0.0014369778,0.24764627,0.00055961893,0.0005424419,0.001363704,0.005099582,0.004651105,0.0009242854,0.50828105,0.00019187146,0.00030359888,0.0005456041,6.7711226e-05,0.087561905,0.0041822274,0,0.034556206,0.0006995532,0,0.0015552029,0.014427554,0.000984241,0.0011817027,0.8044029,0.004803647,0.5325251,0.044818167,0,0.19908515,0.2194582,4.631568e-05,0.00479158,0.027927795,0.0042998893,0.0021893992,0.00020484929,0.3630057,0.0013694633,0,0.0030251623,0.0032919808,0,0,0.00013156081,4.648852e-05,0.2773039,0.0016128365,0.0004743697,0.010847329,0,0.0008918285,0,7.9824385e-05,0,0,0,0.00024041618,0,0.000738286,0.000445084,0.00023171915,0.002344305,0.00092088635,0.0027859027,0.00061563187,0.0074270135,0.0070346333,0.00085520337,0.00308551,0,0,0.0004343631,0.001085701,0.014421215,0.0033087244,0.00057186163,0.000163192,0.0028719006,0.00071064977,0.001456139,0.018353835,0.00017722452,0.0027149161,0,0.0001451978,0.06104783,0.0029030046,8.323595e-05,0,0.0023501653,0,4.1760664e-05,0.0037986094,0,6.0624872e-05,0.23345454,0.0056428644,0.00059576286,0,0.003972299,0.006826502,0.00020222679,0.0033440758,3.260436e-05,0.14163625,0.0015626177,0.0016115182,0.0009154105,0.00028265387,0.0074437573,0.79482955,0.03814087,0.019045327,0,0.0021290632,0,0.00020283002,0.00034946462,0.0019281931,0.00011254914,0,0,0,0.00014138273,0.00387,0,0,9.718388e-05,0.0030543273,3.348935e-05,0.00066679175,0.9009774,0,0.00022655778,0.000100145946,0,0,0.0032863717,0,0.00069906586,0.002203854,0.0030120427,0,0,0,0,0.0028910702,0.0021525498,0.0008423534,0.004370113,0.41733623,0.027689165,0,0.008110989,0.009493542,0.010984142,0.007599992,0,0.0051615275,0.040987495,0.005889917,0.00034439453,0.00043518873,0,0.01830245,0.0034582838,0.0010676977,0.22380349,0.04070025,0.98315716,0.085742965,0.009240571,0.0025247815,0.008123718,0.014374738,0.00033140884,0.002141659,0,0.019087857
"EHI01140",0,0.0046706856,0,0.0002849335,0.00015460854,0,0.00014805031,0.0036647806,0,0.00011106808,2.987617e-05,0,0.011451136,0.011918657,0.010553518,0.077097714,0,5.1694984e-05,0,0.0003508017,0.00093261007,5.4621767e-05,0.026778542,0.06784533,0.0042583486,0.005422258,0.002261625,0.0056135217,0.0067840014,0.00072784425,0.0045074723,0.013375739,0.006079033,0.00042970775,0,0.003334744,0.0076437145,0.00022504361,0.002541902,0.092567176,0.11783744,0.0008286952,0.010313854,0.023518214,0,0.00041331293,0.006369298,0.00028577834,0.006410641,0.0034984117,0.00020870099,0.0027878871,0.0063606813,0.018841116,0.0021303587,0.0029222057,0.002012529,0,0.00020854114,5.8160702e-05,0.00016042042,0.0002383435,0,0.0025344219,0,0.02495371,0.0002486428,0.016928975,0.00024223837,0.012247387,0,0.0019285206,0.00013237502,0,0.0055707367,0.0005367971,0,0,0,0,5.8357993e-05,0.019052336,0.013669971,0.0033278868,0.00019607005,0.005572911,0,0,0.031362634,0.010288969,0.0007923361,0.0041572354,0,0.025514642,0.004676062,0.004130883,0.0042052795,0.0022423926,0,0.00012352195,0,0,0,0,0,8.2728024e-05,0,0.00063749007,0,0.0015753818,0.005689189,0.00041568268,0.008949721,0.001548528,0.11973914,0,3.18156e-05,0.00094807986,0,0,0,0.007097409,0.0011123839,0,7.080495e-05,0,0.052251816,0.005039619,0,0.028002474,0,0.023535557,0,0.0039972956,0.00021914719,0.009055931,8.061434e-05,0.001983559,0.0054726773,0.002170676,0,0.011639257,0,7.234568e-05,9.2985574e-05,0,0.00012842123,0,0,9.321153e-05,0,0.0012399888,3.15693e-05,0,0,0.003728909,0,0,0,0,0.00013103527,0,0,0.0001479201,0,0,0,0.0003197667,0,0.00012114716,0,0,0.00013315682,0,0,0,0,6.9366215e-05,6.362976e-05,0,0.0004729741,0,0,0,0,0,0.022536041,0,3.1775722e-05,0.0035744128,0.00029482658,0,0,0,0,0,0.00031225925,0,0.0018563169,0.0041894657,0,0.0002927489,0,0.0031183125,0.00012493061,0.11588693,0,0.016750548,0,0.0010980337,0.0034840554,0.005353238,0.027332323,7.315189e-05,0,0.0006120735,0,0.0003244918,0.0021022551,0,0,0.00069361355,0.02486535,8.3826024e-05,0,0.000246042,0,0
"EHI01186",0,0.0018283952,0.0022645048,0.0007654486,0.00085222593,0.0002128984,0.0022859313,0.00068467483,0.0010187383,0.0005985669,0.00012986174,0,0.12503718,0.029951366,0.051384117,0.20947668,6.220174e-05,8.9533576e-05,0.00026984184,0.10558329,0.0040264586,0.00013801099,0.15410475,0.35913995,0.0011509728,0.026418988,0.053436074,0.023519743,0.0578765,0.0021039797,0.011633453,0.06836489,0.027236372,0,0.00020572312,0.0025524895,0.06508484,0.00013080066,0.00083704345,0.11798076,0.42075706,0.015413599,0.046581328,0.09175361,0,0.000377423,0.0065329475,0.0046163257,0.008037015,0.0016595466,0.00021370982,0.052666027,0.059053738,0.06314128,0.0010708908,0.010096922,0.061342876,0.00018684086,0.00010171909,0.00020743984,0,3.3855613e-05,0,0.0007784501,0.00037907774,0.073240474,0.00055757345,0,0.031801183,0.014183802,0,0.0048395167,0.0003281409,0,0,0.0002765604,0,0.0033355383,0.00010745078,0,0.00065613835,0.0762196,0.08301549,0.0020982244,0.00035519403,0.00047175167,0.005983188,0,0.14348921,0.011064751,0.0014216866,0.015790842,6.781485e-05,0.035808362,0.003626995,0.0028278795,0.05210881,0.025249312,0,0.0044204392,0,8.85856e-05,0,0,0.00045228904,0.00015729976,0.00043666907,0.093372405,0.0031130782,0.0016571196,0.32683814,0.121998355,0.032823674,0.0019737019,0.2206279,0.04696185,0.0015572676,0.00465053,0,0.0012422883,0.075175464,0.04277099,9.943837e-05,0.00010633287,0.00069688656,6.276616e-05,0.16702676,0.25929442,0.00018004523,0.10974435,0,0.06554835,0.0017229584,0.016675483,0.00032872078,0.39915574,0.0009241157,0.008070474,0.0029760625,0.011437972,4.0914165e-05,0.06392483,0,6.0624872e-05,6.849937e-05,0.00024947312,0.00031798217,0,5.006258e-05,0.00023302883,0,0.0821258,0.0008580639,0,4.7565212e-05,0.006105749,0.0062683825,0,0.2205865,0.051592506,0.00013103527,0.00013954169,0.00010096767,0.00018933772,0.00025185567,0.00031709092,0.0003581578,0.0021339098,0,0,0,0,0.00013881213,0,0,0.0004563423,0.0002745934,0.00046895992,6.496934e-05,7.565716e-05,0.0007819901,7.469454e-05,0,0,0,0,0.07791751,0,0.00022414766,0.0024552548,0.00046346104,0,0,0,0,0.0006697237,0.0011605099,0.00016552796,0.0033583583,0.0005365343,0.018062353,0.00020622215,0.003386141,0.0039476384,0.014229291,0.46542484,0,0.07910639,0.011060227,0.0051974566,0.0010981897,0.055269565,0.039899234,0.315277,0.0030297358,0.0005164656,0,0.0009367404,0.0042895726,0.00028621533,0.0015045432,0.007350621,0.09319505,0.00044479116,0.00045391681,0.00049919187,0.000105014915,0.0005873481
"EHI01139",0.00013023493,0.89080215,0.00014797639,0.015186857,0.42250648,0.0046764803,0.023276703,0.84673125,0.0026298815,0.7539932,0.0025544125,0,0.00023156428,0,0,0.00018293751,0.01682287,0.00066777127,0.240711,0.008314081,0.00019883057,0.87091964,0.0003562156,3.3430242e-05,0.0009373041,0.000116813484,0,0.0014651698,4.450661e-05,0.00037491013,0.00031165834,0.0024535907,0.0002185171,0,0,0.00052170816,0,0.23091942,0.7504107,0,0.0011446009,0.00015890985,0.00011533383,0.011340211,0.9952257,0.33150706,0.0033499287,0.0066502877,0.0033747773,0.00059870025,0.8578028,0,0.00016740047,0.00092962664,0.011779085,0.010005796,0.0010385943,0,0.0004701531,0.00039394182,0.009722758,0.008652592,0.8495819,0.00088891754,6.937217e-05,0.058687817,0.00070954167,0,0.0008096289,0.0071759126,0.0017115629,0.0007126647,0.00014635829,0.36393276,0.05772877,0.12869382,4.2906388e-05,0,0.00016045984,0.00016920661,2.6844677e-05,0.030537965,0.005771444,0.0012860472,0.00016900066,0.9058833,0.0010993821,0.00038252902,0.00018485349,0.00025270676,0,0.00099175,0.00025995693,4.8812944e-05,0.28071028,0.00078180234,0.0003035758,0.011480014,0.00012968898,0.00087041804,0,0.00015234775,0,0,0,6.0201142e-05,0,0.0047745444,0,0.0009847101,0.00011064093,0.00061554345,0.0019068323,0.00012083889,0.00050361396,0.00091662904,0.00023119338,0.0015212998,0,0,0.0013326809,0,0.010174534,0.005461256,0.01901368,2.8035549e-05,0,0.0016477647,0.003385129,0.024981208,0.00010751621,0,0,3.5331464e-05,0.5367324,0.004310564,0.0010460203,0,0.0005032748,0.00024532675,0.00021275366,0.0040539713,0.0021660943,0.0007133527,0.9206253,0.11744742,0.0032582702,0.0004466315,0.11209712,0.013207452,0.000106169064,0.0016257176,0.0004383475,0.121884316,0.45658886,0.000866822,0,0.015506665,0.11284083,0,0.009645069,0.06927545,6.933114e-05,0.0025886018,0.008318317,0.00035765694,0.0028417907,0,0,0.00054684485,0.0002830192,0.00018227735,0.0002164441,0,0,0.00048458288,0.0026317919,0.0032207326,0.00021008986,0.0001730027,0.0014028572,0,0.00044235407,0.00049538864,0.00024413333,0.00014709294,0.008517991,0.00010952871,0.0027513194,0.00050732144,0.00019655105,0.00044777986,0,0,0,0,0.001759275,0,0.0064699603,0.72405714,0.00025729,0,0,0.00020876934,4.5706318e-05,9.367201e-05,0,0.0075004385,7.603873e-05,0.005443568,0.00018533682,0.00015716802,0,0.00022859965,0.00080085825,0.0006299142,0.76163846,0.01332049,0.98631406,0.00013269985,5.301243e-05,0.004227606,0.010189929,0.0029858032,7.5062686e-05,0.0015249137,0,0
"EHI01795",0.002092334,0.8791946,0.0030591497,0.6134172,0.72746676,0.0017720384,0.0365162,0.8123591,0.12656955,0.8566111,0.11628084,0.31106997,0.00012048873,0,0,0,0.60218155,0.3620157,0.89572304,0.0027140975,0.00042773638,0.18642336,0.00013176903,0,0.0027960541,8.24954e-05,8.885164e-05,0.002383546,8.141453e-05,0.02362593,0.00040259314,0.0038210927,0,0.00021577599,0.00016655293,0.0011727655,0,0.43335208,0.6568988,0.00017403731,0.0017455711,0.0006481158,0.0001860385,0.008225642,0.9970082,0.9593784,0.006066122,0.0110503,0.0057297377,0.0026120243,0.94535595,0,0.00013091575,0.00199406,0.020608224,0.03518239,0.00064024515,0.90235186,0.0035241072,0.034990642,0.0010996513,0.00079650973,0.92564285,0.44812086,0,0.08009118,0.0014255046,0.0010619699,0.3083922,0.007113791,0.003109832,0.0007434026,0.009874057,0.14096084,0.6147603,0.110966325,0.14128384,0.003143962,0.068371646,2.3775383e-05,0.0005094653,0.12483238,0.008823264,0.0040440904,0.02580772,0.8637603,0.0034387724,0.0053758468,0,0,0.003713168,0.002566178,0.142394,4.997516e-05,0.30501625,0.0018484931,0.0003947006,0.012293266,0.00023937275,0.016815456,0.0009224204,0.0010552395,0.00070121844,0,0,0.00056394876,0.00014992578,0.0061803823,0.0007973027,0.018079877,0,0.006156129,0.0025091711,0.00021979748,8.221214e-05,0.04679919,0.0118884295,0.0018969694,0.00033086617,0.00094184565,0.0037190358,0,0.04071935,0.031538684,0.35939318,0.30213493,0,0.0763951,0.015912658,0.020604944,0.00017722452,0.0014714663,0.003043984,0,0.59047234,0.014042291,0.11511139,0.0011611383,0.0032143334,0.0001754552,0.0003840288,0.007165251,0.005984673,4.041658e-05,0.20929533,0.73609763,0.23183495,0.0014330522,0.064861745,0.05772155,0.00050017424,0.036825005,0.0021829393,0.10297858,0.039660677,0.00081471505,0.0026542943,0.38222945,0.10081996,0,0.00035728948,0.5041606,0.519966,0.0038291581,0.9990947,0.0045285183,0.13195506,0,9.110022e-05,0.0045808773,0.00018296191,0.00013606876,0.0004354588,0,0,0.0011828957,0.021203697,0.3434255,0.00015695342,0.0001755246,0.9322565,0.0012020841,0.0017592212,0.005040012,0.003342246,0.00023837826,0.0058115358,0.03958454,0.004838784,0.0022151528,0.0003397655,0.9878618,0,0,0,0,0.0038383205,0.0007555432,0.0056012063,0.62681806,0,0,0,0.0007258042,0.0012078657,7.1169794e-05,0,0.004507484,0,0.5454009,0.0012724617,0,0,0.14702539,0.003338689,0.0020045636,0.29444858,0.019704202,0.9914639,0.026176345,0.0008494611,0.0074319746,0.01100411,0.044010375,0.00025776244,0.0017939196,0.0008746242,0.021255497
"EHI01656",0,0.0006067522,0,0.0018773843,0.0008570574,0,8.2873645e-05,0.0004952282,0,0.0003007844,3.9038194e-05,0,0,0.00034081825,0,0.007850109,2.6982489e-05,9.379708e-05,0.0002267477,0.5434665,0.00014285726,0.00027456542,0.010218688,0.0020369394,8.096037e-05,0.00026992496,4.3256718e-05,0,0,0.031034471,0.00036580587,0.00096803566,9.391853e-05,0,0,0.00025069094,0,0.00028059233,0.00054660207,0.0012968223,0.0022226707,0.0001470901,0.0006528898,0.0042077624,3.2781736e-05,0.00020762124,0,0.00023642217,0.0012408023,0.0003445442,0.0002983033,0,0.00013896385,0.0014553725,0.0012386637,0.014250247,0.0020171474,0,7.994644e-05,5.8160702e-05,0,0,0.00011366404,0,0,0.0044460637,0.00063462777,0,0.033583343,0.0008975067,0,0.0004104083,0.00014729051,0.00030270242,0.0002591932,0.0001525634,0,0,0,0,0,0.0027472004,0.0003074682,0,0.0001752193,0.00020375267,0,0,0.0037519583,6.589396e-05,4.9218437e-05,0,0.0008598923,0.00096231233,0.00016353103,0.00016738841,4.1136343e-05,8.678423e-05,0,0.0133906035,0.0003756248,0.00034071386,0.00019253313,7.186249e-05,0.0022088632,0.010039609,0.015976517,0.01088154,0.0031147513,0.47468305,0.37921938,0.017432997,0.00051422516,0,0.0102258455,0.0625962,0.01209714,0,0.0019486957,0.03142263,0.0026590207,0,0.00038515797,5.033089e-05,0.00019997614,0.00049292354,0.005194801,0.00018188945,0.00014756285,0.00434979,0,0.012671027,0.009503944,0,0.00043171993,0.0010148489,0.028102947,0,0.00028127598,0,0,0.0011988491,0,3.6374924e-05,0.00011592201,0.00053787406,0.000520106,5.6345434e-05,0.000161869,0,0,0.100041896,0.0025809195,4.45587e-05,8.039191e-05,0,0.000113336544,6.1549414e-05,0.0077630905,0.0005665663,0.00041057717,0.00016881617,4.307954e-05,0.0001479201,7.484867e-05,0.008419474,0.00037206683,0,2.6061583e-05,0,2.981299e-05,1.5159339e-05,0.00014189685,4.0786188e-05,5.220752e-05,0,0.00011675111,0.0004641633,0,0.00021991014,0.00016537556,0,0,0,0,0,0.00354728,0,0.00039390445,0.00014123648,2.019982e-05,7.685009e-05,0,0,0,0,0.00039756717,0,0.00016127861,0.0005761586,0.0010931108,0.00015142185,0,0.0007160271,0.0014382255,0.008404315,0,0.0009822224,0,0.009430129,0.0003817385,0,0.0012491818,0.0013319739,0.0010856078,0.0006989898,4.652392e-05,0.0022142993,0.0002951866,5.399062e-05,0.00044681906,0.00038993848,0.0031357605,0.006899395,0.00047445283,0.00013012889,0,0
"EHI01189",0,0.020732377,0,0.00036485388,0.00061038166,3.85379e-05,0.00012949007,0.013544514,0,0.0010890675,2.987617e-05,0,0.018033775,0.012677299,0.010748997,0.14910942,0,5.0629107e-05,0.0010580217,0.0013879546,0.0003648012,0,0.011459074,0.017078627,0.0072321817,0.005573389,0.0065785283,0.0076610353,0.008312966,0.0005612664,0.0017628949,0.015001682,0.009846418,0.0003716142,0,0.005234328,0.008119581,0.00024355984,0.012890092,0.020551063,0.07625362,0.0076808617,0.00923473,0.015981732,0.00041569062,0.0011974883,0.0018092744,0.0015592895,0.0073438063,0.0052940263,0.006083495,0.008675895,0.008295445,0.017684475,0.003629606,0.001959502,0.003727162,0,0.00010205928,0.000108566644,0.00039304455,9.818128e-05,0.0015767986,0.002305432,0,0.01914483,0.00042165825,0.04639454,0.00045326212,0.0134058045,0.000277251,0.0044393544,0,0.00022176461,0.005658157,0.0027100407,0,0.00016367697,0,4.631568e-05,0,0.01552106,0.022322472,0.0042504338,0.00020192287,0.022482023,0.00066830334,0.00010852923,0.008423767,0.0103175,0,0.0030457568,0,0.010237353,0.0018219826,0.007506221,0.0038319284,0.0038521,0,0,0.00032213394,7.301011e-05,0.00029839083,0,0,0,0,0.09786224,0,0.0023060103,0.01154514,0.14335987,0.019605266,0.003417304,0.024279468,0.00041215337,0.0005022623,0.0017625703,0,0,0.09337961,0.009736287,0.0033391404,0.002897925,0.00013204166,0,0.085603714,0.0058486424,0,0.018607344,0,0.021499826,0,0.008622813,0.0066365073,0.016049324,7.799274e-05,0.0027297372,0.0068999785,0.0023639873,7.872449e-05,0.017356662,0,0.0001725788,9.2985574e-05,0,3.043025e-05,0,5.006258e-05,0.0013040293,0,0.0014367475,3.15693e-05,0.00011053985,0,0.0073101814,0,0,0.0024142526,0,0,0.00016881617,0,0,0.00046375833,0,0,0,0,0,9.8832104e-05,0,0.00013418506,0,0,0,0,0.00016050162,3.348935e-05,7.565716e-05,0.0006090545,0,0,0,0,0,0.01800753,0,0,0.006409311,6.014553e-05,0,0,0,0,0,0.00024143755,0.00011035197,0.0024573486,0.0122564,0,0,0,0.002222272,0,0.049985792,0,0.018233139,0,0.0029234784,0.004330519,0.0077179023,0.012108236,0.0061249463,0,0.00032479237,0.0001484806,0,0.009088,0,0,0.0008093327,0.018681709,9.6941665e-05,0,0.00016402801,0,8.991974e-05
"EHI01642",0.0005396978,0.33616707,0.050372563,0.52318805,0.03475337,4.6292476e-05,0.009046608,0.26275373,0.4019201,0.102554865,6.493087e-05,0.0043232185,0.011215807,0.02050685,0.015919872,0.07672374,0.002635763,0.006735803,0.13019627,0.11257042,0.0002353107,0.0037354005,0.00045328547,0.018853888,0.32651904,0.017797228,0.0019225857,0.022980567,0.004145628,0.0025320717,0.00036373918,0.01097958,0.018538265,0,0,0.31960878,0.004850853,0.03983509,0.16419333,0.030056959,0.024210827,0.37160674,0.018572258,0.021849304,0.8249924,0.91289246,0.0027083696,0.01879861,0.13315706,0.33393624,0.6413554,0.0024582401,0.005110007,0.01961976,0.17202148,0.024984425,0.008688051,0.00031258547,0.0004439579,0.00047575455,0.00079715264,0.00018846292,0.49333093,0.0010166455,0,0.034019224,0.0005604273,0.0051179016,0.003979212,0.2396698,0.0012383878,0.43712643,0.026194405,0.0022735258,0.036392875,0.021203486,0,0.2745235,0.30525765,0,0,0.13265117,0.018485885,0.3975541,0,0.11840731,0.0034105156,0.01310235,0.0016750377,0.6354033,0.058837008,0.007328707,0.032556552,0.002308736,0.2842478,0.41848874,0.02645275,0.012321262,0.00012761948,0.0027759501,0.016915597,0.0011813035,0,0.000285853,0.000103110404,8.42816e-05,0.0006078958,0.032794047,0.00020329964,0.0021579568,0.00025655868,0.045185193,0.028618317,0.25977626,0.00075904035,0.0012551444,0.0021380084,0.0056836214,0.004436668,0.0014288226,0.03210905,0.015531007,0.0036480625,0.0035990132,0.00059354963,0.0001305536,0.05054943,0.01173315,0.007304825,0.039363913,0.0007703359,0.019585095,0.0060888752,0.003103845,0.089884676,0.0052740695,0.0033667958,0.0025835014,0.38783538,0.008692796,6.771999e-05,0.010774527,0,0.00012690807,0.003924611,0.010544425,0.0009609259,0.00013673159,0.005681769,0.0048038117,5.3253054e-05,0.002673867,0.004798016,0.032880034,0.005067035,0.32170007,0.0015724454,0.007067767,0.018989593,0,0.9725717,0.005110023,0.0013388314,0.0018923911,0,0.022286287,0.001862942,0,0,0.00020822168,5.7992394e-05,6.301171e-05,0.00014189685,7.032102e-05,0,0,0.0042069536,0.016349765,7.010437e-05,0.00026177376,0.0016537555,5.8759702e-05,0,0.0061496287,0,2.7505184e-05,0.020341182,0.001258139,0.0017313474,0.40475774,0,0.00015984819,0,0,0,0,0.017474176,0.0005318965,0.27592245,0.13518023,0.00026918782,0,0,0.0011462185,0.00019867012,0.031423036,0,0.015016152,0,0.01098325,0.26462224,0.003627962,0.0034669617,0.02778781,0.0013696456,0.011559864,0.0057029747,0.01757766,0.9837536,0.06744339,0.020869859,0.8087183,0.025273215,0.04295884,0.00020040321,0.0017277616,0.000112515976,0.00035712804
"EHI01645",0.00015917601,0.85684377,0.03903722,0.18725345,0.8944743,0.00010386434,0.9606916,0.84213346,0.92334986,0.79241616,0.0013476145,0.019095896,0.0028879642,0.00063743,0.0065287533,0.00062429026,0.13929753,0.93042976,0.8935788,0.0011704094,0,0.04040008,0.00075284037,0.0004810881,0.07206642,0.00879599,0.0007032139,0.0039282804,0.0001221218,0.24336721,0.00048691448,0.2927003,0.001100099,0.009216585,0,0.063381076,0.00023178736,0.83938247,0.88931805,0.0021681366,0.0041013043,0.08017199,0.006490286,0.65150976,0.9984697,0.016251186,0.2102214,0.9200844,0.034225635,0.060286492,0.98783743,0,0.0005102495,0.038559016,0.02304914,0.12730998,0.0022884868,0.0008155639,0.0013849445,0.003534232,0.001446404,0.0008477445,0.81926197,0.0041655423,0,0.58474106,0.00078837964,0.00015355862,0.23330481,0.06839333,0.0025423917,0.013731887,0.9888087,0.25177726,0.091663145,0.17238188,0,0.03914546,0.8894353,0,0.00010601702,0.54573953,0.37385336,0.08443523,0.00018473016,0.8672487,0.5372121,0,0.0010479237,0.06898962,0.03318775,0.0010283337,0.010735994,0.00035505605,0.28489575,0.07277063,0.0021781432,0.037139453,0.0005318628,0.002130342,0.04122185,0.0011097536,0,9.42197e-05,0,6.680385e-05,0.00047845166,0.18917187,0.0074568302,0.0024937761,0,0.24328333,0.0050417474,0.0052085044,0.0024880806,0.4691234,0.090962924,0.0028620516,0.0017708993,0.004836897,0.6357913,0.0074750446,0.014205766,0.0136921285,0.4472771,0.03871584,0.0004667309,0.0061104605,0.004260297,0.7763829,0.0006545492,0.019909183,0.009728046,0.00034750675,0.56616896,0.0072750887,0.025175925,0.00023622726,0.06990928,0.0020728558,9.311499e-05,0.3319929,0.002175864,0.00013903304,0.043131668,0.025163298,0.005923011,0.08455722,0.74436814,0.021875503,0.04080768,0.20250228,0.007320455,0.5525386,0.027738558,0.06591484,0.017365852,0.16887219,0.13249117,0.8322987,0.9995597,0.51589507,0.39704123,0.0030086949,0,0.02234105,0.7222565,0.98247784,0,0,0.00037204978,0.00016474366,0.0007485573,6.657056e-05,0.00015730949,0.00079651305,0.036304377,0.003624016,0,0.0002451292,0.9631383,0.00021014063,0.0010342363,0.000650281,0.0004621262,0.00020090744,0.63191456,0.0018144295,0.006654294,0.09117436,1.8384106e-05,0,0,0,0.0016253709,0.39042294,0.011452724,0.0011189689,0.015817132,0.82666516,0.02866776,0,0.0091333,0.000630909,0.0005003318,0.0012261091,0.0038804691,0.38438314,0.08686874,0.009943468,0.055906713,8.037001e-05,0.00010756562,0.40248623,0.015014134,0.0038051025,0.04130433,0.11004965,0.97937644,0.58899343,0.02886022,0.08928469,0.6547836,0.0128863985,0.0003307007,0.0027184908,0.00037580336,0.0068141306
"EHI01193",0,9.337944e-05,0,0,0.000991803,0,0.00020286777,0.0002496833,0,0.00024134795,2.9278646e-05,0,0.00075870246,0.0015244131,0.0009075793,0.0132968705,0.00010849801,9.433002e-05,0.00034878062,0.00090951566,0.00019883057,0,0.0049505625,0.0120302765,0,0.00041709674,0.00055590726,0.0010292586,0.00044560886,0.07964093,0.0012081928,0.0028741152,0.00047021874,0,0,0,0.0007761364,0.00030195725,0.00025859,0.018858803,0.04508371,8.799141e-05,0.00048289774,0.0031351957,0,7.988401e-05,0.0007856489,0,4.614554e-05,0,0.00012076831,8.766563e-05,0.00052258995,0.0014888046,0.0006910816,0.02255132,0.0056825364,0,0,0,0,0,0,0,0,0.0024180936,0.00055614655,0,0.025993641,0.00015796591,0,0.0002476111,0.00014356163,3.7587222e-05,0,8.695485e-05,0,0,0,0,3.929438e-05,0.0026328864,0.0020799595,0,0,0,0.0003252804,0,0.008267935,9.578401e-05,0,0.0005154972,0.00087029056,0.0069331815,0.00017741574,0.00012143865,0.0024265235,0.001403245,0.00010347525,0.0007205448,0.00024962408,0.00014602022,0,0,0,0,6.144499e-05,0.51512825,0.00091275683,0.00061997405,0.0077256234,0.67297363,0.0017264748,0,0.02642784,0.08738421,0.022199655,0.00019188295,0.00017661895,0.00012461106,0.75489664,0.00013095413,0.00017898907,0.00070073357,0.010016987,0.0022411703,0.013987409,0.002557212,0.0002533626,0.0020962746,0,0.0016867139,0.00015242603,5.420718e-05,5.040385e-05,0.004368384,0.001529051,0,0.00011332399,0.0011420116,0,0.009399868,0,3.475826e-05,6.880932e-05,0,0.00047683364,0,0,0.0005825721,0,0.04577096,0.00014232061,0,0.00010048989,0,0,0,0.003347341,0.0046444447,0,9.75816e-05,0,0,0,0.00018322312,0.00014517561,0.005187682,0,0,9.760691e-05,0,0.00013778389,6.9852205e-05,0,0,0,0.00041398348,0,4.6907437e-05,0.00035862872,0,0,0,0,0,0.0021910938,0,0.00038216746,0.000111859285,0,0,0,0,0,0.00051528314,0.0004710715,0,0.00024191792,0.00013493677,0.0010380833,0.0027876042,0.00041201798,9.3169794e-05,5.789467e-05,0.03290923,0,0.002917043,0.00045675677,0.003895544,0,0.00038577605,0.009370386,0.0001295398,0.0004321075,0.00018343907,0,0.00073265756,0.00017670689,0.00015091355,0.00038938894,0.00030788308,0.0026239895,0.00018304867,0,0.00013067565,0,0
"EHI01649",0,0.0019521872,0,0.0003603863,0.00011166173,0.00025425616,0.00017481159,0.0015381043,0,0.00044787454,0.00021172245,0,0.017876575,0.022355681,0.010127654,0.24386424,0,9.326414e-05,3.1414424e-05,0.0010130703,0.0014778626,2.4033578e-05,0.11386777,0.032956455,0.0003163297,0.010363402,0.006935104,0.011741673,0.009460911,0.00047951576,0.016910978,0.00422694,0.01218499,0.00037899116,4.7768524e-05,0.00018232068,0.010404091,0.00021982107,0.0016970307,0.010527942,0.1889677,0.0064956043,0.016150748,0.015840381,4.0066567e-05,8.5672706e-05,0.0139865065,0.0004204415,0.0027118195,0.0002682488,0.00064224255,0.009194683,0.009391596,0.026825443,0.0030084893,0.0024876562,0.0022203634,0.00019536592,0.0003109406,0.0001019751,0.00012810342,0.00010901507,8.6987784e-05,0.0023917346,0.00015285393,0.015024243,0.000984226,0.0031708127,0,0.005541823,0,0.0014236217,0.00014449385,1.9044192e-05,0.00020091308,0.00046679375,0,0,6.87685e-05,0.00024084153,0.00023090313,0.015924823,0.004179515,0.00020874273,0.00013095723,0.0020225795,0,0,0.11156445,0.0024659287,0.0002178521,0,0,0.00852367,0.0011647729,0.00043783555,0.009151534,0.00033873846,0,0.0009461782,0.00035957753,0,0.0001477745,0,0,0.0001254514,0.0003916094,0.0012962003,0,0.0019698055,0.12359073,0.0021776499,0.015713124,0.0011666174,0.3719308,0,0,0.0018386758,0.0001165685,0,0.0010568445,0.014510783,0.056651365,0.031066211,0,0,0.16003923,0.016072879,0.00016380404,0.019657489,0,0.023108102,0,0.0022646016,0.00047993232,0.021326168,0.00026674828,0.0016673395,0.0011001144,0.003987336,0,0.0032894763,0.0001179349,0.00018187462,0.00015032667,7.1158436e-05,0.00046203728,0,9.51189e-05,0.009540821,0,0.0019036392,3.3121887e-05,0,5.5604403e-05,0.0009905762,0,0,0.014581203,0.0005875502,0.00013103527,0.00013433734,0,0.00022385242,0.00034946238,0,6.432931e-05,9.9127676e-05,0.00010770583,0,0.00033366046,0,0.00013778389,0,0,8.407995e-05,5.0222545e-05,0.00024794732,0.00015516732,0.00010491126,0.0005561344,0.00012548683,0.00083316624,0,8.822409e-05,0,0.01601279,0,6.8418e-05,0.0006039272,0.00028597497,0.00027870966,0.0004474401,0.0006682276,0,0,0.0002843598,0,0.0008418744,0.0044472017,0.00360206,0.032023557,0.0011024645,0.0003450733,6.2160594e-05,0.14993383,0.00034244818,0.007048209,8.39048e-05,0.002697027,0.00019916792,0.0071767443,0.011145726,0,0.00041146317,6.175629e-05,0.00012208405,0.00034285925,0.014112754,0,6.815884e-05,0.0019216392,0.016849155,0,0,3.499264e-05,0,0
"EHI01106",0,0.6084148,0.062375546,0.026353372,0.90526175,0.011226984,0.8856767,0.5178712,0.8833786,0.20187975,0.004137252,0.21949734,0.0011098142,0,0.00052360346,0.0034809299,0.0792098,0.7803395,0.3117205,0.9839177,0.004722365,0.016197903,0,0.00012180905,0.016090248,0,3.9749415e-05,0.0002818611,8.684216e-05,0.00020701367,0.0003298453,0.0019922263,0.0001358688,0.00076812564,0.9966537,0.016779047,6.584868e-05,0.060737796,0.35137418,0.000508204,0.004711904,0.025327735,0.00068147253,0.0155789135,0.59574336,0.04003192,0.0019318487,0.0019736376,0.01781987,0.010102581,0.5359358,3.782832e-05,0.000160962,0.0026287294,0.006839423,0.0038619733,0.0010103057,0.75162596,0.0052359817,0.0016215204,0.0006763278,0.0052343034,0.14696355,0.015579359,0,0.036192186,0.0006995532,0,0.0039450713,0.028849192,0.00076244026,0.0033367733,0.12243757,0.04795478,0.38196912,0.050753385,0,0.12332378,0.8047261,0.0028141406,0.0008629202,0.022286104,0.004228038,0.017935079,8.888996e-05,0.29252878,0.014324166,0,0.0013267812,0.008179003,0.001781546,0.0001662894,0.00019937565,4.5326306e-05,0.22512361,0.014615306,0.0007623241,0.0095042735,0.00010416508,0.00081112754,0,7.301011e-05,0,0,4.5187826e-05,0.00038800607,0,0.004718841,0.0005948397,0.00098124,0,0.0015496151,0.0011337736,0.0028683075,0,0.0043138717,0.00012471716,0.0012573595,0,0.0004258182,0.0036017261,0.00015836314,0.00064369774,0.00071951904,0.0082357,0.00012804296,0.0019733899,0.00674733,0.00062041363,0.031724103,0.00041588687,0.0021786215,8.800788e-05,0,0.1295788,0.0066663646,0.00024053224,0,0.014430503,0.00031442195,0.0035722298,0.0013492024,0.0036957588,0.003234539,0.017542347,0.00049266755,0.0017359202,0.0028544597,0.5411788,0.0010638542,0.2054924,0.011794856,0.0020307857,0.66185516,0.0031175313,0.008420169,0.017372986,0.31580484,0.11817948,0.01035907,0.0003878644,0.034526646,0.038865823,0.002457446,0,0.00020283002,0.060009684,0.00015988335,0.0004388955,0,0.001246428,0.0020413967,0.0010380063,7.032102e-05,0,0.029909996,0,0.0027665314,0.061825357,0.9590599,0.9110979,0.00060104206,0.00017105113,0,0.44957688,0.0011045922,0.01122337,0.0029428634,0.002199109,0.023735637,0.0039330637,0,0,0,0,0.00021650552,0.0017635672,0.00072317326,0.0030874102,0.3347128,0.0159847,0,0.003502856,0.0005406148,4.204981e-05,0.0006373883,0,0.0051166285,0.008531545,0.003020321,0.011394065,0,0.000494193,0.83323807,0.0129525475,0.0011225921,0.015602341,0.0075082094,0.9291456,0.36868832,0.03516491,0.0143239265,0.01766592,0.0044011516,0.010995976,0.0011126567,6.750959e-05,0.015677921
"EHI01221",0,0,0,0,0.0014639497,0,0,8.828581e-05,0,0.00041185247,0.00019439428,0,0.00020050078,0.000956858,0.0008389291,0.01928349,0.00036554172,9.2198265e-05,0,0.0008974744,0.00018267907,0,0.011519249,0.003090184,0,0,0,0.00018282882,0,0.002154085,0.0010750972,0,0.0014225526,0,0,3.2645257e-05,0,0.000119880824,0.00020271513,0.013335093,0.011405741,0,0.0003946423,0.0012236241,8.696266e-05,0.0011619843,9.062672e-05,0,0,0.00016328189,4.2296735e-05,0,0.00012394074,0.0012461526,0.00026986448,0.0012156228,0.0008353785,0,0,0.000116321404,0,0.012906662,0,0.00016742719,0,0.0016400885,0.00069527235,0,0.0012791486,0,0,0,0.00014449385,0,0.010231997,8.6013104e-05,0.00011147999,0,0,0,4.3184915e-05,0.0006279943,0.00018102833,0.00015235819,0,0,0,0,0.007742396,0.00010189788,0.00022995498,0,0,0.0014562529,0,0,0.00013434401,0,0,0.0006818412,0,0,0,0,0,0,0,0.046788767,0.00013636972,0.00018198242,0.017061152,0.0590894,0.001502749,0,0.028181182,0.00044732378,0.00040469447,0,0,0,0.0055019325,0.00087480404,8.286531e-05,9.853512e-05,0.00019040791,0,0.0106068365,0.00045241797,0,0.0009851608,0,0.0009643577,0,6.340304e-05,0,0.0006841211,8.454675e-05,0,0.000113905146,0.0003074348,0,0.00022910984,0.00020935189,3.19291e-05,6.9429225e-05,0,0.00040676031,0,0,0,0,0.00028980896,3.2086828e-05,0.00011182519,5.2924675e-05,0,0,7.1018556e-05,0.0066267387,0.010488471,0,0,0,0,0.00015172028,0,0,0.00015988335,0,0,0,0,0.00013726977,0,0,0.00019254949,0,0.0002689786,3.5721972e-05,0.00021738824,0,0,0,0,0,0.00029338864,0.00040023908,0,4.2940166e-05,0,6.808928e-05,0,0,0.000733453,0,0.00021650552,0,0,0.00015859064,5.0690534e-05,0,0,0,0.0002386757,0,0.0054596653,0,0.0001448801,0,0.003120076,0,0,0.0020244662,0,0.00042712438,5.6266847e-05,0,0.00045102317,7.493587e-05,0,0.0001792325,0.0001641108,0.0010038982,0,0,0,0,0
"EHI01647",0.002947168,0.95063525,0.32702374,0.966635,0.83398986,0.16649102,0.026337417,0.92832845,0.1309122,0.9411777,0.043342154,0.007349655,0.054759305,0.052130222,0.026279075,0.12209053,0.036229245,0.0007541072,0.9884822,0.0056401207,0.0034238403,0.00051380874,0.012395074,0.002487287,0.7631876,0.07747044,0.0071899677,0.02581526,0.0062857443,0.43298516,0.00058363605,0.070132494,0.0348181,0.038670007,0.0022330193,0.8181899,0.008038807,0.4880524,0.7287628,0.0039412123,0.033289723,0.98306954,0.028217174,0.3107423,0.9983004,0.9985949,0.68915427,0.04837941,0.79487896,0.70040107,0.9239093,0.006938194,0.0057495623,0.03984453,0.47895736,0.26368412,0.0013376448,0.017057221,0.004935247,0.0046082665,0.9985061,0.0065682144,0.9733261,0.0005051583,0,0.36277607,0.0006631664,0.9947061,0.99715656,0.9957107,0.04906973,0.9359154,0.03846706,0.068893865,0.99215174,0.103404075,0.0076886714,0.54228604,0.08668412,0.0007287,0.001683239,0.38559952,0.07478103,0.8736759,0.002194814,0.7181463,0.6666421,0.0047524124,0.0048528775,0.4020775,0.048226804,0.010147645,0.1797437,0.002859044,0.31075832,0.7980042,0.003768922,0.016690567,0.00025592878,0.0010911106,0.00044040818,0.00050912384,0.000264289,0,0,0.00020157672,0.0005857756,0.04914509,0.050455123,0.0017986187,0.0003335263,0.067877725,0.04428394,0.70533514,0.011666368,0.7531778,0.18899316,0.7336478,0.00013776278,0.000120788645,0.09003575,0.023322778,0.26983264,0.19894241,0.013404462,0.0039057287,0.0881132,0.028213872,0.17756544,0.36123794,0.0003272746,0.88096446,0.00021412226,0.002440775,0.6662608,0.058113288,0.0010066963,0.0035309102,0.7901286,0.019723961,0.0015268037,0.07555613,0.00054501276,0.601537,0.001334033,0.067502566,0.016907215,0.00066525175,0.3468629,0.45504037,0.0012251573,0.9975307,0.0045268307,0.69265294,0.06362718,0.99948764,0.050562363,0.0072609372,0.05902576,0.00023082331,0.00042280712,0.36714363,0.00050349213,0.04817856,0.0044767596,0.0002562419,0.0018081752,0,0.009914933,0.000111051566,0.000142939,0.00011835242,0.0002570595,5.1568746e-05,0.012554535,0.008257805,0.0075112055,0.43500146,0.0013534162,0.00090939907,0.001662733,7.021287e-05,0.00026280704,0.97934186,0.004034035,2.511343e-05,0.3063276,0.47331822,0.07714859,0.94180775,0.002908774,0.0032978936,0,0,0,0,0.06436135,0.007946078,0.6604193,0.73782533,0.00057555625,0,0,0.058462895,0.049610246,0.051735733,0,0.11142021,3.14643e-05,0.010847816,0.7316959,0.005255603,0.0043183537,0.01413965,0.035096098,0.16355948,0.0016355963,0.017367452,0.9632693,0.025692381,0.1590985,0.9662977,0.32268298,0.5789493,0.0028382193,0.007117175,0.0034737433,0.004738324
"EHI01184",8.0391925e-05,0.94211096,0.4449213,0.25667745,0.9275383,8.4830375e-05,0.0050915494,0.9629379,0.0028597792,0.935057,0,0,0.00027768887,0,0.00017453449,0.000106180516,0.40259692,0.72695565,0.9742265,0.0013694913,0,0.8974553,0.00027891112,5.7254092e-05,0.0007044387,0.00012539301,8.7682536e-05,0.0024639568,0,0.0004821529,0.00032819193,0.0003771319,0.00018846318,0.00024805017,0,0.0022192616,0,0.7454125,0.91644305,5.036933e-05,0.0004880421,0.003061313,0.00030036943,7.886522e-05,0.99787873,0.09702858,0,0,0.002735405,0.0019977733,0.8743915,0,0.0001314523,9.382542e-05,0.01225813,0.003728075,0.0005957917,0,0.00043035,0.0022252286,0.007100132,0.00012842563,0.9561129,0.013966649,0,0.023207122,0.0006446163,0.00025880666,0.0021619368,0.0060482607,0,0.0010775353,0.00074297807,0.9768415,0.03822678,0.9627243,0,0.75630605,0.0019548878,0,0,0.024395052,0.00020995553,0.0021114207,0.00020997053,0.81445843,0.0095639005,0.008932978,0.00024226533,0,0,0.0005973116,0.00029024755,4.3582986e-05,0.00020518516,0.0010332131,8.227269e-05,0,0,0.00072466215,0,4.28326e-05,0,0,0,0,0,0.031724192,0,0.0006596863,0.00023892027,0.027952058,0,0.00024068322,0.0010858207,0.0007644071,0.00025494903,0.0013488481,0,0,0.013475824,0.00033119213,0.01663869,0.015337098,0.29344153,0.00012553231,0,0.009796412,0.0044570477,0.00024067446,0.00017722452,0.00018241318,0,0,0.68822587,0.007465662,0.0007130765,0.0003749639,0.0009583142,0.00021039098,0,0.0022226835,0.00081437884,0,0.5224924,0.6716423,0.9214291,0.0018470034,0.92614466,0.013321481,0.14423186,0.0013707513,0.0004171288,0.43499187,0.24948357,0.0030520603,0.0006808118,0.62639976,0.498161,0.14408503,0,0.032946475,0.3815952,0.0001479201,0.00090577005,0,0.066506945,0.00053720805,0,0.0001535372,0.0007686034,0,0.00014189685,0,0,0.00045313314,0,0.00036085193,0,0.00012760841,0.0014803475,0.00034608468,0.00033927028,0.000100145946,0.00077301107,0,0.0002566049,0.095669,0.009767743,0.0020281558,0,0.034331497,0,0,0,0,0.005118476,0.00065696205,0.002474014,0.8153512,0.0016597436,0,0.00039654973,0.0010380956,9.263147e-05,0.00014600274,0,6.9431364e-05,0.00055010087,0.004694313,0.0016472847,0,4.870896e-05,0.0030655211,0.0010777772,0.000557179,0.3641071,0.013463348,0.00041721054,0.0023807914,0.28139946,0.003203667,0.0005944815,0.012850473,0.00020960902,0.0039290176,0,0.00020662408
"EHI01101",0.00013023493,0.00783702,0.00035595897,0.00083246257,0.007230365,0.0007592436,0.0025250562,0.005120577,0.00022494038,0.66040725,0.0005385677,0.016321968,0,0.0004470566,0.0053535546,0.029407313,0.00021699602,9.912646e-05,0.0010362732,0.005873721,0.0024352567,0.00032918717,0.05690797,0.0177895,0.0008655248,0.00063026487,0.0005927339,0.0010140229,0.00016282906,0.0031869558,0.012993342,0.0003643694,0.0013010846,0.0032006772,0.0018706154,0.0009331616,0.00015364692,0.0011947727,0.0056158304,0.0015001791,0.0137146395,0.0032399225,0.009578224,0.0041307174,0.0022847047,0.005171621,0.00081172853,4.752817e-05,0.006389106,0.0014714808,0.4680245,4.743551e-05,6.70675e-05,0.015259573,0.0029271017,0.008482084,0.022876207,0.076275826,0.004633832,0.00083790184,4.367162e-05,0.00046607893,0.00059789605,0.006040036,0.9943992,0.0042140074,0.0019513288,0.019448025,0.045147054,0.008774504,0,0.0014845283,0.00014635829,0.001474672,0.0059138997,0.0013589443,0,0.00028643472,0.00012679191,0.00082843314,0.00045597044,0.007866417,0.0004441726,0.00058184034,0.00048468806,0.006208032,0.0015560888,0.00522157,0.07664354,0.00030569365,0.0004913775,6.252482e-05,0.0012396554,0.0020263183,0.0010166693,0.0009321237,0.0006196487,0,0.00024213208,0.0032955657,0.0025509202,0.003411519,0.00018187631,0.00021478898,0,0.00023769742,0.0005243306,0.0019328062,0.015596346,0.0022354536,0.27987826,0.00076821493,0.001787053,0.00084636954,0.2563545,0.39494294,0.0035985566,0.00018702514,0,0.0004143509,0.0011498468,0.0039354763,0.04393121,0.03335662,0.0017889413,0.00092098874,0.02087384,0.03821779,0.060705405,0.0032659525,0.00016540955,0.0064683715,0.0023181457,0.00011131832,0.7627798,0.0071053305,0.0022545801,0.00052744924,0.00042423856,0.00058536825,0.00014192982,0.00077165465,0.0018346204,0.0002671536,0.00039797823,0.005228471,0.0084155,0.00014762503,0.0006357948,0.020378837,0.00010111339,0.45986125,0.00026601017,0.00012853471,0.0002395009,0.0014264297,0.012241139,0.00020690073,0.02526246,0.0005875502,0.0004236807,0.028342577,0.00012789239,6.5084845e-05,0.0044813114,0.00021432372,0.00033555558,0,0.00075394084,0.0032398454,0.0003120154,0.00043450683,0.0008776011,0,0.04093619,0.00019511682,0,0.0039778575,0.00055860233,0.00037425075,0.0014335698,0.00049547374,0.0018928903,0.00025370307,0.00055361784,0.0003934437,0.0031540345,9.511704e-05,0.0040103253,0.00093837513,0.0004630071,0.0019202275,0,0,0,0,0.004013765,0.0010233306,0.0018127717,0.020176975,0.0020731923,0,0.00010124674,0.0074604847,0.0035309654,0.0622024,0,0.0009808337,6.7123845e-05,0.015984837,0.00060027,0,0.0009640315,0.009458691,0.0020494852,0.0014309163,0.0002233808,0.009283731,0.0019609907,0.0011455119,0.00057808793,0.0062909136,0.0046188626,0.0023505501,0.00015083351,0.00054457295,0,0.00057778216
"EHI01143",0.0215102,0.79888296,0.1014151,0.6499517,0.99998873,0.9990986,0.9996698,0.88776207,0.99940014,0.9991481,0.99996156,0.9988316,0.00030592844,0,0.00131599,0.0026050473,0.9953102,0.84706014,0.7032022,0.0011254554,0.9991654,2.3305287e-05,0.00058900757,8.7994544e-05,0.003443737,0,0.00020985353,0.0007042295,9.389809e-05,0.0014561281,0.00040507317,0.014593282,0.0006881097,0,0.015675401,0.0020203104,0,0.33456838,0.33313736,0.0021177672,0.010914197,0.00049314584,0.020447185,0.38436174,0.91281104,0.11535521,0.023856996,0.00353049,0.0030461184,0.0030916648,0.9820166,0,0,0.011569106,0.011609885,0.018942265,0.00071240985,0.26529485,0.19874446,0.37349486,0.0017261935,0.9969002,0.9275513,0.083245255,2.3751149e-05,0.49635568,0.14778516,0,0.003346141,0.0040739826,0.62209487,0.015260814,0.0685339,0.29462367,0.9331312,0.029896775,0.9199252,0.54899615,0.5697692,0.50687325,0.08441873,0.3051664,0.0628145,0.0031707298,0.051415343,0.22655645,0.0039999634,0.0029113088,0.003796752,0.032623626,0.0022003062,0,0.00061033363,4.939405e-05,0.010013962,0.0021734235,0.00079512905,0.0038339035,0.00027524418,0.0008415963,0.00013075546,0.00020491504,0.00014422223,0,0.00016473017,0.0005029708,0.00018679276,0.019312147,0,0.0009931922,0.00018921203,0.022348322,0.002142949,0.003365587,0.0005465297,0.0014255011,0.0005124433,0.0013051279,0,8.791578e-05,0.0051204115,0.00011420418,0.013125865,0.0058674477,0.07120012,0.00056029257,0.00097486534,0.03413322,0.0037628526,0.42625934,0.00022566589,0.006730438,6.078895e-05,0,0.7532731,0.017051684,8.126975e-05,0.00023247763,0.004163349,0.0017234981,0.4343854,0.023278514,0.4983538,0.7975323,0.0004246341,0.0050857356,0.66502434,0.0044490355,0.22027402,0.0070259743,0.011132585,0.001718768,0.00015422379,0.40105185,0.979901,0.0062094205,0.0007561053,0.0028180163,0.122288354,0.6782556,0.00017384012,0.800147,0.00043079542,0.63046205,0.108294904,0.00010141501,0.025251862,0.0039747,0.8194509,0.02039605,0.0106563065,0.005402021,0.006076372,0,0.00010098033,0.19224462,0,0.007785251,0.78463244,0.0030989172,0.00150917,0.020054985,0.06889169,0,0.9664016,0.7993864,0.45834905,9.655821e-05,0.0061839563,0.00161857,0.12821575,0.054243866,0,0,0,0.0030007665,0.0019459866,0.00075848587,0.01077825,0.27347043,0.009695223,0,0.0026141347,0.00054636603,4.814399e-05,0.0025176315,0.00023989686,0.078132965,0.003901049,0.03787561,0.000999989,0,9.691053e-05,0.0010667983,0.0007424846,0.0022369502,0,0.39103708,0.05582672,0.13965943,0.035229284,0.013487242,0.38456953,0.007597945,0.0003250356,0.018590935,0,0.043223973
"EHI01641",0.0008033833,0.9531668,0.0007154134,0.040817473,0.71084607,0.012248708,0.038364887,0.9527298,0.0031423487,0.9346638,0.006774123,0,0.00060715026,6.41708e-05,0.00010821138,0.00021065531,0.037056897,0.0015577776,0.49117133,0.019711524,0.00021414665,0.94588584,0.00014802054,0,0.0023470162,0.00018742956,0,0.002499507,0.00015902972,0.00046633018,0.0005129549,0.004583652,0.0004896286,0,8.3754145e-05,0.0014678047,0.00028007638,0.44143632,0.89489204,2.5560556e-05,0.0017521367,0.0013264376,0.00056764303,0.025997007,0.9984679,0.6236186,0.0064749205,0.018721834,0.007195628,0.0016342767,0.9677938,8.406293e-05,0.00035357985,0.0017061129,0.015055297,0.016566811,0.0010155016,0,0.0010029025,0.00070413225,0.019690951,0.021721762,0.9682071,0.00083310844,0.0001354521,0.07970928,0.0016548837,6.168225e-05,0.0019983852,0.013795691,0.0039970353,0.00069046504,0.00014915495,0.59749925,0.13927647,0.19234006,4.8269685e-05,0,0.00031948698,0.0002433117,0.00012099557,0.060390778,0.0106788045,0.002548101,0.00023155287,0.96840996,0.0014279481,0.0012132886,0.00041513174,0.00025406538,0,0.0021005678,0.0005447793,4.997516e-05,0.2813073,0.001968619,0.00033325644,0.0129343495,0,0.0008918285,3.922664e-05,0.00027889863,0.00027281448,5.0303737e-05,2.6701897e-05,9.010752e-05,0.00011879364,0.0091238,0.00018740378,0.001257298,0,0.0013705732,0.002807931,0.0004460596,0.0015082567,0.001374394,0.00022695129,0.0016670336,0,4.663359e-05,0.0015715278,6.623843e-05,0.022347117,0.013169326,0.043297227,0.00017114238,0.00013711564,0.0029250898,0.007922919,0.03638677,0,0.00022071994,5.4437867e-05,0,0.67911375,0.0068578627,0.0013665115,0.00019748099,0.0014511283,0.0002243653,0.000340293,0.006901934,0.0070035183,0.00089320645,0.98118097,0.27748692,0.007056189,0.0010149691,0.23039533,0.028344383,0.00016380369,0.0029993383,0.0015282646,0.27890703,0.7423888,0.002844175,0.0004248139,0.037440985,0.2713028,0.00010375391,0.024810217,0.16039976,0.0002981912,0.0036427788,0.022093002,0.00038537703,0.0029608868,0.00019186002,3.459502e-05,0.0020174368,0.00036551544,0.0004944136,0.00028173722,0.000100793455,0,0.0011950905,0.0062973853,0.0056109154,0.0009080079,0.0004887452,0.0015332677,8.863752e-05,0.0005612969,0.0007464211,0.00025160203,0.00024834392,0.019919964,0.0040467978,0.0054156138,0.0017456828,0.0003359071,0.0001449905,0,0,0,0,0.0021815223,0.00020231195,0.007004868,0.8620261,0.0003911403,0,0,0.00034794892,0.00019927954,0.00019153047,0,0.009743071,0,0.0146880215,0.0015394021,8.453734e-05,0,0.0010576544,0.0010044542,0.0014267991,0.9051311,0.016467448,0.9916973,0.0008872676,7.510094e-05,0.008278478,0.022788284,0.00674828,0.0005976689,0.0014844534,0,0.0001913186
"EHI01640",0.9905652,0.999961,0.9949985,0.999925,0.9507529,0.66600496,0.03022773,0.971537,0.019335577,0.96779805,0.83489734,0.23204696,0.0077301054,0.00066024624,0.0009087429,0.0009040269,0.9430698,0.08212521,0.9986967,0.002968569,0.007880263,0.00028512563,0,0.00012526734,0.23016033,0.0005959468,0.0012643822,0.0038698767,8.141453e-05,0.118077785,0.00041540666,0.4874267,0.002165135,0.011541249,0.001907238,0.23673171,0.00013872123,0.9291122,0.77891445,0.0005394029,0.0057606474,0.058276575,0.0060083913,0.9377747,0.9993093,0.13404961,0.9106225,0.98846465,0.3327714,0.16926938,0.9035128,0.0003470598,0.00016793702,0.038896568,0.06161049,0.09719279,0.0009583471,0.76269007,0.998198,0.99921054,0.003288764,0.039427344,0.97988147,0.96366024,3.527398e-05,0.9872795,0.9565246,0.00064831064,0.0880226,0.6059407,0.0050090016,0.023292523,0.003047422,0.36256507,0.96799654,0.092832625,9.845483e-05,0.38100344,0.012515151,0.0130838705,0.09819491,0.7210672,0.31844422,0.24617486,0.0013611504,0.6811488,0.76642305,0.8078327,0.0018844962,0.027822876,0.00024205788,0.0030071777,0.003489752,4.997516e-05,0.27905646,0.17067054,0.0021958475,0.062333476,0.00035181586,0.008920756,0.014563188,0.0008819621,0.000279919,0.00059246627,0.00037957774,0.0004559751,0.012802678,0.3187857,0.006451208,0.0081028445,0,0.3314719,0.005219351,0.04682333,0.00078437617,0.2474272,0.043418963,0.0041299365,0.0064536566,0.004614432,0.38977695,0.0011290987,0.107819036,0.070143186,0.034637336,0.005913827,0.0004909278,0.0419642,0.0066960123,0.9458691,0.0022885592,0.97127116,0.011658777,0.0005212601,0.7245415,0.11206496,0.043591388,0.0011811364,0.1832141,0.0066346913,0.06499596,0.39757478,0.4201832,0.0047004484,0.00082974124,0.4842993,0.006895383,0.010989614,0.6119636,0.11526476,0.97117996,0.1618536,0.51718014,0.9435463,0.23971896,0.0039910725,0.0102850925,0.03246211,0.9907501,0.0002448126,0.00048395692,0.4095308,0.04479397,0.004329128,0.10449785,0.80162144,0.003087807,0.0006203474,0.9760914,0.94371873,0.97536224,0.96811956,0.97386426,0,0,0.9871371,0.93720096,0.004088179,0.1865004,0.0014062144,0.0016684032,0.8331613,0.80946773,0.00086526095,0.87102056,0.64828724,0.9699869,0.006096137,0.0118758185,0.31081176,0.026497623,0.64794254,0,0,0,0,0.022947298,0.0009284279,0.027851203,0.7320627,0.00074956164,0.00010960058,0,0.0014291786,0.00038698016,0.0010005636,0.00020327138,0.5058834,7.394111e-05,0.07635412,0.18788312,0.00015121468,0,0.005743185,0.0087033715,0.029497093,0.0015326497,0.019338895,0.9724135,0.011581964,0.5084214,0.7518988,0.91251457,0.006917643,0.0011627636,0.011025962,5.550788e-05,0.013635915
"EHI01788",0.00014363357,0.19205046,0,0.001325884,0.0035957224,0.00015062679,0,0.1421521,0,0.00039504215,4.242416e-05,0,0.00018732232,0.00032655807,0.00034906899,0.0005547825,0.0056964294,9.2198265e-05,0.0019460832,0.0023841672,0.000109718836,5.4621767e-05,0.0057925666,0.0025479994,0,0,0.00085461244,0.000825269,8.195729e-05,0.63088846,0.0016417863,8.550876e-05,0.0006223668,0,7.165279e-05,0,0,0.0011724582,0.08587726,0.00022365486,0.0018659403,0.00029549352,0.0004573237,0.00039007948,0.0007476057,0.0020576885,0.0010979525,0,0.0009439327,0.0002094479,0.00020870099,0,0.00015184081,0.0047667627,0.0005797089,0.25147644,0.0014813968,0,0.00013199667,0.00063162524,0.00025125738,0,0,0.0006420919,0,0.006647796,0.00061072665,0,0.7903851,0.0020192422,0,0.00046505354,0.00014635829,0.0015227837,0.010294495,0.0105491625,0,0,0,0,0,0.0012852999,0.00034712648,0.00026872626,0.0003632417,0.080279335,5.585623e-05,0.00083951984,0.0039771893,0,0,0.0001995473,0.475548,0.00034575837,0.07431406,0.0001306286,0.00017235607,0,0.0005166864,0.5935321,0.008437294,0.01950976,0.010305851,0.0017494522,0.002669779,0.0022491924,0.0042683785,0.0004969063,0.011388963,0.0321519,0.0087486515,0.00052532856,0.00015764065,0,0.011554166,0.021377021,0.2990726,0.00238032,0.01802573,0.03203116,0.0013929211,0.0013894843,0.006445595,0.0018136842,0.69557506,0.9995364,0.00016131252,0,0.004682104,0.001467312,0.004896123,0.00016538794,0.112514,0,0.0011695154,0.0015176479,0.99740595,0.00029747136,0.0003760032,0.00024066865,0,0.0028583044,0.00013119385,0,0.00018566119,0.0002498917,0.3177108,5.5218527e-05,0.0019367543,0.0011927969,0,0.018217383,0.001079049,0.0008217652,8.039191e-05,8.033166e-05,0,0.00040385887,0.0019295904,0,0.00028827757,0.00023614748,0.00010096767,0,0.0031937119,0.009511376,0.00013822109,0,3.390312e-05,0,0,3.7076454e-05,0.00014086861,0,0,0,0.0055831815,0.000431694,0,0.0002451292,0.0006742598,0.00016333205,0,0.00035585192,9.662638e-05,0,0.0013416616,0.00021617509,0.0029096256,0,4.2442316e-05,0.006336546,0,0,0,0,0.0023564305,0,0.00082305854,0.07890624,0.00044616763,0.0075206184,0.0003515512,0.0014700122,0.0008068689,0.0008749698,0,0.00031753277,0,0.008788639,0,0.00017860002,0.00015221549,0.00031318152,0.0007880445,0.00015873656,0.0001484806,0.00051428884,0.002182254,0,0.00029977268,0.00023073697,0.0010767869,0.0016246282,0.0005898794,0.00049536454,0,0
"EHI01828",0.001006507,0.0011865186,0.0026711486,0.13039382,0.0022182032,0.0009979906,0.0015068328,0.0006690409,0.0006649064,0.012937931,0.0006674336,0,0.034320462,0.030859739,0.21403398,0.5249684,0.00044734127,9.486296e-05,0.003300528,0.04561626,0.007934009,0,0.44789127,0.2004658,0.02543992,0.007784266,0.04074432,0.015329689,0.03154433,0.008256374,0.033569407,0.027616138,0.0223476,0.0005634151,0.00045698555,0.019911144,0.031164862,0.0012363155,0.00082759606,0.121497214,0.4819221,0.031548202,0.22457252,0.1603257,0.0040731304,0.0021151896,0.0126492735,0.0011510347,0.087268904,0.016467659,0.025243916,0.03903222,0.031954177,0.06877188,0.003777389,0.043168552,0.00923073,0,0.0004892042,0.0003997579,9.287497e-05,2.437604e-05,0.00054802303,0.032791562,0,0.24472259,0.0005504388,0.00014536307,0.16645028,0.1552243,0.00055357785,0.0031568995,0.00013983276,0.0005640589,0.00081668864,0.0020972758,0,0.0013131357,0.00040186592,9.263136e-05,0.00086505996,0.11874222,0.02239479,0.02784316,0.00085744064,0.00061256916,0.0077022454,0.0004949517,0.21451207,0.0020474682,0.00094967376,0.0020553372,0.0017957372,0.083775796,0.0022647507,0.023561724,0.020096404,0.0014669334,0.999822,0.9999391,0.99998456,0.9997196,0.9982111,0.99818027,0.9999778,0.9996873,0.99995494,0.97954285,0.99996066,0.9976466,0.27599782,0.9014235,0.032880124,0.0016360491,0.639264,0.59437734,0.009111565,0.30661842,0.99863064,0.99987155,0.46850762,0.25282827,0.019983798,0.01703878,0.0015366587,0.0026658878,0.47861212,0.027212711,0.001182359,0.16911152,0.99844754,0.4582152,0.99983126,0.027126336,0.01859829,0.17441434,0.8914734,0.00727305,0.028243246,0.009494767,5.7279827e-05,0.025247427,0,0.00036738673,0.00040169767,0.00030891135,0.0009947063,0,0.00028368796,0.02196281,5.3590098e-05,0.91737944,0.48072436,0.0007352185,5.0244944e-05,0.026278224,0.012463849,0.00031153474,0.980083,0.00046164662,0.00023149564,0.0013446745,0.00022482136,0.0014999098,0.00035451973,0.5278347,0,0.00069176196,7.195764e-05,0,0.00030221388,2.7213751e-05,0.00013881213,5.1099938e-05,0,0.00044350565,0.045551196,0.000491836,0.00034248442,0.00059466524,0.0018333062,3.9837087e-05,4.5311557e-05,0.0037768374,0,0,0.23349969,0.0006773486,0.0010574731,0.02631631,0.0011743131,0.027797189,0.0007038997,0.11814983,0,0.0002843439,0.027752979,0.00046789236,0.0062522343,0.00047584847,0.005937004,0.046560057,0.0008802842,0.011526023,0.002828307,0.6509064,0.016521752,0.03665513,0,0.010227442,0.016987365,0.030174475,0.09605508,0.7022962,0.014724402,0.005118453,2.342694e-05,0.0018653176,0.008231301,0.0008189662,0.0029472387,0.01899968,0.15949368,0.0038514351,0.00070813857,0.00071024126,0,0.00026593285
"EHI01105",0.00021384252,0.9600792,0.029043572,0.26497278,0.46236652,0.012266331,0.07733751,0.96103007,0.7978573,0.96481484,2.1311667e-05,0.061676938,0,0,0.0005026593,3.4114222e-05,0.12612751,0.11573334,0.41991013,0.99576306,0.0001662491,0.016775073,0,0,0.0009932253,5.2137093e-05,3.7995764e-05,0,8.250005e-05,0.06092795,0.00026619094,0.03753962,9.391853e-05,0.0005071658,0,0.00045764956,0,0.045960408,0.8344805,6.615673e-05,0.0010259827,0.0001004678,0.000645368,0.62198323,0.3683679,0.20938835,0.038683265,0.4508059,0.0014592245,0.0015438886,0.9750616,0,8.530985e-05,0.010061968,0.011347159,0.04842654,0.00097335735,0.176809,0.00047593645,0.00048816216,0.0023335202,0.0005597461,0.68152034,0.0003452107,0,0.45882422,0.0006271364,3.7526963e-05,0.028128264,0.0023239332,0.0037031493,0.0005031913,0.64081436,0.025551792,0.6180079,0.15101485,0,0.032112926,0.57600206,0,3.1124262e-05,0.36233294,0.082069755,0.0014827931,5.4870347e-05,0.7476102,0.0031450344,0.00030222713,0,6.181805e-05,9.5209434e-05,0.0013762112,0.0009702044,4.590741e-05,0.27866152,0.001209135,0.00022911381,0.01716998,9.65769e-05,0.0008893581,6.121733e-05,0.00012363045,0,0,0,5.8647565e-05,0,0.0020238762,0.0015586306,0.0010876535,0.00016836663,0.0031082516,0.0032443686,0.00010840691,0,0.104533635,0.022484722,0.0015488273,0.00017661895,0.00012384658,0.003485473,0.0001020224,0.0034180284,0.0027334637,0.0036965287,0.002373816,0.00021454565,0.0014279602,0.0017461603,0.5349447,0.00017722452,0.010856017,5.6252462e-05,0,0.71068776,0.0031157807,0.00040634873,0.00018748196,0.0009989946,0.0011458934,2.1444665e-05,0.040884968,0,0.00015277468,0.016341595,0.0064955098,0.0021345844,9.841669e-05,0.06819825,0.00417743,0,0.056008555,0.0011168286,0.22699529,0.005941297,0.0031307638,0.0019013592,0.16202931,0.042674635,0.000102588136,0.12081888,0.015922064,6.259996e-05,0.0037630873,0.00027815384,0.00045839584,0.32778043,0,0,0,9.515653e-05,0,0.00013881213,0.00018892913,0.09146277,0.021453865,0.0023904627,0.349222,6.69787e-05,0.00015131432,0.75343966,9.311919e-05,0.00038684742,0,0,0,0.45555276,0.00021617509,0.0019403229,0.00027060907,3.1094103e-05,0,0,0,0,0.00020062845,0.002961634,0.0011476605,0.0047028842,0.7963829,0.00016656925,0,0,0.00040258552,0.00014747905,0,0,0.11419376,4.19524e-05,0.008492286,0.00082433387,0,0,0.0018478471,0.0022965055,0.0016843458,0.03489558,0.020504206,0.98643154,0.20503686,0.032993928,0.00078057824,0.5971675,0.0061113164,0.0019211799,0.0017665816,0,0.003678419
"EHI01792",0.000616874,0.95747703,0.17463137,0.41113377,0.89496684,7.8485726e-05,0.04390706,0.9470975,0.005109183,0.9336089,2.987617e-05,0.26509994,0.001845925,0,0.0010378985,6.4390595e-05,0.0065959403,0.29523963,0.119273715,0.9990519,0,0.18723285,6.85199e-05,0,0.008119407,0.00084211305,0,0.00081849756,0.0007148196,0.0009563944,0.00022733699,0.0033527089,0,0.00013831795,0,0.0074092415,0.0009174916,0.054714084,0.6996248,0,0.0007948739,0.011604359,0.0002883346,0.009971596,0.18117464,0.35149196,0.0026047032,0.010935135,0.013090464,0.007577057,0.97094494,0,0.0012195554,0.001837145,0.004082236,0.011473098,0.0008532753,0.79437983,0.00085253525,0.0011636018,0.0013360603,0.00013542245,0.15500818,0.0008221768,0,0.06982614,0.00068243,0,0.001106818,0.024417862,0.03358711,0.0011264883,0.0014840917,0.016649636,0.43470958,0.11510783,0,0.3643524,0.0007306653,0,5.8357993e-05,0.018137824,0.010390466,0.010601491,0.00021326274,0.58920497,0.0044790125,0,0,0.0020039917,0,0.0016096815,0.00017224971,4.765073e-05,0.2802629,0.0057620998,0.0005785124,0.012235877,0.0001752181,0.0008794763,0,7.3983574e-05,0,0,0,6.0201142e-05,0,0.011881541,0,0.0007961731,0,0.010104073,0.0019901271,0.0012864617,0,0.0022289255,0.00011835404,0.0018637745,0.00017661895,0,0.026914658,0.00056264596,0.0029619376,0.0022705612,0.0059342203,6.234772e-05,0,0.0033605997,0.0020668078,0.022350635,0.00017722452,0.033638205,0,0.0001785933,0.67434216,0.0041523697,0.00024970787,0.0002462263,0.009412284,0.0003058821,8.577866e-05,0.0060714106,0.0023963812,0,0.22103198,0.0006496347,0.0027778072,0.00062318053,0.08037613,0.0026646068,0,0.002160655,0.00038814713,0.09305912,0.0031329398,0.008199257,0.0018625236,0.6046733,0.12954754,0.41528028,0.02945498,0.0302246,0.09473326,0.040597163,0.00041369064,0.000112232614,0.7165659,0.0009656954,0,0,0.00010822524,4.164252e-05,0.00021850057,0,0.0021741684,0.338287,0.00034112195,0.003979333,3.348935e-05,0.00012306898,0.0015101151,0.00015885038,8.495917e-05,0,7.001912e-05,0,0.0050514042,0,0.0017107362,0.008941399,0,0,0,0,0,0.00209433,0.003412854,0.0007202305,0.0066989763,0.66005284,0.023321183,0,0.0067146276,0.0008356525,0.00047900222,0,0,0.0054114806,0.02131654,0.009193484,0.005333274,0.00093824544,0,0.018500568,0.0006463816,0.00393136,0.20930222,0.06877389,0.99072266,0.0034606038,0.08826885,0.007246824,0.012414323,0.007978869,0.0018461172,0.0034801275,0,0.021603696
"EHI01126",0,0.36769825,0.26752093,0.034426324,0.59906596,0.42386216,0.040510103,0.27715626,0.67111856,0.9693032,0.33576912,0.6076779,0.00095261406,0,0.00053407555,0.0013210733,0.051684532,0.37392634,0.496014,0.21385579,0.29688552,0.0035420395,0.0017845919,0.0002643679,0.010125889,0.00013925224,0.0002583712,0.0012806482,0.00016228629,0.0017686264,0.0005885961,0.0067941174,0.0007482176,0.499763,0.0014117191,0.010075682,0,0.4413269,0.1996979,0.0004924166,0.0045819054,0.0052433684,0.003965478,0.00922905,0.95161915,0.8251038,0.008544992,0.009264946,0.034841932,0.0074691745,0.9693421,6.244675e-05,0.00011160032,0.0027840268,0.0113971345,0.0071610776,0.0015928191,0.97396094,0.003954457,0.004204631,0.0011497282,0.0069855414,0.9510769,0.14526351,0.00011969638,0.026636772,0.022316495,0.0028347955,0.0015763377,0.06062815,0.7829402,0.0009545836,0.07894865,0.2773368,0.90511614,0.03334954,0.00022564162,0.6625458,0.7286044,0.009605563,0.0041268826,0.054491147,0.005839563,0.011308097,0.00027910716,0.19828124,0.30024102,0.0015505566,0.003570259,0,0.0013789231,0.00597112,0.0014449083,9.355814e-05,0.2813567,0.007640132,0.0005144646,0.01221978,0.00023592357,0.0011866343,0.00033877554,0.002635665,0,0,0.00015938979,0.00035499255,0,0.0042882483,0,0.0016409263,0.012856797,0.001800829,0.003463964,0.0010462758,0.008585222,0.0014447349,0.0013676466,0.0016216943,0.00023195955,6.880366e-05,0.0012523608,0.0009174403,0.06546028,0.03913156,0.010718338,0.00035860395,0.00068127655,0.011125485,0.022916324,0.022437278,0.00038162348,0.002021138,0.00019779091,0,0.7324023,0.009807586,0.00029493053,0.00012498797,0.0066646133,0.000116452575,0.02437045,0.008890734,0.004976992,0.07277531,0.0050965394,0.24964641,0.24508831,0.95491767,0.3807583,0.10266535,0.02918537,0.0017154887,0.0006660605,0.046647385,0.47817913,0.0010242286,0.97076315,0.17492013,0.14303258,0.00027512273,0.0004428992,0.07939629,0.3944033,0.76042664,0.0619747,0.0016381905,0.21238495,0,0.0072944756,0,0.005408812,0.00045678922,0.00050178013,0.9996981,0.9867276,0.006269411,0.0066535086,0.9973833,0.02011214,0.00032885643,0.0015011375,0.0019057066,0.0019206436,0.00011082818,0.009482456,0.0018631773,0.005494142,0.7044483,0.029195018,0.012502253,0.006822319,0.042898744,0,0,0,0.0005412638,0.002608062,0.013796204,0.0025933601,0.17840497,0.00046996324,0,0,0.004043684,0.0024480303,0.0018232027,0,0.008130875,0,0.050701052,0.005832577,0,0,0.5375391,0.17704092,0.01321173,0.005364769,0.014008249,0.9839992,0.38045892,0.12060707,0.008101743,0.010649489,0.18171202,0.0009828963,0.04854354,0.002683131,0.04379283
"EHI01635",0,0.015868293,0,0.0012032733,0.0004404733,0.0005012277,0.0009474357,0.011341968,0,0.0005751526,0.00015376268,0,0.028803397,0.040281437,0.03160005,0.25153908,0,8.84677e-05,0.0005155187,0.00069919514,0.0029281562,0.000109243534,0.1034646,0.22150917,0.01731634,0.020939972,0.013095094,0.017834274,0.024042252,0.0010886898,0.016362475,0.043780483,0.025638506,0.0005136206,2.2928893e-05,0.012602917,0.024341185,0.0003126397,0.010819752,0.3190818,0.37898985,0.0022588838,0.037710153,0.08199434,0.00015070492,0.002929852,0.02547002,0.0011620028,0.02070858,0.012382695,0.0005237004,0.010787676,0.02070776,0.045007624,0.0033668808,0.008600485,0.0072280155,0.00021596815,0.00026127178,2.7529399e-05,0.0005179454,0.0006759837,0,0.0030464844,0,0.090592004,0.0007619814,0.06337916,0.0001557479,0.0399778,0.0001386255,0.005999589,0,3.7587222e-05,0.021994231,0.00276529,0,0,0,0.00012999268,0.00032583214,0.08070204,0.052123092,0.015252614,0.0006028422,0.019909808,0.000107769665,0.00013286313,0.1050012,0.047413085,0.0008706015,0.017451076,0.0001356297,0.10080629,0.019264264,0.014341576,0.021272697,0.009706536,0,0.0002470439,0.00012184033,7.301011e-05,0.00028560264,0,0,9.2437884e-05,0,0.00050574803,0,0.002419364,0.031228002,0.000481609,0.031243138,0.004624201,0.37885576,0,0.00037584832,0.00872784,0,0,0.0019287412,0.036583405,0.0012761258,0.001458178,7.27186e-05,0,0.17974086,0.025682278,0,0.10035805,0,0.084938265,0.00013609466,0.021409417,0.0029380333,0.032950215,8.061434e-05,0.013151234,0.017554177,0.011878939,0.00011597049,0.044569023,0,0.000121249745,9.267562e-05,6.278686e-05,0.00052708545,0,0,0.0009805852,0,0.0018712559,3.15693e-05,0,0,0.01802523,0,0,0.0001104079,0.00024131527,0,9.432888e-05,0,0,0.00025489007,0,0.00012431205,0.0007354634,0,0,0,0,0.00013778389,0,0,0,0,0.00010404933,5.8941256e-05,7.565716e-05,0.0010867537,0,0,5.207589e-05,0,0,0.08676258,0,0.00011450711,0.015429238,0.0004800294,0,0,0,0,0.00018908149,0.0005499411,0,0.005749583,0.014201202,0.00022010937,0.0026260875,0.00021093071,0.009850693,0.0014833224,0.37350014,0.00037357985,0.05510397,7.551433e-05,0.004344078,0.014013676,0.01931738,0.106171325,0,0,0.0047007976,6.4011634e-05,0.00030612433,0.007469284,0,0,0.001500141,0.084746175,0.00029310596,7.5062686e-05,0.00016402801,0,0
"EHI01661",0.00045555425,0.9706992,0.060998898,0.5298299,0.75501955,0.027605591,0.17354907,0.98286474,0.94202423,0.9837402,0.00057521585,0.11598282,0.00021556187,0,0.0009913559,3.83785e-05,0.29483056,0.2562142,0.7358337,0.9976271,0.00044750803,0.035634875,0.000106293686,0,0.002321977,9.6354626e-05,0.0003828804,0.000108343,8.195729e-05,0.13473602,0.00031827178,0.07122751,0.00010581487,0.0016487499,8.439106e-05,0.0011826206,0,0.10139307,0.93039286,7.104331e-05,0.0011244665,0.00018517594,0.001192953,0.82729006,0.60117924,0.40830877,0.06724633,0.75229657,0.00432435,0.0036456569,0.98417604,0,0.00019691017,0.017165199,0.01570497,0.09821314,0.0010957487,0.38976425,0.00039122725,0.0006506244,0.0032864348,0.0010145399,0.901952,0.00014671455,0,0.6419682,0.000729162,0,0.070032254,0.004394056,0.0056124846,0.0011082733,0.8836517,0.05923345,0.8824072,0.2311709,0,0.09142165,0.7998378,0,5.03824e-05,0.5028623,0.14479886,0.004653523,0.0002845942,0.86904657,0.006238155,0.0012473561,0,0,0,0.0028561868,0.0022817436,4.997516e-05,0.2825878,0.0010811322,0.00026504303,0.02261779,0.0001083041,0.0008860642,0.00010044398,0.0002458007,4.902135e-05,0,0,6.2919906e-05,0.00013026338,0.010642813,0.0038735694,0.001459715,0.00038964848,0.012756392,0.0040532234,0.00023173219,0.00012564496,0.2573623,0.051791556,0.0019414992,0.0009925985,0,0.0051066726,0.00011115874,0.0051349974,0.0048863497,0.00888347,0.008830779,0.00024250649,0.0021995814,0.0035837353,0.7594483,0.00024929582,0.024138128,0.00022954633,0,0.7419527,0.004729178,0.0009844126,0.0002949716,0.0025477558,0.0014766187,5.5304663e-05,0.082569435,0.0014633697,0.00044054075,0.04239646,0.020489026,0.0038618501,0.00040606275,0.16455002,0.0058741905,0,0.13172904,0.0042178654,0.47277722,0.011529204,0.009899791,0.0039818375,0.3619224,0.10315778,0.00019701585,0.2868991,0.04234391,0.00011173756,0.0063645085,0.0010741795,0.000776839,0.6258242,7.78099e-05,0,0,0.00030466425,5.004408e-05,0.00014292508,0.00059585343,0.21506475,0.05255574,0.0074857683,0.60909146,0.00022214602,0.00025672995,0.9421044,0.00014889111,0.0006496544,0,7.375347e-05,0.000110817986,0.6711111,0.00032426263,0.004423982,0.00093103084,0,4.406072e-05,0,0,0,0.00054415053,0.004475179,0.0024917475,0.0072989324,0.8733975,0.00038072973,0,0,0.0006326344,0.00033213256,0,0,0.19211055,3.565954e-05,0.015263979,0.00073719793,0,0,0.0034762386,0.004733962,0.004019191,0.08646091,0.022720547,0.99224716,0.35183737,0.07253363,0.0011866472,0.7987184,0.012733002,0.0029678086,0.0032422869,0.00055507885,0.008741984
"EHI01192",0,0.0020791919,0,0,4.0262643e-05,0,9.495938e-05,0.0012608317,0,0.0010710566,0,0,0.0055180076,0.00021390268,0.0009017615,0.005567441,4.260393e-05,8.7934764e-05,0,0.0008878414,0.00014285726,0,0.02768072,0.0032100717,0.0010791934,0,0.0008762408,0,0.0008429118,6.5927925e-05,0.0025019469,0.0004230769,0.00037129124,0,0,0.00018848016,0.0013336552,0.00016569666,0.0015248173,0.0031462037,0.0046978975,0.0008589012,0.00079981505,0.0006054422,4.6440793e-05,0,0.0004876891,0,0.0016725195,0.00013995591,0.0038974215,0.0011198383,0.0009840144,0.002097052,0.0019190364,8.058692e-05,0.00093640905,0,0.0001139662,5.7385227e-05,0,0,0,0.013342394,0,0.0014364321,0.0006100132,0,8.649048e-05,0.0051903934,0,0.0005356369,0.00014635829,0.00013706807,0,0.0015146469,0,0,0,0,5.8357993e-05,0.00022716248,0.00027994072,0.00036709927,5.4870347e-05,0.0007796096,0,0.00014600345,0.016265845,0.0004952237,0,0,0,0.0013998855,0.00039494288,0.00024353372,0.00060038234,0,0,0.00068348815,0,0,0,0,0,0,0,0.023288282,0,0,0.11277999,0.0282116,0.00027604323,0,0.05412299,0.00026103045,0,0,0,0,0.004785392,0.00038905558,0,0,0.00031989804,0,0.0034553143,0.010838562,6.9605114e-05,0.00065463455,0,0.0011850776,0,0.0004554371,0.0016801284,0.0013233742,8.258055e-05,0.00067368516,0.0007066768,0.00013120324,0,0.00070085336,0,0,0.00015838542,0.00012557372,0.00037186325,0,9.2115144e-05,0,0,0.0008292554,3.2086828e-05,0,4.890508e-05,0.0004982734,0,0,0.0045086057,0.025624884,0,0,0,0,0.0022464716,0,0,0,0,0,0,0,0.00013726977,8.250999e-05,0,0,0,0.0002590164,0,0.00022646709,0.00014127798,0,0,0,0.00011483135,0,0.0013088463,0,0.0007780758,0.000532744,0,0.0012060341,0,0.000519141,0,0,0,0,0.00032900838,0.016705744,0.0018159023,0.027965453,0.0004401421,0.0021958165,9.1412636e-05,0.014737904,0,0.00013053096,0,0.004589461,0.00041493317,0.00091800414,0.0013141271,0,0.00021356219,0.0001422682,0,0.0004734723,9.670779e-05,0,0.00012558898,0.0006613525,0.00094496703,0.00017107352,0,0.00016293448,0,0
"EHI01233",0.0042500533,0.004449659,0,0.01533677,0.0021081518,0.0012994792,0.0057122386,0.003607303,0.0013322915,0.0006369905,0.0009576308,0,0.96796316,0.9924642,0.9559312,0.9985493,0.001365598,0.00016627664,0.0033146243,0.002230842,0.0075781182,0,0.2831532,0.69356495,0.30979112,0.77807415,0.15203683,0.79551613,0.42938945,0.8768225,0.011075031,0.56436414,0.8410185,0,0.00046908692,0.38260058,0.51510084,0.0008873555,0.0019953,0.7905861,0.8626969,0.9938347,0.68330884,0.67477685,0.00094793853,0.039057877,0.84683174,0.025456209,0.5448527,0.2505784,0.0005927108,0.15727334,0.39814326,0.25755727,0.36715063,0.4535246,0.048390757,0,0.017013963,0.00061921764,0.08504669,0.00025098294,0,0.0011391953,0,0.5447082,0.0006068026,0.9189797,0.9898156,0.89551234,0.0001386255,0.68874997,0.00014635829,0.0005024159,0.2217858,0.0001908612,6.5125765e-05,0,0.00015831081,0.00095904333,0.0013260881,0.48762625,0.37635228,0.35397607,0.0011522773,0.0014656031,0,0.003494836,0.09144444,0.18916051,0.122241646,0.0059318757,0.39595553,0.5490689,0.3024846,0.31730935,0.14895001,0.14328356,0.0012513608,0.0009815878,0.00015274616,0.00039620153,0.0002756563,0,6.1619765e-05,0.00053598435,0.00033589927,0.13886231,0.04982933,0.0012407192,0.044272408,0.18910716,0.9239167,0.6515295,0.21741802,0.61683035,0.36323532,0.9577242,0,0.00011467276,0.2046125,0.76969355,0.025544392,0.013448272,0.0018607031,0.0054489393,0.9446445,0.11154537,0.0038152884,0.74417907,0.00021503241,0.9336332,0,0.06074834,0.00024252287,0.1579834,0.00017826913,0.03334179,0.3991428,0.4711221,0.0004178888,0.3722311,0.00020935189,0.0036888213,0.00018597115,0.00012724803,0.054719172,6.761452e-05,0.0004412182,0.01872868,0.006667417,0.94334704,0.0005252924,0.0006426735,0,0.8421597,0.00013077293,0.0003020656,0.0063204276,6.411759e-05,0.00022712779,0.0002891668,0.00012318057,0.0011429293,0.021005167,7.504711e-05,0,0,2.2832714e-05,0.00014891005,9.2297756e-05,5.479279e-05,0.00013984037,0,0,0.00028882423,0.0011290289,0.00087187433,0.0008591134,0.0007565716,0.0016485581,7.469454e-05,0.0009600386,0.15123172,0.00014003825,0.0002989694,0.63929796,0,0.008040403,0.44949186,0.0024400929,0.0023639088,0,0,0,0,0.053892616,8.754589e-05,0.39038995,0.003392339,0.0005844796,0,0.0002081183,0.08384304,0.033302233,0.97041166,0,0.4978511,0,0.034285884,0.2577966,0.39152697,0.5900182,0,0.0003253264,0.035273366,0,0.00047959478,0.95681363,0.00033044862,0.00018933011,0.34630322,0.666651,0.0325992,0.00020536018,0.0014959354,0,9.4383846e-05
"EHI01116",0.00020526738,0.7680067,0.01969892,0.084916644,0.72391343,7.284603e-05,0.81942695,0.74174976,0.8486709,0.56839544,0.0010438734,0.018925928,0.0009865015,0.0004385005,0.0036489344,0.00043197133,0.060757462,0.71913636,0.6496877,0.0010756849,2.784742e-05,0.021859266,0.00015153439,0.00052181917,0.028146667,0.0035393827,0.0002875987,0.003505912,6.133228e-05,0.11582437,0.00032447188,0.15014508,0.00057916425,0.005640606,0,0.028379817,0,0.64607453,0.81975603,0.00087169016,0.0022112902,0.032096505,0.0023487986,0.42728263,0.99662715,0.008458057,0.104812086,0.6988987,0.015207519,0.025525916,0.97255385,6.0645398e-05,0.00025378342,0.02047012,0.016287535,0.06345662,0.0016569013,0.00062801264,0.0011658572,0.0025501528,0.0011118794,0.00043086908,0.5950429,0.0019682762,0,0.4042013,0.0007780344,2.933142e-05,0.10679233,0.031970054,0.0010822031,0.0067794216,0.979907,0.1218683,0.0448734,0.123055875,0,0.024289291,0.8149698,0,0,0.3860795,0.20503744,0.034606904,0.00017156129,0.8090208,0.2884626,0,0.0005905217,0.030758215,0.01443956,0.00023480065,0.0047940575,0.0001261001,0.27481854,0.026980385,0.0008091883,0.025943587,0.0003704414,0.0013752112,0.017490922,0.00088682945,0,6.946707e-05,0,5.825917e-05,0.00048172873,0.08166858,0.0034243022,0.0012788892,0,0.10897618,0.004131011,0.0022805233,0.0009322546,0.23574677,0.039396625,0.0021001871,0.0015895705,0.0026497054,0.3612009,0.003496932,0.0073842937,0.006245284,0.22978503,0.015840922,0.00035004818,0.0041127508,0.0013081122,0.52860296,0.00061437837,0.009915372,0.0044339644,0.00010647839,0.4002716,0.0052782325,0.010179691,0.00064868754,0.031111795,0.0012398318,7.308116e-05,0.17334068,0.0011612051,2.707911e-05,0.018984245,0.0106469765,0.0027621733,0.039097723,0.46592706,0.011143749,0.015723806,0.098048896,0.0034343258,0.30047557,0.016720178,0.028503627,0.009670856,0.07573608,0.059488907,0.54538304,0.99916923,0.26625857,0.19165482,0.0020294636,0.000110755806,0.009625637,0.4322434,0.87467915,0,0,0.00013191227,8.127597e-05,0.00034497384,0,4.2590345e-05,0.00061423285,0.0152800465,0.0023691515,0,0.00019519546,0.838963,8.714363e-05,0.0004718066,0.00034650497,0.00012136647,0.0002714642,0.41904277,0,0.003541991,0.039546214,0,0,0,0,0.0014425983,0.24756396,0.0068455595,0.00072611595,0.008267679,0.75792307,0.027143352,0,0.00801818,0.0003962592,0.00022731276,0.0009142179,0.0015602453,0.20956977,0.052735217,0.004423445,0.025256982,0,0,0.19956368,0.0066923276,0.0019739142,0.018911479,0.07579638,0.97448283,0.49128735,0.015391907,0.04287219,0.44143867,0.010729731,0.00020394391,0.0021613424,0.00028504047,0.004679653
"EHI01658",8.6287335e-05,0.013136089,0.0009676724,0.0028890471,0.010493786,0.0007860322,0.003319262,0.010798458,9.295057e-05,0.84081,0.000756863,0.029067852,0.0007182258,0.0023436602,0.0071303155,0.052489422,0.00053283316,0.00027712775,0.0028393804,0.01170008,0.0044909534,0.0004697472,0.10657304,0.035828765,0.0028786839,0.0010698003,0.0004086006,0.0017080952,0.00015794419,0.0048747105,0.022611763,0.0014619444,0.0025051201,0.0079237735,0.0031603656,0.0012454473,0.00018613227,0.0023204654,0.0114916,0.0020719087,0.021881357,0.0067654885,0.01773684,0.008376699,0.004254796,0.009591098,0.0010933885,0.00019620603,0.010153557,0.0016673219,0.69793785,0,0.0003728953,0.020118544,0.005560779,0.011233817,0.04577435,0.14492813,0.008259318,0.0008154131,0.00038052537,0.0011061757,0.0021625163,0.011031783,0.9986652,0.008415683,0.003148881,0.03790008,0.07884583,0.01628469,0.00048796175,0.0014224832,0.00028619106,0.0023143706,0.01405203,0.0024702086,0,7.191867e-05,0.000108883454,0.0009087137,0.00057327,0.010881815,0.0007152485,0.00077978603,0.00051285484,0.012047892,0.0026048718,0.01297922,0.13806412,0.0012764408,0.00051477645,4.0574618e-05,0.0028861999,0.0035865891,0.0018960343,0.0018071383,0.0009758165,0,0.00010623459,0.007938344,0.0053805877,0.006698921,0.00026357855,0.0001541051,0,0.0003584881,0.00055464345,0.0029761326,0.025962954,0.0029479612,0.4765754,0.000445523,0.0035052672,0.0018533602,0.4380852,0.6046757,0.0049908073,0.00035785764,0,0.00050914707,0.0020280846,0.009472856,0.08201147,0.06298025,0.0027058972,0.00090090354,0.040656134,0.06903857,0.11040253,0.0060874596,0.00018903949,0.014684261,0.0056932936,7.25989e-05,0.9169038,0.01003285,0.0024433357,0.0005361984,0.0015708449,0.002505283,0.00027257297,0.002182112,0.0034166228,0.00051611976,0.0003189405,0.011320471,0.014021645,0.00032605225,0.0016667501,0.034043957,0.00020896769,0.6560906,0.000543406,0.00019365895,0.00069237535,0.0021000216,0.03076017,0.0004322663,0.048945803,0.00087782805,0.00046124414,0.04862166,0.00022751382,0,0.008543875,0.00018525143,0.00034424875,0,0.00066053425,0.0047945674,0.00024177111,0.0007386068,0.00092438597,0.00018986674,0.08486813,0.001181612,8.6748034e-05,0.0074406336,0.0009665026,0.0006133274,0.0015167301,0.0012150311,0.0040854034,0.0010335061,0.0006409084,0.0005532927,0.007668021,0.00013402855,0.008009199,0.001702747,0.0009571083,0.0038517264,0,0,0,0,0.009552343,0.002469677,0.0022643518,0.029234516,0.0022323255,0.00056530826,0.00037123804,0.015566831,0.0054548965,0.11488532,0,0.001039619,0,0.022918906,0.0011853258,8.334668e-05,0.0055634766,0.026663862,0.0032497048,0.0031875398,0.00035008424,0.010300063,0.003853628,0.000709684,0.00078635104,0.009823504,0.0068261977,0.0038942036,0.00039939015,0.0008873915,0.00030979398,0.0016517172
"EHI01794",0,0.00011329753,0,0.00014891996,0.0007220434,0,0.00031336598,0.0001365671,0,0.0003338046,0,0,0.00016378937,0,0,0.00024007884,0,8.740183e-05,0.00012042195,0.00088463037,3.397385e-05,9.067213e-05,0.0006755359,8.338348e-05,0.00011768466,0,4.1503066e-05,0,0,0.0022081458,0,0,0,0,0,0,0,0.00011798172,0.00023429659,0,0.00050642574,0.00042157076,0.00015043543,0.00014923725,0,7.9498095e-05,0,0,0.00020304037,0.0001827202,0.00032446047,0.00018854115,0,0.0003364774,0.0005568632,0.003160247,0.0005802041,0,0,0,0,0,0,0,0.00025867586,0.00068607944,0.00061786134,0,0.011207671,0.0005496267,0,0.00017076629,0.00014449385,5.8886646e-05,0,0.00011049859,0,0,0,0,0,0.00021983465,0,0,5.4870347e-05,0,0,0,0.0006208049,0,0,0,6.781485e-05,4.47452e-05,0,0,0,0,0,0.00358049,0.00014026497,0,0,0,0,0,0.00046206632,0.00026525246,0.0024086407,0.00047693276,0.04084895,0.00035947183,0,6.8624555e-05,0.00069906167,0.040226717,0.00058286183,0,0.00050630764,0.00067504036,0,0,0,0.00011873837,0.0027802107,0,0,0.00012501697,0,0.00048215117,0,0.00043231924,0.0017955423,0,0.00014609811,0,0.0020323992,0,0.00011448629,0,0,0.00043355854,0,0,6.849937e-05,0,0.00032691582,0,0,0,0,0.108054884,0.002133774,0,0.00010919901,0,0,0,0.00033971661,0.024656126,0.00026207053,0.00014279441,0,0,0,0.0054824953,0.00024080026,0,0,0,0,0,0.00014138273,6.657056e-05,0,0,0.00024067688,0.00026934754,0,0.00015131432,7.087524e-05,0,0,0,0,0,0.00019473997,0,8.588033e-05,0,3.404464e-05,0.00015370018,0,0,0,0.00043301104,0,0,0.00012848529,5.3903314e-05,0.010944492,0.017040005,0.004266425,0.00026053033,0.00015783915,0,0.0009888879,0,0.003643566,0.0023853837,0,0,0,0.0011361402,0.0007503152,7.319265e-05,0,0.0009959245,9.5188814e-05,0.00010993271,0,0.00011010852,0.00015042965,0.00015168519,0,0,0,0
"EHI01120",0,0,0,0,0,0,6.4745036e-05,0.00013518764,0,0.00025095383,0,0,0.000289926,0,0.0012485033,0.0008780148,0,9.433002e-05,0,0.0059299134,4.177113e-05,0,0.0012504881,0.00046917616,0,0,0.0002513566,0.00013627518,0.00019702315,0.00010987987,0,0.0011945701,0.00023041345,0,0,3.9420687e-05,0.00048728022,0.00012795201,0.0003114957,0.00085966167,0.0026967062,0.00029549352,0.00031842166,0.0018448393,0,0,0.00019559724,0,0,7.28937e-05,4.452288e-05,0.00044673443,0.0005290284,0.0008093791,0.0005404429,0.00018596982,0.0011956246,0,0,0,3.2899286e-05,0,0,0,0,0.0013818746,0.00062356907,0,0.00022142864,0,0,0,0.00014729051,2.3304077e-05,0,0.00014942423,0,0,0,0,0,0.000962143,0.0011454241,0,0,0,0,0,0.0005873673,0,0,0,0,0.000113315764,0,0,0.00016298323,0.00010498092,0,0.00070242817,0,0,0,0,0,0,0,7.0733986e-05,0,0,0.00065101765,0.00030881268,0,0.000116860654,0.0014818867,0.00023245449,0,0.0004282957,0,0,0.00045655682,0.0009166789,0,0,0,0,0.0015168755,0.00044678195,0,0.0025030144,0,0.0007637032,0,0,5.1864834e-05,0.0031083797,8.258055e-05,0,0.00022781029,0,0,0.0017549177,0,2.7483276e-05,6.787947e-05,7.241418e-05,0.00047125012,0,0,0,0,0.0020569467,3.2086828e-05,0,8.2736675e-05,0,0,0,0.00021119049,0.00064001005,0,0,0,0,0,4.6650905e-05,0.0002199367,0,0,0,0,3.762438e-05,0.00013778389,0,0,0,0,0.00042542155,0,0,0.00021120821,0,0,0,0,0,0.002209922,0,0,0,0,0,0,0,0,0,3.2728203e-05,0,5.0533967e-05,0.00011530311,0.0006692515,0,0,0.00079136813,0.00022731276,0.0008561308,0,0.0011271024,8.285599e-05,0.0036523456,0,0.00018574402,0,0,0.00035237762,0,0,0.00082449487,0,0,0.0003761358,0.00019496924,0.0015683972,0,0,0,0,0
"EHI01651",0.037529632,0.92930233,0.17201324,0.87982804,0.99996376,0.99920034,0.9995481,0.90855616,0.9997261,0.99922854,0.99991995,0.99898326,0.00014119773,0,0.0017790882,0.00411716,0.9968641,0.96339035,0.92224646,0.0011832534,0.9994219,0.00027420127,0.00067070435,0.0001317997,0.0055795885,0.00032338197,0.00041912252,0.0017258702,9.444085e-05,0.0024643857,0.0006402636,0.02515808,0.000532205,8.667925e-05,0.021246804,0.0033409034,0,0.5595137,0.5103409,0.0027440009,0.012428659,0.0028524976,0.022139583,0.58796567,0.9878148,0.13399327,0.0403152,0.0064242245,0.0057153814,0.005659467,0.98714346,9.186877e-05,0.00023768721,0.018171936,0.016755871,0.032216173,0.0009329452,0.314927,0.3832986,0.63827413,0.002610107,0.99940324,0.9821362,0.18822382,2.5867586e-05,0.68785405,0.2823612,0,0.006675049,0.005784984,0.788536,0.0379141,0.08269337,0.51538193,0.9503591,0.046374876,0.9961235,0.80302775,0.6460557,0.72534525,0.15818304,0.46897182,0.11070302,0.0080761835,0.08504282,0.375883,0.005525824,0.0061584255,0.004789157,0.06384378,0.004671717,0.0004316873,0.0012676856,4.47452e-05,0.017686035,0.003788886,0.00086698745,0.0069378396,0.0002166082,0.0011825169,0.0002014823,0.00018252527,0.00020247948,0,0.00014583343,0.0006447348,0.00036293507,0.04342625,0.00012131049,0.0013775915,0.0001555387,0.047002677,0.0026523555,0.0052388385,0.0008107461,0.0021965026,0.0007512724,0.0014597677,7.064758e-05,0.00011467276,0.01535595,0.00022231748,0.018242965,0.009398762,0.15715382,0.0011059396,0.001168978,0.046632867,0.0068630646,0.6598925,0.00022566589,0.02075862,0.00026220904,6.388703e-05,0.7582741,0.021834055,0.00028968733,0,0.005422117,0.0020518943,0.6418631,0.03849841,0.76340586,0.9609685,0.00080184557,0.010580422,0.8960084,0.008073925,0.4103279,0.009873587,0.02476739,0.0024090628,0.0002385811,0.6440848,0.9936762,0.013366537,0.0008210955,0.0042663217,0.24959885,0.9085322,0.00034855382,0.9614471,0.0007054275,0.8089533,0.23177801,9.5330106e-05,0.04592765,0.0087893205,0.9496186,0.044858944,0.022155136,0.012191578,0.010755369,2.906602e-05,0.00010510198,0.39494467,0.00015197211,0.011131064,0.9366768,0.005450846,0.0015672877,0.040863886,0.13071817,0,0.9898603,0.96651065,0.66767675,0.0006024079,0.00920494,0.0034512545,0.21175948,0.11308132,0,0,0,0.011111063,0.0020881665,0.0008430891,0.022561265,0.44142246,0.016744671,0,0.002699913,0.0007131515,0.00042415463,0.0030833269,0.00022158412,0.11883548,0.008860872,0.08791915,0.003214349,0.00015657269,0.00023187495,0.0016939234,0.0012792376,0.0035159916,2.7056465e-05,0.6241691,0.11536834,0.2058799,0.061508935,0.028192692,0.5915545,0.010636211,0.00032928443,0.028441362,9.151299e-05,0.064598724
"EHI01800",0.00024117577,0.5312592,0.29072234,0.9766831,0.9070666,7.731079e-05,0.020787472,0.51595557,0.85690755,0.7990334,0,0.12849455,0.0010514525,0,0,0,0.016117634,0.4701888,0.94181603,0.06557744,4.177113e-05,0.0008575617,0,0,0.037715014,0.00018676958,3.6826663e-05,0.0016666201,0,0.0040646764,0.00028685795,0.0043118107,0.00018783705,0.002204788,0,0.029105403,0.0001448671,0.3229893,0.64443225,5.6007688e-05,0.0008198232,0.016766302,0.00011332803,0.096315056,0.9973233,0.029628478,0.009483858,0.005845965,0.028945046,0.029415524,0.963041,0,0.000160962,0.0060517397,0.012963491,0.014275043,0.00070201815,0.43558785,0.0013431002,0.0018246952,0.0011590448,0.00037263744,0.9674306,0.019493472,0,0.18394552,0.00061072665,0.0008514739,0.06537347,0.055144306,0.0028473677,0.00060849724,0.07302533,0.31024218,0.2575583,0.08648304,0,0.57596564,0.6249839,4.384551e-05,0,0.22733615,0.016711993,0.04253313,0.0005882101,0.8893796,0.023835497,0.004119244,4.1639352e-05,0.00019904053,0,0.0018478079,0.001155565,4.997516e-05,0.27892068,0.032420836,0.0007420163,0.011796356,0.0063237175,0.02342388,0.0860371,0.26349592,0.0009072502,0.04390239,0.00045269984,0.00052472093,0.016123984,0.016525228,0.062454823,0.01664985,0,0.0065995697,0.002178745,0.0021293503,0,0.42693537,0.0032290714,0.0025033844,0.08730392,0.020932365,0.006230098,0,0.023665007,0.02184148,0.005784956,0.0009929605,5.9147926e-05,0.0030480572,0.0013071841,0.115812555,0.006998006,0.17948605,0.26026016,0,0.5600511,0.009984745,0.23673943,0.00029372174,0.030485898,0.00095956924,0.00022375815,0.010087197,0.0010481551,0,0.0009379145,0.22038396,0.0044581713,0.001703886,0.4052726,0.06250051,0.0029949788,0.89244276,0.9745924,0.8336851,0.028512666,0.023413423,0.032995198,0.19139217,0.19652945,0,0.12431315,0.096538454,0.29447088,0.0054651545,0.0003793007,0.9496921,0.11078724,0.00014815856,0,6.309748e-05,6.125957e-05,0.00013004155,0.0006544735,0.01649731,0,0.0013715941,0.8156311,0.5931594,0,0.00033137834,0.67049533,0.0002654146,8.495917e-05,0.0020222804,0.00053821364,0.0014517953,0.14074375,0.21921018,0.0038248235,0.041421268,6.808928e-05,0.014185502,0,0,0,0,0.030839087,0.00073347276,0.0036422089,0.65242034,0,0,0,0.00029676303,0,4.1864587e-05,0,0.020202674,0,0.008225059,0.023727262,0,0.00016337796,0.96658176,0.030531563,0.008126213,0.0043739085,0.019608283,0.98685485,0.18251757,0.15741347,0.052959394,0.091793105,0.0076709366,0.0015741921,0.01466301,0.00041030828,0.0056840754
"EHI01125",0,0,0.019366847,0.0006726218,0.0097674485,0,0.0015392053,0.00014438407,0.3410945,0.37628245,0,0.10920483,8.377732e-05,0,0,0,0,0.019382954,0.008835911,0.5075298,0,0,6.6323744e-05,0,0.0057273204,0,4.1503066e-05,0,0,0,0.00017938955,0,0,0,0,0.005202915,0,0.0011271171,0.00029799936,0,0.0005138667,0.003605021,0,0,0.07726518,0.0009643968,0,0,0.010051011,0.0049091475,0.857588,0,3.594818e-05,0.0006249636,0.002315266,0.0008114483,0.0009121617,0.39102027,0,0.00025280518,2.0962378e-05,0,0.0073249517,0,0,0.0004738283,0.00061144016,0,0.00048317615,0.019817328,0.00011459708,0.00032104063,0.16891983,0.0004530513,0.0018526947,0.00016574789,0,0.13210717,0.18436047,0,0,0.00063605496,0,0.0063726516,0,0,0.0005776191,0,0,0.0013199173,0,0,4.2497304e-05,4.997516e-05,0,0.003690422,0,0,9.174806e-05,0.00069666386,0,0,0,5.0303737e-05,0,0,8.9300054e-05,0.00025464236,0,0.0004861861,0,0.0002727267,0,0.00040627725,0,0.00048029606,0.0001272624,0,0,0,0.0010885498,0,0.0010772491,0.00046077574,0.0018240248,0,0,0.00023056408,6.9605114e-05,0,0,0,8.9822475e-05,0,0.2975975,0.00053193996,0.0010099732,0,0.005956774,0,0,0.000509133,0.000107467305,3.6374924e-05,6.756951e-05,6.19497e-05,0.00090369466,0,5.006258e-05,0.0011235096,0,0.001956518,3.3121887e-05,4.1131105e-05,0.00013063685,0.00392431,6.340506e-05,0.014832462,0.001110307,0.009196793,0,0.00096735894,0.0028035357,0,0,8.451251e-05,0.017883549,0,0,0,0,0,0.00013932625,0,0,0,0,0.00037450378,0,0.0002421029,0.0013782871,3.0375779e-05,0,0,0,0,5.0029885e-05,0,4.2940166e-05,0.008544242,0,0,0,0,0,0,0.0011803614,0.0004259586,0.001093469,0.00019990632,0.002889679,0,0.0003881125,0.00020359324,0,0,0,0,0.0014520775,0.0036778306,0.004614057,0,0,0.0005151112,0.0016337509,0.0005182954,0,0.013418449,0.0017255504,0.05009549,0.0070588575,0.001209791,0,0.0006780214,9.5598705e-05,0.0009787005,0.00112666,0.0062063755
"EHI01653",0.00011415654,0.5454278,0.36533973,0.0686933,0.7583144,0.6061368,0.048384394,0.4276698,0.71226716,0.9792627,0.5003217,0.748357,0.001141819,0.000121924524,0.0013671868,0.0021125232,0.08551233,0.5660164,0.7031627,0.3441132,0.46144205,0.0067792893,0.0024469509,0.00019981294,0.020180834,0.00022372752,0.00024726475,0.002732275,0.00015197379,0.0027711703,0.0010540169,0.009077328,0.0008934782,0.53766584,0.002011692,0.016639842,0,0.6026036,0.3169655,0.0009728047,0.006815081,0.010616754,0.006295723,0.011479136,0.98962367,0.9349019,0.010469669,0.011133169,0.062164195,0.012191715,0.9783218,4.3832813e-05,0.00019208131,0.0040997397,0.015033879,0.010531471,0.0023675791,0.9816157,0.0056642904,0.005258503,0.0014053527,0.010657069,0.9762013,0.23964699,0.00011123063,0.03519931,0.039901286,0.0050061834,0.0032339636,0.10313222,0.89161336,0.00079121714,0.090699255,0.40974182,0.9637647,0.053550065,0.00019384493,0.8283351,0.77212983,0.015600356,0.0070961374,0.07531169,0.007972245,0.0131279975,0.0005059046,0.31898174,0.41928512,0.0031473476,0.0060724057,0.00021602352,0.0017960694,0.007379924,0.002466652,5.113737e-05,0.28168374,0.0121176075,0.00047593185,0.013804992,0.00033250047,0.0009832347,0.00070191914,0.0046823816,0.00011367269,0,3.615026e-05,0.00043305982,0.00043011492,0.00945625,0.0002852888,0.0019331777,0.02376054,0.0054857624,0.0038336278,0.0012765161,0.017528765,0.0019200852,0.0023556272,0.0019026368,0.0002190075,0.00037306873,0.0017659871,0.0012242688,0.11168653,0.065480486,0.013717343,0.0009716201,0.0009592718,0.016016006,0.038530145,0.024936281,0.00053639954,0.0022479384,0.00033570017,0,0.7473145,0.012549621,0.0008218731,0.0008349196,0.013640141,0.00047435015,0.043382276,0.0125023965,0.008267306,0.124754265,0.00934846,0.39896652,0.3910142,0.99316865,0.55507916,0.16334605,0.05198644,0.003016145,0.0007240238,0.08293016,0.67325276,0.0012180017,0.9861087,0.28232008,0.2445954,0.00025064146,0.00052414107,0.13724299,0.5791775,0.87826174,0.09412726,0.0031864597,0.34605083,0,0.012644711,0,0.010279764,0.0010753998,0.0005994628,0.9999344,0.9987319,0.012169127,0.013910993,0.99811566,0.03435516,0.001240273,0.0015318502,0.0016841128,0.0027758991,0.00055347325,0.014633529,0.0025771162,0.0073092044,0.8860786,0.048056055,0.02280743,0.011975315,0.07472391,0,0,0,0.0009208701,0.004748272,0.01687208,0.00349437,0.28863654,0.00094141375,0,0.00012374602,0.005931235,0.003289636,0.0025804285,0,0.010475341,0,0.078951396,0.01177442,0,3.1965254e-05,0.7253185,0.21957469,0.023817802,0.0106387995,0.01524295,0.98628676,0.4298857,0.18419863,0.016420197,0.012808233,0.27736434,0.00095244637,0.063219674,0.0029254155,0.05667431
"EHI01090",0.9990787,0.9999775,0.99729276,0.9999856,0.95015913,0.67328084,0.032282736,0.97329444,0.01944216,0.97019476,0.84176505,0.24582061,0.0066965376,0.0005197835,0.00075166184,0.00078803854,0.9449222,0.08783777,0.99867296,0.0023745343,0.0072030136,0.00029932728,0.0001269375,0.00022325254,0.2341374,0.00017555022,0.0016571999,0.003929973,3.6365156e-05,0.1308867,0.0004435138,0.51276153,0.0025151381,0.013379956,0.0015556617,0.25743988,0,0.9481714,0.7853878,0.00052962976,0.0060757957,0.053995203,0.0072073615,0.94147354,0.99919367,0.13729051,0.9141198,0.9880339,0.33612207,0.16979761,0.90631104,0,0.00014432926,0.04197178,0.0633796,0.10005548,0.0010282026,0.7771848,0.99804693,0.9991916,0.004078347,0.03976274,0.9798258,0.96531093,5.3851614e-05,0.9880691,0.9574728,0.0006651331,0.09481405,0.62084275,0.0048130774,0.02603446,0.0028609782,0.37350222,0.96797734,0.09489443,7.278762e-05,0.37880617,0.01405886,0.014440303,0.106824115,0.7274043,0.3268443,0.24772362,0.0011570327,0.68580025,0.7844613,0.8077519,0.0017368657,0.026366416,0.00053656165,0.00263735,0.0034825185,5.113737e-05,0.28123945,0.1824258,0.0023629963,0.065128766,0.0004470131,0.0077020056,0.014021147,0.0018271997,0.00028133992,0.0005118206,0.00020046963,0.00057327026,0.0136031015,0.3235125,0.009272304,0.008581705,0.00014431425,0.33980498,0.0055394513,0.048254002,0.00048706814,0.254852,0.04173401,0.004662675,0.006533724,0.0055455747,0.39566356,0.00050173706,0.109608926,0.07445569,0.036493894,0.005365251,0.0004973803,0.04394039,0.007792525,0.9456124,0.0013776253,0.9712949,0.013427099,0.00077100034,0.723773,0.10893946,0.044494532,0.002556004,0.19258803,0.006994918,0.068276994,0.41068655,0.4330346,0.004741269,0.0008495782,0.49763983,0.0069135297,0.009141108,0.6302742,0.119257,0.9727102,0.17019288,0.5259259,0.9470767,0.24872956,0.003808155,0.011168009,0.033396713,0.99148446,0.00024830992,0.0005232675,0.4190089,0.050425276,0.005216649,0.108732365,0.8068916,0.0035163793,0.0017363331,0.9769994,0.94324213,0.9762031,0.9711989,0.97796744,0,0,0.98762614,0.9457342,0.003957195,0.18775491,0.0011641114,0.0015852428,0.8452314,0.8192732,0.00044598329,0.87982756,0.66272306,0.97237545,0.0063987826,0.011765319,0.3135879,0.026331032,0.6562767,0,0,0,0,0.02183454,0.0008997364,0.03159072,0.7373513,0.00052052893,0.000112484806,0,0.000889714,0.00050764484,0.0013621689,0.00013368299,0.5130163,0,0.08099674,0.19725507,9.1681344e-05,5.1753268e-05,0.00517702,0.010938656,0.030749602,0.0014485107,0.019389914,0.9724398,0.010413035,0.51081645,0.75648975,0.9166997,0.00851604,0.0009510301,0.011061502,0,0.014818901
"EHI01797",0,0.0051463638,0.0152205955,0.00017125795,0.0072531807,0,0.00046012137,0.004058848,9.914727e-05,0.09221773,0,0,0,0,0,0,0.0008032261,7.674307e-05,0.00081959425,0.0009119239,0,0,0,3.38145e-05,0.00012519646,0,4.6179466e-05,0.00012696446,0,0,0,0.00020547626,0,0,0,0,0,0.011824047,0.0014686725,0,0.0002722531,0,0,0,0.28343543,0.0015922774,0,0,0.000905478,0.00022256876,0.5908125,0,6.8677116e-05,0.00067133707,0.001775537,0.0006279581,0.00074531697,0,0,0.00012174974,0,0,0.049818486,0,0,0.00075857365,0.00061928824,0,0.00028028118,0.00066381186,0,8.5383144e-05,0.00014542606,0.0006101659,0.011022996,0.0004102888,0,0.0027874685,0,9.263136e-05,0,0.0012831016,0.00013997036,0,0,0.0009484857,0.00055921945,0,0,0,0,0,6.781485e-05,0,0.0033045611,0,0,0.00020996184,0,0.00067278295,0,0,0,0,5.4636188e-05,0,0,0,0,0.0003188548,0,0,0,0,0,0,0,0.00032790125,0,0,0.00015852667,0,0.0014703621,0.0004370281,0.01012128,0,0,0,0,0.00011953498,0,0,0,0,0.0687399,0.000119802135,0.0010329123,0,9.0659196e-05,0.000116452575,0,0.0003094574,0,0,6.385009e-05,0.0025529137,0.0004843714,7.5127246e-05,0.0006241135,0.0007988228,0,0.00030333613,0,0,0.0014102081,0.000293102,0,0,0,0.00030310132,0.0003511745,0.07967115,0,0,0,0.00016158792,0.00031643067,0,0,0,0,2.9953391e-05,0.00013367094,7.547789e-05,0.013298492,0,0,0.0003394517,0,0.00012357337,0.0011968465,0,0,0,0,0,0.0002393903,0,0,7.570275e-05,0,0,0,0,0,0,0.0012291854,0.49697673,0.0005908173,0.0009570515,0,0,0,0.00067576853,0.00065390504,0,0,0.00013886273,0,0.014254779,0,0,0,0.00066903495,0.00093184307,0.003023771,0,0.006506162,0.030937884,0.0018116131,0.024330182,0.0005393214,0,0.0001277349,0,0.018991709,0.00022503195,0.00037562218
"EHI01790",0,0.00079436775,0,7.148158e-05,0.0002088289,0.0001266581,0.0026295118,0.0009224028,0.00018342245,0.00045327787,0.00027167395,0,0.0048939134,0.014352157,0.008982709,0.049797382,0,7.6210126e-05,0.00033025417,0.11512076,0.0009003071,0.00012854322,0.22853494,0.026555525,0.00052081724,0.0016129501,0.0020085145,0.014171773,0.0033819596,0.0010917664,0.30433354,0.017589279,0.013449759,0.00018534604,0.00011719212,0.00041946076,0.0028121776,7.311543e-05,0.00061948237,0.08586956,0.2814633,0.0015982917,0.01582631,0.024033263,0.00035604608,0.001833859,0.0005744039,0.0007695907,0.0035501302,0.0013601964,0.0018677348,0.0013450069,0.0028999986,0.014599021,0.0013428971,0.001818165,0.018227069,0,0,0,0,2.8664419e-05,0.00024530556,0,0.00035720787,0.0113277845,0.0006945589,0,0.0034349076,0.0015039302,0.00013770133,0.00043260795,0.00014262942,0,0.0025535899,0.0001698288,0,0.00021575602,0,0.00013678565,0.00013013833,0.008612389,0.02221003,0.00040908775,9.035317e-05,0.00050295703,0.001019212,0,0.004079395,0.0006840745,0,0.00014034826,3.933261e-05,0.008852576,0.00073126145,0.0003058941,0.0017730284,0.0024348577,0,0.00055831927,0,0,0,0,4.7241818e-05,0.00012312105,0,0.0031777245,0.00041245567,0.000303047,0.0004040799,0.0041242107,0.012432272,0.00039782352,0.0017600636,0.006142184,0.0005561367,0.0027098407,0,0,0.0006584141,0.00911654,0.00017501153,9.711735e-05,0.0008506162,0,0.03383853,0.0063246293,0.00013921023,0.016334577,0,0.020349406,0,0.0007535766,0.0008868156,0.0053439154,0.00029361973,0,0.00094320433,0.0026442497,5.4458164e-05,0.017014587,0,6.0624872e-05,6.2610285e-05,0.0001837562,0.0003830303,0,0.00010012516,0.0002684492,5.0556697e-05,0.010185535,0,0,9.580036e-05,0.0006279982,0.00080524426,7.05451e-05,0.0010400991,0.022951763,0,0.0004729455,0,0.000109460874,0,0.00012237411,0.00022167532,0,0,0,0,0,0.00013418506,0,0.0031894674,0.00014633761,0,0.0003058755,5.2913172e-05,0.00013214783,0.00037941878,0,0.00031321612,0,0,0,0.010879079,0,1.7748602e-05,0.0008632373,0.00035633388,0,0.03626584,0.030721167,0.01737254,0.0011561394,0.0031762451,0.1310562,0.001197225,0.003686487,0.46174484,0.014869626,0.06487244,0.005820236,0.01425123,0.074463494,0.16954848,0.021577416,0.059514727,0.011961869,0.00022129768,0.0032094424,0.01379529,0.049192358,0.0031628562,0.0017918474,0,0.002038788,0.0053791804,0.00034996332,0.00045817887,0.0017189553,0.021375485,4.276838e-05,0.00020394391,0.00043904828,0.0003442989,0.0003909277
"EHI01117",0,0.0022740893,0.09633088,0.32345665,0.005531013,6.8381276e-05,0.010590561,0.0013578541,0.004820416,0.008255061,5.975234e-05,0.00017975198,0.00543423,0.00031372393,0.00010821138,0.00039828353,0.00071858626,4.5299726e-05,0.011657973,0.015737109,0,0.0107320845,3.2063796e-05,3.2277476e-05,0.09082669,0.002191078,0.00021979088,0.0007744832,0.00040544436,0.0021316695,0.00039432634,0.0027088409,0.0005622589,0.12380839,0,0.06800993,0.00026339473,0.0012130515,0.0009390759,0,0.00061278825,0.018456526,0.00038060165,0.013244503,0.010338995,0.3074774,0.0025303762,0.0069902968,0.6747267,0.09883851,0.07178757,0.00018013486,0.00018188705,0.0013955184,0.02152205,0.009317707,0.0007805333,0,0.00026161197,0.00047808097,0.0019914259,0,0.0013923845,0.0056321123,0,0.013042236,0.00055614655,0.019527825,0.015605679,0.29445854,0.00087703735,0.0068796044,0.00014356163,0.00018693379,0.043207433,0.00086358417,0,0.015633631,0.003220658,0,0,0.073153645,0.006164294,0.036353625,0.00010974069,0.0003739399,0.017678825,0.038615964,0,0.011596658,0.0024786727,0.005222818,0.04851881,0,0.27394843,0.036670532,0.00036554065,0.010715753,0,0.0008292441,0.0013646117,0.0003713781,0.00010656815,0,0,0,0.00011715511,0.00013262623,0.00033046652,0.0008312587,0,7.702968e-05,0.0015247775,0.0088600265,0,0.056462813,0.006859868,0.005728961,0.002743481,0.00022934552,0.00089831784,0,0.02150852,0.01315692,0.025423761,0,0.00061836466,0.0005697495,0.016662536,0.024171738,0.00016068357,0.0151378615,0.0003611045,7.7438825e-05,0.008002524,0.0015736172,0.00019203254,0,0.039943513,0.0004044786,3.3859997e-05,0.0032679972,0,0,0.015700614,9.125024e-05,0.0012588074,0,0.00022361285,0.042340092,7.954254e-05,0.020291956,0.0047457456,0,0.00025088975,0.28362396,0.031613763,0.00010084635,0.0010989832,0.011671732,0.0041747834,9.075089e-05,7.875478e-05,0.002384472,0.0017675413,0.004275657,0.00031556134,0,0,0,0.00018377871,1.8264263e-05,0.00013212858,0,0.008535243,0.029653905,0.094020516,0.0013389894,1.51818385e-05,0,0.0016395805,0,0,0.0011656989,0,0,0.006499043,0.0007422011,0.006260676,0.05462123,0,0.005216584,0,0,0,0,0.94486,0.26347488,0.013511922,0.0018983962,0,0,0,0.016357625,0.0453041,0.00064628455,0,0.0051494925,6.869706e-05,0.009667503,0.08358137,0,7.6107746e-05,0.51158845,0.30034748,0.42352238,0.031017598,0.0019000117,0.9801162,0.027425935,0.17010048,0.03979476,0.019134032,0.032198887,0.00072513387,0.8634385,0.001281932,0.0005624767
"EHI01127",0.00028833904,0.0024297931,0.28552976,0.019961728,0.0031281388,5.7336874e-05,0.0027300823,0.0019524038,0.012073039,0.0005067106,0.00053717353,0.0147953,0.02552949,0.07784845,0.009926358,0.0062475936,0.0017794241,0.00011991104,0.0042816247,0.027435584,5.123925e-05,0.00013364125,0.002636259,0.005258923,0.33325794,0.2604591,0.0154596,0.07368933,0.057644743,0.023047522,0.0016368263,0.019166723,0.070305526,0.11462408,2.6750375e-05,0.34326673,0.047020346,0.0010181562,0.0030461256,0.0008848463,0.006483738,0.85578865,0.022418892,0.060559385,0.0017433509,0.87649006,0.2147436,0.0013265234,0.60759985,0.39346611,0.0023853132,0.00853539,0.061200432,0.104531765,0.09376863,0.033130523,0.012249524,0.0025340735,0.0007827947,0.00039432957,2.7658692e-05,4.96549e-05,0.0006895232,8.2850565e-05,0.00012604569,0.044629168,0.0006727982,5.9956874e-05,0.0040328624,0.26343805,0.000120142104,0.06818698,0.0030241164,0.0010827625,0.19270095,0.0006956388,0,0.32135743,0.010542355,0,5.6412726e-05,0.073468745,0.016461447,0.34347054,0.000631009,0.0016114031,0.030285249,0.0016790397,6.561353e-05,0.078080274,0.0038987456,0.009678709,0.053956207,0,0.06208934,0.3139596,0.21885471,0.0037338217,0,0.0009815878,0.00014561405,0.000113895774,0,0,0,0,0.00023185242,0.00049779046,0.0022839836,0.0009172377,0,0.00039902763,0.07571295,0.06740075,0,0.05060639,0.026584692,0.45740035,0.00017661895,5.3513955e-05,0.0009765243,0.010506785,0.00410349,0.004925693,0.001481163,8.954638e-05,0.0040672263,0.0144784,0.020762278,0.035899807,0.0006675457,0.16388366,0.00018508875,0.005100799,0.0026560638,0.01045609,0.00034343023,0.001476108,0.3092362,0.027981225,0.00020823898,0.017709872,5.582717e-05,0.00014024554,9.5465184e-05,0.00091417663,0.0014221256,3.0050898e-05,0.00078698376,0.000816533,0,0.07308392,0.0009139571,0.0008984576,0.00011857807,0.58264065,0.05931147,0.00014819206,0.0011657942,0.2701577,7.862116e-05,0.0005497097,0.00010096767,0.000109460874,0.00021948868,0.00016226401,0.00036945887,0.00047645238,0,0,0,4.657387e-05,0.00013212858,0,0.031325884,0.0001745782,0.0002667665,0.0005010602,0,0.00018561223,0.0016518655,4.0833012e-05,0,0.0001936155,0,0,0.039348774,0.0013287562,0.014792028,0.3613264,0,0.00045956354,0,0,0.00019321678,0.00063508283,0.8813254,0.64301944,0.07350703,0.002352826,0.00154374,0.00014709552,0,0.15138538,0.09809795,0.009971621,0,0.026327446,0.0018936265,0.020320905,0.3180214,0.059907805,0.0010239029,0.99698704,0.28283536,0.16826074,6.896099e-05,0.0015102134,0.35089585,0.080114275,0.398088,0.46507597,0.076399654,0.69785565,0.0032631026,0.0037152343,0.009193306,0.60312104
"EHI01087",0.00025243065,0.30695686,0.0067410823,0.13036603,0.006078048,0.0004109926,0.031060351,0.24961111,0.001145151,0.07395694,0.30733457,9.171019e-05,0.01321799,0.00024598808,0.00037932163,0.0005249326,0.0018118031,0.00012417455,0.033468038,0.4238696,0.00020579243,0.17468114,6.588452e-05,3.2277476e-05,0.47436687,0.0017812407,0.0020359885,5.1632214e-05,0.009270944,0.0042163106,0.0002781778,0.0018869357,0.000613601,0.20100917,0,0.56147873,0.008026515,0.029279644,0.25899112,8.1944134e-05,0.0020712244,0.08922329,0.0010971758,0.0059804097,0.13463458,0.79266393,0.0011070804,0.005409681,0.826683,0.9194758,0.2422835,0.0023741773,0.011101012,0.0037686545,0.025123812,0.013578276,0.00076898694,0,0.00032829068,0.0003978192,0.0009430158,1.8282031e-05,0.008582795,0.002434886,0,0.031809274,0.00059859775,0.05588973,0.007384856,0.40247172,0.00035210876,0.008799587,0.00014822272,0.020096885,0.3229095,0.037378345,0,0.0016931888,0.00015186377,0,7.819971e-05,0.038328905,0.0041851136,0.3567665,0.00016461105,0.44001216,0.017358802,0.00082978624,0,0.005380208,0.0040770615,0.005168275,0.05413795,0,0.28076583,0.35635483,0.0017855255,0.010831232,5.4496966e-05,0.044967756,0.11062745,0.014206307,7.6018616e-05,0.016882893,0,0.00024041618,0.0015582449,0.014267046,0.002496486,0.0026985065,0,0.019158877,0.0020865013,0.013486217,0,0.0024437946,0.0036430985,0.030226016,0.01675054,0.06832356,0.0012343944,0.00015836314,0.006297101,0.0045733764,0.0013570949,0.00034228477,0.00012636148,0.0006173994,0.018390136,0.018072246,0.0019092988,0.0035175341,0.06606307,0.00045011318,0.06441174,0.0037837122,0.060688183,0.00018623208,0.33841974,0.0001754552,0.00016111716,0.0037540602,0,0.00013984137,0.18186025,0.00014064256,0.0012144182,0,0.0034196079,0.004741981,0,0.023860255,0.019929543,0.0010672665,0.0004759871,0.7190644,0.04983796,0.0009109314,0.01009751,0.026542349,0.00029002473,0.005089531,0.0001285655,0.001457506,5.0573428e-05,0.11964537,0.00036163503,0.0002312979,1.4991176e-05,2.5238993e-05,0.00018377871,8.200654e-05,0.00013418506,0,0.0030156712,0.00040307027,0.020115107,0.0026979032,6.69787e-05,0.00019065604,0.0016093404,0,0,0.0012878769,0,0,0.00301578,0.0016040191,0.011445272,0.33767495,0.011584937,0.0002479696,0,0,0,0.0006437431,0.16388245,0.1396747,0.01699554,0.23536365,0.0008402824,0.00031870694,8.718469e-05,0.06299428,0.052006476,0,0,0.002972588,0.010707826,0.007774341,0.5767267,0.008457307,0,0.2319372,0.41833845,0.6233141,0.6581165,0.011561295,0.99153984,0.0013068332,0.0057064095,0.053900577,0.0042482163,0.3037667,0.0009255371,0.0012991017,0.000112515976,0.00021108819
"EHI01195",0.0009845331,0.058463454,0.016212154,0.011795454,0.001700694,0.0018761378,0.0062988284,0.051172663,0.003415004,0.00030498696,0.0022419076,0.0013077874,0.3442749,0.787231,0.4548264,0.9512542,0.00048738896,4.689854e-05,0.0013451817,0.013334478,0.012500707,0.0013043678,0.9887623,0.995276,0.37627378,0.70929414,0.89327574,0.79996747,0.8465456,0.06901115,0.9879222,0.6252285,0.7625521,0.01664887,0.001247077,0.2241565,0.74071515,0.00038575512,0.06727552,0.63348114,0.9506942,0.7962316,0.8284269,0.73241216,0.00078949344,0.1640038,0.9554625,0.026827823,0.46870896,0.25488207,0.0021059322,0.83614755,0.82327497,0.7591199,0.10997192,0.13978732,0.41033825,0.0002671185,0.0014910861,0.00053585396,0.006413323,0.0005744169,0,0.0013618561,0.07005742,0.4184651,0.00070704456,0.114025034,0.060337838,0.16741134,0.0018899277,0.034988306,0.0011512897,0.00040093035,0.081839874,0.011752404,6.7807414e-05,0.009870218,0.00076504954,0.00064687565,0.0022111842,0.31783623,0.3938803,0.2055024,0.0010783852,0.11328937,0.021659732,0.0016230716,0.035741705,0.030042212,0.0044119083,0.004611538,0.013614961,0.22755665,0.0115582505,0.206021,0.8015567,0.16147746,0.001221008,0.0013892102,0.0005919657,0.0006342145,0.00037085716,0,0.0012019961,0.00065599824,0.00034409194,0.0014120273,0.045277257,0.002348036,0.001672442,0.00059264275,0.7856032,0.09160483,0.023692608,0.8708883,0.06804339,0.7554343,0.0003532379,0.00011467276,0.003112407,0.5505578,0.0077270246,0.007667663,0.0016291518,0.0009059248,0.9330074,0.059203733,0.012721031,0.4421575,0.0008235033,0.8285584,0.00072946737,0.22187047,0.015517081,0.1036196,0.0011672695,0.058551863,0.19859768,0.23456731,0.0013216686,0.40124214,0.0002358698,0.0012929265,0.001811359,0.00041104463,0.0012445693,0,0.00062344596,0.0020742672,0,0.86028177,0.0011665114,0.00031705227,0,0.18609534,0.034941733,0.00022820629,0.0028473914,0.13808946,0.0011120526,0.0006550978,0.00014606657,0.0024633626,0.0001668923,0,0.00028687395,0.00046046404,9.386783e-05,0.00020738039,0.0007122446,9.680059e-05,0.00013110034,0,0.003970519,0,0.00017219158,0.00151056,0.0012558505,0.0016750494,0.0017435309,0.0002474879,0.0012579621,0.00022098872,9.242524e-05,0,0.46271402,0.00043235018,0.009701328,0.22289601,0.0035270245,0.0005825237,0.08753047,0.4560627,0.16749676,0.0062295855,0.7983932,0.118751965,0.053078406,0.10111941,0.04402039,0.8940768,0.11662078,0.7752428,0.20257832,0.9858738,0.77926743,0.58883256,0.04012747,0.028063936,0.22062688,0.8240593,0.41419613,0.9982032,0.06277803,0.17308322,0.0017510812,0.0038592073,0.029872073,0.0017394087,0.009816767,0.3747975,0.669351,0.251514,0.0010600834,0.027563266,0.0023695864,0.00276838
"EHI01098",0.00030602526,0.00013921247,0.00044567694,0.0074122427,0.0022853075,8.436041e-05,0.00197904,0.00031037978,0.00050627074,0.00030378622,7.1105285e-05,0,0.06877365,0.013157867,0.04147521,0.3665637,0.0009813105,3.8371534e-05,0.0031108332,0.021702344,0.0019206365,5.0252023e-05,0.16829014,0.006434745,0.13248873,0.056233484,0.17338753,0.012499227,0.11586699,0.026309196,0.370563,0.18803439,0.0135292765,0.0002581935,0,0.09716461,0.09435677,0.0005495527,0.00019056843,0.23009989,0.5491331,0.009341535,0.08492381,0.28982422,8.923917e-05,0.34836414,0.024109967,0.008648299,0.12801594,0.25707468,0.00029552061,0.16286352,0.10951103,0.08218891,0.010512578,0.05249742,0.016526869,0,0.00018370671,0.000116321404,0.00013887575,3.6564063e-05,0,0.0022962263,0.00010558679,0.13356577,0.0002572044,0.010684401,0.044668104,0.048774198,0.0003567296,0.009390438,0,0.00023905473,0.40278855,4.708747e-05,3.4861438e-05,0,0,9.077873e-05,0.00019744455,0.12512329,0.08604724,0.04052608,0.000952915,0.00015078222,0,5.840138e-05,0.043328904,0.00292379,0.0003057998,0.003556598,0.004819375,0.0019397334,0.0017109049,0.05375662,0.012420051,0.0072660795,0.00013658733,0.022128547,0.02937065,0.003289349,0.00023729175,0.00087592384,0.0022055767,0.0006649313,0.003067334,0.008335116,0.01203902,0.004563826,0,0.008070073,0.014334973,0.006597903,0.003961177,0.07941591,0.018981611,0.036394607,0.0012351552,0.0020212985,0.0013284535,0.042727593,0.003343781,0.0013419208,0.0025646063,0.00018495094,0.2639175,0.08942197,0.006352163,0.19055562,0.002033356,0.6687243,0.011232346,0.017420348,0,0.11114169,0.0051861894,0.0024222669,0.04509714,0.0058164177,0,0.07966817,0,5.1733226e-05,0.00018225172,3.474206e-05,0.00044081986,0,0.0005376721,0.0002442142,0,0.24962513,0.0015691494,0.00022493573,0,0.12968732,0.0002544128,0.0005174886,0.00036689395,0.0014280735,0.00019218506,4.87908e-05,0,0.00019624065,0,0.0021702813,0,0,0,0,0,1.1506486e-05,0.0001300721,0,0,0.00012130618,0,0.00017673627,0,5.800382e-05,0.0014742049,0,8.722475e-05,0,0,0,0.13429527,0.0008229065,0.0053354586,0.04313814,0.0005308694,0.00028280832,0.0069530555,0.0031840648,0.002856475,0,0.027556073,0.00021628986,0.013481817,0.0012037217,0.081242666,0.0041403063,0.004478762,0.13657656,0.029804785,0.037136503,0.012754822,0.1912422,0.0020126665,0.0034127878,0.09704595,0.10691831,0.006594483,8.6105865e-05,0.0015326646,0.135588,3.2665732e-05,0,0.01342061,6.17965e-05,0.00010160716,0.002412569,0.26284868,0.12666112,4.390459e-05,0.0008709887,0,0
"EHI01223",0.00033925392,0.007988011,0.00088086736,0.0022710294,0.0005427404,0.0011490874,0.0053492347,0.0069368733,0.0018930932,0.00022874022,0.0009397051,0,0.10387447,0.38325727,0.6425755,0.9887235,0,0.00020464818,0.00043939915,0.32699937,0.012729891,3.5322075e-05,0.98865163,0.8737347,0.03258697,0.08607504,0.34006968,0.47398624,0.43524694,0.00088782934,0.9919411,0.49786195,0.39574137,0.0011037772,0.0008732086,0.0120842885,0.33105817,4.9139268e-05,0.022218768,0.9936982,0.974174,0.08835388,0.84627557,0.6550563,0.00071846636,0.00013777097,0.9566759,0.021984825,0.121396095,0.014442186,0.00026991995,0.36411318,0.42231813,0.26215848,0.016491719,0.038105834,0.9119452,0.00020247014,0.0004892042,0.000380371,0.0005648196,0.0009996434,0,0,0.00025209138,0.39686555,0.00052368385,0,0.00021134892,0.046426006,0.0010073453,0.008633943,0.0002833944,9.1963404e-05,0,0.0014170188,9.9987206e-05,0.00047491124,0,0.0004653182,0.0018711517,0.31908414,0.34015548,0.0073827743,0.0009840082,0.0063354755,0.0007083884,0.0010740987,0.13677077,0.037179142,0.0054567913,0.012489,5.9224967e-05,0.6782431,0.002383542,0.008773779,0.13249807,0.09735231,0.0002069505,0.0008901816,0,7.933765e-05,0.00027920856,0,0.00095962506,0.0005449174,0,0.00026259993,0.00015226558,0.0010972924,0.002546345,0.00014781371,0.40760708,0.013047617,0.020290887,0.0008820082,0.0035518939,0.08473858,0,0,0.0023261148,0.7223978,0,0,4.7841182e-05,6.276616e-05,0.9218747,0.2586637,0.00018282943,0.4342746,0,0.6116241,0,0.042657662,0.00017020431,0.4081645,0.0002608497,0.012187577,0.010719869,0.082309455,0.00026241498,0.3311178,0,0.001577055,0.00039673844,0,8.738228e-05,0.00014386867,0.00012916145,5.841256e-05,0,0.0021807407,0,6.4267355e-05,3.952602e-05,0.08383314,0.0006443539,7.1018556e-05,0.00010870931,0.00021916557,0.0009224883,4.87908e-05,0.00010096767,0.00089343736,0,0,0.000119096156,0,8.556502e-05,0.00010978962,0.00028342762,2.6117896e-05,0.00013058622,0,0.031970236,0,9.783613e-05,0.0006656205,0.00046416238,0.0010249023,0.0015209826,3.9837087e-05,0.002474011,0.0002456914,0,0,0.43857864,0,0.0003692854,0.012457057,0.0030794512,0,0.006219145,0.0017677416,0.0063330717,0,0.012547778,0.92957336,0.01117607,0.0132459365,0.004892972,0.015708936,0.0031639608,0.19731234,0.056914724,0.9225275,0.0063252198,0.5251992,0.00841303,0.04985641,0.014370519,0.40438142,0.94295067,0.017435296,0.0022395556,0.057343233,9.4037714e-05,0.0003326551,0.018339036,0.0016990784,0.00011864687,0.056164466,0.6259812,0.00085992954,0.00017207768,0.003720702,0.0011116578,0.00069767516
"EHI01185",0.0014031071,0.19202839,0.008984614,0.117001444,0.0041916096,0.0016590096,0.0075471126,0.14345202,0.0041133724,0.00072044163,0.011816822,0.0002855244,0.82029295,0.7622793,0.33567405,0.9925631,0.0039437036,4.3700915e-05,0.0036541417,0.0013237346,0.012352559,0.00059319235,0.75158596,0.9129346,0.20216556,0.9551146,0.3697514,0.84071803,0.7162264,0.873116,0.5547646,0.45476618,0.7565682,0.10701383,0.0008499613,0.11018514,0.7091473,0.00093245914,0.25620604,0.9571451,0.8900789,0.981357,0.71983206,0.8884791,0.00071846636,0.26713407,0.99129397,0.15414117,0.8809573,0.16190663,0.0024660109,0.39082298,0.69505805,0.37996385,0.2982381,0.83398104,0.017772144,0.0003601837,0.0004000724,0.0005405068,0.0022953802,0.001504092,0,0.0043197363,0.0009761487,0.5578809,0.00065175095,0.097162485,0.6026468,0.38727504,0.0024666097,0.09253711,0.00014356163,0.00062971126,0.45419586,0.03542641,5.9379374e-05,0.0033144588,0.00021131987,0.0009673802,0.20856835,0.47646084,0.39699325,0.06330783,0.00094962283,0.28508434,0.0049015484,0.003015458,0.015404037,0.40630898,0.06354584,0.032912,0.043481976,0.45279992,0.099260256,0.07611775,0.40675354,0.13173777,0.00069673336,0.00068019424,0.0019708415,0.00028619962,0.0003701467,0,0.00015774659,0.000448984,0.00026052675,0.3608061,0.0072317785,0.0019859988,0.0014415391,0.4342961,0.77627623,0.32066563,0.0045118434,0.40692395,0.41378567,0.95559895,0.0012916733,0.00048239008,0.020732118,0.42762387,0.26185834,0.20954238,0.015449831,0.0018608073,0.93719673,0.04514701,0.030899568,0.7197843,0,0.95621234,0,0.21822213,0.0013959676,0.14879379,0.0003879975,0.12245696,0.08168684,0.39570507,0.0030386527,0.35353318,0,0.0024144866,0.00082292233,0.00016282724,0.015234109,0.00016452867,0.0008073425,0.3405707,0.0027091647,0.20858867,0.00016974968,0.0035042844,0.00016111879,0.47750443,0.020108122,0.00081434613,0.35028067,0.0085672755,0.00020965643,0.0010633142,0.00010096767,0.0024357508,0,0.00022243692,0.00018342547,0.00016094923,3.6209454e-05,0,0.0008682523,0.00010045345,0.00013418506,0,0.018781655,0.0041802493,0.07225785,0.0011497082,0.0251764,0.0008085228,0.0016485581,0,0.0008705483,0.0020776945,6.8618734e-05,0,0.6514063,0.00021617509,0.23311242,0.086803935,0.006123269,0.00030740036,0.06258569,0.08507656,0.10229392,0.0009786049,0.5716329,0.58335286,0.103274226,0.29786116,0.075146526,0.053720146,0.22286376,0.23518528,0.2670291,0.9839936,0.36836073,0.5523172,0.012814886,0.024221547,0.14352953,0.6824688,0.71695024,0.030373273,0.2625918,0.073284596,0.0018157527,0.0004306149,0.48342347,0.0015429609,0.005450814,0.19555064,0.8490358,0.038849086,0.00042346687,0.45549375,0.13302463,0.0008315982
"EHI01634",0.0011437092,0.67253995,0.0118148085,0.37076154,0.01651144,0.00090822554,0.0782625,0.593419,0.0023318199,0.2297014,0.6785617,0.00040352484,0.035617597,0.00044563058,0.0011810167,0.00051938905,0.004359234,0.00030697227,0.12321663,0.853861,0.0006627686,0.4397023,4.611916e-05,3.38145e-05,0.74428207,0.0049101263,0.0092353085,0.001703863,0.034222867,0.01659098,0.0004063132,0.0050348067,0.0014213003,0.40621305,0,0.78531617,0.027292961,0.10204374,0.5729618,0.00049843086,0.0033733994,0.28299874,0.0024430715,0.014608871,0.38687593,0.9845527,0.002617091,0.0115980925,0.9805599,0.9790183,0.60827714,0.008839818,0.034184035,0.011721707,0.07084514,0.03444533,0.0011996658,0,0.00064841664,0.0004792442,0.0031947244,0.0002317981,0.031315025,0.0063938773,0,0.059734125,0.00070276373,0.18557256,0.025913328,0.6525874,0.001674596,0.027073856,0.00039339616,0.06590092,0.7350877,0.09154118,0,0.004174383,0.00016189252,0.0002744976,0.000606145,0.08012827,0.010292953,0.64779466,0.00024691655,0.7942583,0.03925313,0.0019987873,0,0.02077426,0.005150185,0.010037228,0.056225743,0,0.29627812,0.6112998,0.0063323933,0.0117144715,0.0012265267,0.15370166,0.3473751,0.051898506,0.000264289,0.058627013,8.626767e-05,0.00029517978,0.003658025,0.055171628,0.008060036,0.0077859177,0,0.06904219,0.0030867278,0.057020042,0,0.009216848,0.011544822,0.100983866,0.07562353,0.2534161,0.0035266902,0.0017442786,0.015481229,0.012539126,0.0037682904,0.000354838,0.00027046734,0.0017492129,0.043645192,0.0247285,0.0033058282,0.014827152,0.20105809,0.0025206339,0.1802953,0.0062357243,0.21309255,0.00038121332,0.59173375,0.0016932205,0.0003213878,0.007296512,0,0.0003002952,0.44622132,0.00026705343,0.0033174555,0,0.008704213,0.01202988,0,0.0423076,0.067041285,0.002272922,0.0018054683,0.964323,0.12392677,0.0010543888,0.036940217,0.11038717,0.000554716,0.019788248,0.00013260421,0.0027947037,0.0008172666,0.39054176,0.0004407427,0.00015988335,0.00027468448,4.080304e-05,0.00021971767,5.9358856e-05,0.00021181702,8.485402e-05,0.009345146,0.00038702448,0.07066443,0.003804073,0.00040365828,0.00043175017,0.0016575356,0.00010307846,0,0.003029081,0,0,0.006623311,0.0025984244,0.034733728,0.6256804,0.02619372,0.00070855784,0.00022372005,0,0,0.0017955524,0.4782717,0.41453645,0.0539606,0.51010025,0.0017980556,0.0010296686,0,0.23214288,0.1781486,6.802995e-05,0,0.006630695,0.044676162,0.018127022,0.8650015,0.036164124,0.00045157265,0.5742469,0.8054961,0.9449184,0.97068995,0.021118497,0.9937621,0.0017107872,0.010402427,0.1858211,0.016859494,0.58298546,0.0019204718,0.0028354975,0.0006323398,0.00057714444
"EHI01823",0.001593368,0.037673466,0.00363183,0.050360758,0.004119942,0.00027728488,0.0061516417,0.025815321,0.0020449124,0.003797928,0.00027864508,0.00018342039,0.1093407,0.32312137,0.10829865,0.8350701,0.00065553247,0.00029205,0.0016424104,0.999947,0.006231974,0.00018862716,0.5777681,0.65322423,0.80847615,0.22526985,0.13618676,0.3722107,0.19383822,0.01236588,0.49256566,0.32361874,0.323101,0.0054488047,0.00029170647,0.8337137,0.14952216,0.0016783315,0.017267767,0.6510307,0.6255706,0.65420955,0.17387529,0.6390145,0.0016572989,0.022555463,0.03203687,0.016275961,0.9948876,0.92503566,0.010573627,0.12268324,0.17182156,0.12503964,0.21783634,0.07844517,0.08335946,0,0.0009403062,0.0005622201,0.000118495656,0.00020471361,0.00030503716,0.0033709824,0.0003793129,0.32401484,0.0007006234,0.0010317758,0.035200976,0.8457821,0.00088905153,0.5772265,0.00014729051,0.0014035068,0.12907284,0.0015171582,5.7463913e-05,0.0019938832,0.0002249303,0.00021397845,0.00079191796,0.2863471,0.2731904,0.7674558,0.0009635233,0.0101291565,0.012580138,0.00036403525,0.014557371,0.8635241,0.02916152,0.004497796,0.00059857906,0.08077322,0.0855221,0.6886018,0.025200956,0.053407997,0.00010347525,0.001236043,0.000836835,0.00040058212,0.00012717133,0,0.00018978887,0.000266827,0.00027609282,0.010556163,0.010347366,0.0016023708,0.0020556764,0.0038827122,0.280652,0.23216581,0.005182467,0.49426806,0.0111961225,0.706513,0,0.0002606894,0.0043584267,0.12162441,0.0054160766,0.0014514436,0.009628835,0.00054522866,0.7140881,0.04354126,0.004132224,0.4227134,0.0003379081,0.5493592,0.00026583823,0.0197953,0.0049322727,0.14200531,0.00046533486,0.0067618494,0.6727284,0.21097946,0.00015378083,0.24066955,4.4661738e-05,0.0010621478,0.0005690717,0.007420988,0.0014344094,0,0.00238398,0.003082816,0,0.29194912,0.0006407015,0.0005749786,0.00017753213,0.981293,0.012189622,0.00048434656,0.3620473,0.45948642,0.0001851965,0.010962318,0.00014539345,0.0016793861,0.025117293,0.00047327005,0.00033207834,0.8851451,0,0.00010095597,0.0008139355,0.00014447032,0.00013469918,0.000109700784,0.03809294,0.00025223984,0.00061049743,0.0006770586,0.0001955778,0.0006193799,0.0016485581,0,0.0028563272,0.0026692234,8.77573e-05,6.417876e-05,0.35502067,0.00021617509,0.0037466725,0.7687812,0.0016234753,0.0009344971,0.9958257,0.996587,0.95880175,0.95132524,0.99940175,0.98235106,0.99648356,0.027140854,0.99980515,0.9789538,0.9996316,0.9908625,0.9952508,0.7004788,0.9980332,0.4196422,0.99016005,0.09920094,0.96602803,0.20264733,0.15411615,0.8414852,0.0321105,0.989812,0.00032929698,0.8612318,0.013744657,0.0022201205,0.0024278432,0.9230931,0.61372715,0.00793382,0.01894129,0.7707364,0.027447147,0.00066451327
"EHI01655",0,0.44867942,0.0014296616,0.007282682,0.002891126,0.0011655365,0.0019138632,0.36535838,0.003032667,0.00280612,0.0015477848,0.00018342039,0.31418473,0.17262802,0.21266446,0.9025668,0.0012099516,0.00059315993,0.0015348764,0.009403412,0.010684219,0.0018291009,0.44651252,0.16800503,0.011750105,0.17501037,0.35985088,0.12437269,0.2243057,0.007973323,0.5831487,0.2565186,0.12634107,0.00028032437,0.004540876,0.009604481,0.20668496,0.0013006476,0.42284274,0.85609895,0.9493596,0.2343349,0.29229155,0.24600486,0.0032690675,0.00874672,0.37096646,0.017934572,0.035821244,0.013180639,0.006752451,0.47880322,0.23082595,0.18845591,0.029563012,0.021860132,0.097844355,0.00021312646,0.0061766277,0.00088908325,0.0067539616,0.0014551142,0.00050684885,0.0020258115,0.29362205,0.1829833,0.007492817,0.8488138,0.029844742,0.015613778,0.00033639788,0.009971613,0.00013517166,0.0032304963,0.047124088,0.08949256,0,0.000651608,0.00010745078,0.0030441752,0.0017816696,0.14401808,0.23612858,0.008366505,0.0009368197,0.4685729,0.002227678,0.014288871,0.073105454,0.0358239,0.0031911298,0.04965003,0.00076856825,0.33154565,0.004862734,0.007048693,0.1149542,0.32326776,8.07107e-05,0.0024210303,0.00546855,0.0005943023,0.00079641934,0,0.0012233576,0.00060589536,0.0010625886,0.00018921342,0.0017912121,0.003022759,0.0006606386,0.00035738994,0.19308709,0.028955584,0.0062481225,0.078719646,0.005291995,0.08742981,0.00050277525,0.00046710038,0.0013791821,0.24700765,0.013732439,0.0059851226,0.027656669,0.002060822,0.7336558,0.19289044,0.00059535576,0.19147179,0.00072307605,0.32685706,0.00094086776,0.08383043,0.023594847,0.07607713,0.0022204993,0.047349192,0.013415237,0.045849707,0.0015536095,0.2221212,0.008978405,0.0013535513,0.0019632354,0.010282813,0.0025882463,0.00039629624,0.0035140594,0.008417001,5.1904874e-05,0.045006473,0.0008999838,0.00020908313,0.000114558476,0.022853272,0.0034516128,0.0012073155,0.0015123051,0.0034122213,0.000580923,0.0017395547,0.00013395045,0.00032443806,0.0034015686,0.0010080652,0.00033294765,0,0.0021691078,0.0006074184,0.00048272542,0.0014443379,0.0015037981,0,0.0011842863,0.0002394032,0.0007011589,0.0031048763,0.0006512562,0.0009194867,0.001343322,0.0019301068,0.009259417,0.00077579723,0.00082155765,0.00092082575,0.16171004,0.00050440856,0.004170921,0.009118792,0.0013311454,0.00502036,0.10027842,0.27505153,0.22747229,0.0027813741,0.012285952,0.04798251,0.013256027,0.8025814,0.78499776,0.49241665,0.04250957,0.07484467,0.10000969,0.6658751,0.13838203,0.32533917,0.078956515,0.018138673,0.007102273,0.20684205,0.41362533,0.2671301,0.0033849608,0.01440111,0.0030125063,0.001120415,0.019532947,0.0003876917,0.00091825105,0.010261834,0.252071,0.0032766282,0.00015224979,0.052625652,6.5259264e-05,0.00010203659
"EHI01657",0,0.38261154,0.5342769,0.0007073698,0.093578696,0,0.00060256047,0.2972983,0.04004868,0.01636243,5.2582058e-05,0.053597882,9.695578e-05,0,0,0,0.0034577348,7.887482e-05,0.04122579,0.9512402,0,5.644249e-05,7.0276816e-05,3.38145e-05,0.0015758061,0,4.8517668e-05,0.00018452168,0,0.0002799739,0.00022361692,0.00020420001,0,0.0036174753,0,0.0011167142,0,0.008590351,0.25214982,0,0.00035322868,0.0010900428,0,4.064592e-05,0.21665676,0.005178568,0,0,0.009325501,0.0018121374,0.13104975,0,0.00028114696,0.0008142321,0.0013857328,0.0011294567,0.0008613578,0.014211272,0.00045960696,0.00016905378,0.0003257903,0,0.011450493,8.6878026e-05,0,0.025881562,0.00065282115,0,0.00042952603,0.0048034657,0,0.00051457575,0.015117786,0.0014202958,0.049548846,0.028723668,0,0.14236984,0.045041934,0,0,0.0057647973,0,0.0008913554,6.803923e-05,0.19054729,0.007560305,0,0,0.0012608165,0,0,0,0,0.007307986,0.00078180234,7.8106976e-05,0.00079715514,0,0.0007114865,0,7.301011e-05,0,0,0,0,0,8.045991e-05,0,0.00052589836,0,0.00020402456,0,0,0,0.00016486134,0.0002328902,0,0,0.00031038094,0.0013506473,0,0.00018362953,8.116742e-05,0.0022472597,0,0,4.764991e-05,6.9605114e-05,0.0010934643,0,0,0,0,0.011155322,0.001629124,0.00084153516,0,0.0010605963,0.00022669435,0,0.00047333457,0,3.3949927e-05,0.0002544705,3.097485e-05,0.000458408,0,0.0004729245,7.954051e-05,0,0.00044311667,0.00013093496,0.013763496,0.00070309424,0.0010709079,0.0033422392,0,0.0003419814,0.006869908,0,0.010632492,0,0.00014397556,0,0,0.00035033395,0.0046035745,0,0,0,1.8264263e-05,0.0001326427,7.032102e-05,0.05897801,0,0,0.00044829762,0,0.00024613796,0.0010829737,0,0,0.00018426855,7.001912e-05,0,5.702331e-05,0,8.387645e-05,0.00082764577,0,0,0,0,0,0.0066279555,0.0057569444,0.94820446,0.0010950818,0.29254755,0.00059340295,0.0004052337,0,0.0010933073,0.0006764535,0,0,0.00013886273,0.0011851554,0.028239418,0.001751018,0,0,0.020149535,0.0089781545,0.013811452,2.6066595e-05,0.08615359,0.05208904,0.38011286,0.82208776,0.007884331,4.9626276e-05,0.0023807732,0.0010409637,0.0016140356,0.0041023325,0.90101177
"EHI01109",0.00021652225,0.3760345,0.36130184,0.0003306023,0.004074579,6.8381276e-05,0.0010877165,0.3136496,0.05589985,0.0008068946,0,0.009787924,0.01171094,0.005428137,0.0025644933,0.0074432967,0.00010139735,4.3167976e-05,0.00043778817,0.9935892,4.984688e-05,0.00012963566,0.01981367,0.0031585814,0.0021049697,0.0032852967,0.035808377,0.0067528165,0.040766425,0.004386844,0.012785018,0.016819062,0.0052550547,0.015881667,0,0.0011789249,0.029122677,0.00035465733,0.730997,0.043878455,0.03728204,0.041757174,0.0026115591,0.034238424,0.0015912801,0.0046282555,0.09532105,0.0010401357,0.012917675,0.0022951795,0.00023151896,0.041927587,0.04010368,0.013145804,0.0031941105,0.0047378913,0.0025038263,0.0040792404,0.00067325105,0.0002721921,0.00023437102,0,0.00020761085,8.745337e-05,0,0.029135955,0.0005918198,0.00011473762,0.00018338583,0.005219975,0.00022087662,0.0023605593,0.012387319,0.0020570233,5.9813818e-05,0.050926667,0,0.072112106,0.061057832,0,2.6455624e-05,0.022506673,0.0142139895,0.0014120125,0,0.29347175,0.0043193293,0,0.0002921064,0.008076427,0.0015661145,0.0010103745,0,0.0014010477,0.09202015,0.0009997354,0.017718308,0.0056374758,0,0.0007831292,0,0,0,0,0,0,0,0,0,0.00045187163,0,0.00013324052,0.007886163,0.0033367446,0.0003221268,0.0006248245,0.011389986,0.009918001,0,0,0.001359102,0.001875994,4.043827e-05,0,0,0,0.0044188877,0.001194322,7.842176e-05,0.028496658,0,0.0011224491,0,0.0043902975,0.00033164275,0.0039354307,0.00019072175,0.0015823477,0.0014505471,0.0020340383,0,0.010137315,0,2.9504105e-05,0.004273307,3.139343e-05,0.00025488823,0,0.0005617021,0,0,0.0019056887,0.00013662779,0.00020994002,4.9240047e-05,0.0030878838,0.0065172473,6.3916705e-05,0.00012286418,0.00030543286,0.00013103527,0.00012685609,0.00010231391,0.0006094308,0,4.2594304e-05,0.0003651123,0,0,2.860419e-05,0,0,0.0001326427,4.1254996e-05,0.08018113,0,0,0.0003313344,0,0.000228989,0.00059062697,0,0.0002537447,0.00027306462,0,0,0.018738074,0,0,0.0013603898,0.00012551124,0,0,0,0,0.000549924,0.0041988674,0.96955097,0.0030530042,0.3432895,0.00044616763,0,0,0.019787079,0.011454003,0.0022967958,0,0.0190478,0.002766761,0.03225729,0.0014522661,0.03792274,0.003483198,0.07761644,0.04572509,0.005663738,4.9493534e-05,0.0005163297,0.5345515,0.6633073,0.71207625,0.01617824,0.05041203,0.00060274906,0.0014184016,0.016567921,0.005589794,0.633366
"EHI01121",0,0.01512597,0.05940786,0,0.0008702099,0.00011796357,0.0018538662,0.010932266,0.0015095172,0.002128905,0,0.00027023937,0,0,0,0,4.487614e-05,4.423385e-05,0.00021748446,0.024569767,0,0.0003058819,6.4566826e-05,3.38145e-05,0.0007712102,0,4.6764017e-05,0,0,0,0.00011862857,0.000108481254,0,0.0015473167,0,0.00039112713,0,6.1008657e-05,0.006352191,0,0.00015363477,0.00025412443,0,6.248552e-05,6.2831656e-05,0.00025045758,0,0,0.0023570117,0.00037321573,0.010337656,0,0,0.00018387627,0.00078603387,0.00058642484,0.000803626,0,0,8.142499e-05,0,0,0.00016179729,0,0,0.00096260384,0.00055507635,0,0.00051634165,0.00094542897,0,5.5214434e-05,0.00014356163,7.5174445e-05,0.0032211274,0.0012562936,0,0.012190835,0.00027364132,0,0,0,0,0,0,0.0044825585,0.0037147678,0,0,0,0,0,0,0,0,0,0,0,0,0.00047020693,7.667025e-05,0,0,0,0,0,0,0.00016091982,0.00014389933,0.00019701911,0,7.702968e-05,0.00013217033,0,0,0.0038984213,7.169115e-05,0,0,0,0.00029168907,0,7.888777e-05,0,0.0004618269,4.18441e-05,0,0,0,0.00021420028,0,0,0,0,0.002254294,0.00010592544,7.4060335e-05,0,5.869602e-05,0,4.2325e-05,0.00037707662,0,0,0.00015900533,0.00011845787,0.00038107607,0,0,4.9091406e-05,0,0.0037781743,0,0,6.3978565e-05,0.00037343366,0.0021177288,0,0,0.0040160925,0,7.774001e-05,0,0.00014594782,0,9.059741e-05,0.00022428327,0.0026199552,0,0,0,5.3879576e-05,0.00013161446,0,0.0007858606,8.343811e-05,0,0.0003671244,3.2819564e-05,6.456077e-05,0.00033122362,0,0,0,0,0,0,0,0,0.00029772648,0,0,0,0,0,0.0011258287,0.00094267953,0.016051797,0,0.0069556693,0.0019438037,0,0,0.0015718089,0.004850964,0,0,0,0.0004494151,0.0035402123,0.0005324976,0,0,0.108549014,0.005722043,0.0036083974,3.0026076e-05,0.0063122837,0.0020855465,0.0020275756,0.103539586,0.0006971202,4.1355233e-05,0.00026174248,4.2488315e-05,0.024749093,0.003718278,0.00014412668
"EHI01187",0,0.00036752093,0.0033108261,0,0.00038491085,3.524808e-05,0.00010531859,0.00025474135,0.00018528146,0.00086693146,5.9553164e-05,0,0,0.00015115789,0,0.0005692811,0.00034083144,7.6210126e-05,0.0002416494,0.2865849,4.789756e-05,0.00010778695,0.0008103795,0.00023785426,0.0002871172,4.8177313e-05,4.6764017e-05,0,0,0.0035772491,0.0007812125,0.00029928065,0,0.00012264191,0,0.00016876982,0.00015101297,0.00013364932,0.000502604,0.0014133484,0.0028704754,0.0003742918,3.2594344e-05,0.00042405218,0.0004571231,0.0011480914,0,9.1400325e-05,0.0003286588,0.00045096903,0.0010151216,0.00015011238,0.00021032368,0.0009312443,0.0015692121,0.001991117,0.0007331933,0,6.2256164e-05,8.375141e-05,0,3.3855613e-05,8.176852e-05,8.630267e-05,0,0.00087067817,0.00055757345,0.00025880666,0.00430469,0.00016861531,0,0.0003284405,0.00014635829,0.000338285,0.0011207423,7.377037e-05,0,0.0011668184,0.00010745078,0,0,0.00040156464,0.00050016074,0,0,0,0.003009665,0,0.00018863889,0,0,0,6.374596e-05,0,0.0004767084,0,0,0,0,0.0008770059,0,0,0,0,0,0,0,0.32727468,0.0004835687,0.0006754941,0,0.43555287,0,0,0,0.012539904,0.0014758197,0,0,0,0.010166844,0,0,5.387532e-05,0.008541246,8.494353e-05,0.00062858115,0.00027923874,0,0,0.00025047731,0.000553928,0,0,0.00081303605,0.0011036599,0.0002228364,0,0.00043121233,0.00011800528,5.3611664e-05,0.0004208302,0,0,5.8890862e-05,0.00025114743,0.00024902553,0,8.644138e-05,0.00047724304,0,0.007237436,0.00024686157,0.00012724935,0.00011020391,9.498676e-05,0.0026859967,0,0.0012501571,0.00025413878,0,0.00058288744,0,0,0,0,0.00022776054,0.0031433066,5.1892534e-05,0,0,0,0.00013418506,8.1572376e-05,0.00041766017,0.00012323167,0,0.00033281025,0,7.464839e-05,0.00017388059,0,0,0.00033916094,0,0,0.00032600117,0,0.0001288205,0.00040563114,0,7.685009e-05,0,0,0,0.003946174,0.00039917676,0.0019627938,0.00023116602,0.004020973,0,0,0,0.00061998167,0.00027423791,0.0007661219,0,0.00013793698,0.006591247,0.0043775723,0.0001562915,0.00041435205,0.00021107215,0.21416281,0.0020131797,0.00018892852,0,0.003873493,6.3290434e-05,0.0006218679,0.0013417194,0.00034435213,0.00039752715,0.00016537106,0.6280892,0.08088276,8.401193e-05,0.00072063337
"EHI01639",8.0391925e-05,0.0019228455,0.49603784,0.00014891996,0.0001736662,0,0.0007380934,0.0018103189,0.11980337,0.0019481942,0,0.015006845,0.00040947343,0.0001119424,0,0,0,0.055860426,0.0018345218,0.14416826,0,6.8095134e-05,6.412759e-05,6.916602e-05,0.0008479973,0.000268605,4.6764017e-05,0,0,0.00024920754,0.00020212325,0.00052517693,0.00016842723,0.0010438394,0,4.927586e-05,0.00025724884,0.00025519184,0.0024930453,0,0.00026875144,0.00043142054,0,0.00026874838,0.0038600494,0.0004627098,0.000569188,0.0010547597,0.00047119724,0.00016328189,0.011565931,0.00046474792,0.00065672497,0.0004933923,0.00095666246,0.0004884807,0.0009860584,0.003444834,0.00021058232,5.7772966e-05,0,3.3855613e-05,0.0002685023,0,0,0.0014196164,0.0006849271,0.0010861253,0.00059437816,0.00026386816,0,0.00012921316,0.027369931,4.6858735e-05,9.355495e-05,0.00056944444,0,0.10568945,0.16342762,0,0,0.0006785563,0.0005734119,0,7.9379104e-05,0.0018704862,0.008337035,0,0,0.00020379576,0,0,0,0,0.023961926,9.583807e-05,0.0001536104,0.0011911836,0,0.00063819677,0,0,0,0,0,0,0,0,0,0.000108341235,0,0.00012907675,0.00018586453,0.0005435264,0,0.0005028271,0,0.00038295626,0,0,0.0011540742,7.537476e-05,0.00019887675,5.1394218e-05,0.00095491,2.845399e-05,0,0.00024439793,0,0.0011464127,0.00034145257,0.00046028927,0,7.308289e-05,0.0011220336,0.0014020088,0.00016122869,0.00029372174,0.00010751251,0,0,0.00064118934,0.00012910033,0,6.6019755e-05,3.5579218e-05,0.00042071915,0.00015701595,0.00019924906,4.0391664e-05,0,0.00059437484,0,0,4.3210654e-05,0,0.006650398,0.010669828,0,0,0.00013103527,0.00013466261,0.0065669375,0.0003954397,0,0.00034954373,0.027506866,9.9127676e-05,1.798941e-05,0,0,0,0.00013418506,0,0.00071922725,0,5.609271e-05,0.00037930039,0,0.00023302405,0.00026176588,7.469454e-05,0,5.674937e-05,0.00012556762,0,0.0005406455,0.0042067673,4.2940166e-05,0.00062708993,0,0,0,0,0,0,5.526237e-05,0.04449171,0.00028438796,0.0030889097,0,0,0,0.00012595176,0.00043756183,0,0,0.00048740816,0,0.008623351,0.0002365119,0,6.1900966e-05,0.15977743,0.005783976,0.0003096964,0,0.0018938892,0.14535028,0.94026554,0.76883423,0.0009783529,0.00028586804,0.002375641,0.00018057533,0.017449846,0.00041105837,0.6076993
"EHI01650",0.00024117577,0.0006598671,0.00038508818,0.015846573,0.0037556991,0.0003226374,0.0033568142,0.0002538217,0.0012517343,0.00020292439,0.00022287622,0,0.14783308,0.028034797,0.0977335,0.62851274,0.0020961133,4.3167976e-05,0.005233723,0.056592263,0.0041615185,7.974778e-05,0.3682123,0.012232779,0.17881142,0.13412696,0.31859213,0.03450894,0.23032767,0.06313126,0.676528,0.3611456,0.02954301,0.0011683255,0.00016718984,0.20207661,0.19736606,0.0012118645,0.00019677675,0.4690674,0.81258744,0.025614692,0.19325137,0.5340583,0.00027773416,0.6272867,0.043129843,0.018286768,0.2887101,0.51683044,0.0007746981,0.38459572,0.24509576,0.14501905,0.025025291,0.10594762,0.030189667,0.00014989894,0.00043647355,0.00034082172,0.00020496546,8.30591e-05,0,0.0028456869,0.000115228344,0.25930962,0.0004234419,0.03084889,0.10476436,0.11168841,0.00080217957,0.018586772,0,0.00071465835,0.70361024,0.00013592582,5.7463913e-05,9.2998285e-05,0,0.00020317145,0.00036337576,0.24605434,0.16172501,0.11248834,0.0011665436,0.00031100473,4.8627775e-05,0.00084146654,0.09436108,0.005670957,0.0011973797,0.0055055097,0.01038607,0.006641466,0.007081202,0.11796156,0.03480447,0.012693593,0,0.045783825,0.06772004,0.0092070615,0.0014486164,0.0018181208,0.0069909673,0.0017155383,0.0065795295,0.015154758,0.023597818,0.008496498,0.00027900757,0.018818142,0.027887251,0.01910597,0.007665377,0.1618257,0.045059375,0.09238233,0.004282421,0.006173217,0.0024856983,0.113528855,0.0055970545,0.002733818,0.007222424,0.0003987743,0.4995623,0.19938773,0.017166013,0.37097162,0.0013362729,0.88754714,0.027135462,0.037448447,0.00032360732,0.23295133,0.009746471,0.006194404,0.10608521,0.010244722,0.00010976283,0.1721848,0,0.0001762163,0.00033815752,3.516064e-05,0.0010617087,0,0.0007739675,0.001199011,0,0.49560982,0.0035471471,0.0010518424,0,0.28284234,0.00046602718,0.0007172874,0.0015292909,0.00621824,0.00030836966,7.155984e-05,0.0001285655,0.0015176602,0.00030344055,0.0044102008,0,0,7.956855e-05,0,5.390842e-05,0,0.0001300721,0,0,0,6.8485286e-05,0.00065086177,3.482892e-05,0.0002451292,0.0016471405,0,0.00016651997,0.00045800078,0,0,0.28287002,0.0019513405,0.012790443,0.107247636,0.0009500724,0.0005743263,0.017927615,0.0069671385,0.0075485096,0,0.06384199,0.0010181809,0.036862917,0.002660182,0.19924955,0.015550303,0.013628936,0.31240234,0.07928766,0.0801351,0.03848422,0.36817414,0.005811981,0.00819739,0.22201829,0.24433912,0.01199103,0.00046177127,0.0023199974,0.29103637,0.00057742454,0.00072653504,0.026487807,0.00012749592,0.00010854926,0.005229804,0.48751613,0.23678571,0.00010763706,0.0010355634,0,8.7368826e-05
"EHI01791",0.00048556723,0.30706522,0.0008965971,0.029435022,0.016325695,2.7728489e-05,0.04027098,0.24472181,0.0011532067,0.15032795,0,0,0.015156165,0.0002787865,0,0,0.0004694953,4.4766788e-05,0.19407307,0.99958175,0,0.0021779519,0,3.266173e-05,0.5749163,0.0004071973,0.00031974897,0.00083965826,0.001069787,3.8238195e-05,0.00015500249,0.00032544378,0.0012628911,0.0012706808,0,0.5656573,0.00033275533,0.0041516745,0.13736042,0,0.0005182438,0.092291825,0.00014241222,0,0.22183673,0.53771394,0.00039119448,0.0002900437,0.9802907,0.728228,0.8570448,0,0.00026987962,0.0037034082,0.04128427,0.0073352694,0.0012573976,0,0.00013846043,0.00060254487,0.0002506751,7.809361e-05,0.016977116,0.0002663876,0,0.010679446,0.00066709047,0.00019410498,0.0014440009,0.66432774,0.0001386255,0.088127926,0.00026102114,0.00018718436,0.072288446,0.014373606,0,0,0.00015544546,0,0,0.006721811,0.0014220988,0.48297548,0,0.08484581,0.0029531517,0,0,0.18712664,0.0023060048,0.0022801603,6.871905e-05,0,0.03290522,0.41688114,0.0012210724,0.0023648704,0,0.00082512666,7.191551e-05,7.9824385e-05,0,0,0,0,0.00024086436,0.00135544,0,0.0009800834,0,0.0002068004,0.0006959594,0.020960823,0,0.0026471235,0.0005137159,0.0036716843,0,0.00021634928,0.0013865799,9.4408795e-05,0.0018183964,0.00152375,0.000575051,0,0,0.004135295,0.002978635,0.0032731728,0,0,0,0.00018198125,0.11534958,0.0020458875,0.0009929328,0.00018748196,0.40621713,0.0024982959,4.4017997e-05,0.00078279193,0,0.00012892889,0.001830266,0,0.0010720382,0,0.00046024198,0.0022028992,0,0.0027747056,0.00013611026,0.0005201371,0.0005088138,0.8888074,0.0025488832,0.00032999957,0.022848208,0.03434604,0.00013802381,0.0028057965,0.0001319311,0.0019456423,0.00084811635,0,0.0005450605,0.24706241,0,0,0,2.9588105e-05,0.00013469918,7.032102e-05,0.067232296,0.00010012573,0.00013501385,0.00032727572,0,0.00025723435,0.001647613,0,0,0.0008552464,0,0,8.069336e-05,0,0.00034123118,0.50557745,0,0,0,0,0.0012950747,0.22949728,0.74165165,0.98769355,0.2689649,0.118724726,0.028423853,0.0019713682,0.00835145,0.015609966,0.036909986,0,0.0013295048,0.00023467801,0.12753636,0.031228429,0.7482421,0,0,0.21368504,0.009507077,0.91647667,0.0023443436,0.69582266,0.2444869,0.0017055833,0.0009636903,0.5376494,0.00031016424,0.0026425156,0.002443078,0.9467089,0.0047421735,0.000411335
"EHI01789",0,0.055208452,0.002129928,0.0007545278,0.010792267,0,0.024477508,0.03558378,0.00015801596,0.13129148,2.987617e-05,0,0.00057796936,0,0,0,0.00012781179,4.7964415e-05,0.28792003,0.32346407,0,5.4621767e-05,6.7641435e-05,3.266173e-05,0.006174689,0.00016367088,0.00013327746,0.00012696446,0,0,0.00013640219,0.00012953939,0.00035876877,0.009999465,0,0.0057572685,0,0.020961814,0.020014543,0,0.00038124184,0.0028997764,7.5217715e-05,0.00045195833,0.93974626,0.102020755,0.00018646936,9.018165e-05,0.016674435,0.008723918,0.8329485,9.006743e-05,0.00011589264,0.0008120752,0.0072927666,0.0015509883,0.0006558327,0,0,0.00026172315,4.8329923e-05,0,0.14549345,0,0,0.0032065618,0.0006991964,6.4701664e-05,0.00026207266,0.0048756446,0,0.0029007501,0.00014822272,0.00044603503,0.049130917,0.003069475,0,0.0016702492,0.0001969931,7.287e-05,0,0.016132932,0.00044090662,0.0039685112,0,0.012622701,0.006744804,0,0,0.0066362694,0.00093515025,0,0,0,0.09359992,0.0026099463,0.00024317305,0.004586267,0,0.0007016047,0,0,0,0,0,0,0,0,0,0.00047461942,0,9.646059e-05,0.00030839743,0.0007941552,0,8.243067e-05,0,0.0011375339,0,0.00014678114,0.0011794384,0,0.0010891816,0.0005837674,0.00025579086,0,0,0.00050621625,0.00042319912,0.0052017774,0.00038162348,0,0,0,0.11369575,0.0010028225,0.0011364657,0,0.003958204,0.00011179447,0,0.00070960406,0,0,6.2300336e-05,0,0.00095310895,8.902579e-05,0.00029169794,0.00085630326,0,0.0045418437,7.607684e-05,0.019968295,0.0040752,0.02441214,0.015439924,7.1018556e-05,0.0006618812,0.0757182,0.0001301617,0.0044074357,0,0.00037867544,0,0,0.00030860683,0.11091108,0,0,0,0,0.00013367094,7.032102e-05,0.044315252,0,0,0.0004944188,0,0.00016846327,0.0013352894,0,0,0.00032380523,0,0,0.00041476387,0.00021617509,0.0002759621,0.0036744082,0,0,0,0,0,0.10037051,0.00170133,0.92363274,0.0046727792,0.01602749,0.0011630104,0,0,0.0052669686,0.02214014,0,0.00040288022,0.0006919992,0.0014919323,0.027536763,0.008412078,0,0.00017048136,0.6163275,0.03978806,0.0026189242,0,0.02972059,0.54536,0.0016236216,0.003476732,0.01613756,0.0012737411,0.0013400759,0.0018354951,0.0012717638,0.0033207214,0.0030477054
"EHI01798",0.00053433835,0.9184761,0.66560715,0.14909767,0.54820377,8.08356e-05,0.08816417,0.88194627,0.0083482005,0.29988143,0,0.00037540038,0.01221078,0.004571813,0.00092037854,3.2408512e-05,0.020174665,7.887482e-05,0.8654025,0.82250154,0,0.00012817908,0.00036587866,0.0001221933,0.32990518,0.07494344,0.0012696431,0.0071184738,0.0150649445,0.0074212863,0.00037283264,0.0013541013,0.0043622022,0.013830872,0,0.30411953,0.0072942777,0.08502518,0.7501518,0.00019320773,0.0010697532,0.09999304,0.002199366,0.013587263,0.995839,0.37329605,0.0007686971,0.0035170845,0.628753,0.41324702,0.9725917,0.0013101808,0.01082684,0.005852226,0.06595688,0.01675464,0.00091793487,0.0005257119,0.0011678984,0.000816964,0.0006143141,0.00021261325,0.5482196,0.0009988096,0,0.045869417,0.00068171654,0.0015420563,0.014138592,0.26818708,0.0012476295,0.024781035,0.00030017432,0.010096178,0.88605887,0.10342982,0,0.19943172,0.0026504525,0,5.8357993e-05,0.061207097,0.0025148008,0.25958118,5.5967754e-05,0.5624452,0.021806272,0.00016790397,0.00040314466,0.07889274,0.007949987,0.0018451473,0.0007003013,0,0.23758128,0.21307297,0.0036278088,0.009768125,0,0.0010021748,0.0002692374,0.0002370395,0,0,0,0,0,0.00045269754,0.006059668,0.0011200402,0,0.00054337154,0.0034859923,0.06649869,0,0.04636176,0.0033190036,0.0401003,0,0.00078359724,0.0015060034,0.0012516779,0.013715203,0.0103635555,0.0036856846,0.000119674136,0,0.006817524,0.004392547,0.020531137,0.00017722452,0.008667058,0.00014607493,0.0016610628,0.22974952,0.0038854748,0.0026320913,0,0.2226125,0.0068016066,0.00010242649,0.0031065065,0,0.00013822471,0.00048662449,0.0009112466,0.0019394399,5.6345434e-05,0.009167793,0.027965633,0,0.144256,0.0009889989,0.011769922,0.012809111,0.31998488,0.01265882,0.00055489165,0.008310035,0.17139913,0.00020878286,0.060271602,0.00010500638,0.0021694947,0.15627341,0.00061254663,0.0015134774,0.28422356,0,6.309748e-05,0,2.2647686e-05,0.00013367094,0,0.050598703,0.00015275592,0.0010044508,0.00091725757,0,0.0003273433,0.0016315479,0,0,0.001408052,0,5.9793878e-05,0.0055974294,0.00048711454,0.0025975937,0.29663277,0,0.0005220683,0,0,0.001799005,0.2804396,0.4443583,0.87071234,0.040288474,0.6734355,0.025369093,0.0018704204,0.0059159035,0.20321597,0.2830001,0,0.0019338251,0.004891208,0.17337722,0.24732554,0.44040316,0.011263113,0,0.24503824,0.049389817,0.68892026,4.9493534e-05,0.861993,0.9394508,0.006520506,0.92281896,0.32007214,0.021470603,0.01361118,0.001461598,0.9836721,0.005748066,0.0024310218
"EHI01820",0.0002610058,0.026445657,0.0007631853,0.009751775,0.0024168321,0.00038843384,0.0038441285,0.019530017,0.0015652876,0.002187741,0.0006250095,6.114013e-05,0.265528,0.2603823,0.30117905,0.5930651,0.0006046918,7.7808945e-05,0.0016931568,0.076804705,0.008786696,0.00018280084,0.95137286,0.7601442,0.07493342,0.6808293,0.1353035,0.30252752,0.4679387,0.005476413,0.98021215,0.42730257,0.24728748,0.009381645,0.0005623948,0.061602835,0.39497882,0.00069340965,0.011254334,0.970172,0.8770773,0.12863162,0.43087518,0.4624632,0.0016185981,0.010653903,0.024067588,0.016715292,0.31566626,0.08449449,0.00863243,0.13043444,0.4375457,0.14361976,0.044063587,0.029381372,0.33016503,0.00013142798,0.0006657667,0.0006498489,0.00012431854,0.00027716463,0.000116563635,0.0018681652,0.00094346143,0.21406089,0.0006110834,0.0001574407,0.013400822,0.13491413,0.0009250942,0.023662515,0.00014542606,0.0008229096,0.086569384,0.0009982543,6.0911745e-05,0.00033293385,0,0.00028808354,0.0014803477,0.17925172,0.1888746,0.050719682,0.00088158355,0.007670488,0.0020305382,0.00016595726,0.0405908,0.06680425,0.012894424,0.0025322551,0.0004973089,0.32710078,0.06781293,0.042745747,0.052966423,0.035087425,0,0.0009107686,8.261368e-05,0.00016840998,0.0002756563,0,0.00043215993,0.00034489427,0,0.0018134427,0.0042341542,0.00097429997,0.0020332276,0.00091949845,0.23173657,0.04043627,0.015063953,0.04629966,0.0033287604,0.18853511,0,0.00055578066,0.0019044338,0.32885018,0.0014869351,0.0002941876,0.0030863942,0.00052388816,0.5092841,0.07174181,0.0015475538,0.26125455,0,0.586946,0,0.0345987,0.007346544,0.086588725,0.0009772031,0.011572636,0.045996174,0.16057102,0.00018961598,0.21734568,0.00011165434,0.00046761986,0.00025942974,0.0013679164,0.00059380865,5.108653e-05,0.000793325,0.0010085488,0,0.102679275,0.00090360653,0.00013496145,0.00015810409,0.13229539,0.0038661235,0.00036077428,0.03610678,0.20343344,0.0004926926,0.0025959958,0.00010096767,0.0008155328,0.3037703,9.871061e-05,0.00048246983,0.21238372,0,0.00026543008,0.000120885554,7.104798e-05,0.00013367094,0,0.027586866,0,0.0005465778,0.00040623514,0.0002489375,0.000623415,0.0015649253,7.917621e-05,0.00059697975,0.00029776728,0,5.5408993e-05,0.22445773,0.00060817256,0.00017004306,0.058454953,0.002426248,0.0014775711,0.018628787,0.024223918,0.114586696,0.21185353,0.44899282,0.67325515,0.023182726,0.021870824,0.059985753,0.015631061,0.01775896,0.54086447,0.5609433,0.5768275,0.034105644,0.42905343,0.21102111,0.6095864,0.09616906,0.49928114,0.51353955,0.25634784,0.024855081,0.12961228,0,0.058751382,0.016945127,0.0021993048,0.0013429816,0.043625418,0.46147943,0.002491971,0.00010622079,0.8879071,0.00507147,0.0013832335
"EHI01637",4.0195962e-05,0.6690403,0.5864188,0.002966982,0.014230159,6.133166e-05,0.003787153,0.62353873,0.13645577,0.0019487946,0,0.03181977,0.048947606,0.02533178,0.007262962,0.03674571,0.0004922174,0.00011671342,0.000515116,0.99812716,0.0003194099,0.00022394925,0.07380559,0.011566095,0.008167816,0.015531574,0.11892791,0.030673767,0.14429314,0.012184359,0.061669085,0.061667766,0.025579024,0.061085813,0,0.005938357,0.106486976,0.00037744656,0.91842675,0.1661207,0.13669424,0.16819754,0.014823908,0.14284189,0.00485625,0.021120252,0.31639874,0.004512739,0.053466275,0.009694376,0.0010457311,0.1610958,0.15874286,0.058979526,0.0151631,0.019315446,0.0069405115,0.008858956,0.0010192321,0.0004668366,0.00024630793,4.4915112e-05,0.0007272179,0.0001283033,0,0.10423475,0.0006674472,0,0.00085157354,0.02037938,0.00084284303,0.008515546,0.029361151,0.0067599365,0.00016908906,0.07737507,0,0.15624207,0.166798,6.7929665e-05,5.154956e-05,0.079271644,0.05118996,0.006898107,0.00013315205,0.5188954,0.00985961,3.406747e-05,0.0024441038,0.032035336,0.006549279,0.0030098383,0,0.0047830874,0.2271477,0.0034271956,0.06886328,0.017864253,0,0.0007954814,0,5.3540745e-05,0.00013001314,0,0,5.825917e-05,0,0.000414678,0.00028445217,0.0010772435,0.00026136916,0.00019986079,0.023907684,0.013162488,0.000656663,0.0044012484,0.039094165,0.0361752,0,0,0.001658189,0.005976686,9.479791e-05,0,8.2924715e-05,0,0.02500828,0.0047952207,0.00029466167,0.10052652,0.00035444903,0.0037072438,0,0.017137697,0.0012798195,0.009065645,0.00031328178,0.0074455333,0.0057783616,0.008245619,7.8442325e-05,0.045409888,0,3.8799917e-05,0.0046185935,3.7253536e-05,0.00057091616,5.672107e-05,0.001420776,2.1749356e-05,0,0.009980988,0.00013973296,0.0003251928,0.00019562032,0.012027496,0.026973303,0.00035367243,0.0002100581,0.0006213577,0.00016510443,0.001246117,0.00012654615,0.0017779996,0.00015172028,0.00015347471,0.00035641916,0,0,0,0,5.625393e-05,0.00013418506,0,0.10503809,0,0,0.0011821775,3.348935e-05,0.00022747586,0.0011018737,5.7763777e-05,0.00027753328,0.00049271807,0,0,0.08686102,0,8.588033e-05,0.00715052,5.923767e-05,0,0,0,0,0.0016974033,0.018535966,0.9756159,0.009991748,0.585587,0.00022308381,0.00029707525,0,0.08332313,0.05029097,0.0088302875,0,0.07794272,0.0106045185,0.04576354,0.008150671,0.13791852,0.014091603,0.2711489,0.18247679,0.018127989,0,0.0008591889,0.91961306,0.96389,0.9107473,0.07794701,0.17638989,0.0012271674,0.0021152098,0.06237165,0.008204665,0.9620054
"EHI01652",0,0.01152465,0.05745562,0.00037627108,0.0022681288,0,0.030335207,0.0074960166,0.09192191,0.011671155,0,0.0010045323,0.00019014628,0,0,0,0.00016104286,8.0473634e-05,0.09954062,0.08475915,0,0.00022140023,0.00014802054,3.38145e-05,0.0027326213,0.000118793374,4.7348567e-05,0.00012696446,0,6.197225e-05,0.0002719777,0.00031906253,0,0.025533492,0,0.0015540374,0,0.0073863203,0.004467831,0,0.00045433873,0,0,0.0019965032,0.64636385,0.022329317,7.693491e-05,6.5808235e-05,0.009035297,0.0035513812,0.12753356,0,0.0001931544,0.00089996913,0.0031141506,0.001139995,0.0010547591,0.0005512871,0.00019357244,0.00025551935,0,0,0.04339067,0,0,0.0025892397,0.00065389136,0,0.00029198665,0.0052389074,0,0.00068363437,0.023043506,0.00026210822,0.0014830759,0.0020351203,0,0.025623508,0.12306195,0,0,0.014604349,4.758992e-05,0.0015463757,0,0.0026980839,0.009789954,0,0,6.385601e-05,0,0,0,0,0.025344225,0.00068662065,0.0001973503,0.0004997092,0,0.00084736064,0,7.301011e-05,0,0,0,0,0,0.00013262623,0,0.00028762477,0,0,0,0.00022626211,0,0.00020827483,0,0.0005375961,0,0,0.00056224124,0,0.00034803431,0.0002140835,0.0002474984,4.8120717e-05,0,0,6.9605114e-05,0.0027693608,0.00028710373,0,0,3.6783444e-05,0.018238889,0.0012530655,0.00097589236,0,0.000695635,0,0,0.0013754546,0,3.677909e-05,0.00013637883,6.99027e-05,0.0004905133,0,2.6032541e-05,3.9459548e-05,0,0.00055502314,0,0.00035989718,0.0019166771,0,0.022607073,0,8.4929154e-05,0.019053414,0,0.00032885,0,0.0007405866,0,0,0.00034859532,0.014488629,0,0,0,2.9040179e-05,0.00013367094,4.9693517e-05,0.024576003,0,0,0.00043464577,0,0.00016594137,0.0009199606,0,0,0,0,0,0.0008774058,0.00022049858,0,0.001608401,0,7.685009e-05,0,0,0,0.014433701,0.009471327,0.5761498,0.0014128006,0.0037896528,0,0,0,0.002810622,0.027564567,0,0,0.00059664686,0.0017735378,0.017209567,0.0014536493,0,6.798959e-05,0.7126891,0.071942694,0.022994842,0.0002517571,0.11373539,0.13304661,0.81778556,0.09358335,0.0017154487,0.0025521347,0.004358383,0.0011110695,0.24545424,0.0016442335,0.0056770607
"EHI01107",0,0.2386348,0.40204895,0.0003196815,0.050080284,0,0,0.18059781,0.021123325,0.008286879,0,0.034697633,0,0,0,0,0.00182146,4.5299726e-05,0.021490688,0.8013772,0,9.431358e-05,4.611916e-05,3.266173e-05,0.00048993545,0,4.6764017e-05,0,0,0.00020789272,0.00019633649,7.466063e-05,4.445477e-05,0.0018672922,0,4.619612e-05,0,0.003981468,0.13947287,0,0.00037292542,0.00025018453,5.1148047e-05,0,0.11687326,0.00253159,0,0,0.0052267513,0.0007571226,0.0635386,0,0.0001555966,0.0003078984,0.0007239222,0.0007345808,0.0008221002,0.008912949,0.00020888133,0.00015780938,9.2001545e-05,0,0.0063837436,8.630267e-05,0,0.017810786,0.0006510375,0,0.00019509131,0.0023286662,0,0.0003614553,0.008481323,0.00067932636,0.024913989,0.01807217,0,0.0869317,0.025994493,0,0,0.0029076796,0,0.0007114048,0,0.112507135,0.005326056,0,0,0.00049726164,0,0,0,0,0.002462222,0.00036497237,7.8106976e-05,0.00010498092,0,0.00071972125,0,0,0,0,0,0,0,0,0,0.00051278947,0,0.00013046469,0,3.8290513e-05,0,0.0001060608,0,0,0,0,0.0011160278,0,0.00018628122,4.5368688e-05,0.0011303277,0,0,0,0,0.00024067446,0,0,0,0,0.0075152875,0.0013210614,0.00056757743,0,0.000668321,0,0,0.00022513223,0,0,6.199038e-05,2.7626218e-05,0.00038107607,0,0.00014651648,7.8297686e-05,0,0.00018897021,7.7111894e-05,0.0057836333,0.00037616715,0.00017423286,0.0020511537,0,0.00038897552,0.0032839861,0,0.0048429747,0,0,0,0,0.0003251238,0.0020784836,0,0,0,0,0.00013367094,6.657056e-05,0.04547481,0,0,0.00041287657,0,0.00013719164,0.0011004562,0,0,0.00020763592,0,0,8.069336e-05,0,3.6356007e-05,0.0004948926,0,0,0,0,0,0.0034727484,0.0030201154,0.8914004,0.00046878317,0.17769673,0,0,0,0.00070452463,0.0007172845,0,0,0.00013886273,0.0009601856,0.021517238,0.00088657386,0,0,0.014005538,0.0026901718,0.0070269513,0,0.046386,0.026494388,0.21909654,0.6670182,0.0028207419,5.37618e-05,0.0018031149,0.00057430036,0.00080756453,0.0028841596,0.7199147
"EHI01638",8.0391925e-05,0.26891693,0.04803232,0.017656447,0.043145448,0,0.048601076,0.20699757,0.002683173,0.17320018,1.5933956e-05,0.0004243125,0.0056300242,0.00065097713,0.0007819145,0.001591002,0.0017498854,8.5270076e-05,0.57062083,0.9405676,0,0.00013910343,0.0012223774,0.00023977553,0.2508895,0.0043808357,0.00044835,0.002551139,0.0014741457,0.00091068435,0.0021018337,0.0008621069,0.0009078791,0.006523074,0,0.2294629,0.001002656,0.04363662,0.10441449,0.006846846,0.0056359014,0.18682939,0.0015840852,0.0015675979,0.98981625,0.026201569,0.00081824843,0.00045212696,0.36216918,0.358118,0.9377943,0.00065689173,0.00076939835,0.002898343,0.06635668,0.0045698984,0.0015067988,0.00016126569,0.0006120155,0.0007824553,0.000113837355,6.184292e-05,0.29137486,0.0004320887,0,0.010278487,0.0006460432,0.0007147377,0.0029832711,0.16834553,0.0004158765,0.013297571,0.0014365485,0.0057265386,0.0725649,0.012854565,0,0.029895848,0.00022349763,9.571907e-05,0,0.03865939,0.0012000125,0.18404749,3.2556407e-05,0.0655213,0.03351505,0.00015233026,0,0.06201301,0.009286148,0.00037182312,0.00012839612,0,0.16792631,0.16192366,0.001595986,0.0066033,0.00017314858,0.00091488595,0.0003007376,0.00016597632,8.525452e-05,0,0,0,0.00011797438,0.009288257,0.0004132923,0.0012044769,0,0.016787613,0.002210411,0.04632456,0,0.005461307,0.00023119338,0.0076518385,8.359963e-05,0.00051602744,0.0014848665,0.000891554,0.017706659,0.010436571,0.0007562096,6.276616e-05,0.0010893972,0.0053567723,0.018615192,0.007760147,0.0006722717,0.00035509767,0.00015242603,0.0002110208,0.15800147,0.0033424334,0.0023594443,0.0006524372,0.17201886,0.002089159,8.267483e-05,0.0017612819,0,3.7183254e-05,6.6019755e-05,0.0013758694,0.0011024685,0.00017617339,0.0036138506,0.027731363,0,0.01386656,0.0004021204,0.021497,0.008704434,0.40720338,0.029859027,0.00048008544,0.0018480583,0.015229675,0.0003817494,0.014119732,0.00012923863,0.0011843469,0.021336423,0.0002562419,0.0008797468,0.09125182,0,3.028679e-05,6.125957e-05,6.246378e-05,0.00013315682,6.9852205e-05,0.043713495,0.17886372,0.0005941914,0.00070251746,0,0.0003303696,0.0016329655,8.813955e-05,0,0.0031986616,7.001912e-05,3.1890067e-05,0.0007682008,0.001043405,0.0017553939,0.20259242,0,0.0005589563,0,0,0.00035771215,0.0687073,0.12842117,0.6747648,0.018531987,0.0908867,0.0068873414,0.0016757351,0.0014877646,0.028210318,0.05409617,0.0012548909,0,0.0011539492,0.03710323,0.060834564,0.31882772,0.0005036521,0.0005662416,0.964135,0.037453827,0.3078835,0.00011647478,0.52679914,0.6676781,0.0018649532,0.02807513,0.23425062,0.0009878731,0.0048978347,0.9983699,0.9654393,0.005442023,0.003090433
"EHI01821",0.0004668091,0.034664333,0.0002621629,0.013416199,0.0055304766,0.00021618821,0.0024568583,0.024250548,0.0007838831,0.049913395,2.80836e-05,0,0.08901952,0.0463413,0.032848556,0.2007622,0.00050499855,4.689854e-05,0.0031684265,0.9998178,0.0020348108,0.00010196063,0.407013,0.060905293,0.10262103,0.040057786,0.115871884,0.061515126,0.122121796,0.01696765,0.4237826,0.043003246,0.049225204,0.0060454165,0,0.07695411,0.10243333,0.0007648634,0.014327993,0.50472474,0.27099904,0.074740164,0.06486977,0.08499183,0.0005786887,0.038765356,0.008573679,0.0034774777,0.56834745,0.13531986,0.38660997,0.12388774,0.11456148,0.037643947,0.030540379,0.016784396,0.038141638,0,0.0007283631,0.00031949612,0.00017992707,0.00015031893,0,0.0027300413,3.527398e-05,0.046511028,0.0008022922,0.0018780736,0.019123826,0.21749541,0.00030035526,0.019038165,0.00014915495,0.0004936455,0.35632586,0.001893544,0,0.00029697453,0,4.631568e-05,0.00030190535,0.041792035,0.046074975,0.05826561,0.00073526264,0.009784848,0.00288021,0.0001717974,0.009210499,0.06657261,0.004346553,0.0024231693,0.00081513444,0.03356471,0.0009904427,0.05310151,0.017768817,0.007050519,0,0.0012088682,8.380237e-05,9.247947e-05,0.00027778765,0.00013174789,0.00022634992,7.496013e-05,0,0.0535642,0.004299411,0.0011289079,0.002224043,0.06079932,0.040353253,0.020777328,0.0042166035,0.112064496,0.0075903544,0.041594878,0,0.00018194746,0.0030120069,0.04273901,0.003214511,0.0013153376,0.0051151793,0.0006360304,0.1525312,0.048901618,0.008385097,0.05581963,0.00021385093,0.2789894,0.00022682444,0.02791089,0.04310771,0.018662306,0.0013756871,0.006150658,0.056265075,0.011983747,8.577866e-05,0.044483904,0,0.00023805366,0.00011747177,0.0015018616,0.0020860075,7.7005425e-05,0.00071956613,0.0018126535,0,0.096726924,0.0010490323,0,0.00012293263,0.08889404,0.002963394,0.00014156367,0.07237266,0.9233142,0.00013715024,0.0044223983,0.00010164079,0.00025442257,0.43911034,0,0.00050681067,0.61655605,0,0,0,7.561405e-05,0.00013418506,9.423016e-05,0.044804357,0,0.0003339473,0.00041656627,0,0.000373242,0.0015961104,0,0.0005913158,0.0016343818,0,0,0.038202927,0,0.00047405943,0.06525238,0.00085156993,0.03728664,0.9715603,0.925036,0.9955782,0.9058302,0.30076304,0.96985406,0.022499442,0.024355017,0.99028844,0.9946901,0.9929577,0.35534325,0.45416784,0.16339958,0.99386525,0.06169856,0.78324556,0.7275005,0.11693508,0.13178241,0.048744477,0.22576654,0.016694156,0.44906205,4.9493534e-05,0.70772475,0.006791317,0.0020978283,0.0013057467,0.054898567,0.08150703,0.0037219895,0.028061407,0.0016506684,0.004168342,0.0010567164
"EHI01659",0.0002749404,0.8485608,0.57359785,0.78601444,0.34119877,0.00013535263,0.029091671,0.7719371,0.009169264,0.0949494,0.025468837,0.04095655,0.009198561,0.009309044,0.0039200447,0.017162012,0.043620743,0.00025794198,0.43458268,0.0022717821,0.00011417442,0.020480977,0.0015144654,0.0043563065,0.18678142,0.045814645,0.0020804142,0.013244086,0.003220216,0.21419807,0.0012768072,0.13433234,0.011799297,0.55809355,0,0.14735268,0.0021229615,0.10515471,0.5608407,0.0035822368,0.005108028,0.91060007,0.008260911,0.40198994,0.896585,0.916116,0.8150713,0.77060896,0.8587234,0.30452898,0.23802042,0.0014530878,0.002985845,0.029358191,0.16477868,0.36304408,0.0010155016,0.008461121,0.0010501901,0.00068590854,0.0018956393,0.00017920905,0.49381748,0.0018549322,0.0012054296,0.29189092,0.0007512794,0.1639497,0.21782465,0.39829126,0.0028030076,0.21016549,0.0015577369,0.003363555,0.4190928,0.07830897,5.9762468e-05,0.26675317,0.0023123408,0.00034551497,0.011700194,0.28361383,0.17194705,0.10367195,0.00029666568,0.45551074,0.035189424,0.040745668,0.00020062597,0.5898855,0.0255718,0.0081847645,0.032339092,0.00021965825,0.28903186,0.121438645,0.008004403,0.023706792,0,0.00088029983,0.00015987828,0.00047505245,0.000591098,0,0,0.00013554966,0.00028510476,0.0089337025,0.0029992973,0.0021941992,0,0.008658553,0.013058703,0.13770263,0,0.26053864,0.14737284,0.099138714,0.0005628257,0.001251462,0.002282784,0.0036370226,0.02188042,0.014735963,0.20428057,0.0016591187,0.012465694,0.01157073,0.018861594,0.30131802,0,0.023103237,0.000108875734,0.0011901379,0.08650178,0.0046514682,0.0016404692,0.00016998364,0.11927554,0.0066944705,0.0007308116,0.1368629,0.0003168192,0.00025826195,0.021543827,0.020183882,0.0015229085,0.00016340177,0.004656821,0.036809232,0.0038611835,0.09359846,0.0006231055,0.012707369,0.010339069,0.35710245,0.14517856,0.00053926755,0.093936175,0.045539808,0.00033370315,0.03344089,0.00020193534,0.0026014214,9.811245e-05,0.00046853736,0.000364243,0,5.0047463e-05,0.00084045844,0.00017724435,0.00023012972,0.00013418506,5.9069655e-05,0.094284035,0.0008863695,0.11994513,0.005228294,0.0040564532,0.00029254102,0.0016547006,0.00027039423,0.00045028358,0.003516458,0,0,0.25561774,0,0.0059704003,0.12649195,0.0012187981,0.00022030358,0,0,0,0.00024392955,0.94301325,0.9685004,0.22862695,0.47676766,0.0016582564,0,0,0.0342445,0.07215809,0.007927059,0.00017580228,0.18730453,0.03310097,0.038073663,0.20004204,0.0021628463,0.00068091066,0.51618105,0.9770563,0.06977775,0.029202834,0.013636818,0.9973221,0.01160278,0.8259223,0.879866,0.46868658,0.1391227,0.000120383556,0.93495417,0.9986438,0.96218014
"EHI01104",8.0391925e-05,0.13869096,0.034358487,0.011840129,0.022325903,0,0.024580669,0.10453959,0.0017022347,0.109664425,0,0.00029714103,0.002662048,0.00014046275,0.00060505286,0.00036502216,0.00069785235,7.994069e-05,0.3171451,0.8751804,0,0.00013182053,0.00070979586,0.0002616781,0.12866272,0.0023059114,0.000354822,0.0016513844,0.0011853955,0.00036392212,0.0007898927,0.00050667126,0.0005647634,0.005279135,0,0.119216785,7.550648e-05,0.023705067,0.049618244,0.0027612918,0.0024073825,0.08522427,0.0008529689,0.00054356334,0.9325006,0.015439225,9.779862e-05,9.1400325e-05,0.1856753,0.18977681,0.74784136,0,0.0007152078,0.0018031737,0.032954168,0.0023066457,0.0014623454,4.4756558e-05,0.00027385907,0.0005959533,4.367162e-05,9.998691e-05,0.16831672,0.00014901595,0,0.00469232,0.0006153642,0.0002428469,0.0014787922,0.08273213,0.0002033174,0.0074550873,0.0010012026,0.0017052069,0.03257821,0.0062733064,0,0.01678123,0.00017550294,0,0,0.021174474,0.00092287123,0.083829395,5.1578125e-05,0.029384438,0.028187683,0,0,0.026624558,0.005619777,0,0,0.00013539782,0.08452857,0.08204592,0.0007404542,0.0036918293,5.1737625e-05,0.00070901605,0.00012065164,4.331933e-05,0,0,0,0,0.000119612916,0.004420874,0.00034636236,0.0010012889,0,0.0072845095,0.0008983452,0.021807194,0,0.003168635,0.0003491232,0.00454042,0,9.708961e-05,0.0014785255,0.00022916973,0.007801272,0.0048845774,0.00055655243,0.00013724866,0.0004285536,0.0024388556,0.009645413,0.0031424062,0.00047023574,0.00017694078,0,0,0.102196366,0.0020375615,0.0018718258,0.0003749639,0.07881655,0.0007949829,0,0.00057595666,0,8.325816e-05,6.168043e-05,0.00071451446,0.0008500928,0.00012020359,0.0010326242,0.012606859,0,0.005911775,0.000289299,0.010229649,0.005261651,0.21138409,0.023260938,0.00044647,0.0009540375,0.01007229,0,0.008333144,0.00010096767,0.000412204,0.010241625,0.0001291351,0.00032599314,0.04045795,0,0,0,3.123189e-05,0.00013367094,0.00010454391,0.022871016,0.08902269,0.00018980209,0.00062429596,0,0.0003086812,0.0015890228,0,0,0.0021357792,0,0,0.00042713687,0.00078399497,0.0004591735,0.09732436,0,9.734344e-05,0,0,0,0.03329855,0.059163466,0.42050207,0.008928922,0.049497165,0.0022665316,0.00037639146,0.00030795884,0.013135791,0.02276906,0.00043277515,0.00017213973,0.00040918216,0.017712304,0.030273838,0.16959701,0.00026254205,0.00014054564,0.9571993,0.027260503,0.15512952,7.655e-05,0.28778136,0.40396917,0.0020633524,0.01665537,0.1075599,0.0005210759,0.0015276865,0.9719166,0.94837874,0.0031451967,0.0023487548
"EHI01643",4.448353e-05,0.033805072,0.13229206,0.0003286167,0.001435229,0,0.0039533316,0.027253184,0.0023256233,0.002492728,0,0.00025739995,0,0,0,0,0,8.313832e-05,0.00048209055,0.05732678,0,0.00033537764,0.00014143209,3.38145e-05,0.0015349085,0,4.6764017e-05,0,9.878296e-05,0.00014328335,5.7454257e-05,6.700313e-05,0,0.0014329739,0,0.00028025647,0,0.00013602318,0.014982835,2.7064118e-05,0.00023067102,0.0007407038,0.00021462122,0.0002493354,0.00036105438,0.0004600084,0,0,0.005434919,0.0007833643,0.028486295,0,0.00016579086,0.00046157796,0.0011301468,0.0006013024,0.0008659763,0.00026640808,6.259636e-05,0.00012291296,0,0,5.5092267e-05,0,0,0.0023478416,0.00057790725,0,0.0014212402,0.0032096072,0,0.0002197193,0.00014356163,0.000111258174,0.004709188,0.002512901,0,0.023607304,0.00021346888,0,0,0,0,0.0004318815,0,0.010668563,0.0059260176,0,0,4.347643e-05,0,0,4.2949403e-05,0,0.0010475243,0.00018839401,6.0923445e-05,0,0,0.00065960723,4.69531e-05,0,4.1206353e-05,0,0,0,0,5.305049e-05,0.0001254936,0.00043529272,0,0.0003497564,0,0,0,0.010110946,0,6.477062e-05,0,0.00022934552,0.0006076856,5.4056647e-05,0,7.9040765e-05,0.0014671296,0.00012804296,0,0,0,6.4179854e-05,0,0,0,0,0.0023083503,0.00031315075,0.00014746527,0,0.00021153812,0,0,0.00019728903,0,0,0.00026004965,9.7110336e-05,0.0004000601,0,0.00015753024,0.00011806794,0,0.0070968354,3.467448e-05,2.8706085e-05,6.766319e-05,0.00016066332,0.0030363097,0,9.398826e-05,0.014808831,8.03683e-05,7.253566e-05,0,0,9.5583775e-05,8.1132006e-05,0.0003581578,0.0021115262,0,0,0,2.9588105e-05,0.0001326427,9.9387034e-05,0.0012749626,0,0,0.0003682313,0,0.00025925186,0.0005306193,0,0,0,0,0,0.00015493126,0,4.35127e-05,0.00027908327,0,0,0,0,0.0001945223,0.0015314156,0.004631309,0.045641575,0.00034513624,0.014904087,0.00020523711,0,0,0.003915432,0.010245528,0,0,0,0.0012853167,0.00542318,0.00028353767,0,0,0.24113071,0.007983667,0.0080100205,0.0002035834,0.01558581,0.0034774295,0.0029499696,0.21256849,0.0010246405,0.00052986393,0.0011558868,0.00021456598,0.06436896,0.0060953656,0.00044322142
"EHI01802",0,0.82313657,0.4109514,0.07600775,0.15876284,0.000105744235,0.82561225,0.7437638,0.01821893,0.120138444,0.00010755421,0.0009018169,0.00028239546,0,0,0,0.008198984,4.423385e-05,0.31845123,0.2379158,0,0.0003157138,5.9296064e-05,3.3045988e-05,0.007329835,0,4.6764017e-05,0.0013077339,0,0.00029755468,0.00018352295,0.0018486482,9.830139e-05,0.0007524496,0,0.005840421,0,0.04812586,0.4511559,0,0.0006731917,0.0001720429,0.00010981787,0.014951025,0.98959225,0.34233385,0.0016547526,0.0019255002,0.021361284,0.007442447,0.7785276,0,9.6040654e-05,0.0008967338,0.010193453,0.0031689256,0.00090061536,0.00014705726,0.0005684702,0.0004908763,0.00039624714,3.3855613e-05,0.5127205,0,0,0.041934922,0.00066245295,0.001491589,0.0005290226,0.008591098,0.0013298807,0.0004155313,0.0072312183,0.010468292,0.7540291,0.057501644,0,0.072929874,0.020376965,0,0,0.032505486,0.002571722,0.002576893,5.4870347e-05,0.3351692,0.011581296,0,0,0.0013138034,0,0.0006738047,0,0,0.26249045,0.002407111,0.00021349241,0.01095441,0,0.0009840582,0,0,0,0,0,5.825917e-05,0,0.0003978787,0.0002401111,0.00041909938,0,0.00041984644,0.0011041729,0.00014421102,0,0.0005022776,6.36312e-05,0.0014856759,0,0,0.0010515603,0,0.007713103,0.0044844113,0.0013197787,6.276616e-05,0,0.0008100485,0.0053814035,0.022767002,0,0,0,0,0.09916995,0.0014764804,0.0010388109,0.0003749639,0.004177297,0.00019641667,0,0.0035408607,0,0,0.000116851865,6.278686e-05,0.00098326,0.00026181847,0.009473175,0.011048674,0,0.0016896642,0.0002282305,0.034313623,0.010102249,0.0008836483,0.0033248027,7.1018556e-05,0.00038387976,0.04285736,0.00045076132,0.03146096,0,0.0019564899,0.001956686,0,0.0012883248,0.01626973,0,0,0,0,0.00013367094,7.829073e-05,0.015590814,0,0,0.0017360003,0,0.00030363738,0.0014416024,0,0,0.003471726,0,0,0.0061918707,0.0009929643,0.0017780091,0.0034845863,0,7.685009e-05,0,0,0.0003054914,0.023070827,0.0042578853,0.58574015,0.0022218816,0.42003497,0.0051145684,0,0.0010419977,0.00010352199,0,0,0,0.0035335934,0.0022302945,0.030651014,0.0055476567,0,0,0.060220767,0.0068062274,0.123439856,0.0002471377,0.032959387,0.9766651,0.16982198,0.66660357,0.006106464,0.020424316,0.03818361,0.0006274108,0.015297798,0.0013794459,0.02428726
"EHI01648",0.0023796011,0.26871005,0.012572167,0.29214075,0.028936492,2.1383836e-05,0.036165714,0.12579393,0.10114571,0.12424136,0,0.00055515236,0.017356025,0.09238813,0.13555047,0.0032173975,0.0015007944,0.00016094727,0.611495,0.84941214,0,0.0001525768,0.0006166791,0.0032392752,0.5309173,0.2912622,0.0032886795,0.10151147,0.002662798,0.055509113,0.00090562785,0.33254483,0.08785702,0.0705523,0,0.49973792,0.0007857942,0.04775886,0.065322325,0.0017903666,0.002614855,0.5198841,0.20135081,0.73063225,0.98567575,0.5865497,0.0402011,0.34664488,0.9773918,0.6491437,0.67844856,0.00080940593,0.0017963359,0.055095475,0.6611066,0.13938996,0.0013503457,0,0.0007239405,0.0006847453,0.00011674879,0.000170858,0.58628666,0.0016029283,0.000121812816,0.39571688,0.00071774656,0.00041624738,0.03175761,0.641767,0.0037502819,0.25789636,0.02383869,0.0011754778,0.41269118,0.006168772,5.3632983e-05,0.005182484,0.115866326,0,0,0.3606534,0.2887052,0.4708612,0.0006123531,0.049804285,0.019907817,0.010453847,0.0004479385,0.79771507,0.2735359,0.008029118,0.0010719267,0.00014992547,0.28400096,0.4522152,0.014345128,0.029036324,0.00022902522,0.0011866343,0.00039702115,0.00065222365,0.00011154133,0,0,6.136633e-05,0.0002908396,0.002158271,0.001281708,0.0017847387,0,0.00032754964,0.07849885,0.53821445,4.4984e-05,0.014761684,0.045732595,0.15672141,0.0005887298,0.0016826317,0.0026833282,0.13779268,0.001504171,0.0021613927,0.0034857085,0.00040421405,0.0024363569,0.04263335,0.0043698093,0.48612633,0.0006261933,0.18055682,0.00058067054,0.00064951816,0.10568373,0.0104954075,0.0012223233,0.00021372942,0.43733475,0.04459823,0.000101297825,0.25648847,0.00015980528,9.7403965e-05,0.00015435605,0.00015068846,0.0010915805,0,0.0008390488,0.0029178315,0,0.03552681,0.07401189,0.0024391601,0.010596324,0.9438433,0.03868739,7.954078e-05,0.05492878,0.004286552,0.0003625309,0.031136664,0.00012452679,0.003231561,0.19706239,0.00025691802,0.0003590271,0.00047751828,2.2371447e-05,0.0003020266,0.00076166063,5.1870506e-05,0.0002113029,0,0.010804895,0.00019704232,0.3201772,0.0028399562,1.8977298e-05,0.000250173,0.0017284108,3.6351343e-05,0.0002662054,0.0033215072,0,0.0001279589,0.39420536,0.0011414045,0.001399563,0.4895906,0,0.002758918,0,0,0,0.0002078453,0.9841005,0.39101383,0.39830175,0.071914874,0.0017891322,0.00010239001,0.00042186142,0.29847172,0.07360119,0.0050394493,0,0.4422477,0.038314603,0.28488952,0.58681506,0.0018324363,0.00038713476,0.95373446,0.21580674,0.9077544,2.7056465e-05,0.012289871,0.9924026,0.85031,0.0070380312,0.91083455,0.79585713,0.022597672,0.047554336,0.07463821,6.90098e-05,0.0015037642
"EHI01110",0.00014095384,0.650342,0.40151238,0.5226063,0.17692961,3.8067927e-05,0.019820182,0.55399024,0.0069657154,0.041886475,0.013099704,0.027937371,0.0068433834,0.0047707427,0.0017360364,0.008860316,0.022304578,0.00012364161,0.2318606,0.0021722412,9.38458e-05,0.008137187,0.000580223,0.0016476883,0.101029366,0.02080534,0.0007055521,0.0069398773,0.0015631589,0.11428517,0.0007522787,0.07061555,0.005116681,0.46807346,0,0.08466578,0.0015232995,0.053552542,0.36317754,0.0012644958,0.0019867471,0.6718531,0.0038090253,0.22720219,0.67417,0.71514446,0.5708388,0.50174636,0.6263273,0.17057903,0.11923505,0.0003248432,0.001389102,0.018031737,0.087930135,0.21691148,0.0010397489,0.005568994,0.00053342985,0.00056532206,0.00097620627,8.328481e-05,0.28210256,0.0017295056,0.0006582125,0.16779014,0.0007923037,0.078196704,0.10797719,0.25148353,0.002277155,0.12187932,0.0011112044,0.0016839075,0.22524887,0.044306796,0,0.15265979,0.0013939948,8.0898055e-05,0.004777185,0.1853067,0.092259124,0.05105679,0.00017668252,0.27132538,0.025221387,0.018060626,9.5265794e-05,0.36998984,0.018478699,0.004992008,0.014447727,5.5786222e-05,0.2847893,0.060904436,0.0019380945,0.01710979,0,0.0008844172,0.00015571788,0.00042199844,0.00030904764,0,0,9.049591e-05,0.00011797438,0.0054040765,0.0023743392,0.001435425,0,0.0047126897,0.00783178,0.06699696,0,0.12388451,0.07276058,0.0490014,0.00014953737,0.00025839594,0.0015746983,0.0015851541,0.009942511,0.0068808,0.09490096,0.00050715054,0.005555603,0.006365106,0.009090428,0.16629884,0,0.010420049,0.00030031556,0.00027151988,0.041509397,0.0036666854,0.0013075254,0,0.06342134,0.0033724667,0.00048278712,0.06846804,0.00023517196,8.810815e-05,0.010082115,0.007490472,0.00088750245,0.00010029488,0.0018329578,0.01898315,0.002364031,0.046806403,0.00020080144,0.006760497,0.004601432,0.1816771,0.09840703,0.00056152005,0.044412285,0.021656588,0.000293519,0.014834356,8.212037e-05,0.0022720527,0.00017346685,0.00011155651,0.00035728846,0,1.7528144e-05,0.00033021014,0.00022584361,5.69845e-05,0.00025808773,0,0.07494114,0.00025095616,0.054021847,0.0032458224,0.0016869701,0.00017350708,0.0015464977,4.880043e-05,0.00017614868,0.0025156662,7.001912e-05,5.580762e-05,0.13780811,0,0.0024779337,0.06325304,0.00078506937,0.000115275136,0,0,0,0.00020928866,0.8066278,0.9616019,0.13573693,0.28844234,0.000758485,0,9.421572e-05,0.015854392,0.03339913,0.0044161906,0,0.10092496,0.015337798,0.03149347,0.10507214,0.0010971995,0.00036633195,0.31000704,0.91019285,0.030865338,0.0138539,0.00544085,0.9950831,0.010660871,0.6178618,0.6365556,0.27380887,0.075262085,0.00017349394,0.868888,0.97968864,0.83357066
"EHI01793",0.00024492742,0.003373011,0.00045907637,0.0020416926,0.000548914,7.660583e-05,0.00019121366,0.0036031646,0.0006085164,0.00069582654,0,0,0.00028239546,0.0033454378,0.0021758634,0.0033461787,4.2035877e-05,4.3700915e-05,0.00015062813,0.03388006,8.354226e-05,0.000109243534,0.0741438,0.0034917311,0.0033711232,0.002455723,0.0019395376,0.0023649246,0.0005297372,0.00087376474,0.049754146,0.0042499127,0.004253883,0.0018174978,0,0.0004619612,0.00094031915,0.00032688296,0.0010289615,0.0020914548,0.0059243497,0.00035787548,0.0039278693,0.0372808,0.00010426413,0.00058195693,0.000993634,0.00029613706,0.016890293,0.0010525851,0.0018771959,0.0010748046,0.0008192966,0.004862206,0.0028200126,0.0020841018,0.01728431,0,0.00023337557,0.00016284997,0,0,0,0.00023934607,0.00031723068,0.014112086,0.00055650325,6.4701664e-05,0.002202581,0.0057891253,0,0.0016268336,0.00014449385,0.0002069803,0.00034546314,0.00020938227,0,0,0,0,0,0.012778988,0.0031521323,0.00049426436,0,0.00074551976,0.0009331276,0.0002920069,0.00042964242,0.0006602983,0,0,0,0,0.00088553596,0.0005724027,7.8106976e-05,7.698601e-05,0,0.00070242817,0,0,0.00010656815,0,0,5.825917e-05,0.00011633585,0.0007692321,0,0.00040676157,0,9.507267e-05,0.0030385407,0.00092344783,0.0003376385,0.0036236523,0.00031815603,0.009920429,0,0,0.000808486,0.0010818943,0.0004978548,0.00032006192,0.0012266479,0,0.0032977657,0.0011205415,0,0.013531521,0,0.0073019997,0,9.099062e-05,0.0011892387,0.0021064824,0.00075961,0,0.0008699796,0.00064048916,0,0.0016157017,0,3.7991587e-05,5.021221e-05,0.00021347532,0.00028727273,0,0.0004208594,0.00091316225,0,0.0032182322,0,0,4.790018e-05,0.0011132448,0.001366379,0,0.030846268,0.024021944,0,0.0007517036,0,0.00044376028,0.012165943,0.00010141501,0.0003711975,0,4.589606e-05,0,0,0,0.00013418506,0,0.03267229,0,0,0.00033207232,0,0.0003222995,0.0010725786,0,0.00014216501,7.344036e-05,0,0,0.012852301,0,0,0.0011417556,0,7.685009e-05,0.0021307971,0.0059794392,0.007940166,0.00021650552,0.08806032,0.90548795,0.0016504178,0.0019783587,0.016734261,0.029648399,0.013174732,0.72289634,0.37532383,0.007362411,0.029324187,0.0073740734,0.061791692,0.042890303,0.00062101666,0.00030421538,0.00037140583,0.032208167,0.010980656,0.05432038,0,0.001144905,0.0013053019,0.0016496412,0.0008343147,0.00900856,0.034807663,0.0005907739,0,0.014182955,0.00037580336,0.000545258
"EHI01646",0.00063563214,0.0026418243,0.3570653,0.023318384,0.0035304967,6.8381276e-05,0.0037219762,0.001502698,0.015884632,0.0011064783,0.0010582139,0.018162899,0.036848843,0.11384043,0.010739689,0.008006608,0.00240627,7.887482e-05,0.005036779,0.035478335,7.8808196e-05,0.0002414282,0.0042029927,0.008301844,0.4273631,0.37472776,0.019629197,0.10319163,0.09426229,0.033090983,0.0022692364,0.026586203,0.09766525,0.13515969,0.0001372549,0.4270474,0.06744836,0.0013766116,0.0034639726,0.0011366929,0.007764903,0.93249613,0.031902842,0.09328056,0.003072377,0.94149673,0.2902187,0.0022795242,0.7357019,0.5018824,0.0026713728,0.014294901,0.09001478,0.14886698,0.13615876,0.050918534,0.01799672,0.003986175,0.0009015237,0.00044861287,2.5620682e-05,0.00017176081,0.0015112679,0.00043496548,1.834247e-05,0.06240707,0.0006727982,0.00021006473,0.005882328,0.3383541,0.00052492856,0.085360944,0.005527123,0.0013508847,0.2653694,0.0006516905,2.6816491e-05,0.37768525,0.014001553,4.137534e-05,2.606657e-05,0.092347406,0.024982376,0.44614556,0.00082890806,0.003593337,0.03389816,0.0025307264,0,0.11725186,0.0049129683,0.010256066,0.05362391,4.590741e-05,0.087516874,0.39929223,0.3053056,0.0040200697,0,0.0010557009,0.0001616613,0.00016743652,0.00012361906,6.3877764e-05,0,0,0.00026871942,0.00062157493,0.0027273945,0.001435425,0,0.00023039508,0.10674888,0.09778204,0,0.07007156,0.03628421,0.61009145,0.000120100885,0,0.0015081171,0.016965412,0.0058443244,0.0059308927,0.0014138664,0.0001284614,0.008017233,0.02006215,0.027063398,0.054608233,0.000751432,0.23385005,0.00013609466,0.006088628,0.0021330325,0.014575618,0.00032376818,0.0016585904,0.3997385,0.04550423,0.00028442396,0.023001673,0,0.00011276226,0.00025602028,0.0016261796,0.0019274353,0,0.0014791823,0.0013546742,6.201622e-05,0.10960313,0.000973473,0.000730934,6.0963866e-05,0.71990085,0.07696185,0.00012878032,0.0019737536,0.37618837,8.997755e-05,0.0011124302,0.00012452679,0.0003776893,0.0004106562,9.262571e-05,0.00036945887,0.0005499987,0,0,3.5122153e-05,4.7121797e-05,0.0001326427,0,0.04261645,0.0002779131,0.00040373707,0.0005829714,0,0.00025420805,0.0016499755,0.00012548683,8.495917e-05,0.0003638636,4.854659e-05,0,0.052066047,0.0016155485,0.022171153,0.4783346,0,0.00087352935,0,0,0,0.0010897444,0.9359117,0.77357686,0.10162166,0.0042005316,0.0013266051,0,0,0.20887633,0.14414798,0.017679414,0,0.03344925,0.004348891,0.028099615,0.422301,0.08596257,0.0015302731,0.99849427,0.3893239,0.25085634,0.00048173705,0.0018816441,0.4741537,0.116921574,0.4798496,0.6046992,0.1068857,0.7927245,0.003557688,0.0072319945,0.01176017,0.7398201
"EHI01095",8.0391925e-05,0.29050687,0.0016708516,0.004071968,0.0016958625,0.00064081006,0.0012620966,0.22905384,0.0014909271,0.0028043191,0.0008680023,9.1098795e-05,0.18658622,0.08950615,0.1162516,0.7737003,0.000672006,0.00038851178,0.00077327807,0.0054129427,0.006979399,0.0007195507,0.2591967,0.09016059,0.009019988,0.09207477,0.24621956,0.07395172,0.13602088,0.005099305,0.35985625,0.16150562,0.071600355,6.8236855e-05,0.0037641597,0.00435537,0.13101956,0.00086575316,0.26436645,0.65589625,0.8785843,0.12701035,0.17029792,0.13970852,0.0021813512,0.0047035087,0.2123195,0.0082339505,0.018576656,0.007049793,0.0035506997,0.2865147,0.13828889,0.11468433,0.01726633,0.013734491,0.048327252,0,0.0034410988,0.00067350094,0.0034876154,0.0006671813,0.00029807814,0.0010609475,0.17051607,0.10741029,0.004434903,0.69768965,0.015071779,0.0087608965,0.00040571063,0.005322785,0.00040085393,0.0010880248,0.022476193,0.05450343,0,0.00092192297,0,0.002626408,0.0011692997,0.08219691,0.13111863,0.0061747055,0.0008819494,0.28824237,0.0014003485,0.0060450295,0.042185083,0.018386453,0.0015983889,0.02576089,0.00042452096,0.18489878,0.0041576996,0.003238145,0.061401978,0.18267801,0.00010347525,0.0011808699,0.002453448,0.00048624733,0.00041774716,0,0.0003315143,0.0004334482,0.00030640568,0.00029443024,0.0011026706,0.0027397608,0.00024052376,0.00039972158,0.100483865,0.015115304,0.003156636,0.041013654,0.0018584554,0.04584788,0.00017544148,0.00011467276,0.0013400788,0.13777897,0.0060657407,0.004165767,0.0135735,0.0010561452,0.5711496,0.107598625,0.00045150518,0.10509933,0.0006462788,0.17912975,0.000679566,0.0460369,0.017482832,0.04562935,0.0010938646,0.027588595,0.00528671,0.027332196,0.0010620753,0.13044623,0.0048325392,0.0010985227,0.0010219114,0.005177823,0.0012018553,5.484289e-05,0.0015155611,0.0053000073,0.00021638266,0.02512279,0.00033432405,0.00018680377,0.00018423147,0.009340727,0.001923551,0.00071492017,0.00028649435,0.002199816,0.0004044622,0.0010964919,0.00011375691,0.0002494919,0.0028877426,0.00046583294,0.00034511805,0,0.0007271874,7.739958e-05,0.00030139709,0.000711393,0.0006791512,0,0.00020608232,0.0001886985,0.00024328583,0.002327458,0.00024246289,0.0010657571,0.0011089612,0.0011806716,0.00546514,0,0.0010390837,0.00020449507,0.099482544,0,0.0018796341,0.004346694,0.0009823013,0.0029577038,0.057144105,0.15198186,0.12024873,0.00094396406,0.0071315286,0.026809644,0.0061629936,0.58855957,0.57378644,0.30081752,0.024595927,0.041960914,0.0553534,0.44027677,0.082861476,0.1866653,0.043608997,0.010598793,0.0038077033,0.1250355,0.24129353,0.15221384,0.0021427406,0.007690717,0.001278583,0.00034081843,0.011772527,0.00067260605,0.00060964294,0.004999067,0.1506907,0.0023676576,0.0001359626,0.030682532,0,9.2470655e-05
"EHI01224",8.0391925e-05,0.07073536,0.0008540685,0.007825743,0.0023771063,0.00067770306,0.0050039277,0.056601778,0.0007590963,0.0012031376,0.00032385768,0,0.040584937,0.17121412,0.07564325,0.37156016,0.00029765946,7.887482e-05,0.0010040533,0.08888047,0.0070033474,0.00013619027,0.8946968,0.28730336,0.09171141,0.036873464,0.06968306,0.2015002,0.048046514,0.005220173,0.98432946,0.56860065,0.16811416,0.0008317519,0,0.042611916,0.03079611,0.00076581293,0.0375741,0.9466352,0.8555842,0.021339228,0.12707983,0.7281037,0.0007029861,0.0029472183,0.038735423,0.028030653,0.26030698,0.06430342,0.0015944756,0.055157892,0.047005195,0.14745097,0.015531487,0.043045193,0.07128255,0,0.00018846948,0.0003415972,0.000120824814,0.00011646331,0,0.00017260535,7.4780844e-05,0.3617335,0.00066280965,0,0.034686908,0.09662426,0.0014962312,0.01637421,0.00014635829,0.00041546408,0.02692312,0.0047589736,5.7463913e-05,0.00018599657,0,0.0001651926,0.0010348817,0.33519068,0.53059494,0.02671307,0.0008578064,0.02293437,0.001263665,0,0.026046047,0.020618018,0.0016177535,0.0034993943,0.00034269103,0.02654262,0.0045094453,0.02734142,0.030794457,0.15698847,0.00024282192,0.0008037162,0,0.00021903033,0.00014564313,0,0.00091525883,0.00024857247,0,0.7226715,0.011235861,0.0008613321,0.0013950379,0.84732926,0.16375284,0.008285172,0.019049432,0.3287533,0.005063347,0.08060703,0,0.0003379024,0.025481578,0.09119128,0.0013802046,0.000809902,0.011593513,0.00065109425,0.3127968,0.03135313,0.00015452335,0.48228276,0,0.6616941,0.0001605917,0.008198352,0.0024354556,0.06627417,0.00063508376,0.0036346503,0.029825713,0.028170655,0,0.4776057,0,0.00088269816,0.0001540461,0.00067056366,0.00034980828,5.6345434e-05,0.0006251147,0.00096629286,0,0.2864772,0.0006256932,0.00018337618,5.0244944e-05,0.02226164,0.0018736195,0.00020974147,0.005864641,0.10935779,0.00032322033,0.0021376878,0.00010096767,0.0012504179,0.00021341986,4.8003105e-05,0.00036250436,0.0011255788,3.459502e-05,0,0.00050396204,0,0.00013212858,0,0.00010304116,0,0,0.00037930039,0.00011542662,0.00022192766,0.0014330973,0,0.0003370047,0.0008505729,0,0,0.40654337,0,0.0012693113,0.033383783,0.001396965,0.0003289184,0.094022445,0.075971626,0.036155038,0.0012961463,0.063618794,0.006371723,0.03819669,0.057763647,0.3766101,0.014252402,0.15668918,0.41277438,0.42580372,0.74186975,0.15329044,0.664491,0.057776324,0.02215363,0.06235339,0.04441187,0.043600608,0.12665564,0.0028175972,0.29355282,9.898707e-05,0.0027367515,0.018687893,0.00024393354,0.00071061903,0.023373164,0.70413643,0.0015852813,0.0005105679,0.050845947,0.00022503195,7.907835e-05
"EHI01188",0,0.00017005339,0.026585648,8.5877175e-05,0.00057978206,5.6631914e-05,0.00040444065,0.00011863405,0.00043314963,0.00024675127,3.704645e-05,0,0.0008848391,0.007975718,0.0019466414,0.05329494,8.4923835e-05,4.21021e-05,0.00016512709,0.99125725,0.0016680604,0,0.3096761,0.037556764,0.00032884936,0.003819867,0.0013660939,0.011267672,0,0.0339164,0.29501522,0.0023100127,0.009497041,0.002265648,8.566489e-05,0.0006362745,0.00081388967,0.00016403495,0.00020676405,0.09730678,0.032498352,0.0001155708,0.0070860106,0.012454637,0.00013613526,8.374314e-05,0.0004811692,0.00020839274,0.0045704595,0.00040771876,0.00012076831,0.0011138339,0.0014384637,0.008092713,0.0016291819,0.009344364,0.008690938,0,0.00020275777,5.8160702e-05,0,0,0,8.630267e-05,0,0.0075644366,0.0006460432,0,0.009684983,0.0011921398,0,0.0006950188,0.0002778011,0,0,7.408428e-05,0,0.03251716,0,0,0.00022817975,0.005286291,0.0025143342,0,0,5.270822e-05,0.0014194053,0,0.0032958179,0.0004986203,0.00028240087,0,0.0001356297,0.008614903,0.0009133054,0.0002665086,0.00015621395,0.00020996184,0,0.00053773227,0,0,0,0,6.0798164e-05,5.903596e-05,0,0,0.0002509872,0.00041987048,0,0,0.007562621,0.00019592808,0.0025863214,0.009646038,0.009508199,0.00082177715,0,0,0.001359102,0.003857056,9.943837e-05,5.3166434e-05,0.0020112433,0,0.037582055,0.001991049,5.98604e-05,0.0063810823,0,0.0104723405,0,0.00010647839,0,0.016916154,0.00017105971,0.00019748099,0.00060555694,0.0021279766,0,0.0024549756,0,0.000120441415,3.9673843e-05,0,0.0013969997,0,0,0.00013981729,0,0.0041946466,0.00019614368,0,4.9240047e-05,0.00016283445,0.0011547646,0,0.0024278413,0.0049510435,0,0.0011882186,0,0,0,0,0.000347726,0.0024451495,0,0,0,0,0.00013367094,8.29788e-05,0.014777476,0,0,0.0004018075,0,9.431926e-05,0.00036855123,0,0.00016991833,0,0,0,0.00474208,0,4.9524322e-05,0.0005626861,0.00010213392,0,0.001227732,0.003644636,0.00054962345,0.0022328936,0.007102556,0.63808894,0.0006542536,2.498829e-05,0.07063131,0.0021098112,0.005474355,0.17483369,0.05894957,0.11325626,0.004942608,0.0034113943,0.027844857,0.015894547,0.0003540763,0.0010870788,0.023559406,0.009758157,0.0027093925,0.007547534,0,0.0017693986,0.0004551848,0.0012710564,0.02789085,0.0056751478,0.011554652,0.0030051915,0.0013298843,0.00016402801,0.0005040716,0.0003845504
"EHI01182",0.0013286106,0.0017806345,0.0012164359,0.269633,0.0018512763,0.0011105494,0.007781058,0.0013849835,0.0034707743,0.0003530164,0.000758058,0,0.49173146,0.9409329,0.6686928,0.9915469,0.0006416152,4.5299726e-05,0.0024330067,0.013559248,0.010210535,0,0.32671824,0.9392749,0.6201648,0.93089986,0.2122911,0.97992015,0.2972922,0.19687924,0.18589883,0.8741841,0.9295248,0,0.002022201,0.37107003,0.30694792,0.005836653,0.0007382502,0.9382547,0.95123124,0.18725622,0.8225539,0.9275987,0.000564119,0.0021240658,0.064672925,0.982885,0.5441005,0.37155473,0.0005303788,0.19657816,0.2763653,0.3036029,0.23863304,0.26100555,0.051410705,0,0.0003456408,0.0006731132,0.0002506751,0.00031598573,0,0.0027317673,0.00033674896,0.5838289,0.00068064634,0,0.03204017,0.22821224,0.004060803,0.18786854,0.00014356163,0.00030796463,0.009983156,0.00032647312,0,0.00054310996,0.00039900056,0.0005320128,0.0018458633,0.47755855,0.6039721,0.36555648,0.0008907286,0.00087453687,0.0014627761,0.0023156146,0.04619697,0.66537213,0.18002087,0.0058959574,0.0043320125,0.5292038,0.035714563,0.3808887,0.1496613,0.3104146,0.00069259433,0.0014377956,0.0005800788,0.00075784494,0.0002657099,0,0.031146325,0.0014417203,0.00086268765,0.0005888605,0.001028211,0.015642392,0,0.00031852812,0.9289254,0.20917062,0.0024575742,0.01509965,0.105786875,0.86884034,0.0019651803,0.008758705,0.0033015823,0.72561306,0.0027352183,0.0005589564,0.004108601,0.027859386,0.9598794,0.17050624,0.001264029,0.71561426,0.00035444903,0.9224026,0.0006142406,0.20207807,0.00032360732,0.39162394,0.00076354237,0.25596163,0.3594759,0.59938294,0.0006808681,0.59636414,0.00020935189,0.0013850762,0.0002584999,0.00029342392,0.00062116794,0,0.000152524,0.00031940485,0.00020222679,0.020662108,0.18625525,0.00055526994,0,0.49227569,0.0025900966,0.0010903716,0.0031338858,0.00014688756,0.00038000228,0.0003753639,0.00011644939,0.0016586774,0.42698437,0.0009167917,0.000105187115,0,5.120063e-05,0,0.00057788193,0,0.00020924643,0,0.0010970448,0,0.6978149,0.00089622627,0.0002500538,0.0007772512,0.0016112304,0,0.00094474596,0.0022212372,5.6015295e-05,0,0.6637739,0.00021617509,0.0020811667,0.35977846,0.0014185266,0.0043338328,0.0026137051,0.0027873877,0.023576364,0.00018908149,0.7513644,0.06915905,0.21974641,0.0031181818,0.003422106,0.012692035,0.0015355756,0.40829763,0.105129406,0.99033034,0.013719903,0.90255356,0.0033394112,0.56559366,0.34301695,0.27907148,0.94897586,0.11029933,0.0039423583,0.6454141,9.1398055e-05,0.000440819,0.16324781,0.0009958993,0.00039948654,0.16404837,0.8935537,0.006901106,0.0009127906,0.005712002,0,0.00010139886
"EHI01152",0.0014968977,0.16212298,0.009489714,0.19279277,0.01861315,0,0.024103712,0.07847643,0.07001099,0.077283576,0,0.0005955049,0.011148032,0.052363373,0.08517865,0.0023726441,0.00084554596,8.0473634e-05,0.41861892,0.70444757,0,0.00010013991,0.00029252726,0.0015635362,0.3984878,0.17496747,0.0024632947,0.059673294,0.0013514812,0.03292045,0.0005873561,0.22252633,0.052882392,0.048871417,0,0.3833397,0.0009332953,0.030459937,0.041214067,0.0009378469,0.0022209198,0.35125643,0.11559509,0.5731893,0.9383471,0.40591496,0.029226791,0.21097937,0.9341078,0.4729766,0.48539233,9.367012e-05,0.0016611278,0.03362671,0.4923335,0.086102165,0.0010755425,0.00017831581,0.00056166627,0.0005781174,0.00014790121,6.816263e-05,0.41449216,0.0012231965,3.1746586e-05,0.2930019,0.00061286706,0.00028425598,0.017479856,0.52455866,0.0034721068,0.18223894,0.017822152,0.0005410054,0.26627117,0.0033567087,0,0.0032605198,0.08558383,0,0,0.2640119,0.18371202,0.32134983,0.0005059046,0.02889302,0.016295562,0.0045961887,0.00020756587,0.6358088,0.17258324,0.005953161,0.0005411625,9.181482e-05,0.2805637,0.3042583,0.009363986,0.02295023,4.7598616e-05,0.0012632179,0.00027220912,0.0005631513,0.00013640724,0,0,5.825917e-05,0.00054153515,0.00045269754,0.0009002075,0.0013987971,0,0.0002921576,0.048943635,0.37772447,0,0.009849915,0.02512075,0.100481085,0.0005663581,0.0013118564,0.002302864,0.0780913,0.0010765861,0.0014727102,0.0019924259,0.00015440474,0.00093077327,0.028487986,0.0022375726,0.35299805,0.0008152328,0.10758669,0.00021049308,0.00021634472,0.0707524,0.0073268954,0.0012583704,0.00036121524,0.30421042,0.024860296,9.085766e-05,0.1713861,4.187038e-05,0.00011761225,6.0440623e-05,0.00023440427,0.000716088,0,0.0007282436,0.001686818,0,0.019628307,0.0429063,0.0014558698,0.0070919064,0.83969545,0.02592712,0.0001510328,0.035748944,0.002484265,0.00034069168,0.018314766,0.00018712676,0.0021379385,0.12044213,0.00051856873,0.00034598738,0.00015775156,2.7445383e-05,0.00018424464,0.00027485128,4.1825162e-05,0.00020102052,0,0.0057833567,0.00026636012,0.20629464,0.0021525666,0,0.00016947204,0.0016565906,4.0833012e-05,0.00012177481,0.0022339222,3.0808413e-05,0,0.28746957,0.00090217066,0.00069334055,0.33401692,0,0.0014058443,0,0,0,9.093231e-05,0.97825825,0.2522808,0.26895037,0.042331237,0.0018813403,0.0007196143,0,0.171701,0.04415413,0.002653168,0,0.2975319,0.020973055,0.1728624,0.4299095,0.0010716001,0.00045208,0.8780322,0.13030355,0.7711641,0,0.007883722,0.98900825,0.70648164,0.0055997535,0.7736758,0.646543,0.014136946,0.030599376,0.043697607,0,0.00069321104
"EHI01654",0.0008216055,0.008829711,0.34201422,0.8261935,0.0193207,0.000103629354,0.028139919,0.0051863315,0.016051324,0.034232385,0.00025932514,0.0011206985,0.015546812,0.00247628,0.0007062829,0.0032028991,0.0017606784,4.5832665e-05,0.051449575,0.079013065,2.060709e-05,0.05768641,0.0009645493,0.00011028138,0.26847628,0.013507467,0.0014227952,0.0044225953,0.0013737344,0.008379439,0.0009949093,0.011576864,0.0027756055,0.35315615,0,0.21652368,0.00026339473,0.00546158,0.0033298188,0.0006033043,0.0017604532,0.04856272,0.0025062542,0.07058133,0.04214274,0.82400703,0.014678269,0.026996,0.97307974,0.35827982,0.31929192,0.0008502365,0.0004834225,0.008631939,0.0726014,0.027618997,0.00090696587,0,0.0003551663,0.00067815377,0.009562046,6.7711226e-05,0.009252021,0.026552455,0,0.040035874,0.0006849271,0.09841727,0.067492485,0.607857,0.0021588611,0.021895654,0.0025123286,0.0008003572,0.18951164,0.0027254226,0,0.061393127,0.011234337,6.885598e-05,1.6145712e-05,0.11676224,0.02035682,0.15824378,0.0002842284,0.0025263233,0.04094919,0.17406337,0,0.064963974,0.005114683,0.011038291,0.06171513,0,0.30005014,0.14408137,0.0003754342,0.0128356675,4.7598616e-05,0.00119981,0.003307519,0.000618639,0.0001072786,0.00037368492,2.5058704e-05,0.00012117907,0.00033753781,0.00026525246,0.0025517035,0.0016844941,0,0.000499652,0.0044517997,0.03235051,0,0.24356285,0.0345895,0.02179693,0.006990578,0.0013493162,0.0014669001,0.000518487,0.08781469,0.0648354,0.117524095,0.00020880207,0.0021008267,0.0029343122,0.074276544,0.050076336,0.00046196525,0.07408225,0.000603353,0.0002177967,0.02774038,0.0044225026,0.00057216524,0,0.15430893,0.0013143613,5.812633e-05,0.015079087,0,6.7899855e-05,0.07423131,0.0025508208,0.00332611,0,0.0007472674,0.17908141,0.0009241764,0.08400689,0.02600741,0.0010484147,0.00015274463,0.79710394,0.10830535,0.0006434281,0.0040720697,0.06544191,0.0202598,0.0010109454,0.00012789239,0.003532332,0.008923681,0.020181587,0.0005033334,0,0,0,0.00069019117,3.0866606e-05,0.00013418506,0,0.03096799,0.13589309,0.3795872,0.0026591613,3.348935e-05,0.00028547968,0.0016603706,0,0,0.007644474,0,3.1890067e-05,0.028806992,0.0017092243,0.026743706,0.20100889,0,0.02927886,0.0005811265,0,0.00039165566,0,0.9853555,0.7493436,0.0448661,0.006611545,0,0,0,0.08710685,0.19301291,0.0031633927,0.000113538976,0.021648236,0.000587858,0.02955371,0.31337965,0.00026135138,0.0002699288,0.9284719,0.7863773,0.9073098,0.13496755,0.0053837067,0.99392414,0.13074577,0.5613852,0.16890366,0.08014334,0.12820193,0.0026810125,0.9864748,0.011352862,0.0061585456
"EHI01128",0,0.007104762,0.03956504,0.00022089794,0.0016590892,0,0.019144243,0.0071529895,0.06380375,0.0076925154,0,0.0010277656,0,0,0,0,0,7.514425e-05,0.062650025,0.05594926,0,0.00011871131,7.993988e-05,3.4198754e-05,0.001753585,0,4.6764017e-05,0,7.4358606e-05,0,0.00023064371,0.0004409444,0,0.019003963,0,0.00090298016,0,0.004700278,0.0025043823,0,0.0003768648,0,6.368433e-05,0.0012606301,0.47835836,0.013053125,0,9.1400325e-05,0.006254259,0.0015054978,0.07585029,0,0.0001448658,0.00093879347,0.0023716663,0.00077549415,0.00096181105,0.0006692171,0,0.0003001092,0,0,0.028793538,0,0,0.0014913633,0.0006981262,0,0.0002493917,0.0018216369,0.00015063971,4.667612e-05,0.017610537,0.00013155528,0.0007580251,0.0014132519,0,0.01680975,0.08911394,0,0,0.009789237,6.0187253e-05,0.0005338535,0,0.0016593911,0.007499849,0,0,0.00020379576,0,0,0,0,0.013818373,0,0.00012601259,0.0007194693,0,0.0006983108,0,0,0,0,0,0,0,0,0,0.00031230034,0,0,0.00025126128,0.00011238514,0,0.00039621675,0,0.0006517543,0,9.632512e-05,0.00033607654,0,0.0002360004,0,6.442612e-05,0,0,0.00013628899,0.00013921023,0.0016301684,0.00021385093,0,0,0,0.012047982,0.0006452663,0.0009601627,0,0.0005764995,0,0,0.0004916315,0,3.7183254e-05,0.00011623197,3.474206e-05,0.00037772596,0,3.5711306e-05,0.00018300531,0,0.00043573824,6.365613e-05,9.554413e-05,0.0016832056,0.00038103262,0.016520187,7.05451e-05,9.908401e-05,0.009468419,0,0.00024395401,0,6.311257e-05,0,9.194961e-05,0.00039032244,0.00664262,0,0,0,0,0.0001326427,5.1099938e-05,0.016913863,0,0,0.00035236563,0,0.00014425298,0.0010102084,0,0,0,0,0,0.00055086665,0.0001801459,0,0.00065703207,0,0,0,0,0,0.0060751447,0.0059350715,0.43700412,0.0005273811,0.0025966405,0.0002394433,0,0,0.0018145104,0.016373223,0,0,0.00024717566,0.00028632514,0.012904809,0.00070123706,0,0.00012380193,0.53775096,0.0510976,0.014609709,2.2767024e-05,0.067735106,0.08177276,0.67579865,0.055493288,0.0012217137,0.0013590363,0.002247906,0.00040505527,0.1542913,0.0011131581,0.0031618588
"EHI01097",0,0.0011181973,0.37227422,0.00024224313,0.00029821196,0,0.00026545464,0.0010134475,0.08437247,0.0012469644,0,0.009711498,0,0,0,0,0,0.03139431,0.00048934005,0.085816376,0,9.7226744e-05,0,3.2277476e-05,0,0,0.0001303547,0,0.00019865145,5.713753e-05,0.00011036177,9.508063e-05,0,0.000516387,0,0.00018478448,7.901841e-05,0.00022290711,0.00072286435,0,0.00028056948,0.0010302875,0.000116336734,0.00018199664,0.0023275032,0.0004067524,8.932274e-05,0.0005904461,0.00039274982,0.00047623884,0.005216412,0,0.00025539304,0.00022000444,0.00079317315,0.00043826888,0.0009150483,0.0031727424,4.8308062e-05,0.000116321404,0,0,0,0,0,0.00083779416,0.0005536494,0.0014799427,0.0010691003,0,0,0.00010075211,0.019294124,0.00013506341,4.2559834e-05,0.00023951825,0,0.07127822,0.11348665,0,0,0.00040962524,0,0.0004978634,0,0.0010082742,0.0059562456,0,0,0,0,0,0,0,0.011084627,0,0.00023432093,0.00024635522,0,0.00044797297,0,8.177132e-05,0,0,0,0,0,0,0,0.00018352465,0,0,0.00043437228,9.796404e-05,0,0.0003429116,5.2177587e-05,0.00026555953,0,0,0.0002399037,0,0.00019887675,0.00011873837,0.0005779215,0,3.495105e-05,0.0001593454,0,0.00095708214,0.00030600769,0.00036482635,0,0.00010744637,0.0010117295,0.0008363022,0.00018285694,0,0.0002766268,0,0,0.00042639885,0,0,6.075057e-05,3.641638e-05,0.00030151074,0,0.00013183146,0,0,0.0003320301,0,0,7.0007954e-05,0.00013623816,0.0037821117,0.0066852137,8.776013e-05,0.0003217537,0.00013103527,2.1467953e-05,0.003153557,0.00041319014,0,0,0.016933387,0,0,0,0,0,0.0001326427,0,0.0005612308,0,0,0.00032100323,0,0.00018208157,0.0002395583,0,0,7.878148e-05,0,0,0.000118888216,0.0030639216,0,7.400791e-05,0,0,0,0,0,0.00021073203,0.00014271642,0.025008699,0.0001628914,0.0020422572,0,0,0,3.7958063e-05,0.00045218784,0,0,0.0003304933,9.544171e-05,0.0037004028,0,7.858401e-05,0,0.08942513,0.0027941053,0.00019167324,4.5204095e-05,0.001024496,0.08334996,0.85409135,0.6036532,0.00021250243,5.324486e-05,0.0013554725,0,0.012174705,0.00012976842,0.40317333
"EHI01220",0,0.0031369925,0.0012321656,0,0.0006919806,0.00020138403,0.00011869923,0.0029515969,0.00034329743,0.00045928155,0,0,0.0012199484,0.0064356187,0.00077958737,0.041505493,0.00013519647,4.3167976e-05,0.0001659326,0.0013791244,0.00015009759,7.355731e-05,0.02328754,0.0022555806,0.00050328975,0.0010117235,0.0022867604,0.0073918705,0.007856502,0.0011185771,0.012312984,0.008744866,0.0049094344,0.0011240639,8.8531e-05,0.00052601984,0.004309138,0.00010183935,0.0015329152,0.01188641,0.028463578,0.0005089055,0.0031275528,0.021511396,6.1465755e-05,0.0041504954,0.0017584192,0.00014319384,0.0019719528,0.00040334513,0.00090381445,0.0018217638,0.0076177944,0.004448619,0.0010901669,0.0016551313,0.0025990836,0,5.102964e-05,6.6303204e-05,0.00013072371,0,0,0.00071803824,0.00015450004,0.010227292,0.0006267796,0.0012642705,0.0051715453,0.00074249896,0,0.0004183774,0.00013983276,8.219072e-05,0.0012062453,0.00021628843,0,9.2998285e-05,0,0.00011640674,0,0.008494411,0.0070633707,0.00035510256,0.00012985982,0.0013806407,0.00050007756,0.0009850366,0.0007129162,0.00010121856,0,8.713565e-05,0.00051494077,0.0029107623,0.0021691003,0,0.00060923444,0,0.0002069505,0.0011314611,0.0003369925,0,0.00024510676,0,0.00027811053,0.00017749627,8.7661516e-05,0.001400533,0.00010708788,0.00088986324,0,0.0015135291,0.0069568404,0.0002292458,0.00015666841,0.044166353,0.0006766118,0.0011998756,0,0,0.000604515,0.00076212257,0.01076785,0.01079704,0.051021345,0.00014017774,0.029913258,0.001822481,0.00036148258,0.010767776,0,0.036131795,0,0.0003426668,0.002182706,0.0049507422,0.0002195594,0.0003924622,0.00021676846,0.001617138,0,0.0053021424,0,0,0.00020208865,6.278686e-05,0.004957618,0,0.00010012516,0.032188118,0,0.01776033,0,0,6.732823e-05,0.00037071976,0.00056589016,7.8120414e-05,0.0014585167,0.002887623,8.648328e-05,0.0001463724,0,0,0,0,0.00032251587,0,3.7362624e-05,0,6.125957e-05,4.2555734e-05,0.00013418506,0,0.00010098033,0.0007997222,0.00019567226,0.00039922472,8.394664e-05,0,0.0006969398,0,0,0.00020029189,0,0,0.01039707,0,0.00039619458,0.00029659658,4.6527675e-05,0,0.049870476,0.014553253,0.01323535,0.0008544751,0.0024369096,0.0054396163,0.000397283,0.0055049206,0.43558604,0.007977769,0.05574055,0.0016552017,0.0015162309,0.039646287,0.24555916,0.010498485,0.0067501413,0.008532334,0,0.0068177585,0.0036130885,0.03386094,0.00386334,0.0015599183,0,0.00072857586,0.0071670087,0.00037793437,0.00061216735,0.00027562198,0.019455569,0.0041644997,0,0.003504185,0,0
